date,home_team,away_team,home_score,away_score,tournament,neutral,result,TournamentImportance,HomeForm,AwayForm,HomeGoalsFor,AwayGoalsFor,HomeGoalsAgainst,AwayGoalsAgainst,HomeXG,AwayXG,HomeXGFor,AwayXGFor,HomeXGAgainst,AwayXGAgainst,HomeStrength,AwayStrength
1916-07-02,Chile,Uruguay,0.0,4.0,Copa América,True,A,4,0.0,0.0,0.0,0.0,0.0,0.0,0.0,0.4,0.0,0.0,0.0,0.0,1500.0,1500.0
1916-07-06,Argentina,Chile,6.0,1.0,Copa América,False,H,4,0.0,0.0,0.0,0.0,0.0,4.0,0.6000000000000001,0.1,0.0,0.0,0.0,0.4,1500.0,1460.0
1916-07-08,Brazil,Chile,1.0,1.0,Copa América,True,D,4,0.0,0.0,0.0,0.5,0.0,5.0,0.1,0.1,0.0,0.05,0.0,0.5,1500.0,1424.5849307009835
1916-07-10,Argentina,Brazil,1.0,1.0,Copa América,False,D,4,3.0,1.0,6.0,1.0,1.0,1.0,0.1,0.1,0.6000000000000001,0.1,0.1,0.1,1535.4150692990165,1491.4513584853764
1916-07-12,Brazil,Uruguay,1.0,2.0,Copa América,True,A,4,2.0,3.0,1.0,4.0,1.0,0.0,0.1,0.2,0.1,0.4,0.1,0.0,1496.4860250295349,1540.0
1916-07-17,Argentina,Uruguay,0.0,0.0,Copa América,False,D,4,4.0,6.0,3.5,3.0,1.0,0.5,0.0,0.0,0.35000000000000003,0.30000000000000004,0.1,0.05,1530.380402754858,1575.0162991987565
1917-09-30,Uruguay,Chile,4.0,0.0,Copa América,False,H,4,7.0,1.0,2.0,0.6666666666666666,0.3333333333333333,3.6666666666666665,0.4,0.0,0.20000000000000004,0.06666666666666667,0.03333333333333333,0.3666666666666667,1569.905489077725,1433.133572215607
1917-10-03,Argentina,Brazil,4.0,2.0,Copa América,True,H,4,5.0,2.0,2.3333333333333335,1.0,0.6666666666666666,1.3333333333333333,0.4,0.2,0.23333333333333336,0.10000000000000002,0.06666666666666667,0.13333333333333333,1535.4912128758897,1461.4697258307783
1917-10-06,Argentina,Chile,1.0,0.0,Copa América,True,H,4,8.0,1.0,2.75,0.5,1.0,3.75,0.1,0.0,0.275,0.05,0.1,0.37500000000000006,1567.0958158715707,1408.1140616611199
1917-10-07,Uruguay,Brazil,4.0,0.0,Copa América,False,H,4,10.0,2.0,2.5,1.25,0.25,2.0,0.4,0.0,0.25,0.125,0.025,0.2,1594.9249996322121,1429.8651228350973
1917-10-12,Brazil,Chile,5.0,0.0,Copa América,True,H,4,2.0,1.0,1.0,0.4,2.4,3.2,0.5,0.0,0.1,0.04,0.24000000000000005,0.32,1407.5569277299091,1385.2386582897652
1917-10-14,Uruguay,Argentina,1.0,0.0,Copa América,False,H,4,13.0,11.0,2.8,2.4,0.2,0.8,0.1,0.0,0.28,0.24000000000000005,0.02,0.08,1617.2331947374003,1589.9712192429254
1919-05-11,Brazil,Chile,6.0,0.0,Copa América,False,H,4,4.0,1.0,1.8,0.4,2.2,3.4,0.6000000000000001,0.0,0.18,0.04,0.22000000000000003,0.34,1444.990970431423,1347.8046155882514
1919-05-13,Argentina,Uruguay,2.0,3.0,Copa América,True,A,4,8.0,13.0,1.2,2.2,0.8,0.2,0.2,0.30000000000000004,0.12000000000000002,0.22000000000000003,0.08,0.02,1553.1034444746251,1654.1009695057005
1919-05-17,Chile,Uruguay,0.0,2.0,Copa América,True,A,4,1.0,13.0,0.2,2.4,3.4,0.4,0.0,0.2,0.02,0.24000000000000005,0.34,0.04,1318.7106304416095,1682.7900227058717
1919-05-18,Brazil,Argentina,3.0,1.0,Copa América,False,H,4,6.0,7.0,2.8,1.4,2.0,1.2,0.30000000000000004,0.1,0.28,0.14,0.2,0.12000000000000002,1474.0849555780649,1524.414391274454
1919-05-22,Argentina,Chile,4.0,1.0,Copa América,True,H,4,6.0,0.0,1.6,0.0,1.8,3.6,0.4,0.1,0.16,0.0,0.18000000000000002,0.36,1478.6601940243772,1309.9502474141102
1919-05-26,Brazil,Uruguay,2.0,2.0,Copa América,False,D,4,9.0,15.0,3.2,2.8,1.8,0.4,0.2,0.2,0.32,0.28,0.18,0.04,1519.8391528281416,1691.550405733371
1919-05-29,Brazil,Uruguay,1.0,0.0,Copa América,False,H,4,10.0,13.0,3.2,2.4,1.4,0.8,0.1,0.0,0.32,0.24000000000000005,0.14,0.08,1538.1416765559245,1673.247882005588
1920-09-11,Chile,Brazil,0.0,1.0,Copa América,False,A,4,0.0,13.0,0.2,3.4,3.6,0.6,0.0,0.1,0.02,0.34,0.36,0.06000000000000001,1287.9784989540854,1592.956996431886
1920-09-12,Uruguay,Argentina,1.0,1.0,Copa América,True,D,4,10.0,6.0,1.6,1.6,1.0,1.6,0.1,0.1,0.16,0.16,0.1,0.16,1618.4325621296266,1500.631942484402
1920-09-18,Brazil,Uruguay,0.0,6.0,Copa América,True,A,4,13.0,8.0,2.6,1.6,0.6,1.2,0.0,0.6000000000000001,0.26000000000000006,0.16,0.06000000000000001,0.12000000000000002,1604.744404263503,1605.3671359164125
1920-09-20,Chile,Argentina,1.0,1.0,Copa América,False,D,4,0.0,4.0,0.2,1.6,3.6,1.8,0.1,0.1,0.02,0.16,0.36,0.18000000000000002,1276.1910911224684,1513.6973686976162
1920-09-25,Argentina,Brazil,2.0,0.0,Copa América,True,H,4,5.0,10.0,1.8,1.4,1.8,1.8,0.2,0.0,0.18,0.14,0.18000000000000002,0.18000000000000002,1489.9432284442225,1564.8160988177744
1920-10-03,Chile,Uruguay,1.0,2.0,Copa América,False,A,4,1.0,8.0,0.4,2.2,2.8,0.8,0.1,0.2,0.04,0.22000000000000003,0.28,0.08,1299.945231375862,1645.295441362141
1921-10-02,Argentina,Brazil,1.0,0.0,Copa América,False,H,4,8.0,7.0,1.8,0.8,1.2,2.0,0.1,0.0,0.18,0.08,0.12000000000000002,0.2,1538.432278314277,1516.32704894772
1921-10-09,Paraguay,Uruguay,2.0,1.0,Copa América,True,H,4,0.0,8.0,0.0,2.2,0.0,1.0,0.2,0.1,0.0,0.22000000000000003,0.0,0.1,1500.0,1654.9329676262032
1921-10-12,Brazil,Paraguay,3.0,0.0,Copa América,True,H,4,6.0,3.0,0.4,2.0,1.8,1.0,0.30000000000000004,0.0,0.04,0.2,0.18000000000000002,0.1,1478.8685790748475,1556.7420055391824
1921-10-16,Argentina,Paraguay,3.0,0.0,Copa América,False,H,4,11.0,3.0,1.8,1.0,0.6,2.0,0.30000000000000004,0.0,0.18,0.1,0.06000000000000001,0.2,1575.8907481871495,1507.9236747328741
1921-10-23,Brazil,Uruguay,1.0,2.0,Copa América,True,A,4,6.0,7.0,0.8,2.0,1.8,1.0,0.1,0.2,0.08,0.2,0.18000000000000002,0.1,1527.6869098811558,1598.1909620870208
1921-10-30,Argentina,Uruguay,1.0,0.0,Copa América,False,H,4,11.0,10.0,1.6,2.4,0.4,1.0,0.1,0.0,0.16,0.24000000000000005,0.04,0.1,1608.16406361607,1630.183496632044
1922-09-17,Brazil,Chile,1.0,1.0,Copa América,False,D,4,3.0,1.0,0.8,0.6,2.2,2.0,0.1,0.1,0.08,0.06000000000000001,0.22000000000000003,0.2,1495.6943753361327,1290.3077051117998
1922-09-23,Chile,Uruguay,0.0,2.0,Copa América,True,A,4,2.0,9.0,0.8,2.2,1.8,1.0,0.0,0.2,0.08,0.22000000000000003,0.18,0.1,1311.536603181691,1587.6518044517345
1922-09-24,Brazil,Paraguay,1.0,1.0,Copa América,False,D,4,4.0,3.0,1.0,0.6666666666666666,1.2,2.3333333333333335,0.1,0.1,0.1,0.06666666666666667,0.12000000000000002,0.23333333333333336,1474.4654772662416,1475.6503593039536
1922-09-28,Argentina,Chile,4.0,0.0,Copa América,True,H,4,13.0,2.0,1.6,0.6,0.2,1.4,0.4,0.0,0.16,0.06000000000000001,0.02,0.14,1650.6957557963794,1297.9796645219863
1922-10-01,Brazil,Uruguay,0.0,0.0,Copa América,False,D,4,5.0,9.0,1.2,1.4,1.0,1.0,0.0,0.0,0.12000000000000002,0.14,0.1,0.1,1474.601891323233,1601.2087431114392
1922-10-05,Chile,Paraguay,0.0,3.0,Copa América,True,A,4,2.0,4.0,0.6,0.75,2.0,2.0,0.0,0.30000000000000004,0.06000000000000001,0.07500000000000001,0.2,0.2,1288.695809509628,1475.513945246962
1922-10-08,Argentina,Uruguay,0.0,1.0,Copa América,True,A,4,15.0,7.0,2.2,1.0,0.0,0.8,0.0,0.1,0.22000000000000003,0.1,0.0,0.08,1659.9796108087378,1587.2452583628842
1922-10-12,Paraguay,Uruguay,1.0,0.0,Copa América,True,H,4,7.0,10.0,1.2,1.0,1.6,0.4,0.1,0.0,0.12000000000000002,0.1,0.16,0.04,1495.863969532579,1635.4988868157652
1922-10-15,Brazil,Argentina,2.0,0.0,Copa América,False,H,4,6.0,12.0,1.2,1.8,0.8,0.2,0.2,0.0,0.12000000000000002,0.18000000000000002,0.08,0.02,1488.565376071788,1611.725982355857
1922-10-18,Argentina,Paraguay,2.0,0.0,Copa América,True,H,4,9.0,7.0,1.6,1.0,0.6,1.4,0.2,0.0,0.16,0.1,0.06000000000000001,0.14,1558.112110052955,1551.126964220807
1922-11-06,Brazil,Paraguay,3.0,0.0,Copa América,False,H,4,6.0,7.0,1.0,1.0,0.8,1.2,0.30000000000000004,0.0,0.1,0.1,0.08,0.12000000000000002,1542.1792483746901,1511.9310505182648
1923-10-29,Argentina,Paraguay,4.0,3.0,Copa América,True,H,4,9.0,7.0,1.4,1.0,0.6,1.2,0.4,0.30000000000000004,0.14,0.1,0.06000000000000001,0.12000000000000002,1597.308023755497,1475.4047309707712
1923-11-04,Uruguay,Paraguay,2.0,0.0,Copa América,False,H,4,7.0,6.0,0.6,1.4,0.4,1.8,0.2,0.0,0.06000000000000001,0.14,0.04,0.18000000000000002,1580.2358921275372,1448.8904601049146
1923-11-11,Brazil,Paraguay,0.0,1.0,Copa América,True,A,4,9.0,3.0,1.4,0.8,0.4,2.2,0.0,0.1,0.14,0.08,0.04,0.22000000000000003,1578.7055679221837,1423.3307129416169
1923-11-18,Argentina,Brazil,2.0,1.0,Copa América,True,H,4,9.0,8.0,2.0,1.2,1.2,0.4,0.2,0.1,0.2,0.12000000000000002,0.12000000000000002,0.04,1623.8222946213536,1521.9216229199626
1923-11-25,Uruguay,Brazil,2.0,1.0,Copa América,False,H,4,10.0,7.0,1.0,1.2,0.2,0.6,0.2,0.1,0.1,0.12000000000000002,0.02,0.06000000000000001,1605.795639290835,1493.3281636124814
1923-12-02,Uruguay,Argentina,2.0,0.0,Copa América,False,H,4,10.0,9.0,1.0,1.6,0.4,1.4,0.2,0.0,0.1,0.16,0.04,0.14,1633.2814261051055,1652.4157539288349
1924-10-12,Argentina,Paraguay,0.0,0.0,Copa América,True,D,4,9.0,3.0,1.6,0.8,1.6,2.2,0.0,0.0,0.16,0.08,0.16,0.22000000000000003,1610.2150575103233,1480.114657943838
1924-10-19,Uruguay,Chile,5.0,0.0,Copa América,False,H,4,12.0,1.0,1.4,0.4,0.4,2.4,0.5,0.0,0.14,0.04,0.04,0.24000000000000005,1675.4821225236171,1268.345785224011
1924-10-25,Argentina,Chile,2.0,0.0,Copa América,True,H,4,10.0,1.0,1.6,0.2,1.2,3.0,0.2,0.0,0.16,0.02,0.12000000000000002,0.3,1595.8996244509349,1261.3401357236269
1924-10-26,Uruguay,Paraguay,3.0,1.0,Copa América,False,H,4,12.0,4.0,2.2,0.8,0.4,1.8,0.30000000000000004,0.1,0.22000000000000003,0.08,0.04,0.18000000000000002,1682.4877720240013,1494.4300910032264
1924-11-01,Chile,Paraguay,1.0,3.0,Copa América,True,A,4,0.0,4.0,0.0,1.0,3.2,1.8,0.1,0.30000000000000004,0.0,0.1,0.32,0.18000000000000002,1251.1635445936215,1474.1881456335825
1924-11-02,Uruguay,Argentina,0.0,0.0,Copa América,False,D,4,15.0,10.0,2.8,1.6,0.4,1.2,0.0,0.0,0.28,0.16,0.04,0.12000000000000002,1702.7297173936452,1606.0762155809402
1925-11-29,Argentina,Paraguay,2.0,0.0,Copa América,False,H,4,8.0,7.0,0.8,1.0,0.6,1.2,0.2,0.0,0.08,0.1,0.06000000000000001,0.12000000000000002,1616.9254201760298,1491.540025779327
1925-12-06,Brazil,Paraguay,5.0,2.0,Copa América,True,H,4,6.0,7.0,1.4,1.0,1.0,1.2,0.5,0.2,0.14,0.1,0.1,0.12000000000000002,1465.8423767982108,1465.3798706958507
1925-12-13,Argentina,Brazil,4.0,1.0,Copa América,False,H,4,8.0,6.0,0.8,2.0,0.4,1.4,0.4,0.1,0.08,0.2,0.04,0.14,1643.085575259506,1505.7891288468286
1925-12-17,Brazil,Paraguay,3.0,1.0,Copa América,True,H,4,3.0,4.0,1.6,1.2,2.2,2.2,0.30000000000000004,0.1,0.16,0.12000000000000002,0.22000000000000003,0.22000000000000003,1480.821507527344,1425.433118647233
1925-12-20,Argentina,Paraguay,3.0,1.0,Copa América,False,H,4,11.0,3.0,1.6,1.4,0.2,2.8,0.30000000000000004,0.1,0.16,0.14,0.02,0.28,1668.0531965789905,1391.7564639993518
1925-12-25,Argentina,Brazil,2.0,2.0,Copa América,False,D,4,13.0,6.0,2.2,2.2,0.4,2.2,0.2,0.2,0.22000000000000003,0.22000000000000003,0.04,0.22000000000000003,1681.5983733112757,1514.4981621752252
1926-10-12,Chile,Bolivia,7.0,1.0,Copa América,False,H,4,0.0,0.0,0.2,0.0,3.4,0.0,0.7000000000000001,0.1,0.02,0.0,0.34,0.0,1233.811664447877,1500.0
1926-10-16,Argentina,Bolivia,5.0,0.0,Copa América,True,H,4,11.0,0.0,2.2,1.0,0.8,7.0,0.5,0.0,0.22000000000000003,0.1,0.08,0.7000000000000001,1663.7181106433673,1434.2125556115461
1926-10-17,Chile,Uruguay,1.0,3.0,Copa América,False,A,4,3.0,13.0,1.6,2.4,2.8,0.4,0.1,0.30000000000000004,0.16,0.24000000000000005,0.28,0.04,1299.599108836331,1691.8805127985556
1926-10-20,Argentina,Paraguay,8.0,0.0,Copa América,True,H,4,13.0,3.0,3.2,1.4,0.8,2.8,0.8,0.0,0.32,0.14,0.08,0.28,1680.5684035000993,1378.2112872670666
1926-10-23,Bolivia,Paraguay,1.0,6.0,Copa América,True,A,4,0.0,0.0,0.5,0.8,6.0,4.2,0.1,0.6000000000000001,0.05,0.08,0.6000000000000001,0.42000000000000004,1417.362262754814,1366.2714082517548
1926-10-24,Argentina,Uruguay,0.0,2.0,Copa América,True,A,4,13.0,13.0,4.4,2.6,0.8,0.4,0.0,0.2,0.44000000000000006,0.26,0.08,0.04,1692.508282515411,1699.452392482245
1926-10-28,Bolivia,Uruguay,0.0,6.0,Copa América,True,A,4,0.0,13.0,0.6666666666666666,2.6,6.0,0.4,0.0,0.6000000000000001,0.06666666666666667,0.26,0.6000000000000001,0.04,1371.5222452083506,1738.6530287154392
1926-10-31,Chile,Argentina,1.0,1.0,Copa América,False,D,4,3.0,10.0,1.8,3.6,2.8,1.0,0.1,0.1,0.18000000000000002,0.36,0.28,0.1,1292.0272291526417,1653.3076462822169
1926-11-01,Paraguay,Uruguay,1.0,6.0,Copa América,True,A,4,3.0,13.0,2.0,2.8,4.0,0.4,0.1,0.6000000000000001,0.2,0.28,0.4,0.04,1412.1114257982183,1747.2773210352896
1926-11-03,Chile,Paraguay,5.0,1.0,Copa América,False,H,4,4.0,3.0,2.0,1.8,2.0,4.2,0.5,0.1,0.2,0.18000000000000002,0.2,0.42000000000000004,1323.1403605310102,1401.9657994273614
1927-10-30,Argentina,Bolivia,7.0,1.0,Copa América,True,H,4,8.0,0.0,3.2,0.5,1.0,6.0,0.7000000000000001,0.1,0.32,0.05,0.1,0.6000000000000001,1622.1945149038484,1362.8979528885002
1927-11-01,Peru,Uruguay,0.0,4.0,Copa América,False,A,4,0.0,13.0,0.0,3.4,0.0,0.4,0.0,0.4,0.0,0.34,0.0,0.04,1500.0,1757.4229474061465
1927-11-06,Bolivia,Uruguay,0.0,9.0,Copa América,True,A,4,0.0,15.0,0.6,4.2,6.2,0.4,0.0,0.9,0.06000000000000001,0.42000000000000004,0.6200000000000001,0.04,1348.2157802733284,1772.2348524990089
1927-11-13,Peru,Bolivia,3.0,2.0,Copa América,False,H,4,0.0,0.0,0.0,0.4,4.0,6.6,0.30000000000000004,0.2,0.0,0.04,0.4,0.66,1485.1880949071376,1341.8069601091747
1927-11-20,Argentina,Uruguay,3.0,2.0,Copa América,True,H,4,10.0,15.0,4.2,5.4,0.8,0.2,0.30000000000000004,0.2,0.42000000000000004,0.54,0.08,0.02,1636.8766875190202,1778.6436726631625
1927-11-27,Peru,Argentina,1.0,5.0,Copa América,False,A,4,3.0,10.0,1.5,3.8,3.0,1.2,0.1,0.5,0.15000000000000002,0.38,0.30000000000000004,0.12000000000000002,1509.5581219778965,1692.3489137187682
1929-11-01,Paraguay,Uruguay,3.0,0.0,Copa América,True,H,4,3.0,12.0,1.8,5.4,4.6,0.8,0.30000000000000004,0.0,0.18000000000000002,0.54,0.4600000000000001,0.08,1353.0432543344195,1723.1714464634144
1929-11-03,Argentina,Peru,3.0,0.0,Copa América,False,H,4,10.0,3.0,3.2,1.3333333333333333,1.4,3.6666666666666665,0.30000000000000004,0.0,0.32,0.13333333333333333,0.14,0.3666666666666667,1713.0527073381083,1488.8543283585564
1929-11-10,Argentina,Paraguay,4.0,1.0,Copa América,False,H,4,13.0,6.0,3.8,2.2,1.0,4.0,0.4,0.1,0.38,0.22000000000000003,0.1,0.4,1730.312949688331,1424.5508319592057
1929-11-11,Peru,Uruguay,1.0,4.0,Copa América,True,A,4,3.0,9.0,1.0,4.2,3.5,1.4,0.1,0.4,0.1,0.42000000000000004,0.35000000000000003,0.14,1471.5940860083338,1651.6638688386283
1929-11-16,Paraguay,Peru,5.0,0.0,Copa América,True,H,4,6.0,3.0,2.4,1.0,3.2,3.6,0.5,0.0,0.24000000000000005,0.1,0.32,0.36,1412.8086891943187,1450.6490200725357
1929-11-17,Argentina,Uruguay,2.0,0.0,Copa América,False,H,4,15.0,9.0,4.4,3.8,1.0,1.4,0.2,0.0,0.44000000000000006,0.38,0.1,0.14,1742.0550924532179,1672.6089347744264
1930-07-13,Belgium,United States,0.0,3.0,FIFA World Cup,True,A,5,0.0,0.0,0.0,0.0,0.0,0.0,0.0,0.30000000000000004,0.0,0.0,0.0,0.0,1500.0,1500.0
1930-07-13,France,Mexico,4.0,1.0,FIFA World Cup,True,H,5,0.0,0.0,0.0,0.0,0.0,0.0,0.4,0.1,0.0,0.0,0.0,0.0,1500.0,1500.0
1930-07-14,Brazil,Yugoslavia,1.0,2.0,FIFA World Cup,True,A,5,7.0,0.0,2.4,0.0,2.2,0.0,0.1,0.2,0.24000000000000005,0.0,0.22000000000000003,0.0,1532.3784248431336,1500.0
1930-07-14,Peru,Romania,1.0,3.0,FIFA World Cup,True,A,5,3.0,0.0,1.0,0.0,3.8,0.0,0.1,0.30000000000000004,0.1,0.0,0.38,0.0,1406.3096354878173,1500.0
1930-07-15,Argentina,France,1.0,0.0,FIFA World Cup,True,H,5,15.0,3.0,3.4,4.0,0.8,1.0,0.1,0.0,0.34,0.4,0.08,0.1,1774.1646116710037,1550.0
1930-07-16,Chile,Mexico,3.0,0.0,FIFA World Cup,True,H,5,7.0,0.0,3.0,1.0,1.8,4.0,0.30000000000000004,0.0,0.3,0.1,0.18000000000000002,0.4,1372.062905623952,1450.0
1930-07-17,Bolivia,Yugoslavia,0.0,4.0,FIFA World Cup,True,A,5,0.0,3.0,0.8,2.0,6.2,1.0,0.0,0.4,0.08,0.2,0.6200000000000001,0.1,1317.4369330384159,1554.64618718436
1930-07-17,Paraguay,United States,0.0,3.0,FIFA World Cup,True,A,5,6.0,3.0,2.2,3.0,3.0,0.0,0.0,0.30000000000000004,0.22000000000000003,0.30000000000000004,0.3,0.0,1457.148073779037,1550.0
1930-07-18,Uruguay,Peru,1.0,0.0,FIFA World Cup,False,H,5,6.0,0.0,3.0,0.6,1.8,4.0,0.1,0.0,0.3,0.06000000000000001,0.18000000000000002,0.4,1640.4994155566405,1369.4751757782046
1930-07-19,Argentina,Mexico,6.0,3.0,FIFA World Cup,True,H,5,15.0,0.0,3.0,0.5,0.4,3.5,0.6000000000000001,0.30000000000000004,0.3,0.05,0.04,0.35000000000000003,1795.7432037755268,1388.9683696121645
1930-07-19,Chile,France,1.0,0.0,FIFA World Cup,True,H,5,10.0,3.0,3.4,2.0,1.2,1.0,0.1,0.0,0.34,0.2,0.12000000000000002,0.1,1433.0945360117876,1528.421407895477
1930-07-20,Belgium,Paraguay,0.0,1.0,FIFA World Cup,True,A,5,0.0,6.0,0.0,2.0,3.0,2.4,0.0,0.1,0.0,0.2,0.30000000000000004,0.24000000000000005,1450.0,1420.2012476538735
1930-07-20,Bolivia,Brazil,0.0,4.0,FIFA World Cup,True,A,5,0.0,7.0,0.6,2.4,5.8,2.2,0.0,0.4,0.06000000000000001,0.24000000000000005,0.5800000000000001,0.22000000000000003,1297.1019237738408,1477.7322376587736
1930-07-21,Uruguay,Romania,4.0,0.0,FIFA World Cup,False,H,5,6.0,3.0,1.4,3.0,1.8,1.0,0.4,0.0,0.14,0.30000000000000004,0.18000000000000002,0.1,1657.8620580133756,1536.8344597096127
1930-07-22,Argentina,Chile,3.0,1.0,FIFA World Cup,True,H,5,15.0,10.0,3.2,2.2,0.8,1.0,0.30000000000000004,0.1,0.32,0.22000000000000003,0.08,0.1,1804.5169073700695,1496.4789868414477
1930-07-26,Argentina,United States,6.0,1.0,FIFA World Cup,True,H,5,15.0,6.0,3.2,3.0,1.0,0.0,0.6000000000000001,0.1,0.32,0.30000000000000004,0.1,0.0,1819.031280953015,1586.9468261251636
1930-07-27,Uruguay,Yugoslavia,6.0,1.0,FIFA World Cup,False,H,5,9.0,6.0,1.8,3.0,1.2,0.5,0.6000000000000001,0.1,0.18,0.30000000000000004,0.12000000000000002,0.05,1691.1166894963499,1574.9811964489352
1930-07-30,Uruguay,Argentina,4.0,2.0,FIFA World Cup,False,H,5,12.0,15.0,3.0,3.6,0.8,1.0,0.4,0.2,0.30000000000000004,0.36000000000000004,0.08,0.1,1724.9993052633024,1839.848382388273
1934-05-27,Netherlands,Switzerland,2.0,3.0,FIFA World Cup,True,A,5,0.0,0.0,0.0,0.0,0.0,0.0,0.2,0.30000000000000004,0.0,0.0,0.0,0.0,1500.0,1500.0
1934-05-27,Italy,United States,7.0,1.0,FIFA World Cup,False,H,5,0.0,6.0,0.0,2.3333333333333335,0.0,2.0,0.7000000000000001,0.1,0.0,0.23333333333333336,0.0,0.20000000000000004,1500.0,1566.1297246899057
1934-05-27,Egypt,Hungary,2.0,4.0,FIFA World Cup,True,A,5,0.0,0.0,0.0,0.0,0.0,0.0,0.2,0.4,0.0,0.0,0.0,0.0,1500.0,1500.0
1934-05-27,Czechoslovakia,Romania,2.0,1.0,FIFA World Cup,True,H,5,0.0,3.0,0.0,1.5,0.0,2.5,0.2,0.1,0.0,0.15000000000000002,0.0,0.25,1500.0,1503.5798282266385
1934-05-27,Belgium,Germany,2.0,5.0,FIFA World Cup,True,A,5,0.0,0.0,0.0,0.0,2.0,0.0,0.2,0.5,0.0,0.0,0.2,0.0,1395.7220992294308,1500.0
1934-05-27,Brazil,Spain,1.0,3.0,FIFA World Cup,True,A,5,7.0,0.0,2.2,0.0,1.8,0.0,0.1,0.30000000000000004,0.22000000000000003,0.0,0.18,0.0,1503.8512569872203,1500.0
1934-05-27,Austria,France,3.0,2.0,FIFA World Cup,True,H,5,0.0,3.0,0.0,1.3333333333333333,0.0,1.0,0.30000000000000004,0.2,0.0,0.13333333333333333,0.0,0.10000000000000002,1500.0,1465.0369570658168
1934-05-27,Argentina,Sweden,2.0,3.0,FIFA World Cup,True,A,5,12.0,0.0,3.6,0.0,1.8,0.0,0.2,0.30000000000000004,0.36000000000000004,0.0,0.18000000000000002,0.0,1773.89708925571,1500.0
1934-05-31,Austria,Hungary,2.0,1.0,FIFA World Cup,True,H,5,3.0,3.0,3.0,4.0,2.0,2.0,0.2,0.1,0.30000000000000004,0.4,0.2,0.2,1544.9853296697095,1550.0
1934-05-31,Czechoslovakia,Switzerland,3.0,2.0,FIFA World Cup,True,H,5,3.0,3.0,2.0,3.0,1.0,2.0,0.30000000000000004,0.2,0.2,0.30000000000000004,0.1,0.2,1550.5151604640769,1550.0
1934-05-31,Germany,Sweden,2.0,1.0,FIFA World Cup,True,H,5,3.0,3.0,5.0,3.0,2.0,2.0,0.2,0.1,0.5,0.30000000000000004,0.2,0.2,1535.4281501331213,1582.8733582024224
1934-05-31,Italy,Spain,1.0,1.0,FIFA World Cup,False,D,5,3.0,3.0,7.0,3.0,1.0,1.0,0.1,0.1,0.7000000000000001,0.30000000000000004,0.1,0.1,1559.4035483397638,1550.5542177337277
1934-06-01,Italy,Spain,1.0,0.0,FIFA World Cup,False,H,5,4.0,4.0,4.0,2.0,1.0,1.0,0.1,0.0,0.4,0.2,0.1,0.1,1558.1303026179664,1551.827463455525
1934-06-03,Italy,Austria,1.0,0.0,FIFA World Cup,False,H,5,7.0,6.0,3.0,2.5,0.6666666666666666,1.5,0.1,0.0,0.30000000000000004,0.25,0.06666666666666667,0.15000000000000002,1607.2233506388068,1595.7069486323837
1934-06-03,Czechoslovakia,Germany,3.0,1.0,FIFA World Cup,True,H,5,6.0,6.0,2.5,3.5,1.5,1.5,0.30000000000000004,0.1,0.25,0.35,0.15000000000000002,0.15000000000000002,1600.441022968091,1592.2139359629311
1934-06-07,Austria,Germany,2.0,3.0,FIFA World Cup,True,A,5,6.0,6.0,1.6666666666666667,2.6666666666666665,1.3333333333333333,2.0,0.2,0.30000000000000004,0.16666666666666666,0.26666666666666666,0.13333333333333333,0.20000000000000004,1547.3636853903952,1543.3976877149148
1934-06-10,Italy,Czechoslovakia,2.0,1.0,FIFA World Cup,False,H,5,10.0,9.0,2.5,2.6666666666666665,0.5,1.3333333333333333,0.2,0.1,0.25,0.26666666666666666,0.05,0.13333333333333333,1655.5666138807953,1649.2572712161073
1935-01-06,Argentina,Chile,4.0,1.0,Copa América,True,H,4,9.0,10.0,3.8,2.2,2.4,1.0,0.4,0.1,0.38000000000000006,0.22000000000000003,0.24000000000000005,0.1,1691.0237310532875,1481.9646132585021
1935-01-13,Peru,Uruguay,0.0,1.0,Copa América,False,A,4,0.0,12.0,0.4,3.0,3.2,1.0,0.0,0.1,0.04,0.30000000000000004,0.32,0.1,1352.1125333214695,1790.9505983958654
1935-01-18,Chile,Uruguay,1.0,2.0,Copa América,True,A,4,9.0,15.0,2.2,3.2,1.6,0.6,0.1,0.2,0.22000000000000003,0.32,0.16,0.06000000000000001,1463.495521755696,1796.8741855262717
1935-01-20,Peru,Argentina,1.0,4.0,Copa América,False,A,4,0.0,9.0,0.4,3.4,2.8,2.0,0.1,0.4,0.04,0.34,0.28,0.2,1346.1889461910632,1709.4928225560936
1935-01-26,Peru,Chile,1.0,0.0,Copa América,False,H,4,0.0,6.0,0.4,1.4,2.8,1.8,0.1,0.0,0.04,0.14,0.28,0.18000000000000002,1337.393676606326,1453.258402833219
1935-01-27,Argentina,Uruguay,0.0,3.0,Copa América,True,A,4,9.0,15.0,3.6,3.4,2.0,0.8,0.0,0.30000000000000004,0.36000000000000004,0.34,0.2,0.08,1718.288092140831,1807.1113044487488
1936-12-27,Brazil,Peru,3.0,2.0,Copa América,True,H,4,7.0,3.0,2.2,0.6,1.6,1.8,0.30000000000000004,0.2,0.22000000000000003,0.06000000000000001,0.16,0.18000000000000002,1453.2970392534926,1390.2596429409248
1936-12-30,Argentina,Chile,2.0,1.0,Copa América,False,H,4,6.0,3.0,2.4,0.8,2.4,2.0,0.2,0.1,0.24000000000000005,0.08,0.24000000000000005,0.2,1688.2971269901361,1400.39243649862
1937-01-02,Paraguay,Uruguay,4.0,2.0,Copa América,True,H,4,9.0,15.0,2.0,3.2,1.4,0.8,0.4,0.2,0.2,0.32,0.14,0.08,1474.4791484244427,1837.1022695994436
1937-01-03,Brazil,Chile,6.0,4.0,Copa América,True,H,4,7.0,0.0,2.2,0.8,1.8,2.4,0.6000000000000001,0.4,0.22000000000000003,0.08,0.18000000000000002,0.24000000000000005,1486.1181921890543,1387.5825904594947
1937-01-06,Peru,Uruguay,2.0,4.0,Copa América,True,A,4,3.0,12.0,0.8,2.4,1.8,1.4,0.2,0.4,0.08,0.24000000000000005,0.18000000000000002,0.14,1357.438490005363,1765.9282632340776
1937-01-09,Argentina,Paraguay,6.0,1.0,Copa América,False,H,4,9.0,9.0,2.4,2.2,1.8,1.8,0.6000000000000001,0.1,0.24000000000000005,0.22000000000000003,0.18000000000000002,0.18000000000000002,1701.1069730292616,1545.6531547898087
1937-01-10,Chile,Uruguay,3.0,0.0,Copa América,True,H,4,0.0,12.0,1.4,2.4,3.0,1.4,0.30000000000000004,0.0,0.14,0.24000000000000005,0.30000000000000004,0.14,1358.6322427571104,1772.884271151555
1937-01-13,Brazil,Paraguay,5.0,0.0,Copa América,True,H,4,9.0,9.0,3.0,2.2,2.2,2.2,0.5,0.0,0.30000000000000004,0.22000000000000003,0.22000000000000003,0.22000000000000003,1515.0685398914386,1522.4445894733262
1937-01-16,Argentina,Peru,1.0,0.0,Copa América,False,H,4,12.0,3.0,3.2,1.2,1.4,2.4,0.1,0.0,0.32,0.12000000000000002,0.14,0.24000000000000005,1724.315538345744,1350.4824820878857
1937-01-17,Chile,Paraguay,2.0,3.0,Copa América,True,A,4,3.0,6.0,1.8,1.2,2.2,3.2,0.2,0.30000000000000004,0.18000000000000002,0.12000000000000002,0.22000000000000003,0.32,1431.8840387098253,1481.5955179410957
1937-01-19,Brazil,Uruguay,3.0,2.0,Copa América,True,H,4,12.0,9.0,3.8,2.2,1.8,2.0,0.30000000000000004,0.2,0.38,0.22000000000000003,0.18000000000000002,0.2,1555.917611423669,1699.63247519884
1937-01-21,Chile,Peru,2.0,2.0,Copa América,True,D,4,3.0,3.0,2.0,1.2,2.4,2.4,0.2,0.2,0.2,0.12000000000000002,0.24000000000000005,0.24000000000000005,1397.568545623988,1342.1505958119433
1937-01-23,Argentina,Uruguay,2.0,3.0,Copa América,False,A,4,12.0,6.0,2.6,2.2,1.2,2.4,0.2,0.30000000000000004,0.26,0.22000000000000003,0.12000000000000002,0.24000000000000005,1732.6474246216865,1643.9699589853428
1937-01-24,Paraguay,Peru,0.0,1.0,Copa América,True,A,4,9.0,4.0,1.8,1.4,3.0,2.0,0.0,0.1,0.18000000000000002,0.14,0.3,0.2,1515.911011026933,1348.4772593968337
1937-01-30,Argentina,Brazil,1.0,0.0,Copa América,False,H,4,9.0,12.0,2.2,3.6,1.6,2.2,0.1,0.0,0.22000000000000003,0.36000000000000004,0.16,0.22000000000000003,1682.6541205008598,1611.5801276371662
1937-02-01,Argentina,Brazil,2.0,0.0,Copa América,False,H,4,12.0,12.0,2.4,3.4,1.0,1.8,0.2,0.0,0.24000000000000005,0.34,0.1,0.18,1714.5836885114438,1579.6505596265822
1938-06-04,Germany,Switzerland,1.0,1.0,FIFA World Cup,True,D,5,9.0,3.0,2.75,2.5,2.0,2.5,0.1,0.1,0.275,0.25,0.2,0.25,1593.9684158712255,1500.074137495986
1938-06-05,Brazil,Poland,6.0,5.0,FIFA World Cup,True,H,5,9.0,0.0,2.8,0.0,1.8,0.0,0.6000000000000001,0.5,0.28,0.0,0.18,0.0,1554.4486836991364,1500.0
1938-06-05,Cuba,Romania,3.0,3.0,FIFA World Cup,True,D,5,0.0,3.0,0.0,1.3333333333333333,0.0,2.3333333333333335,0.30000000000000004,0.30000000000000004,0.0,0.13333333333333333,0.0,0.23333333333333336,1500.0,1453.0646677625616
1938-06-05,Czechoslovakia,Netherlands,3.0,0.0,FIFA World Cup,True,H,5,9.0,0.0,2.25,2.0,1.5,3.0,0.30000000000000004,0.0,0.22500000000000003,0.2,0.15000000000000002,0.30000000000000004,1600.165158816213,1450.0
1938-06-05,France,Belgium,3.0,1.0,FIFA World Cup,False,H,5,3.0,0.0,1.5,0.6666666666666666,1.5,3.0,0.30000000000000004,0.1,0.15000000000000002,0.06666666666666667,0.15000000000000002,0.3,1420.0516273961073,1360.2939490963095
1938-06-05,Hungary,Indonesia,6.0,0.0,FIFA World Cup,True,H,5,3.0,0.0,2.5,0.0,2.0,0.0,0.6000000000000001,0.0,0.25,0.0,0.2,0.0,1499.2783810373257,1500.0
1938-06-05,Italy,Norway,2.0,1.0,FIFA World Cup,True,H,5,13.0,0.0,2.4,0.0,0.6,0.0,0.2,0.1,0.24000000000000005,0.0,0.06000000000000001,0.0,1704.6587262806895,1500.0
1938-06-09,Cuba,Romania,2.0,1.0,FIFA World Cup,True,H,5,1.0,4.0,3.0,1.75,3.0,2.5,0.2,0.1,0.30000000000000004,0.17500000000000002,0.30000000000000004,0.25,1493.2862539835273,1459.7784137790343
1938-06-09,Germany,Switzerland,2.0,4.0,FIFA World Cup,True,A,5,10.0,4.0,2.4,2.0,1.8,2.0,0.2,0.4,0.24000000000000005,0.20000000000000004,0.18000000000000002,0.20000000000000004,1580.7755688437915,1513.26698452342
1938-06-12,Brazil,Czechoslovakia,1.0,1.0,FIFA World Cup,True,D,5,9.0,12.0,2.8,2.4,2.0,1.2,0.1,0.1,0.28,0.24000000000000005,0.2,0.12000000000000002,1596.676412966776,1629.8068267817073
1938-06-12,Cuba,Sweden,0.0,8.0,FIFA World Cup,True,A,5,4.0,3.0,2.5,2.0,2.0,2.0,0.0,0.8,0.25,0.2,0.2,0.2,1538.4789835577803,1526.0875723726126
1938-06-12,France,Italy,1.0,3.0,FIFA World Cup,False,A,5,6.0,13.0,1.8,1.4,1.4,0.6,0.1,0.30000000000000004,0.18000000000000002,0.14,0.14,0.06000000000000001,1461.5356167704485,1728.1979396703234
1938-06-12,Hungary,Switzerland,2.0,0.0,FIFA World Cup,True,H,5,6.0,7.0,3.6666666666666665,2.5,1.3333333333333333,2.0,0.2,0.0,0.3666666666666667,0.25,0.13333333333333333,0.2,1549.3822302046374,1572.861804205337
1938-06-14,Brazil,Czechoslovakia,2.0,1.0,FIFA World Cup,True,H,5,7.0,10.0,2.0,2.2,2.2,1.2,0.2,0.1,0.20000000000000004,0.22000000000000003,0.22000000000000003,0.12000000000000002,1601.4298638629243,1625.053375885559
1938-06-16,Brazil,Italy,1.0,2.0,FIFA World Cup,True,A,5,7.0,15.0,1.8,1.8,2.0,0.6,0.1,0.2,0.18000000000000002,0.18000000000000002,0.2,0.06000000000000001,1654.8243310667795,1745.9238073678248
1938-06-16,Hungary,Sweden,5.0,1.0,FIFA World Cup,True,H,5,9.0,6.0,3.25,4.0,1.0,1.3333333333333333,0.5,0.1,0.325,0.4000000000000001,0.1,0.13333333333333333,1602.7560779549171,1577.870084058856
1938-06-19,Hungary,Italy,2.0,4.0,FIFA World Cup,True,A,5,12.0,15.0,3.6,2.0,1.0,0.8,0.2,0.4,0.36,0.2,0.1,0.08,1649.1808077857258,1783.105950852844
1938-06-19,Brazil,Sweden,4.0,2.0,FIFA World Cup,True,H,5,7.0,6.0,2.0,3.25,2.2,2.25,0.4,0.2,0.2,0.325,0.22000000000000003,0.225,1617.6421875817603,1531.4453542280473
1939-01-15,Chile,Paraguay,1.0,5.0,Copa América,True,A,4,4.0,6.0,2.4,1.6,2.6,3.2,0.1,0.5,0.24000000000000005,0.16,0.26000000000000006,0.32,1391.2418820390976,1458.000034224999
1939-01-15,Peru,Ecuador,5.0,2.0,Copa América,False,H,4,4.0,0.0,1.4,0.0,2.0,0.0,0.5,0.2,0.14,0.0,0.2,0.0,1406.3882361987678,1500.0
1939-01-22,Peru,Chile,3.0,1.0,Copa América,False,H,4,7.0,4.0,2.0,2.4,1.8,3.2,0.30000000000000004,0.1,0.2,0.24000000000000005,0.18,0.32,1456.912246095492,1358.834488207785
1939-01-22,Ecuador,Uruguay,0.0,6.0,Copa América,True,A,4,0.0,6.0,2.0,2.2,5.0,2.8,0.0,0.6000000000000001,0.2,0.22000000000000003,0.5,0.28,1449.4759901032758,1693.9632631061695
1939-01-29,Chile,Uruguay,2.0,3.0,Copa América,True,A,4,4.0,9.0,1.8,3.0,2.6,2.0,0.2,0.30000000000000004,0.18000000000000002,0.30000000000000004,0.26,0.2,1329.8354339371158,1709.6950496463826
1939-01-29,Peru,Paraguay,3.0,0.0,Copa América,False,H,4,10.0,6.0,2.2,1.8,1.2,3.0,0.30000000000000004,0.0,0.22000000000000003,0.18,0.12000000000000002,0.3,1485.9113003661612,1490.4074280563116
1939-02-05,Chile,Ecuador,4.0,1.0,Copa América,True,H,4,1.0,0.0,1.6,1.0,3.2,5.5,0.4,0.1,0.16,0.1,0.32,0.55,1321.7589577362658,1433.7442035630627
1939-02-05,Paraguay,Uruguay,1.0,3.0,Copa América,True,A,4,6.0,9.0,1.6,2.8,2.4,2.0,0.1,0.30000000000000004,0.16,0.28,0.24000000000000005,0.2,1449.8898211202015,1717.7715258472326
1939-02-12,Ecuador,Paraguay,1.0,3.0,Copa América,True,A,4,0.0,6.0,1.0,1.8,5.0,2.0,0.1,0.30000000000000004,0.10000000000000002,0.18,0.5,0.2,1381.2800967755047,1435.790836299512
1939-02-12,Peru,Uruguay,2.0,1.0,Copa América,False,H,4,13.0,12.0,2.8,3.4,1.0,1.6,0.2,0.1,0.28,0.34,0.1,0.16,1526.4289073022712,1731.8705106679222
1941-02-02,Chile,Ecuador,5.0,0.0,Copa América,False,H,4,4.0,0.0,2.0,1.0,2.8,4.5,0.5,0.0,0.2,0.1,0.28,0.45000000000000007,1374.2230645238237,1347.504884975518
1941-02-09,Chile,Peru,1.0,0.0,Copa América,False,H,4,6.0,15.0,2.6,2.8,2.4,0.8,0.1,0.0,0.26,0.28,0.24000000000000005,0.08,1411.1530697996,1587.6623480288026
1941-02-09,Ecuador,Uruguay,0.0,6.0,Copa América,True,A,4,0.0,12.0,0.8,3.2,4.6,1.4,0.0,0.6000000000000001,0.08,0.32000000000000006,0.4600000000000001,0.14,1310.5748796997418,1670.6370699413908
1941-02-12,Argentina,Peru,2.0,1.0,Copa América,True,H,4,12.0,12.0,2.4,2.6,0.8,1.0,0.2,0.1,0.24000000000000005,0.26,0.08,0.1,1739.7855644388897,1528.9258522369098
1941-02-16,Argentina,Ecuador,6.0,1.0,Copa América,True,H,4,12.0,0.0,1.6,0.4,0.8,4.8,0.6000000000000001,0.1,0.16,0.04,0.08,0.4800000000000001,1758.1078286583288,1301.6324620133655
1941-02-16,Chile,Uruguay,0.0,2.0,Copa América,False,A,4,9.0,12.0,2.6,3.8,1.4,1.0,0.0,0.2,0.26,0.38000000000000006,0.14,0.1,1469.8895655914928,1679.579487627767
1941-02-23,Argentina,Uruguay,1.0,0.0,Copa América,True,H,4,12.0,12.0,2.6,3.0,1.0,1.0,0.1,0.0,0.26,0.30000000000000004,0.1,0.1,1763.498058516406,1697.9970474299273
1941-02-23,Ecuador,Peru,0.0,4.0,Copa América,True,A,4,0.0,9.0,0.6,1.8,4.8,1.0,0.0,0.4,0.06000000000000001,0.18000000000000002,0.4800000000000001,0.1,1296.2422321552883,1510.6035880174707
1941-02-26,Peru,Uruguay,0.0,2.0,Copa América,True,A,4,9.0,9.0,2.0,2.4,0.8,0.8,0.0,0.2,0.2,0.24000000000000005,0.08,0.08,1528.6426706981872,1665.4500393266405
1941-03-04,Chile,Argentina,0.0,1.0,Copa América,False,A,4,9.0,15.0,2.4,2.4,1.2,0.4,0.0,0.1,0.24,0.24000000000000005,0.12000000000000002,0.04,1451.4720057893326,1796.0450666196928
1942-01-10,Uruguay,Chile,6.0,1.0,Copa América,False,H,4,9.0,9.0,2.2,2.0,0.6,0.8,0.6000000000000001,0.1,0.22000000000000003,0.2,0.06000000000000001,0.08,1690.4660409535704,1441.7964943577822
1942-01-11,Argentina,Paraguay,4.0,3.0,Copa América,True,H,4,15.0,6.0,2.4,1.8,0.4,1.8,0.4,0.30000000000000004,0.24000000000000005,0.18,0.04,0.18000000000000002,1805.7205780512431,1469.5660480994986
1942-01-14,Brazil,Chile,6.0,1.0,Copa América,True,H,4,10.0,6.0,2.8,1.4,2.2,1.8,0.6000000000000001,0.1,0.28,0.13999999999999999,0.22000000000000003,0.18000000000000002,1655.4858594042103,1426.3667526186873
1942-01-17,Argentina,Brazil,2.0,1.0,Copa América,True,H,4,15.0,10.0,2.8,2.8,1.0,1.4,0.2,0.1,0.28,0.28,0.1,0.14,1815.8158947488885,1672.3657606871516
1942-01-18,Paraguay,Peru,1.0,1.0,Copa América,True,D,4,6.0,6.0,2.4,1.4,2.4,1.2,0.1,0.1,0.24000000000000005,0.14,0.24000000000000005,0.12000000000000002,1459.4707314018533,1503.6266690712573
1942-01-18,Uruguay,Ecuador,7.0,0.0,Copa América,False,H,4,12.0,0.0,3.2,0.4,0.4,4.8,0.7000000000000001,0.0,0.32,0.04,0.04,0.4800000000000001,1705.8957826926653,1278.2031494745718
1942-01-21,Brazil,Peru,2.0,1.0,Copa América,True,H,4,9.0,4.0,2.8,1.2,1.6,1.2,0.2,0.1,0.28,0.12000000000000002,0.16,0.12000000000000002,1648.0024640232941,1498.570223718836
1942-01-22,Argentina,Ecuador,12.0,0.0,Copa América,True,H,4,15.0,0.0,2.8,0.2,1.0,5.6,1.2000000000000002,0.0,0.28,0.02,0.1,0.56,1840.179191412746,1271.9178960444187
1942-01-22,Chile,Paraguay,0.0,2.0,Copa América,True,A,4,3.0,4.0,0.6,1.6,3.0,2.4,0.0,0.2,0.06000000000000001,0.16,0.30000000000000004,0.24000000000000005,1409.486851335746,1464.5271767542747
1942-01-24,Uruguay,Brazil,1.0,0.0,Copa América,False,H,4,12.0,9.0,3.4,2.8,0.4,1.6,0.1,0.0,0.34,0.28,0.04,0.16,1712.1810361228183,1671.786250195
1942-01-25,Argentina,Peru,3.0,1.0,Copa América,True,H,4,15.0,4.0,4.0,1.4,0.8,1.4,0.30000000000000004,0.1,0.4,0.14,0.08,0.14,1843.1050637933997,1474.78643754713
1942-01-25,Ecuador,Paraguay,1.0,3.0,Copa América,True,A,4,0.0,7.0,0.2,2.0,7.0,1.8,0.1,0.30000000000000004,0.02,0.2,0.7000000000000001,0.18000000000000002,1268.992023663765,1498.2429084406974
1942-01-28,Ecuador,Peru,1.0,2.0,Copa América,True,A,4,0.0,4.0,0.4,1.4,6.4,1.6,0.1,0.2,0.04,0.14,0.64,0.16,1252.1222230685703,1466.2146179688739
1942-01-28,Uruguay,Paraguay,3.0,1.0,Copa América,False,H,4,12.0,10.0,3.2,2.4,0.4,1.4,0.30000000000000004,0.1,0.32,0.24000000000000005,0.04,0.14,1747.5512570358346,1515.112709035892
1942-01-31,Argentina,Chile,0.0,0.0,Copa América,True,D,4,15.0,0.0,4.4,0.4,1.0,3.4,0.0,0.0,0.44000000000000006,0.04,0.1,0.34,1851.6768833716558,1375.7711196493233
1942-01-31,Brazil,Ecuador,5.0,1.0,Copa América,True,H,4,9.0,0.0,2.6,0.4,1.4,5.6,0.5,0.1,0.26,0.04,0.14,0.56,1636.4160292819838,1234.061499664055
1942-02-01,Uruguay,Peru,3.0,0.0,Copa América,False,H,4,15.0,4.0,3.8,1.0,0.4,1.8,0.30000000000000004,0.0,0.38,0.1,0.04,0.18000000000000002,1764.1780750622825,1484.2753413733892
1942-02-05,Chile,Ecuador,2.0,1.0,Copa América,True,H,4,1.0,0.0,0.4,0.6,3.0,5.8,0.2,0.1,0.04,0.06000000000000001,0.30000000000000004,0.5800000000000001,1410.916681977185,1226.8778885524198
1942-02-05,Brazil,Paraguay,1.0,1.0,Copa América,True,D,4,9.0,7.0,2.8,2.0,1.2,1.8,0.1,0.1,0.28,0.2,0.12000000000000002,0.18000000000000002,1643.599640393619,1498.4858910094445
1942-02-07,Chile,Peru,0.0,0.0,Copa América,True,D,4,4.0,4.0,0.8,1.0,3.0,2.0,0.0,0.0,0.08,0.1,0.30000000000000004,0.2,1431.5104220723272,1470.9621263599984
1942-02-07,Uruguay,Argentina,1.0,0.0,Copa América,False,H,4,15.0,13.0,4.0,4.2,0.4,1.0,0.1,0.0,0.4000000000000001,0.42000000000000004,0.04,0.1,1777.4912900756733,1816.5313210437942
1945-01-14,Chile,Ecuador,6.0,3.0,Copa América,False,H,4,5.0,0.0,0.6,0.8,1.8,4.8,0.6000000000000001,0.30000000000000004,0.06000000000000001,0.08,0.18000000000000002,0.4800000000000001,1436.0330460434936,1206.2841484572775
1945-01-18,Argentina,Bolivia,4.0,0.0,Copa América,True,H,4,10.0,0.0,3.4,0.6,0.6,5.4,0.4,0.0,0.34,0.06000000000000001,0.06000000000000001,0.54,1772.055493064622,1270.982904445394
1945-01-21,Brazil,Colombia,3.0,0.0,Copa América,True,H,4,7.0,0.0,1.8,0.0,1.2,0.0,0.30000000000000004,0.0,0.18,0.0,0.12000000000000002,0.0,1627.8009797341215,1500.0
1945-01-24,Chile,Bolivia,5.0,0.0,Copa América,False,H,4,8.0,0.0,1.6,0.4,1.2,4.8,0.5,0.0,0.16,0.04,0.12000000000000002,0.4800000000000001,1452.864714320095,1266.748516317541
1945-01-24,Ecuador,Uruguay,1.0,5.0,Copa América,True,A,4,0.0,15.0,1.4,3.0,3.6,0.2,0.1,0.5,0.14,0.30000000000000004,0.36000000000000004,0.02,1189.4524801806763,1821.9671180548455
1945-01-28,Bolivia,Brazil,0.0,2.0,Copa América,True,A,4,0.0,10.0,0.4,2.2,4.0,0.8,0.0,0.2,0.04,0.22000000000000003,0.4,0.08,1246.33712004852,1653.7169145209664
1945-01-28,Colombia,Uruguay,0.0,7.0,Copa América,True,A,4,0.0,15.0,0.0,2.6,3.0,0.4,0.0,0.7000000000000001,0.0,0.26,0.30000000000000004,0.04,1474.084065213155,1824.0114944384966
1945-01-31,Chile,Colombia,2.0,0.0,Copa América,False,H,4,11.0,0.0,2.6,0.0,0.8,5.0,0.2,0.0,0.26,0.0,0.08,0.5,1473.276110589116,1464.6676588363337
1945-01-31,Argentina,Ecuador,4.0,2.0,Copa América,True,H,4,10.0,0.0,3.8,1.4,0.4,4.0,0.4,0.2,0.38000000000000006,0.14,0.04,0.4,1776.289881192475,1187.4081037970252
1945-02-07,Argentina,Colombia,9.0,1.0,Copa América,True,H,4,10.0,0.0,2.2,0.0,0.8,4.0,0.9,0.1,0.22000000000000003,0.0,0.08,0.4000000000000001,1778.8989505585835,1425.6585407093503
1945-02-07,Brazil,Uruguay,3.0,0.0,Copa América,True,H,4,10.0,15.0,2.2,3.8,0.6,0.4,0.30000000000000004,0.0,0.22000000000000003,0.38,0.06000000000000001,0.04,1660.7136108907841,1833.427900815318
1945-02-11,Bolivia,Ecuador,0.0,0.0,Copa América,True,D,4,0.0,0.0,0.0,1.6,3.8,4.4,0.0,0.0,0.0,0.16,0.38,0.44000000000000006,1239.3404236787023,1184.7990344309167
1945-02-11,Chile,Argentina,1.0,1.0,Copa América,False,D,4,13.0,10.0,3.0,3.4,0.8,0.8,0.1,0.1,0.3,0.34,0.08,0.08,1512.2852287160993,1788.1580652937994
1945-02-15,Argentina,Brazil,3.0,1.0,Copa América,True,H,4,10.0,13.0,3.6,2.8,1.0,0.4,0.30000000000000004,0.1,0.36,0.28,0.1,0.04,1761.7307201185317,1719.1073156984758
1945-02-15,Bolivia,Uruguay,0.0,2.0,Copa América,True,A,4,1.0,12.0,0.0,3.2,3.0,0.8,0.0,0.2,0.0,0.32,0.3,0.08,1233.1121923018914,1775.0341960076264
1945-02-18,Chile,Uruguay,1.0,0.0,Copa América,False,H,4,11.0,12.0,2.8,3.0,0.8,0.8,0.1,0.0,0.28,0.3,0.08,0.08,1538.7125738913667,1778.4188237272301
1945-02-18,Colombia,Ecuador,3.0,1.0,Copa América,True,H,4,0.0,1.0,0.25,1.4,5.25,3.4,0.30000000000000004,0.1,0.025,0.14,0.525,0.34,1416.3994259741344,1191.0272658077276
1945-02-21,Bolivia,Colombia,3.0,3.0,Copa América,True,D,4,1.0,3.0,0.0,0.8,2.6,4.4,0.30000000000000004,0.30000000000000004,0.0,0.08,0.26,0.44000000000000006,1229.7275645822876,1433.568381600242
1945-02-21,Brazil,Ecuador,9.0,2.0,Copa América,True,H,4,10.0,1.0,2.0,1.4,0.8,3.6,0.9,0.2,0.2,0.14,0.08,0.36000000000000004,1683.9900453654052,1173.85831018162
1945-02-25,Argentina,Uruguay,1.0,0.0,Copa América,True,H,4,13.0,9.0,4.2,2.8,1.0,1.0,0.1,0.0,0.42000000000000004,0.28,0.1,0.1,1796.8479904516023,1714.5013413447743
1945-02-28,Chile,Brazil,0.0,1.0,Copa América,False,A,4,13.0,12.0,3.0,3.6,0.8,1.0,0.0,0.1,0.3,0.36,0.08,0.1,1602.6300562738224,1688.0201135908787
1946-01-12,Argentina,Paraguay,2.0,0.0,Copa América,False,H,4,13.0,8.0,3.6,1.6,1.0,1.2,0.2,0.0,0.36,0.16,0.1,0.12000000000000002,1827.5411044565756,1514.284551668942
1946-01-16,Bolivia,Brazil,0.0,3.0,Copa América,True,A,4,2.0,12.0,0.6,3.2,2.4,1.0,0.0,0.30000000000000004,0.06000000000000001,0.32,0.24000000000000005,0.1,1250.828316952435,1718.3824933880653
1946-01-16,Chile,Uruguay,0.0,1.0,Copa América,True,A,4,10.0,6.0,1.8,1.8,0.4,1.0,0.0,0.1,0.18,0.18000000000000002,0.04,0.1,1572.2676764766359,1683.808227339801
1946-01-19,Chile,Paraguay,2.0,1.0,Copa América,True,H,4,7.0,7.0,0.8,1.4,0.6,1.4,0.2,0.1,0.08,0.14,0.06000000000000001,0.14,1544.6855385200706,1502.968076092342
1946-01-19,Argentina,Bolivia,7.0,1.0,Copa América,False,H,4,13.0,2.0,3.2,0.6,0.6,2.0,0.7000000000000001,0.1,0.32,0.06000000000000001,0.06000000000000001,0.2,1838.8575800331755,1245.7499750229704
1946-01-23,Brazil,Uruguay,4.0,3.0,Copa América,True,H,4,12.0,6.0,3.4,0.6,1.0,1.0,0.4,0.30000000000000004,0.34,0.06000000000000001,0.1,0.1,1723.46083531753,1711.3903652963663
1946-01-26,Argentina,Chile,3.0,1.0,Copa América,False,H,4,13.0,7.0,2.8,0.8,0.6,0.8,0.30000000000000004,0.1,0.28,0.08,0.06000000000000001,0.08,1841.4059447257168,1579.905587615693
1946-01-26,Bolivia,Paraguay,2.0,4.0,Copa América,True,A,4,2.0,4.0,0.8,1.2,3.0,1.8,0.2,0.4,0.08,0.12000000000000002,0.30000000000000004,0.18000000000000002,1243.201610330429,1467.7480269967195
1946-01-29,Bolivia,Uruguay,0.0,5.0,Copa América,True,A,4,1.0,6.0,1.2,1.2,3.8,1.2,0.0,0.5,0.12000000000000002,0.12000000000000002,0.38,0.12000000000000002,1225.968472037924,1672.7794706843938
1946-01-29,Brazil,Paraguay,1.0,1.0,Copa América,True,D,4,12.0,4.0,3.6,1.4,1.6,2.0,0.1,0.1,0.36,0.14,0.16,0.2,1762.0717299295025,1484.9811652892247
1946-02-02,Argentina,Uruguay,3.0,1.0,Copa América,False,H,4,15.0,6.0,3.2,1.8,0.6,1.2,0.30000000000000004,0.1,0.32,0.18,0.06000000000000001,0.12000000000000002,1855.936652070243,1678.4561894381088
1946-02-03,Brazil,Chile,5.0,1.0,Copa América,True,H,4,13.0,6.0,3.6,0.8,1.2,1.2,0.5,0.1,0.36,0.08,0.12000000000000002,0.12000000000000002,1735.5655674735062,1565.3748802711668
1946-02-08,Bolivia,Chile,1.0,4.0,Copa América,True,A,4,1.0,3.0,1.2,0.8,4.4,2.2,0.1,0.4,0.12000000000000002,0.08,0.44000000000000006,0.22000000000000003,1220.2917532842089,1543.5387171552488
1946-02-08,Paraguay,Uruguay,2.0,1.0,Copa América,True,H,4,5.0,6.0,1.4,2.0,1.6,1.6,0.2,0.1,0.14,0.2,0.16,0.16,1511.4873277452207,1657.279849977965
1946-02-10,Argentina,Brazil,2.0,0.0,Copa América,False,H,4,15.0,13.0,3.2,2.8,0.6,1.0,0.2,0.0,0.32,0.28,0.06000000000000001,0.1,1877.112991530387,1757.4017305894242
1947-11-30,Ecuador,Bolivia,2.0,2.0,Copa América,False,D,4,1.0,0.0,1.2,0.8,4.2,4.6,0.2,0.2,0.12000000000000002,0.08,0.42000000000000004,0.4600000000000001,1169.8282419561465,1209.522585516664
1947-12-02,Argentina,Paraguay,6.0,0.0,Copa América,True,H,4,15.0,7.0,3.4,1.6,0.6,1.6,0.6000000000000001,0.0,0.34,0.16,0.06000000000000001,0.16,1903.8514177796867,1567.3518933205214
1947-12-02,Colombia,Uruguay,0.0,2.0,Copa América,True,A,4,4.0,6.0,1.4,2.2,4.4,1.8,0.0,0.2,0.14,0.22000000000000003,0.44000000000000006,0.18000000000000002,1412.4676292300946,1601.4152844026642
1947-12-04,Argentina,Bolivia,7.0,0.0,Copa América,True,H,4,15.0,1.0,4.2,1.2,0.6,4.4,0.7000000000000001,0.0,0.42000000000000004,0.12000000000000002,0.06000000000000001,0.44000000000000006,1913.9292286885716,1204.9723859635003
1947-12-04,Ecuador,Colombia,0.0,0.0,Copa América,False,D,4,2.0,4.0,1.4,1.4,3.6,3.4,0.0,0.0,0.14,0.14,0.36,0.34,1174.3784415093103,1392.303048355767
1947-12-06,Chile,Uruguay,0.0,6.0,Copa América,True,A,4,6.0,6.0,1.6,2.4,2.2,1.8,0.0,0.6000000000000001,0.16,0.24000000000000005,0.22000000000000003,0.18000000000000002,1554.3078849227936,1621.5798652769918
1947-12-06,Paraguay,Peru,2.0,2.0,Copa América,True,D,4,7.0,4.0,1.6,0.8,2.4,1.8,0.2,0.2,0.16,0.08,0.24000000000000005,0.18000000000000002,1557.2740824116368,1466.439502388832
1947-12-09,Chile,Peru,2.0,1.0,Copa América,True,H,4,6.0,5.0,1.6,1.0,3.2,1.8,0.2,0.1,0.16,0.1,0.32,0.18000000000000002,1521.9575002982992,1476.6652889771879
1947-12-09,Bolivia,Uruguay,0.0,3.0,Copa América,True,A,4,1.0,9.0,1.0,3.0,4.4,1.0,0.0,0.30000000000000004,0.1,0.3,0.44000000000000006,0.1,1203.6436941322436,1653.9302499014861
1947-12-11,Argentina,Peru,3.0,2.0,Copa América,True,H,4,15.0,5.0,4.2,1.0,0.4,1.6,0.30000000000000004,0.2,0.42000000000000004,0.1,0.04,0.16,1915.2579205198283,1441.8504085650561
1947-12-11,Ecuador,Chile,0.0,3.0,Copa América,False,A,4,3.0,6.0,1.0,1.6,2.8,3.2,0.0,0.30000000000000004,0.1,0.16,0.28,0.32,1196.6243233196508,1556.772380710431
1947-12-13,Bolivia,Colombia,0.0,0.0,Copa América,True,D,4,1.0,5.0,0.6,1.4,4.2,3.0,0.0,0.0,0.06000000000000001,0.14,0.42000000000000004,0.3,1198.0715884729466,1370.0571665454265
1947-12-13,Paraguay,Uruguay,4.0,2.0,Copa América,True,H,4,8.0,9.0,1.8,2.6,2.4,1.0,0.4,0.2,0.18,0.26000000000000006,0.24000000000000005,0.1,1547.0482958232808,1659.5023555607831
1947-12-16,Argentina,Chile,1.0,1.0,Copa América,True,D,4,15.0,9.0,4.2,2.0,0.6,2.6,0.1,0.1,0.42000000000000004,0.2,0.06000000000000001,0.26,1920.1783498713617,1565.7108730792806
1947-12-16,Ecuador,Uruguay,1.0,6.0,Copa América,False,A,4,2.0,9.0,1.0,2.8,3.4,1.2,0.1,0.6000000000000001,0.1,0.28,0.34,0.12000000000000002,1187.6858309508011,1606.9895357792952
1947-12-18,Argentina,Colombia,6.0,0.0,Copa América,True,H,4,13.0,6.0,3.8,1.2,0.6,1.2,0.6000000000000001,0.0,0.38,0.12000000000000002,0.06000000000000001,0.12000000000000002,1889.3797886330576,1351.7296813005942
1947-12-18,Bolivia,Paraguay,1.0,3.0,Copa América,True,A,4,2.0,8.0,0.6,1.8,3.2,2.4,0.1,0.30000000000000004,0.06000000000000001,0.18,0.32,0.24000000000000005,1216.399073717779,1599.5611156047687
1947-12-20,Ecuador,Peru,0.0,0.0,Copa América,False,D,4,2.0,2.0,1.0,1.0,4.0,2.0,0.0,0.0,0.1,0.1,0.4,0.2,1181.1151519606296,1436.9299792135228
1947-12-20,Colombia,Paraguay,0.0,2.0,Copa América,True,A,4,3.0,10.0,0.6,2.2,2.2,2.4,0.0,0.2,0.06000000000000001,0.22000000000000003,0.22000000000000003,0.24000000000000005,1348.2644402515834,1607.5005993589461
1947-12-23,Chile,Paraguay,0.0,1.0,Copa América,True,A,4,10.0,10.0,2.0,2.2,1.8,2.2,0.0,0.1,0.2,0.22000000000000003,0.18000000000000002,0.22000000000000003,1596.5094343175847,1622.1869406046217
1947-12-23,Colombia,Peru,1.0,5.0,Copa América,True,A,4,2.0,3.0,0.0,1.0,2.0,1.4,0.1,0.5,0.0,0.1,0.2,0.14,1333.578099005908,1411.853938457274
1947-12-25,Ecuador,Argentina,0.0,2.0,Copa América,False,A,4,3.0,13.0,0.6,4.6,2.2,0.6,0.0,0.2,0.06000000000000001,0.4600000000000001,0.22000000000000003,0.06000000000000001,1206.1911927168785,1892.8450296820683
1947-12-25,Peru,Uruguay,0.0,1.0,Copa América,True,A,4,5.0,12.0,2.0,3.8,1.6,1.0,0.0,0.1,0.2,0.38000000000000006,0.16,0.1,1442.9915411152078,1613.5602147694667
1947-12-27,Bolivia,Peru,0.0,2.0,Copa América,True,A,4,2.0,4.0,0.6,1.6,3.0,1.4,0.0,0.2,0.06000000000000001,0.16,0.30000000000000004,0.14,1208.4595899636015,1421.189904824875
1947-12-28,Argentina,Uruguay,3.0,1.0,Copa América,True,H,4,13.0,12.0,3.8,3.6,0.6,1.0,0.30000000000000004,0.1,0.38,0.36000000000000004,0.06000000000000001,0.1,1894.352312576299,1635.3618510597996
1947-12-29,Chile,Colombia,4.0,1.0,Copa América,True,H,4,7.0,2.0,1.2,0.2,1.8,2.6,0.4,0.1,0.12000000000000002,0.02,0.18000000000000002,0.26,1559.4602958310757,1302.440496347974
1947-12-29,Ecuador,Paraguay,0.0,4.0,Copa América,False,A,4,2.0,13.0,0.2,2.4,2.2,1.0,0.0,0.4,0.02,0.24000000000000005,0.22000000000000003,0.1,1204.6839098226478,1659.2360790911307
1947-12-31,Bolivia,Chile,3.0,4.0,Copa América,True,A,4,1.0,10.0,0.2,2.0,3.0,0.8,0.30000000000000004,0.4,0.02,0.2,0.30000000000000004,0.08,1190.2889907135136,1574.3002311497753
1949-04-03,Brazil,Ecuador,9.0,1.0,Copa América,False,H,4,10.0,1.0,2.6,0.2,1.4,3.0,0.9,0.1,0.26,0.02,0.14,0.30000000000000004,1730.6633043401246,1199.2377591949116
1949-04-06,Bolivia,Chile,3.0,2.0,Copa América,True,H,4,1.0,10.0,0.8,2.4,2.4,1.2,0.30000000000000004,0.2,0.08,0.24000000000000005,0.24000000000000005,0.12000000000000002,1182.3843979862743,1582.2048238770146
1949-04-06,Colombia,Paraguay,0.0,3.0,Copa América,True,A,4,1.0,15.0,0.4,2.8,3.4,0.6,0.0,0.30000000000000004,0.04,0.28,0.34,0.06000000000000001,1287.6005610292743,1664.682229718867
1949-04-10,Ecuador,Paraguay,0.0,1.0,Copa América,True,A,4,1.0,15.0,0.4,2.6,4.2,0.2,0.0,0.1,0.04,0.26,0.42000000000000004,0.02,1195.651768770014,1672.8755625658655
1949-04-10,Colombia,Peru,0.0,4.0,Copa América,True,A,4,0.0,7.0,0.4,1.8,4.0,1.0,0.0,0.4,0.04,0.18,0.4,0.1,1279.4072281822757,1439.3605040749628
1949-04-10,Brazil,Bolivia,10.0,1.0,Copa América,False,H,4,10.0,4.0,3.8,1.4,1.6,2.2,1.0,0.1,0.38,0.14,0.16,0.22000000000000003,1734.2492947650221,1255.1048333654571
1949-04-13,Brazil,Chile,2.0,1.0,Copa América,False,H,4,10.0,7.0,5.0,2.2,1.2,1.8,0.2,0.1,0.5,0.22000000000000003,0.12000000000000002,0.18000000000000002,1739.0194138460056,1509.4843884978318
1949-04-13,Ecuador,Uruguay,2.0,3.0,Copa América,True,A,4,1.0,9.0,0.2,2.6,3.2,1.6,0.2,0.30000000000000004,0.02,0.26000000000000006,0.32,0.16,1190.8318125889823,1620.6585438491131
1949-04-13,Paraguay,Peru,3.0,1.0,Copa América,True,H,4,15.0,10.0,2.2,2.2,0.0,0.4,0.30000000000000004,0.1,0.22000000000000003,0.22000000000000003,0.0,0.04,1677.6955187468973,1462.144666581726
1949-04-17,Bolivia,Uruguay,3.0,2.0,Copa América,True,H,4,3.0,9.0,1.6,2.6,4.2,2.0,0.30000000000000004,0.2,0.16,0.26000000000000006,0.42000000000000004,0.2,1250.3347142844736,1626.8730175072412
1949-04-17,Brazil,Colombia,5.0,0.0,Copa América,False,H,4,12.0,0.0,5.2,0.4,1.2,3.6,0.5,0.0,0.52,0.04,0.12000000000000002,0.36,1755.8674503448672,1256.6230656755126
1949-04-17,Chile,Ecuador,1.0,0.0,Copa América,True,H,4,6.0,0.0,2.2,0.6,2.0,3.8,0.1,0.0,0.22000000000000003,0.06000000000000001,0.2,0.38,1492.6363519989702,1184.6173389308542
1949-04-20,Paraguay,Uruguay,1.0,2.0,Copa América,True,A,4,15.0,9.0,2.4,2.6,0.2,1.8,0.1,0.2,0.24000000000000005,0.26000000000000006,0.02,0.18000000000000002,1695.6391145171935,1555.0893819047494
1949-04-20,Chile,Colombia,1.0,1.0,Copa América,True,D,4,9.0,0.0,2.4,0.4,1.8,4.2,0.1,0.1,0.24000000000000005,0.04,0.18000000000000002,0.42000000000000004,1504.2489312714956,1252.3462744792228
1949-04-20,Ecuador,Peru,0.0,4.0,Copa América,True,A,4,0.0,9.0,0.6,2.4,3.6,1.0,0.0,0.4,0.06000000000000001,0.24,0.36,0.1,1173.0047596583288,1444.2010708114296
1949-04-24,Brazil,Peru,7.0,1.0,Copa América,False,H,4,12.0,9.0,5.2,2.2,1.0,0.8,0.7000000000000001,0.1,0.52,0.22000000000000003,0.1,0.08,1760.144241541157,1458.0798188162632
1949-04-25,Bolivia,Ecuador,2.0,0.0,Copa América,True,H,4,6.0,0.0,2.0,0.6,4.0,3.6,0.2,0.0,0.20000000000000004,0.06000000000000001,0.4,0.36,1322.1183498869655,1159.1260116534952
1949-04-25,Uruguay,Colombia,2.0,2.0,Copa América,True,D,4,9.0,1.0,1.8,0.4,1.8,3.4,0.2,0.2,0.18000000000000002,0.04,0.18000000000000002,0.34,1610.4422732536896,1277.1469895538664
1949-04-27,Bolivia,Peru,0.0,3.0,Copa América,True,A,4,9.0,9.0,2.4,2.4,3.6,2.0,0.0,0.30000000000000004,0.24000000000000005,0.24000000000000005,0.36,0.2,1344.6185167466679,1446.1228148998077
1949-04-27,Chile,Paraguay,2.0,4.0,Copa América,True,A,4,7.0,12.0,1.8,2.4,1.8,0.6,0.2,0.4,0.18,0.24000000000000005,0.18000000000000002,0.06000000000000001,1479.448216196852,1640.2862231682534
1949-04-30,Brazil,Uruguay,5.0,1.0,Copa América,False,H,4,15.0,7.0,6.6,2.0,0.8,2.2,0.5,0.1,0.66,0.2,0.08,0.22000000000000003,1772.1012454576125,1580.683677737111
1949-04-30,Chile,Peru,0.0,3.0,Copa América,True,A,4,4.0,9.0,1.4,2.6,2.0,2.0,0.0,0.30000000000000004,0.14,0.26,0.2,0.2,1456.7469527612816,1474.758211131887
1949-04-30,Bolivia,Paraguay,0.0,7.0,Copa América,True,A,4,9.0,12.0,1.8,2.4,3.4,1.0,0.0,0.7000000000000001,0.18000000000000002,0.24000000000000005,0.34,0.1,1315.9831205145886,1662.9874866038238
1949-05-03,Colombia,Ecuador,1.0,4.0,Copa América,True,A,4,2.0,0.0,0.6,0.4,3.0,2.2,0.1,0.4,0.06000000000000001,0.04,0.3,0.22000000000000003,1306.9055850704449,1136.6258447937928
1949-05-04,Peru,Uruguay,4.0,3.0,Copa América,True,H,4,9.0,7.0,2.4,2.0,2.0,2.6,0.4,0.30000000000000004,0.24000000000000005,0.2,0.2,0.26,1512.6864439677556,1560.7327745791397
1949-05-06,Bolivia,Colombia,4.0,0.0,Copa América,True,H,4,6.0,2.0,1.2,0.8,4.4,3.2,0.4,0.0,0.12000000000000002,0.08,0.44000000000000006,0.32,1306.4260170019754,1248.733610640485
1949-05-08,Brazil,Paraguay,1.0,2.0,Copa América,False,A,4,15.0,12.0,5.8,3.2,0.8,1.0,0.1,0.2,0.58,0.32,0.08,0.1,1792.052148615584,1672.544590116437
1949-05-08,Chile,Uruguay,3.0,1.0,Copa América,True,H,4,4.0,4.0,1.0,2.0,2.0,3.0,0.30000000000000004,0.1,0.1,0.2,0.2,0.3,1418.818719925413,1515.2362298432577
1949-05-11,Brazil,Paraguay,7.0,0.0,Copa América,False,H,4,12.0,12.0,4.0,3.4,1.0,1.2,0.7000000000000001,0.0,0.4,0.34,0.1,0.12000000000000002,1738.8114532142217,1725.7852855177991
1950-06-24,Brazil,Mexico,4.0,0.0,FIFA World Cup,False,H,5,12.0,0.0,5.0,1.3333333333333333,0.8,4.333333333333333,0.4,0.0,0.5,0.13333333333333333,0.08,0.4333333333333334,1777.3124625348505,1380.1946660176218
1950-06-25,Switzerland,Yugoslavia,0.0,3.0,FIFA World Cup,True,A,5,7.0,6.0,2.0,2.3333333333333335,2.0,2.3333333333333335,0.0,0.30000000000000004,0.2,0.23333333333333336,0.2,0.23333333333333336,1519.4879564550572,1541.0985806819826
1950-06-25,Italy,Sweden,2.0,3.0,FIFA World Cup,True,A,5,15.0,6.0,2.6,3.0,1.2,2.6,0.2,0.30000000000000004,0.26,0.3,0.12000000000000002,0.26,1814.7336369685509,1493.6016824055973
1950-06-25,Spain,United States,3.0,1.0,FIFA World Cup,True,H,5,4.0,6.0,1.3333333333333333,2.0,1.0,3.25,0.30000000000000004,0.1,0.13333333333333333,0.2,0.10000000000000002,0.32500000000000007,1502.7344154346847,1506.726176350142
1950-06-25,Chile,England,0.0,2.0,FIFA World Cup,True,A,5,7.0,0.0,1.4,0.0,1.8,0.0,0.0,0.2,0.14,0.0,0.18000000000000002,0.0,1469.6427490658878,1500.0
1950-06-28,Brazil,Switzerland,2.0,2.0,FIFA World Cup,False,D,5,12.0,4.0,4.8,1.4,0.8,2.2,0.2,0.2,0.4800000000000001,0.14,0.08,0.22000000000000003,1786.5414236225063,1472.5939707066432
1950-06-28,Mexico,Yugoslavia,1.0,4.0,FIFA World Cup,True,A,5,0.0,9.0,1.0,2.5,4.25,1.75,0.1,0.4,0.1,0.25,0.42500000000000004,0.17500000000000002,1370.965704929966,1587.9925664303967
1950-06-29,Chile,Spain,0.0,2.0,FIFA World Cup,True,A,5,4.0,7.0,1.2,1.75,2.2,1.0,0.0,0.2,0.12000000000000002,0.17500000000000002,0.22000000000000003,0.1,1424.0004248490548,1553.3088507330453
1950-06-29,England,United States,0.0,1.0,FIFA World Cup,True,A,5,3.0,6.0,2.0,1.8,0.0,3.2,0.0,0.1,0.2,0.18000000000000002,0.0,0.32,1545.642324216833,1456.1517410517813
1950-06-29,Paraguay,Sweden,2.0,2.0,FIFA World Cup,True,D,5,9.0,6.0,2.8,3.0,2.4,2.6,0.2,0.2,0.28,0.3,0.24000000000000005,0.26,1687.2842761971704,1579.9977601812432
1950-07-01,Brazil,Yugoslavia,2.0,0.0,FIFA World Cup,False,H,5,10.0,12.0,3.8,2.8,1.0,1.6,0.2,0.0,0.38,0.28,0.1,0.16,1750.6387860862749,1610.2745780841938
1950-07-02,England,Spain,0.0,1.0,FIFA World Cup,True,A,5,3.0,10.0,1.0,1.8,0.5,0.8,0.0,0.1,0.1,0.18000000000000002,0.05,0.08,1483.041045131016,1585.5140164773961
1950-07-02,Mexico,Switzerland,1.0,2.0,FIFA World Cup,True,A,5,0.0,5.0,1.0,1.4,4.2,2.0,0.1,0.2,0.1,0.14,0.42000000000000004,0.2,1348.683693276169,1508.4966082428746
1950-07-02,Italy,Paraguay,2.0,0.0,FIFA World Cup,True,H,5,12.0,10.0,2.6,3.0,1.6,2.4,0.2,0.0,0.26,0.3,0.16,0.24000000000000005,1728.337559192905,1672.3172339344133
1950-07-02,Chile,United States,5.0,2.0,FIFA World Cup,True,H,5,3.0,6.0,1.0,1.4,2.4,3.2,0.5,0.2,0.1,0.14,0.24000000000000005,0.32,1391.795259104704,1518.7530201375982
1950-07-02,Bolivia,Uruguay,0.0,8.0,FIFA World Cup,True,A,5,9.0,4.0,1.8,1.8,2.4,3.0,0.0,0.8,0.18000000000000002,0.18000000000000002,0.24000000000000005,0.3,1339.8443154227944,1464.412200702783
1950-07-09,Brazil,Sweden,7.0,1.0,FIFA World Cup,False,H,5,10.0,7.0,3.2,3.2,0.8,2.6,0.7000000000000001,0.1,0.32,0.32,0.08,0.26,1781.4704423976673,1594.9648024440003
1950-07-09,Spain,Uruguay,2.0,2.0,FIFA World Cup,True,D,5,10.0,4.0,1.4,3.0,0.6,2.8,0.2,0.2,0.14,0.3,0.06000000000000001,0.28,1621.180213078215,1497.2160436135994
1950-07-13,Brazil,Spain,6.0,1.0,FIFA World Cup,False,H,5,13.0,10.0,4.4,1.6,0.6,0.8,0.6000000000000001,0.1,0.44000000000000006,0.16,0.06000000000000001,0.08,1806.9421067327792,1604.0607067711658
1950-07-13,Sweden,Uruguay,2.0,3.0,FIFA World Cup,True,A,5,4.0,4.0,1.8,3.0,4.0,2.8,0.2,0.30000000000000004,0.18000000000000002,0.3,0.4,0.28,1569.4931381088884,1514.3355499206486
1950-07-16,Spain,Sweden,1.0,3.0,FIFA World Cup,True,A,5,10.0,4.0,1.8,2.0,1.8,3.6,0.1,0.30000000000000004,0.18000000000000002,0.2,0.18000000000000002,0.36000000000000004,1580.3368528213534,1511.6213446502006
1950-07-16,Brazil,Uruguay,1.0,2.0,FIFA World Cup,False,A,5,13.0,7.0,4.2,3.4,0.8,2.2,0.1,0.2,0.42000000000000004,0.34,0.08,0.22000000000000003,1830.6659606825915,1572.2073433793364
1953-02-22,Peru,Bolivia,0.0,1.0,Copa América,False,A,4,12.0,6.0,3.0,1.2,2.0,3.6,0.0,0.1,0.30000000000000004,0.12000000000000002,0.2,0.36000000000000004,1558.1829887036376,1307.040472511978
1953-02-25,Bolivia,Uruguay,0.0,2.0,Copa América,True,A,4,6.0,10.0,1.0,3.2,3.6,1.6,0.0,0.2,0.1,0.32,0.36000000000000004,0.16,1371.7872425581393,1653.7822380774433
1953-02-25,Chile,Paraguay,0.0,3.0,Copa América,True,A,4,6.0,7.0,1.6,2.2,2.0,2.4,0.0,0.30000000000000004,0.16,0.22000000000000003,0.2,0.24000000000000005,1459.2939452857117,1630.3100602898921
1953-02-28,Peru,Ecuador,1.0,0.0,Copa América,False,H,4,9.0,3.0,2.2,1.2,2.2,2.2,0.1,0.0,0.22000000000000003,0.12000000000000002,0.22000000000000003,0.22000000000000003,1493.4362186574763,1194.7978192237526
1953-03-01,Bolivia,Brazil,1.0,8.0,Copa América,True,A,4,6.0,10.0,1.0,3.6,3.4,1.2,0.1,0.8,0.1,0.36000000000000004,0.34,0.12000000000000002,1358.6071520077915,1749.0910659844847
1953-03-01,Chile,Uruguay,3.0,2.0,Copa América,True,H,4,6.0,13.0,1.6,3.4,2.0,1.0,0.30000000000000004,0.2,0.16,0.34,0.2,0.1,1437.5331359575705,1666.962328627791
1953-03-04,Peru,Chile,0.0,0.0,Copa América,False,D,4,12.0,6.0,2.2,1.6,0.8,2.2,0.0,0.0,0.22000000000000003,0.16,0.08,0.22000000000000003,1505.5951802882669,1500.6769954814856
1953-03-04,Ecuador,Paraguay,0.0,0.0,Copa América,True,D,4,3.0,7.0,0.8,1.4,1.8,2.4,0.0,0.0,0.08,0.14,0.18,0.24000000000000005,1182.638857592962,1652.0708696180334
1953-03-08,Bolivia,Ecuador,1.0,1.0,Copa América,True,D,4,6.0,4.0,1.2,0.8,3.6,1.6,0.1,0.1,0.12000000000000002,0.08,0.36,0.16,1350.9640420547753,1217.6116843089617
1953-03-08,Peru,Paraguay,2.0,2.0,Copa América,False,D,4,10.0,5.0,1.6,1.0,0.8,2.2,0.2,0.2,0.16,0.1,0.08,0.22000000000000003,1505.0289911549721,1617.0980429020337
1953-03-12,Paraguay,Uruguay,2.0,2.0,Copa América,True,D,4,6.0,10.0,1.4,2.2,1.2,1.6,0.2,0.2,0.14,0.22000000000000003,0.12000000000000002,0.16,1604.6252250904427,1603.818469103876
1953-03-12,Brazil,Ecuador,2.0,0.0,Copa América,True,H,4,12.0,5.0,4.8,1.0,1.0,1.0,0.2,0.0,0.4800000000000001,0.1,0.1,0.1,1756.7341759375008,1232.252460138754
1953-03-15,Brazil,Uruguay,1.0,0.0,Copa América,True,H,4,12.0,10.0,4.8,2.2,1.0,1.6,0.1,0.0,0.4800000000000001,0.22000000000000003,0.1,0.16,1760.4595983392405,1603.911350152361
1953-03-16,Bolivia,Paraguay,1.0,2.0,Copa América,True,A,4,4.0,6.0,0.6,1.4,3.8,1.2,0.1,0.2,0.06000000000000001,0.14,0.38,0.12000000000000002,1336.323266224983,1604.5323440419577
1953-03-19,Peru,Brazil,1.0,0.0,Copa América,False,H,4,8.0,12.0,1.4,3.6,1.2,0.8,0.1,0.0,0.14,0.36000000000000004,0.12000000000000002,0.08,1517.5018089665632,1783.5645040684385
1953-03-19,Chile,Ecuador,3.0,0.0,Copa América,True,H,4,7.0,5.0,1.6,1.0,1.8,1.0,0.30000000000000004,0.0,0.16,0.1,0.18000000000000002,0.1,1501.2431846147804,1228.5270377370143
1953-03-23,Brazil,Chile,3.0,2.0,Copa América,True,H,4,9.0,10.0,2.4,2.2,0.8,1.4,0.30000000000000004,0.2,0.24000000000000005,0.22000000000000003,0.08,0.14,1717.785514641372,1515.0218607304068
1953-03-23,Ecuador,Uruguay,0.0,6.0,Copa América,True,A,4,2.0,7.0,0.2,1.6,1.4,1.4,0.0,0.6000000000000001,0.02,0.16,0.14,0.14,1214.7483616213879,1580.806444423163
1953-03-27,Brazil,Paraguay,1.0,2.0,Copa América,True,A,4,12.0,9.0,2.8,1.8,0.8,1.0,0.1,0.2,0.28,0.18000000000000002,0.08,0.1,1736.774411740241,1618.6094550942187
1953-03-28,Bolivia,Chile,2.0,2.0,Copa América,True,D,4,4.0,7.0,0.8,1.6,2.6,1.6,0.2,0.2,0.08,0.16,0.26,0.16,1322.246155172722,1496.0329636315378
1953-03-28,Peru,Uruguay,0.0,3.0,Copa América,False,A,4,8.0,7.0,0.8,2.4,0.6,1.2,0.0,0.30000000000000004,0.08,0.24000000000000005,0.06000000000000001,0.12000000000000002,1583.2807983936298,1589.4783655647473
1953-04-01,Brazil,Paraguay,2.0,3.0,Copa América,True,A,4,9.0,9.0,1.4,1.6,1.0,1.2,0.2,0.30000000000000004,0.14,0.16,0.1,0.12000000000000002,1683.6715277618066,1671.712339072653
1954-06-16,France,Yugoslavia,0.0,1.0,FIFA World Cup,True,A,5,3.0,9.0,1.2,2.4,1.8,1.8,0.0,0.1,0.12000000000000002,0.24000000000000005,0.18000000000000002,0.18000000000000002,1443.8097490729472,1579.4429217728016
1954-06-16,Czechoslovakia,Uruguay,0.0,2.0,FIFA World Cup,True,A,5,7.0,7.0,1.8,2.6,1.2,1.2,0.0,0.2,0.18000000000000002,0.26000000000000006,0.12000000000000002,0.12000000000000002,1571.658908681704,1628.764919945793
1954-06-16,Austria,Scotland,1.0,0.0,FIFA World Cup,True,H,5,6.0,0.0,1.75,0.0,1.75,0.0,0.1,0.0,0.17500000000000002,0.0,0.17500000000000002,0.0,1496.7929572340845,1500.0
1954-06-16,Brazil,Mexico,5.0,0.0,FIFA World Cup,True,H,5,6.0,0.0,1.4,1.0,1.6,3.8,0.5,0.0,0.14,0.1,0.16,0.38,1642.2952188014226,1320.1870295005763
1954-06-17,Belgium,England,4.0,4.0,FIFA World Cup,True,D,5,0.0,3.0,0.75,0.6666666666666666,3.0,0.6666666666666666,0.4,0.4,0.07500000000000001,0.06666666666666667,0.30000000000000004,0.06666666666666667,1318.8099597219682,1447.3748485301971
1954-06-17,Germany,Turkey,4.0,1.0,FIFA World Cup,True,H,5,7.0,0.0,1.8,0.0,2.2,0.0,0.4,0.1,0.18000000000000002,0.0,0.22000000000000003,0.0,1521.1807491618745,1500.0
1954-06-17,Hungary,South Korea,9.0,0.0,FIFA World Cup,True,H,5,9.0,0.0,3.2,0.0,1.4,0.0,0.9,0.0,0.32,0.0,0.14,0.0,1617.553121670019,1500.0
1954-06-17,Switzerland,Italy,2.0,1.0,FIFA World Cup,False,H,5,7.0,12.0,1.6,2.6,2.0,1.4,0.2,0.1,0.16,0.26,0.2,0.14,1536.9932720184672,1770.3447328374261
1954-06-19,Scotland,Uruguay,0.0,7.0,FIFA World Cup,True,A,5,0.0,10.0,0.0,2.6,1.0,0.6,0.0,0.7000000000000001,0.0,0.26000000000000006,0.1,0.06000000000000001,1449.5384825535773,1670.6199199698956
1954-06-19,Austria,Czechoslovakia,5.0,0.0,FIFA World Cup,True,H,5,9.0,4.0,1.6,1.2,1.4,1.4,0.5,0.0,0.16,0.12000000000000002,0.14,0.14,1547.2544746805072,1529.8039086576014
1954-06-19,Brazil,Yugoslavia,1.0,1.0,FIFA World Cup,True,D,5,6.0,9.0,2.2,1.8,1.6,1.8,0.1,0.1,0.22000000000000003,0.18000000000000002,0.16,0.18000000000000002,1655.833226730909,1610.8583755789784
1954-06-19,France,Mexico,3.0,2.0,FIFA World Cup,True,H,5,3.0,0.0,1.2,1.0,1.8,4.2,0.30000000000000004,0.2,0.12000000000000002,0.1,0.18000000000000002,0.42000000000000004,1412.3942952667703,1306.6490215710899
1954-06-20,South Korea,Turkey,0.0,7.0,FIFA World Cup,True,A,5,0.0,0.0,0.0,1.0,9.0,4.0,0.0,0.7000000000000001,0.0,0.1,0.9,0.4,1466.2999576407594,1453.0443842801683
1954-06-20,Switzerland,England,0.0,2.0,FIFA World Cup,False,A,5,7.0,4.0,1.2,1.5,1.8,1.5,0.0,0.2,0.12000000000000002,0.15000000000000002,0.18000000000000002,0.15000000000000002,1616.296137282016,1429.673535611955
1954-06-20,Belgium,Italy,1.0,4.0,FIFA World Cup,True,A,5,1.0,9.0,1.4,2.2,3.2,1.6,0.1,0.4,0.14,0.22000000000000003,0.32,0.16,1336.5112726402103,1691.0418675738774
1954-06-20,Germany,Hungary,3.0,8.0,FIFA World Cup,True,A,5,7.0,12.0,2.2,4.8,2.2,1.0,0.30000000000000004,0.8,0.22000000000000003,0.4800000000000001,0.22000000000000003,0.1,1568.1363648817062,1651.2531640292596
1954-06-23,Germany,Turkey,7.0,2.0,FIFA World Cup,True,H,5,7.0,3.0,2.6,4.0,3.2,2.0,0.7000000000000001,0.2,0.26,0.4,0.32,0.2,1529.8747515445746,1504.9510895741084
1954-06-23,Switzerland,Italy,4.0,1.0,FIFA World Cup,False,H,5,7.0,9.0,1.2,2.6,1.8,1.6,0.4,0.1,0.12000000000000002,0.26,0.18000000000000002,0.16,1541.7550223354258,1702.5399681754902
1954-06-26,England,Uruguay,2.0,4.0,FIFA World Cup,True,A,5,7.0,12.0,1.6,3.6,1.2,0.2,0.2,0.4,0.16,0.36000000000000004,0.12000000000000002,0.02,1504.2146505585451,1692.5003656320926
1954-06-26,Switzerland,Austria,5.0,7.0,FIFA World Cup,False,A,5,10.0,9.0,2.0,2.0,1.4,1.0,0.5,0.7000000000000001,0.2,0.2,0.14,0.1,1613.372234693932,1594.7452460352795
1954-06-27,Brazil,Hungary,2.0,4.0,FIFA World Cup,True,A,5,7.0,12.0,2.4,5.2,1.6,1.6,0.2,0.4,0.24000000000000005,0.52,0.16,0.16,1649.3967369086265,1689.5147773663912
1954-06-27,Germany,Yugoslavia,2.0,0.0,FIFA World Cup,True,H,5,7.0,10.0,3.4,1.8,3.2,0.8,0.2,0.0,0.34,0.18000000000000002,0.32,0.08,1576.2940882625912,1617.294865401261
1954-06-30,Austria,Germany,1.0,6.0,FIFA World Cup,True,A,5,9.0,9.0,3.0,3.6,1.8,3.0,0.1,0.6000000000000001,0.3,0.36000000000000004,0.18,0.3,1647.4233197879328,1632.1673354911818
1954-06-30,Hungary,Uruguay,4.0,2.0,FIFA World Cup,True,H,5,12.0,15.0,5.6,4.4,2.0,0.4,0.4,0.2,0.56,0.44000000000000006,0.2,0.04,1733.7668504449066,1717.7779955389547
1954-07-03,Austria,Uruguay,3.0,1.0,FIFA World Cup,True,H,5,9.0,12.0,3.2,3.6,2.8,1.2,0.30000000000000004,0.1,0.32,0.36000000000000004,0.28,0.12000000000000002,1595.2292171377023,1670.0773537550845
1954-07-04,Germany,Hungary,3.0,2.0,FIFA World Cup,True,H,5,12.0,12.0,4.4,5.4,2.4,2.2,0.30000000000000004,0.2,0.44000000000000006,0.54,0.24000000000000005,0.22000000000000003,1684.3614381414122,1781.4674922287768
1955-02-27,Chile,Ecuador,7.0,1.0,Copa América,False,H,4,8.0,2.0,2.0,0.2,1.4,2.4,0.7000000000000001,0.1,0.2,0.02,0.14,0.24000000000000005,1477.5420290167401,1206.0764404798035
1955-03-02,Argentina,Paraguay,5.0,3.0,Copa América,True,H,4,13.0,11.0,3.0,2.2,0.8,1.6,0.5,0.30000000000000004,0.30000000000000004,0.22000000000000003,0.08,0.16,1909.0556197869855,1713.088648033037
1955-03-06,Chile,Peru,5.0,4.0,Copa América,False,H,4,8.0,8.0,2.8,0.8,1.2,1.0,0.5,0.4,0.28,0.08,0.12000000000000002,0.1,1491.4030049886633,1543.994244012584
1955-03-09,Argentina,Ecuador,4.0,0.0,Copa América,True,H,4,13.0,1.0,3.4,0.4,1.0,3.8,0.4,0.0,0.34,0.04,0.1,0.38,1928.6169188112272,1192.2154645078804
1955-03-09,Paraguay,Uruguay,1.0,3.0,Copa América,True,A,4,10.0,9.0,2.4,3.2,2.2,1.8,0.1,0.30000000000000004,0.24000000000000005,0.32,0.22000000000000003,0.18000000000000002,1693.5273490087955,1609.4694406238864
1955-03-13,Chile,Uruguay,2.0,2.0,Copa América,False,D,4,10.0,9.0,3.8,3.4,2.0,2.0,0.2,0.2,0.38,0.34,0.2,0.2,1537.4119710065352,1658.9624620837023
1955-03-13,Ecuador,Peru,2.0,4.0,Copa América,True,A,4,0.0,5.0,0.2,1.4,4.4,2.0,0.2,0.4,0.02,0.14,0.44000000000000006,0.2,1191.0781826636833,1497.9852779947123
1955-03-16,Argentina,Peru,2.0,2.0,Copa América,True,D,4,15.0,7.0,4.0,2.2,0.8,2.4,0.2,0.2,0.4,0.22000000000000003,0.08,0.24000000000000005,1929.7542006554243,1509.661541117153
1955-03-16,Ecuador,Paraguay,0.0,2.0,Copa América,True,A,4,0.0,9.0,0.6,2.2,4.8,2.4,0.0,0.2,0.06000000000000001,0.22000000000000003,0.4800000000000001,0.24000000000000005,1179.4019195412425,1644.0343275489795
1955-03-20,Chile,Paraguay,5.0,0.0,Copa América,False,H,4,8.0,9.0,3.6,2.2,2.4,2.2,0.5,0.0,0.36,0.22000000000000003,0.24000000000000005,0.22000000000000003,1550.8616868708377,1649.1932501349997
1955-03-23,Ecuador,Uruguay,1.0,5.0,Copa América,True,A,4,0.0,7.0,0.6,2.4,4.6,2.4,0.1,0.5,0.06000000000000001,0.24000000000000005,0.4600000000000001,0.24000000000000005,1174.2429969552222,1645.5127462193998
1955-03-23,Paraguay,Peru,1.0,1.0,Copa América,True,D,4,6.0,7.0,1.8,2.2,3.0,2.4,0.1,0.1,0.18000000000000002,0.22000000000000003,0.3,0.24000000000000005,1598.1652995866743,1543.1182005455016
1955-03-27,Argentina,Uruguay,6.0,1.0,Copa América,True,H,4,13.0,7.0,3.2,2.6,1.2,2.2,0.6000000000000001,0.1,0.32,0.26,0.12000000000000002,0.22000000000000003,1896.2975412270757,1650.4903095292414
1955-03-30,Peru,Uruguay,2.0,1.0,Copa América,True,H,4,5.0,7.0,2.2,2.4,2.6,2.6,0.2,0.1,0.22000000000000003,0.24000000000000005,0.26,0.26000000000000006,1549.4032294504084,1634.8543302355383
1955-03-30,Chile,Argentina,0.0,1.0,Copa América,False,A,4,11.0,13.0,4.2,4.0,1.8,1.4,0.0,0.1,0.42000000000000004,0.4,0.18,0.14,1601.8896374191631,1911.933520520779
1956-01-21,Uruguay,Paraguay,4.0,2.0,Copa América,False,H,4,7.0,4.0,2.4,1.4,2.4,2.8,0.4,0.2,0.24000000000000005,0.14,0.24000000000000005,0.28,1585.2100904093472,1591.8802706817676
1956-01-22,Argentina,Peru,2.0,1.0,Copa América,True,H,4,13.0,8.0,3.6,2.6,1.2,2.2,0.2,0.1,0.36,0.26,0.12000000000000002,0.22000000000000003,1923.4308685331691,1599.0474692765995
1956-01-24,Brazil,Chile,1.0,4.0,Copa América,True,A,4,4.0,10.0,2.2,3.8,2.0,1.6,0.1,0.4,0.22000000000000003,0.38,0.2,0.16,1605.144663830111,1590.392289406773
1956-01-28,Uruguay,Peru,2.0,0.0,Copa América,False,H,4,7.0,8.0,2.6,2.0,2.6,1.6,0.2,0.0,0.26,0.2,0.26,0.16,1625.9779289592975,1588.3391225368305
1956-01-29,Argentina,Chile,2.0,0.0,Copa América,True,H,4,13.0,10.0,3.0,3.2,0.8,1.6,0.2,0.0,0.30000000000000004,0.32,0.08,0.16,1934.1392152729381,1632.0896993057677
1956-01-29,Brazil,Paraguay,0.0,0.0,Copa América,True,D,4,4.0,4.0,2.2,1.2,2.4,2.6,0.0,0.0,0.22000000000000003,0.12000000000000002,0.24000000000000005,0.26,1563.4472539311164,1551.1124321318173
1956-02-01,Argentina,Paraguay,1.0,0.0,Copa América,True,H,4,13.0,5.0,2.6,1.0,0.8,2.0,0.1,0.0,0.26,0.1,0.08,0.2,1946.0970918950013,1552.5319346295585
1956-02-01,Brazil,Peru,2.0,1.0,Copa América,True,H,4,5.0,5.0,1.8,1.2,1.8,1.6,0.2,0.1,0.18,0.12000000000000002,0.18,0.16,1562.0277514333752,1552.6555773756468
1956-02-05,Argentina,Brazil,0.0,1.0,Copa América,True,A,4,15.0,5.0,2.4,1.2,0.4,2.0,0.0,0.1,0.24000000000000005,0.12000000000000002,0.04,0.2,1953.6184639186038,1600.9490016634863
1956-02-05,Paraguay,Peru,1.0,1.0,Copa América,True,D,4,2.0,4.0,0.6,1.0,2.2,1.6,0.1,0.1,0.06000000000000001,0.1,0.22000000000000003,0.16,1545.010562605956,1513.7343271455356
1956-02-06,Uruguay,Chile,2.0,1.0,Copa América,False,H,4,9.0,7.0,2.6,2.2,2.2,1.2,0.2,0.1,0.26,0.22000000000000003,0.22000000000000003,0.12000000000000002,1661.6614741204812,1620.1318226837045
1956-02-09,Chile,Peru,4.0,3.0,Copa América,True,H,4,6.0,4.0,2.0,1.0,1.2,1.6,0.4,0.30000000000000004,0.2,0.1,0.12000000000000002,0.16,1584.890458442793,1517.3254416876407
1956-02-10,Uruguay,Brazil,0.0,0.0,Copa América,False,D,4,9.0,7.0,2.0,1.2,2.2,1.8,0.0,0.0,0.2,0.12000000000000002,0.22000000000000003,0.18,1696.9028383613927,1671.6629436552907
1956-02-12,Chile,Paraguay,2.0,0.0,Copa América,True,H,4,6.0,3.0,1.8,0.8,1.8,1.4,0.2,0.0,0.18,0.08,0.18000000000000002,0.14,1617.208345116087,1541.419448063851
1956-02-15,Uruguay,Argentina,1.0,0.0,Copa América,False,H,4,10.0,12.0,1.8,1.2,1.0,0.4,0.1,0.0,0.18,0.12000000000000002,0.1,0.04,1694.0020891825611,1882.9045219267994
1956-09-01,Hong Kong,Israel,2.0,3.0,AFC Asian Cup,False,A,3,0.0,0.0,0.0,0.0,0.0,0.0,0.2,0.30000000000000004,0.0,0.0,0.0,0.0,1500.0,1500.0
1956-09-06,Hong Kong,South Korea,2.0,2.0,AFC Asian Cup,False,D,3,0.0,0.0,2.0,0.0,3.0,8.0,0.2,0.2,0.2,0.0,0.30000000000000004,0.8,1470.0,1414.3932523468193
1956-09-08,Israel,South Korea,1.0,2.0,AFC Asian Cup,True,A,3,3.0,1.0,3.0,0.6666666666666666,2.0,6.0,0.1,0.2,0.30000000000000004,0.06666666666666667,0.2,0.6,1530.0,1419.1541429593408
1956-09-09,Hong Kong,Vietnam Republic,2.0,2.0,AFC Asian Cup,False,D,3,1.0,0.0,2.0,0.0,2.5,0.0,0.2,0.2,0.2,0.0,0.25,0.0,1465.2391093874785,1500.0
1956-09-12,Israel,Vietnam Republic,2.0,1.0,AFC Asian Cup,True,H,3,3.0,1.0,2.0,2.0,2.0,2.0,0.2,0.1,0.2,0.2,0.2,0.2,1490.7408406007137,1497.00847846473
1956-09-15,South Korea,Vietnam Republic,5.0,3.0,AFC Asian Cup,True,H,3,4.0,1.0,1.0,1.5,4.75,2.0,0.5,0.30000000000000004,0.1,0.15000000000000002,0.47500000000000003,0.2,1458.413302358627,1466.467345807167
1957-02-10,Sudan,Egypt,1.0,2.0,African Cup of Nations,False,A,3,0.0,0.0,0.0,2.0,0.0,4.0,0.1,0.2,0.0,0.2,0.0,0.4,1500.0,1450.0
1957-02-16,Egypt,Ethiopia,4.0,0.0,African Cup of Nations,True,H,3,3.0,0.0,2.0,0.0,2.5,0.0,0.4,0.0,0.2,0.0,0.25,0.0,1484.287787044503,1500.0
1957-03-07,Ecuador,Uruguay,2.0,5.0,Copa América,True,A,4,0.0,13.0,0.8,1.8,4.4,0.6,0.2,0.5,0.08,0.18,0.44000000000000006,0.06000000000000001,1169.2654336453807,1753.8335819026702
1957-03-10,Peru,Ecuador,2.0,1.0,Copa América,False,H,4,1.0,0.0,1.2,1.0,2.2,4.0,0.2,0.1,0.12000000000000002,0.1,0.22000000000000003,0.4,1485.0075550143467,1166.5929581208838
1957-03-13,Brazil,Chile,4.0,2.0,Copa América,True,H,4,8.0,9.0,0.8,2.2,1.0,1.6,0.4,0.2,0.08,0.22000000000000003,0.1,0.16,1674.5636928341223,1648.6186403136198
1957-03-13,Argentina,Colombia,8.0,2.0,Copa América,True,H,4,9.0,2.0,1.0,0.8,0.6,3.2,0.8,0.2,0.1,0.08,0.06000000000000001,0.32,1823.0730292066903,1215.315312219666
1957-03-16,Peru,Chile,1.0,0.0,Copa América,False,H,4,4.0,6.0,1.4,1.8,2.0,2.2,0.1,0.0,0.14,0.18,0.2,0.22000000000000003,1496.0386109025856,1611.6001348452444
1957-03-17,Argentina,Ecuador,3.0,0.0,Copa América,True,H,4,9.0,0.0,2.2,1.2,0.8,3.6,0.30000000000000004,0.0,0.22000000000000003,0.12000000000000002,0.08,0.36,1825.4213454635014,1155.561902232645
1957-03-17,Colombia,Uruguay,1.0,0.0,Copa América,True,H,4,2.0,13.0,1.2,2.0,3.8,0.6,0.1,0.0,0.12000000000000002,0.2,0.38,0.06000000000000001,1212.966995962855,1756.506057427167
1957-03-20,Argentina,Uruguay,4.0,0.0,Copa América,True,H,4,9.0,10.0,2.4,1.6,0.8,0.8,0.4,0.0,0.24000000000000005,0.16,0.08,0.08,1827.0784541260007,1679.8606403972924
1957-03-21,Brazil,Ecuador,7.0,1.0,Copa América,True,H,4,11.0,0.0,1.4,0.8,0.6,3.4,0.7000000000000001,0.1,0.14,0.08,0.06000000000000001,0.34,1711.5821983024978,1153.9047935701458
1957-03-21,Chile,Colombia,3.0,2.0,Copa América,True,H,4,6.0,4.0,1.8,1.2,2.0,3.6,0.30000000000000004,0.2,0.18,0.12000000000000002,0.2,0.36,1558.76547328131,1289.6124129927296
1957-03-23,Peru,Uruguay,3.0,5.0,Copa América,False,A,4,7.0,7.0,1.6,1.2,1.6,1.4,0.30000000000000004,0.5,0.16,0.12,0.16,0.14,1548.87327246652,1655.8632610802435
1957-03-24,Brazil,Colombia,9.0,0.0,Copa América,True,H,4,13.0,3.0,2.8,1.2,0.8,3.8,0.9,0.0,0.28,0.12000000000000002,0.08,0.38,1714.6847458121026,1275.5982256479062
1957-03-24,Chile,Ecuador,2.0,2.0,Copa América,True,D,4,9.0,0.0,2.2,1.0,2.0,4.4,0.2,0.2,0.22000000000000003,0.1,0.2,0.44000000000000006,1572.7796606261334,1150.802246060541
1957-03-27,Peru,Colombia,4.0,1.0,Copa América,False,H,4,7.0,3.0,2.0,1.0,2.2,4.8,0.4,0.1,0.2,0.1,0.22000000000000003,0.4800000000000001,1520.8158183843502,1269.6824784759795
1957-03-28,Brazil,Uruguay,2.0,3.0,Copa América,True,A,4,13.0,9.0,4.2,2.2,0.6,2.0,0.2,0.30000000000000004,0.42000000000000004,0.22000000000000003,0.06000000000000001,0.2,1720.6004929840294,1683.9207151624132
1957-03-28,Argentina,Chile,6.0,2.0,Copa América,True,H,4,9.0,7.0,3.0,1.8,0.8,1.8,0.6000000000000001,0.2,0.3,0.18000000000000002,0.08,0.18,1851.0758334430495,1539.2581107178548
1957-03-31,Peru,Brazil,0.0,1.0,Copa América,False,A,4,9.0,10.0,2.6,4.4,2.2,1.2,0.0,0.1,0.26,0.44000000000000006,0.22000000000000003,0.12000000000000002,1536.0697004462143,1676.3931968953143
1957-04-01,Chile,Uruguay,0.0,2.0,Copa América,True,A,4,4.0,9.0,1.8,2.6,3.0,2.4,0.0,0.2,0.18000000000000002,0.26,0.30000000000000004,0.24000000000000005,1527.8609249985682,1728.1280112511283
1957-04-01,Colombia,Ecuador,4.0,1.0,Copa América,True,H,4,3.0,1.0,1.2,1.2,4.8,3.8,0.4,0.1,0.12000000000000002,0.12000000000000002,0.4800000000000001,0.38,1254.4285964141154,1184.3237959688195
1957-04-03,Argentina,Brazil,3.0,0.0,Copa América,True,H,4,12.0,12.0,4.2,4.6,1.0,1.2,0.30000000000000004,0.0,0.42000000000000004,0.4600000000000001,0.1,0.12000000000000002,1862.4730191623362,1701.062520352299
1957-04-06,Peru,Argentina,2.0,1.0,Copa América,False,H,4,9.0,15.0,2.0,4.8,1.6,0.8,0.2,0.1,0.2,0.4800000000000001,0.16,0.08,1511.4003769892295,1885.1207374255084
1958-06-08,Sweden,Mexico,3.0,0.0,FIFA World Cup,False,H,5,7.0,0.0,2.2,0.8,3.0,3.6,0.30000000000000004,0.0,0.22000000000000003,0.08,0.30000000000000004,0.36,1571.383346507386,1271.4138686764304
1958-06-08,Argentina,Germany,1.0,3.0,FIFA World Cup,True,A,5,12.0,12.0,3.4,4.2,0.8,2.6,0.1,0.30000000000000004,0.34,0.42000000000000004,0.08,0.26,1813.4574671462915,1747.9832588944296
1958-06-08,Austria,Brazil,0.0,3.0,FIFA World Cup,True,A,5,12.0,9.0,3.4,3.8,2.4,1.4,0.0,0.30000000000000004,0.34,0.38,0.24000000000000005,0.14,1655.8371302689004,1678.4148020891269
1958-06-08,Czechoslovakia,Northern Ireland,0.0,1.0,FIFA World Cup,True,A,5,4.0,0.0,1.0,0.0,2.0,0.0,0.0,0.1,0.1,0.0,0.2,0.0,1482.313137302829,1500.0
1958-06-08,England,Russia,2.0,2.0,FIFA World Cup,True,D,5,4.0,0.0,1.6,0.0,2.0,0.0,0.2,0.2,0.16,0.0,0.2,0.0,1478.937020651683,1500.0
1958-06-08,France,Paraguay,7.0,3.0,FIFA World Cup,True,H,5,6.0,2.0,1.8,0.6,2.0,1.6,0.7000000000000001,0.30000000000000004,0.18000000000000002,0.06000000000000001,0.2,0.16,1447.6294481614298,1510.0091528663181
1958-06-08,Hungary,Wales,1.0,1.0,FIFA World Cup,True,D,5,12.0,0.0,5.4,0.0,2.0,0.0,0.1,0.1,0.54,0.0,0.2,0.0,1717.8456714757594,1500.0
1958-06-08,Scotland,Yugoslavia,1.0,1.0,FIFA World Cup,True,D,5,0.0,7.0,0.0,1.2,4.0,1.2,0.1,0.1,0.0,0.12000000000000002,0.4,0.12000000000000002,1427.6580368913803,1561.4216181726706
1958-06-11,Paraguay,Scotland,3.0,2.0,FIFA World Cup,True,H,5,2.0,1.0,0.8,0.3333333333333333,2.2,3.0,0.30000000000000004,0.2,0.08,0.03333333333333333,0.22000000000000003,0.30000000000000004,1451.1272258387453,1446.0102359523758
1958-06-11,Mexico,Wales,1.0,1.0,FIFA World Cup,True,D,5,0.0,1.0,0.8,1.0,3.4,1.0,0.1,0.1,0.08,0.1,0.34,0.1,1256.3136606149476,1527.799505112511
1958-06-11,France,Yugoslavia,2.0,3.0,FIFA World Cup,True,A,5,9.0,5.0,2.8,0.6,2.0,1.2,0.2,0.30000000000000004,0.28,0.06000000000000001,0.2,0.12000000000000002,1506.5113751890026,1543.0694191116752
1958-06-11,Argentina,Northern Ireland,3.0,1.0,FIFA World Cup,True,H,5,9.0,3.0,3.0,1.0,1.4,0.0,0.30000000000000004,0.1,0.30000000000000004,0.1,0.14,0.0,1754.1449506554163,1547.4568523361002
1958-06-11,Brazil,England,0.0,0.0,FIFA World Cup,True,D,5,9.0,5.0,3.0,2.0,1.2,2.2,0.0,0.0,0.3,0.2,0.12000000000000002,0.22000000000000003,1725.1701798703778,1481.9645189785397
1958-06-11,Austria,Russia,0.0,2.0,FIFA World Cup,True,A,5,9.0,1.0,3.2,2.0,3.0,2.0,0.0,0.2,0.32,0.2,0.30000000000000004,0.2,1609.0817524876495,1496.9725016731434
1958-06-11,Czechoslovakia,Germany,2.0,2.0,FIFA World Cup,True,D,5,1.0,15.0,0.4,4.2,2.2,1.2,0.2,0.2,0.04,0.42000000000000004,0.22000000000000003,0.12000000000000002,1434.856284966729,1807.2957753853048
1958-06-12,Sweden,Hungary,2.0,1.0,FIFA World Cup,False,H,5,7.0,10.0,2.2,3.8,2.6,2.2,0.2,0.1,0.22000000000000003,0.38,0.26,0.22000000000000003,1586.4835545688688,1690.0461663632484
1958-06-15,Paraguay,Yugoslavia,3.0,3.0,FIFA World Cup,True,D,5,4.0,8.0,1.4,1.2,2.6,1.2,0.30000000000000004,0.30000000000000004,0.14,0.12000000000000002,0.26,0.12000000000000002,1500.390885038401,1587.8276247372146
1958-06-15,Hungary,Mexico,4.0,0.0,FIFA World Cup,True,H,5,7.0,1.0,2.4,0.8,2.0,2.8,0.4,0.0,0.24000000000000005,0.08,0.2,0.28,1625.5685681492987,1288.9891108313332
1958-06-15,Sweden,Wales,0.0,0.0,FIFA World Cup,False,D,5,9.0,2.0,2.2,1.0,2.4,1.0,0.0,0.0,0.22000000000000003,0.1,0.24000000000000005,0.1,1650.9611527828185,1495.1240548961255
1958-06-15,Germany,Northern Ireland,2.0,2.0,FIFA World Cup,True,D,5,13.0,3.0,3.2,1.0,1.2,1.5,0.2,0.2,0.32,0.1,0.12000000000000002,0.15000000000000002,1767.7857179377584,1524.1272444852104
1958-06-15,Brazil,Russia,2.0,0.0,FIFA World Cup,True,H,5,7.0,4.0,1.2,2.0,1.2,1.0,0.2,0.0,0.12000000000000002,0.2,0.12000000000000002,0.1,1694.951722411109,1562.5687463621932
1958-06-15,Argentina,Czechoslovakia,1.0,6.0,FIFA World Cup,True,A,5,9.0,1.0,2.8,0.6,1.6,2.4,0.1,0.6000000000000001,0.28,0.06000000000000001,0.16,0.24,1777.474558506306,1474.3663424142753
1958-06-15,France,Scotland,2.0,1.0,FIFA World Cup,True,H,5,6.0,1.0,2.6,0.75,2.4,3.0,0.2,0.1,0.26,0.07500000000000001,0.24000000000000005,0.30000000000000004,1461.7531695634632,1396.74657675272
1958-06-15,Austria,England,2.0,2.0,FIFA World Cup,True,D,5,6.0,6.0,2.2,2.0,3.4,2.0,0.2,0.2,0.22000000000000003,0.2,0.34,0.2,1543.4855077985997,1512.1829764378085
1958-06-17,Czechoslovakia,Northern Ireland,1.0,2.0,FIFA World Cup,True,A,5,4.0,4.0,1.6,1.3333333333333333,2.2,1.6666666666666667,0.1,0.2,0.16,0.13333333333333333,0.22000000000000003,0.16666666666666666,1559.496309633189,1554.3870320420149
1958-06-17,England,Russia,0.0,1.0,FIFA World Cup,True,A,5,6.0,4.0,1.6,1.3333333333333333,1.6,1.3333333333333333,0.0,0.1,0.16,0.13333333333333333,0.16,0.13333333333333333,1516.6756233726126,1530.7487772609156
1958-06-17,Hungary,Wales,1.0,2.0,FIFA World Cup,True,A,5,7.0,3.0,2.4,0.6666666666666666,1.6,0.6666666666666666,0.1,0.2,0.24000000000000005,0.06666666666666667,0.16,0.06666666666666667,1638.1607664577045,1516.1587655562719
1958-06-19,Brazil,Wales,1.0,0.0,FIFA World Cup,True,H,5,10.0,6.0,1.2,1.0,0.6,0.75,0.1,0.0,0.12000000000000002,0.1,0.06000000000000001,0.07500000000000001,1726.7716915123865,1583.0285163611356
1958-06-19,France,Northern Ireland,4.0,0.0,FIFA World Cup,True,H,5,9.0,7.0,2.8,1.5,2.0,1.5,0.4,0.0,0.28,0.15000000000000002,0.2,0.15000000000000002,1502.5056301748618,1605.1222631942114
1958-06-19,Germany,Yugoslavia,1.0,0.0,FIFA World Cup,True,H,5,11.0,6.0,3.2,1.6,1.6,1.8,0.1,0.0,0.32,0.16,0.16,0.18000000000000002,1737.525930380954,1575.5035534452556
1958-06-19,Sweden,Russia,2.0,0.0,FIFA World Cup,False,H,5,10.0,7.0,2.0,1.25,1.0,1.0,0.2,0.0,0.2,0.125,0.1,0.1,1629.9264421226721,1578.7245945312131
1958-06-24,Brazil,France,5.0,2.0,FIFA World Cup,True,H,5,10.0,12.0,1.2,3.6,0.6,1.8,0.5,0.2,0.12000000000000002,0.36000000000000004,0.06000000000000001,0.18000000000000002,1757.190096704173,1566.8584067983684
1958-06-24,Sweden,Germany,3.0,1.0,FIFA World Cup,False,H,5,13.0,11.0,2.0,2.2,0.4,1.4,0.30000000000000004,0.1,0.2,0.22000000000000003,0.04,0.14,1672.6107882163572,1765.7641477103716
1958-06-28,France,Germany,6.0,3.0,FIFA World Cup,True,H,5,9.0,8.0,3.4,1.8,2.4,1.6,0.6000000000000001,0.30000000000000004,0.34,0.18000000000000002,0.24000000000000005,0.16,1541.8025839039933,1702.6705597727905
1958-06-29,Sweden,Brazil,2.0,5.0,FIFA World Cup,False,A,5,13.0,13.0,2.0,2.2,0.4,0.4,0.2,0.5,0.2,0.22000000000000003,0.04,0.04,1735.7043761539383,1782.245919598548
1959-03-07,Argentina,Chile,6.0,1.0,Copa América,False,H,4,6.0,4.0,1.8,1.4,2.4,2.6,0.6000000000000001,0.1,0.18000000000000002,0.14,0.24000000000000005,0.26,1692.3445912873924,1508.663121134376
1959-03-08,Bolivia,Uruguay,0.0,7.0,Copa América,True,A,4,2.0,9.0,1.0,2.0,3.0,2.0,0.0,0.7000000000000001,0.1,0.2,0.3,0.2,1340.7370897875196,1747.3258151153204
1959-03-10,Brazil,Peru,2.0,2.0,Copa América,True,D,4,13.0,9.0,2.6,2.0,0.8,1.6,0.2,0.2,0.26,0.2,0.08,0.16,1825.5878310315425,1583.0636472684464
1959-03-11,Argentina,Bolivia,2.0,0.0,Copa América,False,H,4,6.0,2.0,2.4,1.0,2.6,4.0,0.2,0.0,0.24000000000000005,0.1,0.26000000000000006,0.4,1712.9698024191753,1333.7112640146847
1959-03-11,Chile,Paraguay,1.0,2.0,Copa América,True,A,4,4.0,5.0,1.6,2.0,3.6,3.0,0.1,0.2,0.16,0.20000000000000004,0.36000000000000004,0.30000000000000004,1488.0379100025932,1512.7149563303599
1959-03-14,Peru,Uruguay,5.0,3.0,Copa América,True,H,4,7.0,12.0,2.2,3.4,2.0,1.8,0.5,0.30000000000000004,0.22000000000000003,0.34,0.2,0.18000000000000002,1607.1885539552934,1754.3516408881553
1959-03-15,Bolivia,Paraguay,0.0,5.0,Copa América,True,A,4,2.0,7.0,0.8,2.2,2.8,3.0,0.0,0.5,0.08,0.22000000000000003,0.28,0.30000000000000004,1325.6096290941314,1549.8786742004006
1959-03-15,Brazil,Chile,3.0,0.0,Copa América,True,H,4,13.0,1.0,3.0,1.2,1.2,3.6,0.30000000000000004,0.0,0.3,0.12000000000000002,0.12000000000000002,0.36000000000000004,1801.4629243446955,1450.8741921325525
1959-03-18,Paraguay,Uruguay,1.0,3.0,Copa América,True,A,4,10.0,12.0,3.2,4.0,2.6,2.0,0.1,0.30000000000000004,0.32,0.4,0.26,0.2,1567.1334108004053,1698.3543127587939
1959-03-18,Argentina,Peru,3.0,1.0,Copa América,False,H,4,9.0,10.0,2.6,2.6,2.2,1.6,0.30000000000000004,0.1,0.26000000000000006,0.26,0.22000000000000003,0.16,1721.0714373397286,1663.1858820846548
1959-03-21,Bolivia,Brazil,2.0,4.0,Copa América,True,A,4,1.0,13.0,0.6,3.2,3.6,1.2,0.2,0.4,0.06000000000000001,0.32,0.36,0.12000000000000002,1308.3548924941267,1810.847749926628
1959-03-21,Chile,Peru,1.0,1.0,Copa América,True,D,4,0.0,7.0,0.8,2.0,3.8,2.0,0.1,0.1,0.08,0.2,0.38000000000000006,0.2,1441.48936655062,1629.789216718483
1959-03-22,Argentina,Paraguay,3.0,1.0,Copa América,False,H,4,12.0,10.0,3.0,2.8,1.8,1.8,0.30000000000000004,0.1,0.30000000000000004,0.28,0.18000000000000002,0.18000000000000002,1754.4681027059005,1541.5611934551725
1959-03-26,Bolivia,Chile,2.0,5.0,Copa América,True,A,4,1.0,1.0,0.8,0.6,4.0,2.8,0.2,0.5,0.08,0.06000000000000001,0.4,0.28,1304.1531715837386,1461.2684921084701
1959-03-26,Brazil,Uruguay,3.0,1.0,Copa América,True,H,4,13.0,12.0,3.8,3.6,1.6,1.6,0.30000000000000004,0.1,0.38,0.36000000000000004,0.16,0.16,1815.049470837016,1723.9265301040266
1959-03-29,Bolivia,Peru,0.0,0.0,Copa América,True,D,4,0.0,8.0,0.8,2.2,4.6,2.0,0.0,0.0,0.08,0.22000000000000003,0.4600000000000001,0.2,1281.1018681656267,1610.0100911606328
1959-03-29,Brazil,Paraguay,4.0,1.0,Copa América,True,H,4,13.0,7.0,3.4,2.4,1.4,2.0,0.4,0.1,0.34,0.24000000000000005,0.14,0.20000000000000004,1844.7926617622163,1523.4048662568296
1959-03-30,Argentina,Uruguay,4.0,1.0,Copa América,False,H,4,12.0,9.0,3.0,3.2,1.8,1.8,0.4,0.1,0.30000000000000004,0.32,0.18000000000000002,0.18,1772.6244299042435,1694.1833391788264
1959-04-02,Paraguay,Peru,2.0,1.0,Copa América,True,H,4,6.0,6.0,2.0,1.8,2.2,1.8,0.2,0.1,0.2,0.18,0.22000000000000003,0.18000000000000002,1512.5355686367268,1580.4791481102498
1959-04-02,Chile,Uruguay,1.0,0.0,Copa América,True,H,4,4.0,6.0,1.6,3.0,2.8,2.6,0.1,0.0,0.16,0.30000000000000004,0.28,0.26,1484.319795526582,1663.0638259421946
1959-04-04,Argentina,Brazil,1.0,1.0,Copa América,False,D,4,15.0,13.0,3.6,3.2,0.8,1.2,0.1,0.1,0.36000000000000004,0.32,0.08,0.12000000000000002,1803.7439431408752,1855.661959382319
1959-05-22,Egypt,Ethiopia,4.0,0.0,African Cup of Nations,True,H,3,6.0,0.0,2.6666666666666665,0.0,1.6666666666666667,4.0,0.4,0.0,0.26666666666666666,0.0,0.16666666666666666,0.4,1515.6435644372757,1468.6442226072272
1959-05-25,Ethiopia,Sudan,0.0,1.0,African Cup of Nations,True,A,3,0.0,0.0,0.0,1.0,4.0,2.0,0.0,0.1,0.0,0.1,0.4,0.2,1442.6778974642677,1465.712212955497
1959-05-29,Egypt,Sudan,2.0,1.0,African Cup of Nations,True,H,3,9.0,3.0,3.0,1.0,1.25,1.0,0.2,0.1,0.30000000000000004,0.1,0.125,0.1,1541.6098895802352,1493.7261792512306
1959-12-05,Brazil,Paraguay,3.0,2.0,Copa América,True,H,4,13.0,6.0,3.0,2.0,1.0,2.2,0.30000000000000004,0.2,0.30000000000000004,0.2,0.1,0.22000000000000003,1849.728773827804,1560.259649256611
1959-12-06,Ecuador,Uruguay,0.0,4.0,Copa América,False,A,4,1.0,3.0,1.0,1.6,3.6,2.8,0.0,0.4,0.1,0.16,0.36000000000000004,0.28,1152.2871277884533,1604.1271018477169
1959-12-09,Argentina,Paraguay,4.0,2.0,Copa América,True,H,4,13.0,3.0,2.6,1.4,0.8,2.8,0.4,0.2,0.26,0.14,0.08,0.28,1809.6771286953904,1547.5463954805118
1959-12-12,Brazil,Uruguay,0.0,3.0,Copa América,True,A,4,13.0,6.0,3.0,1.8,1.4,1.8,0.0,0.30000000000000004,0.30000000000000004,0.18000000000000002,0.14,0.18000000000000002,1862.4420276039032,1609.6530291745682
1959-12-12,Ecuador,Argentina,1.0,1.0,Copa América,False,D,4,1.0,13.0,0.8,3.0,4.0,1.2,0.1,0.1,0.08,0.30000000000000004,0.4,0.12000000000000002,1146.761200461602,1824.164734980521
1959-12-16,Argentina,Uruguay,0.0,5.0,Copa América,True,A,4,11.0,6.0,2.6,1.8,1.2,1.6,0.0,0.5,0.26,0.18000000000000002,0.12000000000000002,0.16,1785.752818118405,1674.5164608459734
1959-12-19,Ecuador,Brazil,1.0,3.0,Copa América,False,A,4,2.0,10.0,1.0,2.2,3.6,1.6,0.1,0.30000000000000004,0.1,0.22000000000000003,0.36,0.16,1185.1731173237179,1797.578595932498
1959-12-22,Argentina,Brazil,4.0,1.0,Copa América,True,H,4,8.0,10.0,2.0,2.2,2.0,1.6,0.4,0.1,0.2,0.22000000000000003,0.2,0.16,1733.3666109752276,1799.8666899428054
1959-12-22,Paraguay,Uruguay,1.0,1.0,Copa América,True,D,4,3.0,9.0,1.6,2.6,3.0,1.0,0.1,0.1,0.16,0.26,0.30000000000000004,0.1,1533.0587891953812,1726.9026679891508
1959-12-25,Ecuador,Paraguay,3.0,1.0,Copa América,False,H,4,2.0,4.0,1.0,1.6,2.8,2.6,0.30000000000000004,0.1,0.1,0.16,0.28,0.26,1182.8850233134106,1553.3163143358233
1960-07-06,Czechoslovakia,Russia,0.0,3.0,UEFA Euro,True,A,4,4.0,7.0,1.8,1.0,2.2,1.2,0.0,0.30000000000000004,0.18000000000000002,0.1,0.22000000000000003,0.12000000000000002,1508.7610784809924,1536.0402484375281
1960-07-06,France,Yugoslavia,4.0,5.0,UEFA Euro,False,A,4,9.0,5.0,3.2,1.4,2.4,1.8,0.4,0.5,0.32,0.14,0.24000000000000005,0.18000000000000002,1613.4295107181065,1547.265336115838
1960-07-09,France,Czechoslovakia,0.0,2.0,UEFA Euro,False,A,4,9.0,4.0,3.6,1.8,2.8,1.8,0.0,0.2,0.36000000000000004,0.18000000000000002,0.28,0.18000000000000002,1565.9028462118874,1471.8952711523
1960-07-10,Russia,Yugoslavia,2.0,1.0,UEFA Euro,True,H,4,9.0,8.0,1.2,2.4,0.8,2.2,0.2,0.1,0.12000000000000002,0.24000000000000005,0.08,0.22000000000000003,1572.9060557662206,1594.792000622057
1960-10-14,South Korea,Vietnam Republic,5.0,1.0,AFC Asian Cup,False,H,3,7.0,1.0,1.8,2.0,4.4,3.0,0.5,0.1,0.18,0.20000000000000004,0.44000000000000006,0.3,1489.1086198281675,1435.7720283376266
1960-10-16,Taiwan,Vietnam Republic,2.0,0.0,AFC Asian Cup,True,H,3,0.0,1.0,0.0,1.75,0.0,3.5,0.2,0.0,0.0,0.17500000000000002,0.0,0.35,1500.0,1410.341638986923
1960-10-17,South Korea,Israel,3.0,0.0,AFC Asian Cup,False,H,3,10.0,6.0,2.8,2.0,2.8,1.6666666666666667,0.30000000000000004,0.0,0.27999999999999997,0.20000000000000004,0.28,0.16666666666666666,1514.539009178871,1521.2819732582766
1960-10-19,Israel,Vietnam Republic,5.0,1.0,AFC Asian Cup,True,H,3,6.0,1.0,1.5,1.4,2.0,3.2,0.5,0.1,0.15000000000000002,0.14,0.2,0.32,1490.6998120278854,1387.9159717145094
1960-10-21,South Korea,Taiwan,1.0,0.0,AFC Asian Cup,False,H,3,13.0,3.0,3.4,2.0,1.4,0.0,0.1,0.0,0.34,0.2,0.14,0.0,1545.1211704092623,1522.4256672724136
1960-10-23,Israel,Taiwan,1.0,0.0,AFC Asian Cup,True,H,3,9.0,3.0,2.2,1.0,1.8,0.5,0.1,0.0,0.22000000000000003,0.1,0.18000000000000002,0.05,1512.0748997369828,1494.3825719094614
1962-01-14,Ethiopia,Tunisia,4.0,2.0,African Cup of Nations,False,H,3,0.0,0.0,0.0,0.0,3.0,0.0,0.4,0.2,0.0,0.0,0.3,0.0,1414.6639311685342,1500.0
1962-01-18,Egypt,Uganda,2.0,1.0,African Cup of Nations,True,H,3,12.0,0.0,2.8,0.0,1.2,0.0,0.2,0.1,0.28,0.0,0.12000000000000002,0.0,1567.5012585337377,1500.0
1962-01-20,Tunisia,Uganda,3.0,0.0,African Cup of Nations,True,H,3,0.0,0.0,2.0,1.0,4.0,2.0,0.30000000000000004,0.0,0.2,0.1,0.4,0.2,1462.7761761279553,1475.756282540924
1962-01-21,Ethiopia,Egypt,4.0,2.0,African Cup of Nations,False,H,3,3.0,15.0,1.0,2.8,2.75,0.6,0.4,0.2,0.1,0.28,0.275,0.06000000000000001,1451.887755040579,1591.7449759928136
1962-05-30,Argentina,Bulgaria,1.0,0.0,FIFA World Cup,True,H,5,8.0,0.0,2.0,0.0,2.0,0.0,0.1,0.0,0.2,0.0,0.2,0.0,1780.930571842285,1500.0
1962-05-30,Brazil,Mexico,2.0,0.0,FIFA World Cup,True,H,5,7.0,1.0,1.6,0.6,2.2,3.2,0.2,0.0,0.16,0.06000000000000001,0.22000000000000003,0.32,1752.302729075748,1276.3969125229273
1962-05-30,Chile,Switzerland,3.0,1.0,FIFA World Cup,False,H,5,7.0,9.0,1.6,2.6,1.6,2.4,0.30000000000000004,0.1,0.16,0.26,0.16,0.24000000000000005,1543.2565196210599,1560.6941609412784
1962-05-30,Colombia,Uruguay,1.0,2.0,FIFA World Cup,True,A,5,6.0,10.0,1.6,2.6,3.4,0.4,0.1,0.2,0.16,0.26,0.34,0.04,1286.4652645944816,1706.6451428487087
1962-05-31,Czechoslovakia,Spain,1.0,0.0,FIFA World Cup,True,H,5,7.0,7.0,2.2,1.4,1.6,2.2,0.1,0.0,0.22000000000000003,0.14,0.16,0.22000000000000003,1522.4616833794576,1520.574850964168
1962-05-31,England,Hungary,1.0,2.0,FIFA World Cup,True,A,5,3.0,4.0,1.2,1.8,1.8,1.6,0.1,0.2,0.12000000000000002,0.18,0.18,0.16,1468.699806102315,1571.2910156528408
1962-05-31,Germany,Italy,0.0,0.0,FIFA World Cup,True,D,5,5.0,6.0,1.8,2.0,2.6,2.0,0.0,0.0,0.18000000000000002,0.2,0.26000000000000006,0.2,1631.0436329586773,1630.9227558169841
1962-05-31,Russia,Yugoslavia,2.0,0.0,FIFA World Cup,True,H,5,9.0,7.0,1.2,2.4,1.0,2.4,0.2,0.0,0.12000000000000002,0.24000000000000005,0.1,0.24000000000000005,1615.422440747155,1552.2756156411226
1962-06-02,Uruguay,Yugoslavia,1.0,3.0,FIFA World Cup,True,A,5,13.0,4.0,3.0,1.8,0.4,2.4,0.1,0.30000000000000004,0.3,0.18,0.04,0.24000000000000005,1714.820548705871,1511.264414435203
1962-06-02,Brazil,Czechoslovakia,0.0,0.0,FIFA World Cup,True,D,5,9.0,9.0,1.8,2.0,2.0,1.2,0.0,0.0,0.18000000000000002,0.2,0.2,0.12000000000000002,1758.3707744325059,1572.1901490368746
1962-06-02,Argentina,England,1.0,3.0,FIFA World Cup,True,A,5,10.0,3.0,2.0,1.0,1.8,1.4,0.1,0.30000000000000004,0.2,0.1,0.18,0.14,1797.4901752032704,1433.0492254067076
1962-06-02,Chile,Italy,2.0,0.0,FIFA World Cup,False,H,5,10.0,7.0,2.0,1.6,1.4,1.4,0.2,0.0,0.2,0.16,0.14,0.14,1595.7638929330208,1630.9401514353165
1962-06-03,Bulgaria,Hungary,1.0,6.0,FIFA World Cup,True,A,5,0.0,7.0,0.0,1.8,1.0,1.2,0.1,0.6000000000000001,0.0,0.18,0.1,0.12000000000000002,1483.4403966390146,1606.9415963484482
1962-06-03,Colombia,Russia,4.0,4.0,FIFA World Cup,True,D,5,3.0,12.0,1.6,1.6,3.8,0.6,0.4,0.4,0.16,0.16,0.38,0.06000000000000001,1278.2898587373193,1656.4336419530746
1962-06-03,Germany,Switzerland,2.0,1.0,FIFA World Cup,True,H,5,5.0,6.0,1.4,2.4,2.2,2.8,0.2,0.1,0.14,0.24,0.22000000000000003,0.28,1631.026237340345,1508.1867876293175
1962-06-03,Mexico,Spain,0.0,1.0,FIFA World Cup,True,A,5,1.0,4.0,0.6,1.0,2.6,2.4,0.0,0.1,0.06000000000000001,0.1,0.26,0.24000000000000005,1270.3288671661694,1470.846385306751
1962-06-06,Chile,Germany,0.0,2.0,FIFA World Cup,False,A,5,13.0,7.0,2.4,1.4,0.8,2.0,0.0,0.2,0.24000000000000005,0.14,0.08,0.20000000000000004,1650.8089369317443,1664.0497742334928
1962-06-06,Russia,Uruguay,2.0,1.0,FIFA World Cup,True,H,5,10.0,10.0,2.2,2.4,1.4,1.0,0.2,0.1,0.22000000000000003,0.24000000000000005,0.14,0.1,1616.619239804103,1638.4741894309332
1962-06-06,Argentina,Hungary,0.0,0.0,FIFA World Cup,True,D,5,7.0,9.0,1.4,2.8,2.0,1.2,0.0,0.0,0.14,0.28,0.2,0.12000000000000002,1708.4203750673453,1639.8809328419602
1962-06-06,Brazil,Spain,2.0,1.0,FIFA World Cup,True,H,5,7.0,4.0,1.2,1.0,1.6,2.4,0.2,0.1,0.12000000000000002,0.1,0.16,0.24000000000000005,1733.8779721441679,1494.8173572344394
1962-06-07,Bulgaria,England,0.0,0.0,FIFA World Cup,True,D,5,0.0,5.0,0.5,1.2,3.5,1.2,0.0,0.0,0.05,0.12000000000000002,0.35000000000000003,0.12000000000000002,1450.5010601455026,1522.1190255426327
1962-06-07,Colombia,Yugoslavia,0.0,5.0,FIFA World Cup,True,A,5,4.0,6.0,2.0,1.8,4.0,2.0,0.0,0.5,0.2,0.18,0.4,0.2,1318.1042608862908,1587.6107737101408
1962-06-07,Czechoslovakia,Mexico,1.0,3.0,FIFA World Cup,True,A,5,7.0,1.0,0.8,0.2,1.0,2.2,0.1,0.30000000000000004,0.08,0.02,0.1,0.22000000000000003,1596.6829513252128,1246.357895238481
1962-06-07,Italy,Switzerland,3.0,0.0,FIFA World Cup,True,H,5,4.0,3.0,1.2,2.2,1.8,3.0,0.30000000000000004,0.0,0.12000000000000002,0.22000000000000003,0.18,0.30000000000000004,1575.895107436593,1475.1632507361696
1962-06-10,Czechoslovakia,Hungary,1.0,0.0,FIFA World Cup,True,H,5,7.0,10.0,0.8,2.6,1.2,0.8,0.1,0.0,0.08,0.26,0.12000000000000002,0.08,1508.429709474895,1649.618560211357
1962-06-10,Germany,Yugoslavia,0.0,1.0,FIFA World Cup,True,A,5,7.0,9.0,1.6,2.8,2.0,1.8,0.0,0.1,0.16,0.28,0.20000000000000004,0.18,1712.1451865483875,1605.0991288082666
1962-06-10,Brazil,England,3.0,1.0,FIFA World Cup,True,H,5,10.0,5.0,1.6,1.2,1.2,1.2,0.30000000000000004,0.1,0.16,0.12000000000000002,0.12000000000000002,0.12000000000000002,1754.0408802911202,1511.9559121292073
1962-06-10,Chile,Russia,2.0,1.0,FIFA World Cup,False,H,5,12.0,13.0,2.2,2.6,1.0,1.2,0.2,0.1,0.22000000000000003,0.26,0.1,0.12000000000000002,1602.7135246168496,1669.760278086584
1962-06-13,Czechoslovakia,Yugoslavia,3.0,1.0,FIFA World Cup,True,H,5,10.0,9.0,1.0,2.0,0.6,1.0,0.30000000000000004,0.1,0.1,0.2,0.06000000000000001,0.1,1577.6991947951644,1670.0346605749678
1962-06-13,Chile,Brazil,2.0,4.0,FIFA World Cup,False,A,5,12.0,10.0,1.6,1.6,0.8,1.2,0.2,0.4,0.16,0.16,0.08,0.12000000000000002,1662.2443126425449,1773.9249933785268
1962-06-16,Chile,Yugoslavia,1.0,0.0,FIFA World Cup,False,H,5,9.0,9.0,1.8,2.0,1.6,1.2,0.1,0.0,0.18000000000000002,0.2,0.16,0.12000000000000002,1627.7848606545408,1607.0507726375517
1962-06-17,Brazil,Czechoslovakia,3.0,1.0,FIFA World Cup,True,H,5,13.0,10.0,2.2,1.2,0.8,0.8,0.30000000000000004,0.1,0.22000000000000003,0.12000000000000002,0.08,0.08,1808.3844453665308,1640.6830827325805
1963-03-10,Argentina,Colombia,4.0,2.0,Copa América,True,H,4,7.0,4.0,1.2,2.0,1.8,3.2,0.4,0.2,0.12000000000000002,0.2,0.18,0.32,1698.6827476979486,1300.615905788165
1963-03-10,Bolivia,Ecuador,4.0,4.0,Copa América,False,D,4,1.0,4.0,0.8,1.2,3.2,2.6,0.4,0.4,0.08,0.12000000000000002,0.32,0.26,1310.6328112160097,1254.405836283337
1963-03-10,Brazil,Peru,1.0,0.0,Copa América,True,H,4,13.0,5.0,2.4,1.6,1.0,1.8,0.1,0.0,0.24000000000000005,0.16,0.1,0.18000000000000002,1835.964944461212,1532.7550674903655
1963-03-13,Argentina,Peru,1.0,2.0,Copa América,True,A,4,10.0,2.0,2.0,0.6,1.2,1.4,0.1,0.2,0.2,0.06000000000000001,0.12000000000000002,0.14,1706.0293852409864,1520.8649664878053
1963-03-14,Ecuador,Paraguay,1.0,3.0,Copa América,True,A,4,5.0,4.0,1.8,1.6,2.6,2.4,0.1,0.30000000000000004,0.18000000000000002,0.16,0.26,0.24000000000000005,1260.8232786152455,1481.7955013658968
1963-03-14,Brazil,Colombia,5.0,1.0,Copa América,True,H,4,15.0,4.0,2.6,2.2,1.0,3.2,0.5,0.1,0.26,0.22000000000000003,0.1,0.32,1847.8550454637723,1293.2692682451273
1963-03-17,Brazil,Paraguay,0.0,2.0,Copa América,True,A,4,15.0,4.0,3.2,1.8,1.0,2.4,0.0,0.2,0.32,0.18000000000000002,0.1,0.24000000000000005,1851.0111049763839,1499.3084563291125
1963-03-17,Ecuador,Peru,1.0,2.0,Copa América,True,A,4,5.0,5.0,2.0,0.8,2.4,1.0,0.1,0.2,0.2,0.08,0.24000000000000005,0.1,1243.3103236520299,1580.3701598972973
1963-03-17,Bolivia,Colombia,2.0,1.0,Copa América,False,H,4,2.0,1.0,1.6,1.6,3.6,4.0,0.2,0.1,0.16,0.16,0.36,0.4,1304.2153688841013,1290.1132087325157
1963-03-20,Argentina,Ecuador,4.0,2.0,Copa América,True,H,4,7.0,4.0,1.4,2.0,1.4,2.6,0.4,0.2,0.14,0.2,0.14,0.26,1646.5241918314944,1233.2608888427599
1963-03-20,Colombia,Paraguay,2.0,3.0,Copa América,True,A,4,1.0,7.0,1.6,1.8,4.0,1.8,0.2,0.30000000000000004,0.16,0.18000000000000002,0.4,0.18000000000000002,1251.7358889013292,1569.976618643039
1963-03-21,Bolivia,Peru,3.0,2.0,Copa América,False,H,4,5.0,7.0,2.0,1.0,2.8,1.0,0.30000000000000004,0.2,0.2,0.1,0.28,0.1,1342.5926887152877,1590.4195947065673
1963-03-24,Bolivia,Paraguay,2.0,0.0,Copa América,False,H,4,8.0,10.0,2.2,2.0,2.4,1.4,0.2,0.0,0.22000000000000003,0.2,0.24,0.14,1407.1024482960665,1581.017196161311
1963-03-24,Argentina,Brazil,3.0,0.0,Copa América,True,H,4,7.0,12.0,2.0,2.6,1.8,1.2,0.30000000000000004,0.0,0.2,0.26,0.18000000000000002,0.12000000000000002,1653.3076471945647,1780.3429426624573
1963-03-24,Colombia,Peru,1.0,1.0,Copa América,True,D,4,0.0,6.0,1.2,1.4,3.8,1.6,0.1,0.1,0.12000000000000002,0.14,0.38,0.16,1240.6953113830573,1525.9098351257885
1963-03-27,Brazil,Ecuador,2.0,2.0,Copa América,True,D,4,9.0,4.0,1.8,2.2,1.4,2.8,0.2,0.2,0.18,0.22000000000000003,0.14,0.28,1726.336161177625,1226.4774334796896
1963-03-27,Paraguay,Peru,4.0,1.0,Copa América,True,H,4,9.0,7.0,1.8,1.4,1.6,1.4,0.4,0.1,0.18000000000000002,0.14,0.16,0.14,1522.5146816094102,1498.8871668070988
1963-03-28,Bolivia,Argentina,3.0,2.0,Copa América,False,H,4,11.0,10.0,2.2,2.4,1.4,1.2,0.30000000000000004,0.2,0.22000000000000003,0.24000000000000005,0.14,0.12000000000000002,1465.6049628479673,1707.314428679397
1963-03-31,Colombia,Ecuador,3.0,4.0,Copa América,True,A,4,1.0,2.0,1.4,2.0,3.0,3.0,0.30000000000000004,0.4,0.14,0.2,0.3,0.3,1267.717979701747,1262.2149357630697
1963-03-31,Bolivia,Brazil,5.0,4.0,Copa América,False,H,4,13.0,7.0,2.8,1.6,1.8,1.6,0.5,0.4,0.28,0.16,0.18,0.16,1529.6701068809944,1690.5986588942449
1963-03-31,Argentina,Paraguay,1.0,1.0,Copa América,True,D,4,9.0,12.0,2.8,2.4,1.8,1.2,0.1,0.1,0.28,0.24000000000000005,0.18000000000000002,0.12000000000000002,1643.24928464637,1559.798649133625
1963-11-24,Egypt,Nigeria,6.0,3.0,African Cup of Nations,True,H,3,12.0,0.0,2.8,0.0,1.2,0.0,0.6000000000000001,0.30000000000000004,0.28,0.0,0.12000000000000002,0.0,1550.281333555521,1500.0
1963-11-24,Ghana,Tunisia,1.0,1.0,African Cup of Nations,False,D,3,0.0,3.0,0.0,2.5,0.0,2.0,0.1,0.1,0.0,0.25,0.0,0.2,1500.0,1493.8964474523355
1963-11-26,Egypt,Sudan,2.0,2.0,African Cup of Nations,True,D,3,12.0,3.0,3.2,1.0,1.8,1.3333333333333333,0.2,0.2,0.32,0.10000000000000002,0.18000000000000002,0.13333333333333333,1575.9697532187026,1467.8348102977282
1963-11-26,Ghana,Ethiopia,2.0,0.0,African Cup of Nations,False,H,3,1.0,6.0,1.0,1.6,1.0,2.6,0.2,0.0,0.1,0.16,0.1,0.26,1499.4730311173746,1493.3513974778712
1963-11-28,Ethiopia,Tunisia,4.0,2.0,African Cup of Nations,True,H,3,6.0,4.0,1.6,2.0,2.2,1.6666666666666667,0.4,0.2,0.16,0.20000000000000004,0.22000000000000003,0.16666666666666666,1463.8799271243136,1494.4234163349608
1963-11-28,Nigeria,Sudan,0.0,4.0,African Cup of Nations,True,A,3,0.0,4.0,3.0,1.25,6.0,1.5,0.0,0.4,0.30000000000000004,0.125,0.6000000000000001,0.15000000000000002,1474.3115803368185,1476.8816814994577
1963-11-30,Egypt,Ethiopia,3.0,0.0,African Cup of Nations,True,H,3,10.0,9.0,2.8,2.4,2.2,1.8,0.30000000000000004,0.0,0.28,0.24000000000000005,0.22000000000000003,0.18,1566.922882016973,1496.5104908048108
1963-12-01,Ghana,Sudan,3.0,0.0,African Cup of Nations,False,H,3,4.0,7.0,1.5,1.8,0.5,1.2,0.30000000000000004,0.0,0.15000000000000002,0.18,0.05,0.12000000000000002,1528.9445014709322,1506.6597651738286
1964-05-26,Israel,Hong Kong,1.0,0.0,AFC Asian Cup,False,H,3,9.0,2.0,1.8,2.0,1.4,2.3333333333333335,0.1,0.0,0.18,0.20000000000000004,0.14,0.23333333333333336,1540.5485404625488,1468.2306309227486
1964-05-27,India,South Korea,2.0,0.0,AFC Asian Cup,True,H,3,0.0,15.0,0.0,3.2,0.0,1.0,0.2,0.0,0.0,0.32,0.0,0.1,1500.0,1573.1642657722145
1964-05-29,Israel,India,2.0,0.0,AFC Asian Cup,False,H,3,12.0,3.0,1.8,2.0,1.0,0.0,0.2,0.0,0.18,0.2,0.1,0.0,1564.392755204587,1536.2257534382677
1964-05-30,Hong Kong,South Korea,0.0,1.0,AFC Asian Cup,True,A,3,2.0,12.0,1.5,2.8,2.0,1.2,0.0,0.1,0.15000000000000002,0.28,0.2,0.12000000000000002,1444.3864161807103,1536.9385123339468
1964-06-02,Hong Kong,India,1.0,3.0,AFC Asian Cup,True,A,3,2.0,3.0,1.2,1.0,1.8,1.0,0.1,0.30000000000000004,0.12000000000000002,0.1,0.18000000000000002,0.1,1422.1941901364419,1508.6525734225431
1964-06-03,Israel,South Korea,2.0,1.0,AFC Asian Cup,False,H,3,12.0,12.0,1.8,2.0,0.8,0.6,0.2,0.1,0.18,0.2,0.08,0.06000000000000001,1591.9659352203116,1559.1307383782153
1964-06-17,Denmark,Russia,0.0,3.0,UEFA Euro,True,A,4,0.0,10.0,0.0,2.2,0.0,1.6,0.0,0.30000000000000004,0.0,0.22000000000000003,0.0,0.16,1500.0,1610.2294900608888
1964-06-17,Spain,Hungary,2.0,1.0,UEFA Euro,False,H,4,3.0,7.0,0.8,1.8,2.4,1.0,0.2,0.1,0.08,0.18000000000000002,0.24000000000000005,0.1,1474.6544490874871,1580.3490748910874
1964-06-20,Hungary,Denmark,3.0,1.0,UEFA Euro,True,H,4,7.0,0.0,1.8,0.0,1.0,3.0,0.30000000000000004,0.1,0.18000000000000002,0.0,0.1,0.30000000000000004,1528.5425200204043,1472.2813085623998
1964-06-21,Spain,Russia,2.0,1.0,UEFA Euro,False,H,4,6.0,10.0,1.0,2.4,1.4,1.4,0.2,0.1,0.1,0.24000000000000005,0.14,0.14,1526.4610039581703,1637.948181498489
1965-11-12,Tunisia,Ethiopia,4.0,0.0,African Cup of Nations,False,H,3,4.0,9.0,2.0,2.4,2.25,2.2,0.4,0.0,0.2,0.24000000000000005,0.225,0.22000000000000003,1461.7928526544636,1472.5084920255317
1965-11-12,DR Congo,Ghana,2.0,5.0,African Cup of Nations,True,A,3,0.0,7.0,0.0,2.0,0.0,0.3333333333333333,0.2,0.5,0.0,0.20000000000000004,0.0,0.03333333333333333,1500.0,1557.0229170840696
1965-11-14,DR Congo,Ivory Coast,0.0,3.0,African Cup of Nations,True,A,3,0.0,0.0,2.0,0.0,5.0,0.0,0.0,0.30000000000000004,0.2,0.0,0.5,0.0,1474.880015182123,1500.0
1965-11-14,Tunisia,Senegal,0.0,0.0,African Cup of Nations,False,D,3,7.0,0.0,2.4,0.0,1.8,0.0,0.0,0.0,0.24000000000000005,0.0,0.18,0.0,1492.717822065878,1500.0
1965-11-19,Ethiopia,Senegal,1.0,5.0,African Cup of Nations,True,A,3,6.0,1.0,1.6,0.0,2.6,0.0,0.1,0.5,0.16,0.0,0.26,0.0,1441.5835226141173,1499.3712982745642
1965-11-19,Ghana,Ivory Coast,4.0,1.0,African Cup of Nations,True,H,3,10.0,3.0,2.75,3.0,0.75,0.0,0.4,0.1,0.275,0.30000000000000004,0.07500000000000001,0.0,1582.1429019019465,1527.8347377747352
1965-11-21,Tunisia,Ghana,2.0,3.0,African Cup of Nations,False,A,3,8.0,13.0,2.0,3.0,1.0,0.8,0.2,0.30000000000000004,0.2,0.3,0.1,0.08,1493.3465237913138,1607.491380457953
1965-11-21,Ivory Coast,Senegal,1.0,0.0,African Cup of Nations,True,H,3,3.0,4.0,2.0,2.5,2.0,0.5,0.1,0.0,0.2,0.25,0.2,0.05,1502.4862592187287,1524.4270105572905
1966-07-11,England,Uruguay,0.0,0.0,FIFA World Cup,False,D,5,4.0,7.0,1.0,2.0,1.4,1.4,0.0,0.0,0.1,0.2,0.14,0.14,1492.0717990418007,1585.333151148452
1966-07-12,Brazil,Bulgaria,2.0,0.0,FIFA World Cup,True,H,5,4.0,1.0,2.2,0.3333333333333333,2.6,2.3333333333333335,0.2,0.0,0.22000000000000003,0.03333333333333333,0.26,0.23333333333333336,1633.29144856309,1460.664173558928
1966-07-12,Germany,Switzerland,5.0,0.0,FIFA World Cup,True,H,5,7.0,3.0,1.4,2.2,1.6,3.2,0.5,0.0,0.14,0.22000000000000003,0.16,0.32,1647.2096547816864,1439.2667510158724
1966-07-12,North Korea,Russia,0.0,3.0,FIFA World Cup,True,A,5,0.0,7.0,0.0,2.2,0.0,1.8,0.0,0.30000000000000004,0.0,0.22000000000000003,0.0,0.18,1500.0,1585.5358723299696
1966-07-13,France,Mexico,1.0,1.0,FIFA World Cup,True,D,5,6.0,4.0,3.2,0.8,3.0,1.8,0.1,0.1,0.32,0.08,0.3,0.18,1515.3364339847299,1334.6111370887988
1966-07-13,Hungary,Portugal,1.0,3.0,FIFA World Cup,True,A,5,7.0,0.0,2.0,0.0,1.0,0.0,0.1,0.30000000000000004,0.20000000000000004,0.0,0.1,0.0,1562.12123757995,1500.0
1966-07-13,Argentina,Spain,2.0,1.0,FIFA World Cup,True,H,5,7.0,9.0,2.2,1.2,1.6,1.0,0.2,0.1,0.22000000000000003,0.12000000000000002,0.16,0.1,1633.8222675279612,1578.8733131266897
1966-07-13,Chile,Italy,0.0,2.0,FIFA World Cup,True,A,5,9.0,7.0,1.4,1.6,1.4,1.4,0.0,0.2,0.14,0.16,0.14,0.14,1674.8045227534888,1611.7916071568902
1966-07-15,Brazil,Hungary,1.0,3.0,FIFA World Cup,True,A,5,4.0,4.0,1.6,1.0,2.4,1.4,0.1,0.30000000000000004,0.16,0.1,0.24000000000000005,0.14,1660.309193205892,1503.2753379665976
1966-07-15,Chile,North Korea,1.0,1.0,FIFA World Cup,True,D,5,6.0,0.0,1.0,0.0,1.8,3.0,0.1,0.1,0.1,0.0,0.18,0.30000000000000004,1615.8343735469166,1462.066789523831
1966-07-15,France,Uruguay,1.0,2.0,FIFA World Cup,True,A,5,4.0,5.0,2.6,1.0,3.2,1.4,0.1,0.2,0.26,0.1,0.32,0.14,1491.4449037510487,1572.2250887820783
1966-07-15,Spain,Switzerland,2.0,1.0,FIFA World Cup,True,H,5,9.0,0.0,1.4,1.4,1.2,4.0,0.2,0.1,0.14,0.13999999999999999,0.12000000000000002,0.4,1536.7158232016359,1416.0660955806434
1966-07-16,Argentina,Germany,0.0,0.0,FIFA World Cup,True,D,5,10.0,10.0,2.4,1.8,1.4,0.4,0.0,0.0,0.24000000000000005,0.18,0.14,0.04,1675.9797574530153,1670.4103102169154
1966-07-16,Bulgaria,Portugal,0.0,3.0,FIFA World Cup,True,A,5,1.0,3.0,0.25,3.0,2.25,1.0,0.0,0.30000000000000004,0.025,0.30000000000000004,0.22500000000000003,0.1,1433.646428916126,1558.8458996133525
1966-07-16,England,Mexico,2.0,0.0,FIFA World Cup,False,H,5,5.0,4.0,1.0,0.8,1.2,1.8,0.2,0.0,0.1,0.08,0.12000000000000002,0.18,1505.1798614081745,1358.50266732248
1966-07-16,Italy,Russia,0.0,1.0,FIFA World Cup,True,A,5,7.0,9.0,1.2,2.0,1.2,1.0,0.0,0.1,0.12000000000000002,0.2,0.12000000000000002,0.1,1670.7617563634624,1623.4690828061387
1966-07-19,Italy,North Korea,0.0,1.0,FIFA World Cup,True,A,5,7.0,1.0,1.0,0.5,0.6,2.0,0.0,0.1,0.1,0.05,0.06000000000000001,0.2,1613.9975189780707,1482.8557708340784
1966-07-19,Mexico,Uruguay,0.0,0.0,FIFA World Cup,True,D,5,4.0,7.0,0.8,1.2,1.4,1.4,0.0,0.0,0.08,0.12000000000000002,0.14,0.14,1328.4405534077566,1610.8049319840236
1966-07-19,Argentina,Switzerland,2.0,0.0,FIFA World Cup,True,H,5,8.0,0.0,1.6,0.6,1.0,3.0,0.2,0.0,0.16,0.06000000000000001,0.1,0.3,1675.1783182129943,1382.7631659786318
1966-07-19,Brazil,Portugal,1.0,3.0,FIFA World Cup,True,A,5,4.0,6.0,1.8,3.0,2.6,0.5,0.1,0.30000000000000004,0.18,0.30000000000000004,0.26,0.05,1589.1329423822365,1591.5696512805469
1966-07-20,Bulgaria,Hungary,1.0,3.0,FIFA World Cup,True,A,5,1.0,6.0,0.2,1.6,2.4,1.6,0.1,0.30000000000000004,0.02,0.16,0.24000000000000005,0.16,1400.9226772489317,1574.451588790253
1966-07-20,Chile,Russia,1.0,2.0,FIFA World Cup,True,A,5,7.0,9.0,1.2,1.8,1.6,0.8,0.1,0.2,0.12000000000000002,0.18000000000000002,0.16,0.08,1595.0453922366692,1680.2333201915303
1966-07-20,England,France,2.0,0.0,FIFA World Cup,False,H,5,8.0,4.0,1.2,2.4,0.8,2.6,0.2,0.0,0.12000000000000002,0.24000000000000005,0.08,0.26,1535.2419753228978,1452.8650605491034
1966-07-20,Germany,Spain,2.0,1.0,FIFA World Cup,True,H,5,10.0,9.0,1.8,1.6,0.4,1.4,0.2,0.1,0.18,0.16,0.04,0.14,1671.2117494569363,1570.0187528036474
1966-07-23,England,Argentina,1.0,0.0,FIFA World Cup,False,H,5,8.0,8.0,1.0,1.4,0.6,1.0,0.1,0.0,0.1,0.14,0.06000000000000001,0.1,1573.604248128117,1690.8445219390894
1966-07-23,Germany,Uruguay,4.0,0.0,FIFA World Cup,True,H,5,10.0,5.0,1.8,0.8,0.4,1.2,0.4,0.0,0.18,0.08,0.04,0.12000000000000002,1707.0471888006887,1577.2508058478095
1966-07-23,Hungary,Russia,1.0,2.0,FIFA World Cup,True,A,5,9.0,12.0,2.2,2.0,1.6,0.6,0.1,0.2,0.22000000000000003,0.2,0.16,0.06000000000000001,1601.3671136708126,1718.2136988599013
1966-07-23,North Korea,Portugal,3.0,5.0,FIFA World Cup,True,A,5,4.0,9.0,0.6666666666666666,3.0,1.3333333333333333,0.6666666666666666,0.30000000000000004,0.5,0.06666666666666667,0.30000000000000004,0.13333333333333333,0.06666666666666667,1550.8805891838485,1641.2189864309469
1966-07-25,Germany,Russia,2.0,1.0,FIFA World Cup,True,H,5,10.0,12.0,2.2,1.8,0.4,0.8,0.2,0.1,0.22000000000000003,0.18000000000000002,0.04,0.08,1739.1910571322937,1752.004674193172
1966-07-26,England,Portugal,2.0,1.0,FIFA World Cup,False,H,5,10.0,12.0,1.2,3.5,0.6,1.25,0.2,0.1,0.12000000000000002,0.35000000000000003,0.06000000000000001,0.125,1639.8639563171535,1678.5035172561913
1966-07-28,Portugal,Russia,2.0,1.0,FIFA World Cup,True,H,5,12.0,12.0,3.0,1.8,1.4,0.8,0.2,0.1,0.30000000000000004,0.18000000000000002,0.14,0.08,1622.9656502746848,1700.161482078552
1966-07-30,England,Germany,4.0,2.0,FIFA World Cup,False,H,5,13.0,13.0,1.4,2.6,0.2,0.4,0.4,0.2,0.14,0.26,0.02,0.04,1695.40182329866,1791.0342492469138
1967-01-17,Uruguay,Bolivia,4.0,0.0,Copa América,False,H,4,5.0,15.0,0.6,3.0,1.4,1.8,0.4,0.0,0.06000000000000001,0.3,0.14,0.18,1545.1069375162044,1586.9773172121493
1967-01-18,Argentina,Paraguay,4.0,1.0,Copa América,True,H,4,8.0,10.0,1.0,2.0,0.6,1.2,0.4,0.1,0.1,0.2,0.06000000000000001,0.12000000000000002,1624.584813750053,1569.2256662520338
1967-01-18,Chile,Venezuela,2.0,0.0,Copa América,True,H,4,4.0,0.0,1.0,0.0,1.8,0.0,0.2,0.0,0.1,0.0,0.18,0.0,1557.0650135682981,1500.0
1967-01-21,Uruguay,Venezuela,4.0,0.0,Copa América,False,H,4,8.0,0.0,1.2,0.0,1.0,2.0,0.4,0.0,0.12000000000000002,0.0,0.1,0.2,1589.9042413556713,1466.5114051110172
1967-01-22,Bolivia,Argentina,0.0,1.0,Copa América,True,A,4,12.0,10.0,2.6,1.6,2.4,0.6,0.0,0.1,0.26,0.16,0.24000000000000005,0.06000000000000001,1542.1800133726824,1658.2647508488608
1967-01-22,Chile,Paraguay,4.0,2.0,Copa América,True,H,4,7.0,7.0,1.0,1.8,1.0,2.0,0.4,0.2,0.1,0.18000000000000002,0.1,0.2,1590.553608457281,1535.545729153226
1967-01-25,Argentina,Venezuela,5.0,1.0,Copa América,True,H,4,10.0,0.0,1.4,0.0,0.4,3.0,0.5,0.1,0.14,0.0,0.04,0.30000000000000004,1685.3760799785723,1440.1489114526294
1967-01-25,Paraguay,Bolivia,1.0,0.0,Copa América,True,H,4,4.0,9.0,1.6,2.0,2.4,2.2,0.1,0.0,0.16,0.2,0.24000000000000005,0.22000000000000003,1501.8263541178537,1515.068684242971
1967-01-26,Uruguay,Chile,2.0,2.0,Copa América,False,D,4,10.0,7.0,2.0,1.6,1.0,1.4,0.2,0.2,0.2,0.16,0.1,0.14,1616.2667350140591,1624.272983492653
1967-01-28,Argentina,Chile,2.0,0.0,Copa América,True,H,4,12.0,8.0,2.4,2.0,0.6,1.4,0.2,0.0,0.24,0.2,0.06000000000000001,0.14,1701.0541077930852,1623.3513931941188
1967-01-28,Bolivia,Venezuela,0.0,3.0,Copa América,True,A,4,6.0,0.0,1.6,0.3333333333333333,2.4,3.6666666666666665,0.0,0.30000000000000004,0.16,0.03333333333333333,0.24000000000000005,0.3666666666666667,1473.5448424766498,1424.4708836381164
1967-01-29,Uruguay,Paraguay,2.0,0.0,Copa América,False,H,4,8.0,7.0,2.0,1.8,1.2,2.0,0.2,0.0,0.2,0.18,0.12000000000000002,0.2,1617.1883253125934,1543.3501958841748
1967-02-01,Bolivia,Chile,0.0,0.0,Copa América,True,D,4,3.0,7.0,1.0,1.8,2.6,1.6,0.0,0.0,0.1,0.18,0.26,0.16,1427.9322691556213,1592.1510232637422
1967-02-01,Venezuela,Paraguay,3.0,5.0,Copa América,True,A,4,3.0,4.0,1.0,1.0,2.75,2.2,0.30000000000000004,0.5,0.1,0.1,0.275,0.22000000000000003,1470.083456959145,1511.725410752458
1967-02-02,Uruguay,Argentina,1.0,0.0,Copa América,False,H,4,10.0,12.0,2.4,2.4,1.2,0.6,0.1,0.0,0.24000000000000005,0.24,0.12000000000000002,0.06000000000000001,1648.8131104443103,1732.2544777234618
1968-01-12,Algeria,Ivory Coast,0.0,3.0,African Cup of Nations,True,A,3,0.0,6.0,0.0,1.6666666666666667,0.0,1.3333333333333333,0.0,0.30000000000000004,0.0,0.16666666666666666,0.0,0.13333333333333333,1500.0,1534.378261550809
1968-01-12,Congo,DR Congo,0.0,3.0,African Cup of Nations,True,A,3,0.0,0.0,0.0,1.0,0.0,4.0,0.0,0.30000000000000004,0.0,0.1,0.0,0.4,1500.0,1447.0452774073879
1968-01-12,Ethiopia,Uganda,2.0,1.0,African Cup of Nations,False,H,3,3.0,0.0,1.0,0.5,3.2,2.5,0.2,0.1,0.1,0.05,0.32,0.25,1416.5278103313908,1444.636011216544
1968-01-12,Ghana,Senegal,2.0,2.0,African Cup of Nations,True,D,3,15.0,4.0,3.4,1.6666666666666667,1.0,0.6666666666666666,0.2,0.2,0.34,0.16666666666666666,0.1,0.06666666666666667,1627.975258313785,1492.5350082252103
1968-01-14,Algeria,Uganda,4.0,0.0,African Cup of Nations,True,H,3,0.0,0.0,0.0,0.6666666666666666,3.0,2.3333333333333335,0.4,0.0,0.0,0.06666666666666667,0.30000000000000004,0.23333333333333336,1472.958807630571,1412.214235352615
1968-01-14,Congo,Senegal,1.0,2.0,African Cup of Nations,True,A,3,0.0,5.0,0.0,1.75,3.0,1.0,0.1,0.2,0.0,0.175,0.30000000000000004,0.1,1465.4626029143567,1503.6713761119356
1968-01-14,DR Congo,Ghana,1.0,2.0,African Cup of Nations,True,A,3,3.0,13.0,1.6666666666666667,3.4,2.6666666666666665,1.4,0.1,0.2,0.16666666666666666,0.34,0.26666666666666666,0.14,1481.5826744930312,1616.8388904270596
1968-01-14,Ethiopia,Ivory Coast,1.0,0.0,African Cup of Nations,False,H,3,6.0,9.0,1.4,2.0,3.0,1.0,0.1,0.0,0.14,0.2,0.3,0.1,1448.9495861953196,1561.4194539202379
1968-01-16,Ivory Coast,Uganda,2.0,1.0,African Cup of Nations,True,H,3,9.0,0.0,1.6,0.5,1.0,2.75,0.2,0.1,0.16,0.05,0.1,0.275,1522.033607701833,1387.4065447624696
1968-01-16,Ethiopia,Algeria,3.0,1.0,African Cup of Nations,False,H,3,6.0,3.0,0.8,2.0,2.6,1.5,0.30000000000000004,0.1,0.08,0.2,0.26,0.15000000000000002,1488.3354324137244,1497.7664982207166
1968-01-16,Congo,Ghana,1.0,3.0,African Cup of Nations,True,A,3,0.0,13.0,0.5,3.2,2.5,1.6,0.1,0.30000000000000004,0.05,0.32,0.25,0.16,1438.7485771772297,1635.7162262926684
1968-01-16,DR Congo,Senegal,2.0,1.0,African Cup of Nations,True,H,3,3.0,8.0,1.5,1.8,2.5,1.0,0.2,0.1,0.15000000000000002,0.18,0.25,0.1,1462.7053386274224,1530.3854018490626
1968-01-19,Ethiopia,DR Congo,2.0,3.0,African Cup of Nations,False,A,3,9.0,6.0,1.4,1.6,2.2,2.2,0.2,0.30000000000000004,0.14,0.16,0.22000000000000003,0.22000000000000003,1519.1495761417857,1498.4764905189115
1968-01-19,Ghana,Ivory Coast,4.0,3.0,African Cup of Nations,True,H,3,13.0,9.0,2.8,1.4,1.4,1.2,0.4,0.30000000000000004,0.28,0.14,0.14,0.12000000000000002,1650.323448534903,1540.9578328794958
1968-01-21,DR Congo,Ghana,1.0,0.0,African Cup of Nations,True,H,3,9.0,13.0,1.8,2.8,1.6,1.8,0.1,0.0,0.18000000000000002,0.28,0.16,0.18000000000000002,1530.2594445493255,1671.1800796967943
1968-01-21,Ethiopia,Ivory Coast,0.0,1.0,African Cup of Nations,False,A,3,9.0,9.0,1.8,1.8,2.0,1.2,0.0,0.1,0.18000000000000002,0.18000000000000002,0.2,0.12000000000000002,1487.3666221113717,1520.1012017176045
1968-05-10,Iran,Hong Kong,2.0,0.0,AFC Asian Cup,False,H,3,0.0,2.0,0.0,1.0,0.0,1.8,0.2,0.0,0.0,0.1,0.0,0.18000000000000002,1500.0,1399.509232232835
1968-05-11,Myanmar,Taiwan,1.0,1.0,AFC Asian Cup,True,D,3,0.0,3.0,0.0,0.6666666666666666,0.0,0.6666666666666666,0.1,0.1,0.0,0.06666666666666667,0.0,0.06666666666666667,1500.0,1465.9089311838954
1968-05-12,Hong Kong,Israel,1.0,6.0,AFC Asian Cup,True,A,3,1.0,15.0,0.6,2.2,1.8,0.4,0.1,0.6000000000000001,0.06000000000000001,0.22000000000000003,0.18000000000000002,0.04,1377.952167657058,1619.1391274083917
1968-05-13,Iran,Taiwan,4.0,0.0,AFC Asian Cup,False,H,3,3.0,4.0,2.0,0.75,0.0,0.75,0.4,0.0,0.2,0.07500000000000001,0.0,0.07500000000000001,1521.557064575777,1468.8431798226682
1968-05-14,Myanmar,Israel,1.0,0.0,AFC Asian Cup,True,H,3,1.0,15.0,1.0,2.4,1.0,0.4,0.1,0.0,0.1,0.24000000000000005,0.1,0.04,1497.0657513612273,1631.1190818917196
1968-05-15,Hong Kong,Taiwan,1.0,1.0,AFC Asian Cup,True,D,3,0.0,4.0,0.4,0.6,2.6,1.4,0.1,0.1,0.04,0.06000000000000001,0.26000000000000006,0.14,1365.97221317373,1443.3602548807546
1968-05-16,Iran,Myanmar,3.0,1.0,AFC Asian Cup,False,H,3,6.0,4.0,3.0,1.0,0.0,0.5,0.30000000000000004,0.1,0.30000000000000004,0.1,0.0,0.05,1547.0399895176906,1538.098712542951
1968-05-17,Israel,Taiwan,4.0,1.0,AFC Asian Cup,True,H,3,12.0,2.0,2.2,0.4,0.6,1.6,0.4,0.1,0.22000000000000003,0.04,0.06000000000000001,0.16,1590.0861207099958,1436.7863935479875
1968-05-18,Myanmar,Hong Kong,2.0,0.0,AFC Asian Cup,True,H,3,4.0,1.0,1.0,0.6,1.3333333333333333,2.6,0.2,0.0,0.10000000000000002,0.06000000000000001,0.13333333333333333,0.26000000000000006,1508.8705940617228,1372.5460745064972
1968-05-19,Iran,Israel,2.0,1.0,AFC Asian Cup,False,H,3,9.0,12.0,3.0,2.8,0.3333333333333333,0.8,0.2,0.1,0.30000000000000004,0.28,0.03333333333333333,0.08,1576.2681079989188,1607.6461649184246
1968-06-05,England,Yugoslavia,0.0,1.0,UEFA Euro,True,A,4,15.0,9.0,2.2,2.0,0.6,1.0,0.0,0.1,0.22000000000000003,0.2,0.06000000000000001,0.1,1758.827086300004,1560.0311105386038
1968-06-05,Italy,Russia,0.0,0.0,UEFA Euro,False,D,4,6.0,9.0,1.0,1.4,0.8,1.2,0.0,0.0,0.1,0.14,0.08,0.12000000000000002,1545.9727006283006,1639.231382722472
1968-06-08,England,Russia,2.0,0.0,UEFA Euro,True,H,4,12.0,7.0,1.8,1.2,0.8,1.2,0.2,0.0,0.18,0.12000000000000002,0.08,0.12000000000000002,1698.1487232215525,1628.745219099587
1968-06-08,Italy,Yugoslavia,1.0,1.0,UEFA Euro,False,D,4,7.0,9.0,1.0,1.6,0.4,0.8,0.1,0.1,0.1,0.16,0.04,0.08,1556.4588642511856,1620.7094736170554
1968-06-10,Italy,Yugoslavia,2.0,0.0,UEFA Euro,False,H,4,5.0,7.0,0.6,0.8,0.6,1.0,0.2,0.0,0.06000000000000001,0.08,0.06000000000000001,0.1,1563.7728034587121,1613.3955344095289
1970-02-06,Cameroon,Ivory Coast,3.0,2.0,African Cup of Nations,True,H,3,0.0,9.0,0.0,1.8,0.0,1.2,0.30000000000000004,0.2,0.0,0.18000000000000002,0.0,0.12000000000000002,1500.0,1547.2830049927702
1970-02-06,Sudan,Ethiopia,3.0,0.0,African Cup of Nations,False,H,3,7.0,9.0,1.6,1.6,1.4,1.2,0.30000000000000004,0.0,0.16,0.16,0.14,0.12000000000000002,1478.5813495606913,1460.184818836206
1970-02-07,DR Congo,Ghana,0.0,2.0,African Cup of Nations,True,A,3,12.0,10.0,2.0,2.2,1.0,1.6,0.0,0.2,0.2,0.22000000000000003,0.1,0.16,1571.8014100652447,1629.6381141808752
1970-02-07,Egypt,Guinea,4.0,1.0,African Cup of Nations,True,H,3,10.0,0.0,3.0,0.0,2.0,0.0,0.4,0.1,0.30000000000000004,0.0,0.2,0.0,1590.9248807962522,1500.0
1970-02-08,Sudan,Ivory Coast,0.0,1.0,African Cup of Nations,False,A,3,7.0,6.0,2.0,1.6,1.4,1.8,0.0,0.1,0.2,0.16,0.14,0.18000000000000002,1506.9943482609608,1513.225282136182
1970-02-08,Cameroon,Ethiopia,3.0,2.0,African Cup of Nations,True,H,3,3.0,6.0,3.0,1.2,2.0,1.6,0.30000000000000004,0.2,0.30000000000000004,0.12000000000000002,0.2,0.16,1534.0577228565883,1431.7718201359364
1970-02-09,DR Congo,Guinea,2.0,2.0,African Cup of Nations,True,D,3,9.0,0.0,1.4,1.0,1.4,4.0,0.2,0.2,0.14,0.1,0.14,0.4,1546.7498077540554,1477.676627073039
1970-02-09,Egypt,Ghana,1.0,1.0,African Cup of Nations,True,D,3,10.0,12.0,3.4,2.2,2.0,1.2,0.1,0.1,0.34,0.22000000000000003,0.2,0.12000000000000002,1613.248253723213,1654.6897164920645
1970-02-10,Ethiopia,Ivory Coast,1.0,6.0,African Cup of Nations,True,A,3,3.0,9.0,1.4,1.8,2.2,1.6,0.1,0.6000000000000001,0.14,0.18000000000000002,0.22000000000000003,0.16,1410.3572745731608,1542.6873177306409
1970-02-10,Sudan,Cameroon,2.0,1.0,African Cup of Nations,False,H,3,7.0,6.0,1.8,3.0,1.2,2.0,0.2,0.1,0.18000000000000002,0.30000000000000004,0.12000000000000002,0.2,1477.5323126665019,1555.472268419364
1970-02-11,DR Congo,Egypt,0.0,1.0,African Cup of Nations,True,A,3,10.0,11.0,1.6,3.2,1.4,1.4,0.0,0.1,0.16,0.32,0.14,0.14,1540.8629059470454,1616.8097232659775
1970-02-11,Ghana,Guinea,1.0,1.0,African Cup of Nations,True,D,3,10.0,1.0,2.0,1.5,1.2,3.0,0.1,0.1,0.2,0.15000000000000002,0.12000000000000002,0.30000000000000004,1651.1282469493,1483.563528880049
1970-02-14,Sudan,Egypt,2.0,1.0,African Cup of Nations,False,H,3,9.0,11.0,1.8,2.2,1.0,0.8,0.2,0.1,0.18000000000000002,0.22000000000000003,0.1,0.08,1514.1515259427977,1640.3544388152611
1970-02-14,Ghana,Ivory Coast,2.0,1.0,African Cup of Nations,True,H,3,8.0,9.0,1.6,2.6,1.2,1.6,0.2,0.1,0.16,0.26000000000000006,0.12000000000000002,0.16,1637.6859747090734,1561.7832657472077
1970-02-16,Egypt,Ivory Coast,3.0,1.0,African Cup of Nations,True,H,3,10.0,9.0,2.0,2.2,0.8,1.2,0.30000000000000004,0.1,0.2,0.22000000000000003,0.08,0.12000000000000002,1599.9124661607912,1538.2349178191475
1970-02-16,Sudan,Ghana,1.0,0.0,African Cup of Nations,False,H,3,9.0,8.0,1.4,1.2,1.2,0.8,0.1,0.0,0.14,0.12000000000000002,0.12000000000000002,0.08,1554.5934985972676,1661.2343226371336
1970-05-31,Mexico,Russia,0.0,0.0,FIFA World Cup,False,D,5,5.0,4.0,0.8,0.8,1.0,1.4,0.0,0.0,0.08,0.08,0.1,0.14,1361.9946795439707,1596.6309801808927
1970-06-02,Bulgaria,Peru,2.0,3.0,FIFA World Cup,True,A,5,1.0,7.0,0.4,1.6,2.8,2.0,0.2,0.30000000000000004,0.04,0.16,0.28,0.2,1374.007152368372,1461.603199282884
1970-06-02,England,Romania,1.0,0.0,FIFA World Cup,True,H,5,12.0,4.0,1.8,1.6,0.8,2.4,0.1,0.0,0.18,0.16,0.08,0.24000000000000005,1730.2629621402468,1414.5856842047813
1970-06-02,Israel,Uruguay,0.0,2.0,FIFA World Cup,True,A,5,9.0,13.0,2.6,2.6,1.2,0.4,0.0,0.2,0.26,0.26,0.12000000000000002,0.04,1574.94410813389,1698.2391197783297
1970-06-03,Italy,Sweden,1.0,0.0,FIFA World Cup,True,H,5,5.0,10.0,0.6,1.8,0.6,1.4,0.1,0.0,0.06000000000000001,0.18000000000000002,0.06000000000000001,0.13999999999999999,1609.4472988395064,1692.3624647209438
1970-06-03,Germany,Morocco,2.0,1.0,FIFA World Cup,True,H,5,10.0,0.0,2.0,0.0,1.2,0.0,0.2,0.1,0.2,0.0,0.12000000000000002,0.0,1727.6089862455697,1500.0
1970-06-03,Brazil,Czechoslovakia,4.0,1.0,FIFA World Cup,True,H,5,4.0,7.0,2.0,1.2,2.6,1.4,0.4,0.1,0.2,0.12000000000000002,0.26,0.14,1539.4836072318365,1613.1025836378992
1970-06-03,Belgium,El Salvador,3.0,0.0,FIFA World Cup,True,H,5,1.0,0.0,1.6,0.0,3.4,0.0,0.30000000000000004,0.0,0.16,0.0,0.34,0.0,1325.0131720385975,1500.0
1970-06-06,Belgium,Russia,1.0,4.0,FIFA World Cup,True,A,5,4.0,2.0,2.2,0.4,3.2,1.2,0.1,0.4,0.22000000000000003,0.04,0.32,0.12000000000000002,1398.2624152829405,1567.206982161942
1970-06-06,Czechoslovakia,Romania,1.0,2.0,FIFA World Cup,True,A,5,6.0,1.0,1.4,1.0,2.2,2.4,0.1,0.2,0.14,0.1,0.22000000000000003,0.24000000000000005,1552.6637250279075,1400.608478663775
1970-06-06,Italy,Uruguay,0.0,0.0,FIFA World Cup,True,D,5,8.0,13.0,0.8,2.2,0.4,0.4,0.0,0.0,0.08,0.22000000000000003,0.04,0.04,1671.1582637273295,1731.204679721004
1970-06-06,Morocco,Peru,0.0,3.0,FIFA World Cup,True,A,5,0.0,7.0,1.0,1.8,2.0,2.2,0.0,0.30000000000000004,0.1,0.18000000000000002,0.2,0.22000000000000003,1478.7550410375616,1499.2575971091496
1970-06-07,Israel,Sweden,1.0,1.0,FIFA World Cup,True,D,5,6.0,7.0,2.2,1.4,1.4,1.4,0.1,0.1,0.22000000000000003,0.14,0.14,0.13999999999999999,1541.9785481912159,1630.6514998331206
1970-06-07,Mexico,El Salvador,4.0,0.0,FIFA World Cup,False,H,5,6.0,0.0,0.8,0.0,0.8,3.0,0.4,0.0,0.08,0.0,0.08,0.30000000000000004,1391.4186775629214,1426.750756755657
1970-06-07,Brazil,England,1.0,0.0,FIFA World Cup,True,H,5,6.0,12.0,2.4,1.8,2.4,0.8,0.1,0.0,0.24000000000000005,0.18,0.24000000000000005,0.08,1599.9224658418282,1744.240167681253
1970-06-07,Bulgaria,Germany,2.0,5.0,FIFA World Cup,True,A,5,1.0,12.0,0.6,2.4,2.2,1.4,0.2,0.5,0.06000000000000001,0.24000000000000005,0.22000000000000003,0.14,1336.3527545421066,1748.853945208008
1970-06-10,Brazil,Romania,3.0,2.0,FIFA World Cup,True,H,5,9.0,4.0,1.8,1.4,1.4,1.8,0.30000000000000004,0.2,0.18,0.14,0.14,0.18000000000000002,1669.5740150709557,1471.1932180918006
1970-06-10,El Salvador,Russia,0.0,2.0,FIFA World Cup,True,A,5,0.0,5.0,0.0,1.0,3.5,1.0,0.0,0.2,0.0,0.1,0.35000000000000003,0.1,1371.6835176654129,1594.6447701619368
1970-06-10,Germany,Peru,3.0,1.0,FIFA World Cup,True,H,5,12.0,7.0,3.0,2.0,1.6,2.0,0.30000000000000004,0.1,0.3,0.2,0.16,0.2,1757.367371607856,1546.310462262195
1970-06-10,Sweden,Uruguay,1.0,0.0,FIFA World Cup,True,H,5,7.0,11.0,1.6,1.4,1.6,0.4,0.1,0.0,0.16,0.14,0.16,0.04,1618.1604787534357,1722.648327521498
1970-06-11,Bulgaria,Morocco,1.0,1.0,FIFA World Cup,True,D,5,0.0,0.0,1.0,0.5,3.2,2.5,0.1,0.1,0.1,0.05,0.32,0.25,1327.8393281422586,1431.7021758845162
1970-06-11,Czechoslovakia,England,0.0,1.0,FIFA World Cup,True,A,5,6.0,9.0,1.4,1.4,2.0,0.8,0.0,0.1,0.14,0.14,0.2,0.08,1482.078985599882,1674.5886184521255
1970-06-11,Israel,Italy,0.0,0.0,FIFA World Cup,True,D,5,4.0,9.0,1.2,0.8,1.4,0.2,0.0,0.0,0.12000000000000002,0.08,0.14,0.02,1554.4695692709008,1679.7146159268354
1970-06-11,Mexico,Belgium,1.0,0.0,FIFA World Cup,False,H,5,6.0,4.0,1.0,2.0,0.6,3.0,0.1,0.0,0.1,0.2,0.06000000000000001,0.3,1446.4859166531655,1370.8246272829458
1970-06-14,Mexico,Italy,1.0,4.0,FIFA World Cup,False,A,5,8.0,9.0,1.0,0.8,0.4,0.2,0.1,0.4,0.1,0.08,0.04,0.02,1485.7663043977416,1662.432591999758
1970-06-14,Russia,Uruguay,0.0,1.0,FIFA World Cup,True,A,5,8.0,10.0,1.2,1.0,0.6,0.2,0.0,0.1,0.12000000000000002,0.1,0.06000000000000001,0.02,1616.340814922759,1658.0488348178421
1970-06-14,Brazil,Peru,4.0,2.0,FIFA World Cup,True,H,5,9.0,7.0,2.0,1.8,1.8,2.0,0.4,0.2,0.2,0.18000000000000002,0.18000000000000002,0.2,1693.769869564341,1523.4276697997343
1970-06-14,England,Germany,2.0,3.0,FIFA World Cup,True,A,5,9.0,12.0,0.8,2.8,0.4,1.8,0.2,0.30000000000000004,0.08,0.28,0.04,0.18,1699.4097554260425,1780.2501640703167
1970-06-17,Germany,Italy,3.0,4.0,FIFA World Cup,True,A,5,12.0,11.0,3.0,1.4,2.0,0.2,0.30000000000000004,0.4,0.3,0.14,0.2,0.02,1818.8217928563793,1688.9943382036574
1970-06-17,Brazil,Uruguay,3.0,1.0,FIFA World Cup,True,H,5,12.0,10.0,2.6,0.8,1.6,0.2,0.30000000000000004,0.1,0.26,0.08,0.16,0.02,1721.0477686138584,1702.075235676516
1970-06-20,Germany,Uruguay,1.0,0.0,FIFA World Cup,True,H,5,12.0,7.0,3.2,0.8,2.0,0.8,0.1,0.0,0.32,0.08,0.2,0.08,1750.9617600251593,1654.8028919298945
1970-06-21,Brazil,Italy,4.0,1.0,FIFA World Cup,True,H,5,15.0,11.0,3.0,1.8,1.2,0.8,0.4,0.1,0.30000000000000004,0.18,0.12000000000000002,0.08,1768.32011236048,1756.8543710348774
1972-02-23,Cameroon,Kenya,2.0,1.0,African Cup of Nations,False,H,3,6.0,0.0,2.3333333333333335,0.0,2.0,0.0,0.2,0.1,0.23333333333333336,0.0,0.20000000000000004,0.0,1518.853055143068,1500.0
1972-02-24,Mali,Togo,3.0,3.0,African Cup of Nations,True,D,3,0.0,0.0,0.0,0.0,0.0,0.0,0.30000000000000004,0.30000000000000004,0.0,0.0,0.0,0.0,1500.0,1500.0
1972-02-25,Congo,Morocco,1.0,1.0,African Cup of Nations,True,D,3,0.0,1.0,0.6666666666666666,0.6666666666666666,2.6666666666666665,2.0,0.1,0.1,0.06666666666666667,0.06666666666666667,0.26666666666666666,0.20000000000000004,1424.141354934995,1417.1850026818834
1972-02-25,Sudan,DR Congo,1.0,1.0,African Cup of Nations,True,D,3,12.0,7.0,1.6,1.2,0.6,1.4,0.1,0.1,0.16,0.12000000000000002,0.06000000000000001,0.14,1593.5229380252326,1517.3181903977618
1972-02-26,Kenya,Mali,1.0,1.0,African Cup of Nations,True,D,3,0.0,1.0,1.0,3.0,2.0,3.0,0.1,0.1,0.1,0.30000000000000004,0.2,0.30000000000000004,1471.6263077198928,1500.0
1972-02-26,Cameroon,Togo,2.0,0.0,African Cup of Nations,False,H,3,9.0,1.0,2.25,3.0,1.75,3.0,0.2,0.0,0.22500000000000003,0.30000000000000004,0.17500000000000002,0.30000000000000004,1547.2267474231753,1500.0
1972-02-27,Congo,DR Congo,0.0,2.0,African Cup of Nations,True,A,3,1.0,5.0,0.75,0.8,2.25,1.2,0.0,0.2,0.07500000000000001,0.08,0.22500000000000003,0.12000000000000002,1423.5407754488256,1523.794711757868
1972-02-27,Morocco,Sudan,1.0,1.0,African Cup of Nations,True,D,3,2.0,10.0,0.75,1.2,1.75,0.8,0.1,0.1,0.07500000000000001,0.12000000000000002,0.17500000000000002,0.08,1417.7855821680528,1587.0464166651263
1972-02-28,Cameroon,Mali,1.0,1.0,African Cup of Nations,False,D,3,12.0,2.0,2.2,2.0,1.4,2.0,0.1,0.1,0.22000000000000003,0.2,0.14,0.2,1573.173793471056,1497.555450565943
1972-02-28,Kenya,Togo,1.0,1.0,African Cup of Nations,True,D,3,1.0,1.0,1.0,1.5,1.5,2.5,0.1,0.1,0.1,0.15000000000000002,0.15000000000000002,0.25,1474.0708571539499,1474.0529539521194
1972-02-29,Congo,Sudan,4.0,2.0,African Cup of Nations,True,H,3,1.0,11.0,0.6,1.4,2.2,0.8,0.4,0.2,0.06000000000000001,0.14,0.22000000000000003,0.08,1401.9648772767919,1573.4873503026008
1972-02-29,Morocco,DR Congo,1.0,1.0,African Cup of Nations,True,D,3,3.0,5.0,0.8,1.0,1.6,1.2,0.1,0.1,0.08,0.1,0.16,0.12000000000000002,1431.3446485305783,1545.3706099299018
1972-03-02,Cameroon,Congo,0.0,1.0,African Cup of Nations,False,A,3,10.0,4.0,1.8,1.4,1.2,2.0,0.0,0.1,0.18000000000000002,0.14,0.12000000000000002,0.2,1566.7455640591895,1445.6788790551086
1972-03-02,Mali,DR Congo,4.0,3.0,African Cup of Nations,True,H,3,3.0,6.0,1.6666666666666667,1.2,1.6666666666666667,1.0,0.4,0.30000000000000004,0.16666666666666666,0.12000000000000002,0.16666666666666666,0.1,1503.9836799778093,1535.863722057239
1972-03-04,Cameroon,DR Congo,5.0,2.0,African Cup of Nations,False,H,3,7.0,5.0,1.2,1.4,1.0,1.4,0.5,0.2,0.12000000000000002,0.14,0.1,0.14,1526.6953465967279,1503.1186776424388
1972-03-05,Congo,Mali,3.0,2.0,African Cup of Nations,True,H,3,7.0,6.0,1.4,2.25,1.6,2.0,0.30000000000000004,0.2,0.14,0.22500000000000003,0.16,0.2,1485.7290965175703,1536.7287243926096
1972-05-07,Iran,Cambodia,2.0,0.0,AFC Asian Cup,True,H,3,12.0,0.0,2.75,0.0,0.5,0.0,0.2,0.0,0.275,0.0,0.05,0.0,1608.9701647834534,1500.0
1972-05-07,South Korea,Iraq,0.0,0.0,AFC Asian Cup,True,D,3,9.0,0.0,1.2,0.0,0.8,0.0,0.0,0.0,0.12000000000000002,0.0,0.08,0.0,1531.9575461901352,1500.0
1972-05-08,Thailand,Kuwait,0.0,2.0,AFC Asian Cup,False,A,3,0.0,0.0,0.0,0.0,0.0,0.0,0.0,0.2,0.0,0.0,0.0,0.0,1500.0,1500.0
1972-05-09,Iran,Iraq,3.0,0.0,AFC Asian Cup,True,H,3,15.0,1.0,2.6,0.0,0.4,0.0,0.30000000000000004,0.0,0.26,0.0,0.04,0.0,1629.8577808269063,1502.7516804911668
1972-05-10,Cambodia,South Korea,1.0,4.0,AFC Asian Cup,True,A,3,0.0,7.0,0.0,0.6,2.0,0.8,0.1,0.4,0.0,0.06000000000000001,0.2,0.08,1479.112383956547,1529.2058656989684
1972-05-11,Thailand,Iraq,1.0,1.0,AFC Asian Cup,False,D,3,0.0,1.0,0.0,0.0,2.0,1.5,0.1,0.1,0.0,0.0,0.2,0.15000000000000002,1470.0,1483.2621303414514
1972-05-12,South Korea,Kuwait,1.0,2.0,AFC Asian Cup,True,A,3,7.0,3.0,1.2,2.0,1.0,0.0,0.1,0.2,0.12000000000000002,0.2,0.1,0.0,1554.9101719874884,1530.0
1972-05-13,Thailand,Iran,2.0,3.0,AFC Asian Cup,False,A,3,1.0,15.0,0.5,2.8,1.5,0.4,0.2,0.30000000000000004,0.05,0.28,0.15000000000000002,0.04,1471.1445885278588,1649.3473309766218
1972-05-14,Cambodia,Kuwait,4.0,0.0,AFC Asian Cup,True,H,3,0.0,6.0,0.5,2.0,3.0,0.5,0.4,0.0,0.05,0.2,0.30000000000000004,0.05,1453.408077668027,1562.1472391209306
1972-05-16,Iran,Cambodia,2.0,1.0,AFC Asian Cup,True,H,3,15.0,3.0,2.6,1.6666666666666667,0.8,2.0,0.2,0.1,0.26000000000000006,0.16666666666666666,0.08,0.20000000000000004,1665.1810779369546,1492.5023518308083
1972-05-17,Thailand,South Korea,1.0,1.0,AFC Asian Cup,False,D,3,1.0,7.0,1.0,1.4,2.0,1.0,0.1,0.1,0.10000000000000002,0.14,0.20000000000000004,0.1,1455.310841567526,1522.7629328665578
1972-05-19,Iran,South Korea,2.0,1.0,AFC Asian Cup,True,H,3,15.0,5.0,2.4,1.4,0.8,1.2,0.2,0.1,0.24000000000000005,0.14,0.08,0.12000000000000002,1681.3882209296587,1517.0107395749924
1972-05-19,Thailand,Cambodia,2.0,2.0,AFC Asian Cup,False,D,3,2.0,3.0,1.0,1.5,1.75,2.0,0.2,0.2,0.1,0.15000000000000002,0.17500000000000002,0.2,1461.0630348590914,1476.2952088381041
1972-06-14,Belgium,Germany,1.0,2.0,UEFA Euro,False,A,4,4.0,12.0,1.8,3.0,2.6,1.8,0.1,0.2,0.18000000000000002,0.30000000000000004,0.26,0.18,1331.5442395383698,1787.4662265550337
1972-06-14,Hungary,Russia,0.0,1.0,UEFA Euro,True,A,4,9.0,7.0,2.2,1.2,1.6,0.8,0.0,0.1,0.22000000000000003,0.12000000000000002,0.16,0.08,1567.576138337542,1572.314414064085
1972-06-17,Belgium,Hungary,2.0,1.0,UEFA Euro,False,H,4,3.0,6.0,1.2,1.6,2.2,1.6,0.2,0.1,0.12000000000000002,0.16,0.22000000000000003,0.16,1326.137973888055,1528.1216186725283
1972-06-18,Germany,Russia,3.0,0.0,UEFA Euro,True,H,4,12.0,10.0,2.4,1.4,1.6,0.4,0.30000000000000004,0.0,0.24000000000000005,0.14,0.16,0.04,1792.8724922053484,1611.7689337290985
1974-03-01,Egypt,Uganda,2.0,1.0,African Cup of Nations,False,H,3,10.0,0.0,2.0,0.6,1.0,2.6,0.2,0.1,0.2,0.06000000000000001,0.1,0.26,1624.6420468278438,1368.4823195848069
1974-03-02,Ivory Coast,Zambia,0.0,1.0,African Cup of Nations,True,A,3,6.0,0.0,2.2,0.0,1.8,0.0,0.0,0.1,0.22000000000000003,0.0,0.18000000000000002,0.0,1513.5053371520949,1500.0
1974-03-03,Congo,Mauritius,2.0,0.0,African Cup of Nations,True,H,3,10.0,0.0,1.8,0.0,1.4,0.0,0.2,0.0,0.18000000000000002,0.0,0.14,0.0,1520.101400151911,1500.0
1974-03-03,Guinea,DR Congo,1.0,2.0,African Cup of Nations,True,A,3,2.0,5.0,1.3333333333333333,1.8,2.3333333333333335,2.2,0.1,0.2,0.13333333333333333,0.18000000000000002,0.23333333333333336,0.22000000000000003,1497.0058011202757,1475.1513318143955
1974-03-04,Egypt,Zambia,3.0,1.0,African Cup of Nations,False,H,3,10.0,3.0,1.6,1.0,1.0,0.0,0.30000000000000004,0.1,0.16,0.1,0.1,0.0,1635.8169505520336,1531.1655575596947
1974-03-04,Ivory Coast,Uganda,2.0,2.0,African Cup of Nations,True,D,3,6.0,0.0,1.8,0.6,1.4,2.6,0.2,0.2,0.18000000000000002,0.06000000000000001,0.14,0.26,1482.3397795924002,1357.307415860617
1974-03-05,Congo,DR Congo,2.0,1.0,African Cup of Nations,True,H,3,12.0,7.0,2.0,2.0,1.2,2.2,0.2,0.1,0.2,0.2,0.12000000000000002,0.22000000000000003,1548.3676398214513,1507.035913473312
1974-03-05,Guinea,Mauritius,2.0,1.0,African Cup of Nations,True,H,3,2.0,0.0,1.25,0.0,2.25,2.0,0.2,0.1,0.125,0.0,0.225,0.2,1465.1212194613593,1471.7337603304597
1974-03-06,Uganda,Zambia,0.0,1.0,African Cup of Nations,True,A,3,1.0,3.0,1.0,1.0,2.4,1.5,0.0,0.1,0.1,0.1,0.24000000000000005,0.15000000000000002,1367.6604562371774,1509.938168973595
1974-03-06,Egypt,Ivory Coast,2.0,0.0,African Cup of Nations,False,H,3,12.0,4.0,2.0,2.0,1.0,1.8,0.2,0.0,0.2,0.2,0.1,0.18000000000000002,1657.0443391381332,1471.9867392158399
1974-03-07,Congo,Guinea,1.0,1.0,African Cup of Nations,True,D,3,15.0,5.0,2.4,1.4,1.0,2.0,0.1,0.1,0.24000000000000005,0.14,0.1,0.2,1574.8155124921968,1495.6921232058114
1974-03-07,Mauritius,DR Congo,1.0,4.0,African Cup of Nations,True,A,3,0.0,4.0,0.5,1.8,2.0,2.6,0.1,0.4,0.05,0.18000000000000002,0.2,0.26,1441.1628565860076,1480.5880408025664
1974-03-09,Congo,Zambia,2.0,4.0,African Cup of Nations,True,A,3,13.0,6.0,1.8,1.0,0.8,1.0,0.2,0.4,0.18000000000000002,0.10000000000000002,0.08,0.10000000000000002,1568.0991613627468,1528.296519042636
1974-03-09,Egypt,DR Congo,2.0,3.0,African Cup of Nations,False,A,3,12.0,6.0,2.2,2.4,1.0,2.6,0.2,0.30000000000000004,0.22000000000000003,0.24000000000000005,0.1,0.26,1672.4224754289805,1507.198333496676
1974-03-11,Egypt,Congo,4.0,0.0,African Cup of Nations,False,H,3,12.0,10.0,2.4,2.0,1.2,1.6,0.4,0.0,0.24000000000000005,0.2,0.12000000000000002,0.16,1629.1422150560354,1534.677281766085
1974-03-12,DR Congo,Zambia,2.0,2.0,African Cup of Nations,True,D,3,9.0,9.0,2.4,1.75,2.2,1.25,0.2,0.2,0.24000000000000005,0.17500000000000002,0.22000000000000003,0.125,1550.4785938696211,1561.718398639298
1974-03-14,DR Congo,Zambia,2.0,0.0,African Cup of Nations,True,H,3,10.0,10.0,2.4,1.8,1.6,1.4,0.2,0.0,0.24000000000000005,0.18,0.16,0.14,1551.4487781966063,1560.7482143123127
1974-06-13,Brazil,Yugoslavia,0.0,0.0,FIFA World Cup,True,D,5,15.0,4.0,3.0,0.6,1.2,1.4,0.0,0.0,0.30000000000000004,0.06000000000000001,0.12000000000000002,0.14,1816.6706582911404,1567.7210390287346
1974-06-14,German DR,Australia,2.0,0.0,FIFA World Cup,True,H,5,0.0,0.0,0.0,0.0,0.0,0.0,0.2,0.0,0.0,0.0,0.0,0.0,1500.0,1500.0
1974-06-14,Germany,Chile,1.0,0.0,FIFA World Cup,False,H,5,12.0,8.0,2.4,1.6,1.4,1.2,0.1,0.0,0.24000000000000005,0.16,0.14,0.12000000000000002,1813.725679723943,1574.5371956430038
1974-06-14,DR Congo,Scotland,0.0,2.0,FIFA World Cup,True,A,5,10.0,1.0,2.4,0.8,1.4,2.8,0.0,0.2,0.24000000000000005,0.08,0.14,0.28,1582.2515643579266,1355.9941161413215
1974-06-15,Italy,Haiti,3.0,1.0,FIFA World Cup,True,H,5,8.0,0.0,1.8,0.0,1.6,0.0,0.30000000000000004,0.1,0.18,0.0,0.16,0.0,1708.503825104217,1500.0
1974-06-15,Poland,Argentina,3.0,2.0,FIFA World Cup,True,H,5,0.0,12.0,5.0,2.4,6.0,0.6,0.30000000000000004,0.2,0.5,0.24,0.6000000000000001,0.06000000000000001,1457.7722707323603,1682.8284683894424
1974-06-15,Sweden,Bulgaria,0.0,0.0,FIFA World Cup,True,D,5,7.0,1.0,1.4,1.2,1.6,3.0,0.0,0.0,0.14,0.12000000000000002,0.16,0.30000000000000004,1682.7599714570915,1342.3565013448915
1974-06-15,Uruguay,Netherlands,0.0,2.0,FIFA World Cup,True,A,5,4.0,0.0,0.4,1.0,1.0,3.0,0.0,0.2,0.04,0.1,0.1,0.30000000000000004,1618.29842540002,1420.3583320345058
1974-06-18,Chile,German DR,1.0,1.0,FIFA World Cup,True,D,5,5.0,3.0,1.2,2.0,1.4,0.0,0.1,0.1,0.12000000000000002,0.2,0.14,0.0,1554.386133831822,1550.0
1974-06-18,Germany,Australia,3.0,0.0,FIFA World Cup,False,H,5,12.0,0.0,2.0,0.0,1.0,2.0,0.30000000000000004,0.0,0.2,0.0,0.1,0.2,1833.8767415351247,1450.0
1974-06-18,Scotland,Brazil,0.0,0.0,FIFA World Cup,True,D,5,4.0,13.0,1.2,2.8,2.6,1.2,0.0,0.0,0.12000000000000002,0.28,0.26,0.12000000000000002,1434.6186937743967,1785.9327499775945
1974-06-18,Yugoslavia,DR Congo,9.0,0.0,FIFA World Cup,True,H,5,5.0,10.0,0.4,2.2,0.8,1.4,0.9,0.0,0.04,0.22000000000000003,0.08,0.14,1598.4589473422805,1503.6269867248513
1974-06-19,Netherlands,Sweden,0.0,0.0,FIFA World Cup,True,D,5,3.0,5.0,1.3333333333333333,0.8,2.0,1.4,0.0,0.0,0.13333333333333333,0.08,0.20000000000000004,0.13999999999999999,1496.1159167458884,1645.1118730474952
1974-06-19,Haiti,Poland,0.0,7.0,FIFA World Cup,True,A,5,0.0,3.0,1.0,4.0,3.0,4.0,0.0,0.7000000000000001,0.1,0.4,0.30000000000000004,0.4,1476.8568275619393,1536.2804033022508
1974-06-19,Argentina,Italy,1.0,1.0,FIFA World Cup,True,D,5,9.0,10.0,2.0,2.4,1.0,1.8,0.1,0.1,0.2,0.24000000000000005,0.1,0.18000000000000002,1604.320335819552,1731.6469975422776
1974-06-19,Bulgaria,Uruguay,1.0,1.0,FIFA World Cup,True,D,5,2.0,3.0,1.2,0.4,2.4,1.4,0.1,0.1,0.12000000000000002,0.04,0.24000000000000005,0.14,1380.0045997544878,1542.5408406886374
1974-06-22,Australia,Chile,0.0,0.0,FIFA World Cup,True,D,5,0.0,3.0,0.0,0.6,2.5,1.2,0.0,0.0,0.0,0.06000000000000001,0.25,0.12000000000000002,1440.112362786013,1553.7549519640493
1974-06-22,DR Congo,Brazil,0.0,3.0,FIFA World Cup,True,A,5,7.0,11.0,1.4,2.2,3.0,0.8,0.0,0.30000000000000004,0.14,0.22000000000000003,0.3,0.08,1466.9452926091005,1747.620616333677
1974-06-22,Germany,German DR,0.0,1.0,FIFA World Cup,False,A,5,15.0,4.0,2.0,1.5,0.2,0.5,0.0,0.1,0.2,0.15000000000000002,0.02,0.05,1843.7643787491118,1550.6311818677727
1974-06-22,Scotland,Yugoslavia,1.0,1.0,FIFA World Cup,True,D,5,5.0,8.0,1.2,2.2,1.2,0.6,0.1,0.1,0.12000000000000002,0.22000000000000003,0.12000000000000002,0.06000000000000001,1472.930827418314,1635.1406414580313
1974-06-23,Argentina,Haiti,4.0,1.0,FIFA World Cup,True,H,5,7.0,0.0,2.0,0.5,1.2,5.0,0.4,0.1,0.2,0.05,0.12000000000000002,0.5,1621.8655913194727,1435.326144117928
1974-06-23,Bulgaria,Netherlands,1.0,4.0,FIFA World Cup,True,A,5,3.0,4.0,1.2,1.0,2.0,1.5,0.1,0.4,0.12000000000000002,0.1,0.2,0.15000000000000002,1401.8262862554311,1516.333690170569
1974-06-23,Poland,Italy,2.0,1.0,FIFA World Cup,True,H,5,6.0,10.0,5.0,2.6,2.6666666666666665,2.0,0.2,0.1,0.5,0.26,0.26666666666666666,0.2,1577.8110867462622,1714.1017420423568
1974-06-23,Sweden,Uruguay,3.0,0.0,FIFA World Cup,True,H,5,6.0,4.0,0.4,0.6,0.4,1.4,0.30000000000000004,0.0,0.04,0.06000000000000001,0.04,0.14,1624.8940996228143,1520.7191541876941
1974-06-26,Sweden,Poland,0.0,1.0,FIFA World Cup,True,A,5,9.0,9.0,1.0,4.25,0.2,2.25,0.0,0.1,0.1,0.42500000000000004,0.02,0.22500000000000003,1660.3358089462115,1646.4771228203535
1974-06-26,Netherlands,Argentina,4.0,0.0,FIFA World Cup,True,H,5,7.0,7.0,1.6,1.8,1.4,1.2,0.4,0.0,0.16,0.18,0.14,0.12000000000000002,1550.4265771383034,1647.3335614279993
1974-06-26,Germany,Yugoslavia,2.0,0.0,FIFA World Cup,False,H,5,12.0,6.0,1.8,2.2,0.4,0.8,0.2,0.0,0.18000000000000002,0.22000000000000003,0.04,0.08,1759.3760498938298,1613.3569993111162
1974-06-26,Brazil,German DR,1.0,0.0,FIFA World Cup,True,H,5,11.0,7.0,2.0,1.3333333333333333,0.4,0.3333333333333333,0.1,0.0,0.2,0.13333333333333333,0.04,0.03333333333333333,1764.2005319384293,1635.0195107230547
1974-06-30,Argentina,Brazil,1.0,2.0,FIFA World Cup,True,A,5,4.0,11.0,1.4,1.6,2.0,0.2,0.1,0.2,0.14,0.16,0.2,0.02,1583.7382669259841,1796.4217124210263
1974-06-30,German DR,Netherlands,0.0,2.0,FIFA World Cup,True,A,5,7.0,10.0,1.0,2.0,0.5,0.8,0.0,0.2,0.1,0.2,0.05,0.08,1602.7983302404577,1614.0218716403185
1974-06-30,Germany,Sweden,4.0,2.0,FIFA World Cup,False,H,5,12.0,8.0,1.8,0.8,0.2,0.2,0.4,0.2,0.18000000000000002,0.08,0.02,0.02,1789.5178780590672,1608.3424407902357
1974-06-30,Poland,Yugoslavia,2.0,1.0,FIFA World Cup,True,H,5,12.0,5.0,3.6,2.0,1.8,1.0,0.2,0.1,0.36,0.2,0.18000000000000002,0.1,1698.4704909763293,1583.2151711458787
1974-07-03,Argentina,German DR,1.0,1.0,FIFA World Cup,True,D,5,4.0,7.0,1.6,0.8,2.2,0.8,0.1,0.1,0.16,0.08,0.22000000000000003,0.08,1561.0202813249662,1554.4129660759518
1974-07-03,Germany,Poland,1.0,0.0,FIFA World Cup,False,H,5,12.0,15.0,2.0,3.0,0.6,0.8,0.1,0.0,0.2,0.30000000000000004,0.06000000000000001,0.08,1815.576389172492,1732.466704644642
1974-07-03,Netherlands,Brazil,2.0,0.0,FIFA World Cup,True,H,5,13.0,11.0,2.4,1.2,0.2,0.2,0.2,0.0,0.24000000000000005,0.12000000000000002,0.02,0.02,1662.4072358048245,1819.1396980220443
1974-07-03,Sweden,Yugoslavia,2.0,1.0,FIFA World Cup,True,H,5,5.0,5.0,1.0,2.2,1.0,1.0,0.2,0.1,0.1,0.22000000000000003,0.1,0.1,1582.2839296768109,1549.218957477566
1974-07-06,Brazil,Poland,0.0,1.0,FIFA World Cup,True,A,5,10.0,12.0,1.2,2.4,0.6,0.6,0.0,0.1,0.12000000000000002,0.24000000000000005,0.06000000000000001,0.06000000000000001,1747.9990540806232,1694.20412385862
1974-07-07,Germany,Netherlands,2.0,1.0,FIFA World Cup,False,H,5,12.0,13.0,2.0,2.4,0.6,0.2,0.2,0.1,0.2,0.24000000000000005,0.06000000000000001,0.02,1853.838969958514,1733.5478797462456
1975-07-17,Chile,Peru,1.0,1.0,Copa América,False,D,4,3.0,6.0,0.2,2.0,0.8,2.6,0.1,0.1,0.02,0.2,0.08,0.26,1537.9597873605144,1496.149770750217
1975-07-20,Colombia,Paraguay,1.0,0.0,Copa América,False,H,4,1.0,6.0,1.6,1.8,3.0,2.6,0.1,0.0,0.16,0.18,0.3,0.26,1227.0844713310314,1546.9540291840249
1975-07-20,Bolivia,Chile,2.0,1.0,Copa América,False,H,4,1.0,4.0,0.0,0.4,1.8,0.6,0.2,0.1,0.0,0.04,0.18000000000000002,0.06000000000000001,1445.5460967763597,1533.1693332595346
1975-07-24,Ecuador,Paraguay,2.0,2.0,Copa América,False,D,4,4.0,6.0,2.0,1.6,2.8,2.0,0.2,0.2,0.2,0.16,0.28,0.2,1302.8484441337853,1477.9056760171122
1975-07-27,Bolivia,Peru,0.0,1.0,Copa América,False,A,4,4.0,7.0,0.4,2.0,1.2,2.0,0.0,0.1,0.04,0.2,0.12000000000000002,0.2,1495.4255179319334,1500.9402248511967
1975-07-27,Ecuador,Colombia,1.0,3.0,Copa América,False,A,4,5.0,4.0,2.2,1.6,2.6,2.0,0.1,0.30000000000000004,0.22000000000000003,0.16,0.26,0.2,1321.454191172988,1296.132824497944
1975-07-30,Paraguay,Colombia,0.0,1.0,Copa América,False,A,4,7.0,7.0,1.6,2.0,1.6,1.8,0.0,0.1,0.16,0.2,0.16,0.18000000000000002,1459.2999289779095,1339.0429039969115
1975-07-31,Venezuela,Brazil,0.0,4.0,Copa América,False,A,4,3.0,9.0,1.4,1.2,3.2,0.8,0.0,0.4,0.14,0.12000000000000002,0.32,0.08,1434.854838527578,1690.3186194435598
1975-08-03,Venezuela,Argentina,1.0,5.0,Copa América,False,A,4,3.0,5.0,1.4,1.4,3.6,1.8,0.1,0.5,0.14,0.14,0.36,0.18,1419.9063316090276,1560.0695268392662
1975-08-06,Brazil,Argentina,2.0,1.0,Copa América,False,H,4,9.0,7.0,1.4,2.2,0.8,1.8,0.2,0.1,0.14,0.22000000000000003,0.08,0.18,1705.2671263621103,1584.7545974667028
1975-08-07,Peru,Bolivia,3.0,1.0,Copa América,False,H,4,7.0,4.0,1.6,0.4,1.6,1.2,0.30000000000000004,0.1,0.16,0.04,0.16,0.12000000000000002,1540.3053740677396,1456.0603687153905
1975-08-07,Colombia,Ecuador,2.0,0.0,Copa América,False,H,4,10.0,5.0,1.8,2.2,1.2,2.8,0.2,0.0,0.18000000000000002,0.22000000000000003,0.12000000000000002,0.28,1392.3603754540204,1278.5441116740205
1975-08-10,Paraguay,Ecuador,3.0,1.0,Copa América,False,H,4,4.0,5.0,1.4,1.8,1.8,2.4,0.30000000000000004,0.1,0.13999999999999999,0.18,0.18000000000000002,0.24000000000000005,1405.9824575208008,1251.198240139344
1975-08-10,Argentina,Venezuela,11.0,0.0,Copa América,False,H,4,4.0,3.0,1.6,1.6,2.0,3.8,1.1,0.0,0.16,0.16,0.2,0.38,1558.0982178222132,1395.221260981591
1975-08-13,Brazil,Venezuela,6.0,0.0,Copa América,False,H,4,9.0,3.0,1.6,1.4,1.0,5.0,0.6000000000000001,0.0,0.16,0.14,0.1,0.5,1731.9235060065998,1372.7103513365412
1975-08-13,Chile,Bolivia,4.0,0.0,Copa América,False,H,4,3.0,4.0,0.6,0.6,1.0,1.6,0.4,0.0,0.06000000000000001,0.06000000000000001,0.1,0.16,1483.289912103961,1425.5737146850495
1975-08-16,Argentina,Brazil,0.0,1.0,Copa América,False,A,4,7.0,9.0,3.8,2.4,1.2,0.8,0.0,0.1,0.38,0.24000000000000005,0.12000000000000002,0.08,1580.609127467263,1740.904817541823
1975-08-20,Peru,Chile,3.0,1.0,Copa América,False,H,4,7.0,6.0,1.6,1.4,1.8,0.8,0.30000000000000004,0.1,0.16,0.14,0.18000000000000002,0.08,1570.7920280980807,1516.7055456657295
1975-09-21,Colombia,Uruguay,3.0,0.0,Copa América,False,H,4,12.0,1.0,2.0,0.4,1.0,2.0,0.30000000000000004,0.0,0.2,0.04,0.1,0.2,1419.7062469886969,1485.277444864297
1975-09-30,Brazil,Peru,1.0,3.0,Copa América,False,A,4,12.0,10.0,2.6,2.0,0.4,1.4,0.1,0.30000000000000004,0.26,0.2,0.04,0.14,1763.6568743248527,1604.6149104469312
1975-10-01,Uruguay,Colombia,1.0,0.0,Copa América,False,H,4,1.0,15.0,0.2,2.0,2.0,0.2,0.1,0.0,0.02,0.2,0.2,0.02,1437.8166532405394,1467.1670386124545
1975-10-04,Peru,Brazil,0.0,2.0,Copa América,False,A,4,13.0,12.0,2.2,2.8,0.8,0.8,0.0,0.2,0.22000000000000003,0.28,0.08,0.08,1661.7451680556007,1706.526616716183
1975-10-16,Colombia,Peru,1.0,0.0,Copa América,False,H,4,12.0,12.0,1.8,2.0,0.4,1.0,0.1,0.0,0.18000000000000002,0.20000000000000004,0.04,0.1,1423.7959659130133,1626.8724610444056
1975-10-22,Peru,Colombia,2.0,0.0,Copa América,False,H,4,9.0,12.0,1.8,1.4,1.2,0.2,0.2,0.0,0.18000000000000002,0.14,0.12000000000000002,0.02,1565.8352910371914,1484.8331359202275
1975-10-28,Colombia,Peru,0.0,1.0,Copa América,True,A,4,9.0,9.0,1.2,1.6,0.6,1.0,0.0,0.1,0.12000000000000002,0.16,0.06000000000000001,0.1,1453.9934799057744,1596.6749470516445
1976-02-29,Egypt,Guinea,1.0,1.0,African Cup of Nations,True,D,3,12.0,6.0,2.6,1.4,1.0,1.4,0.1,0.1,0.26,0.14,0.1,0.14,1651.1806829347543,1502.4084743352614
1976-02-29,Ethiopia,Uganda,2.0,0.0,African Cup of Nations,False,H,3,0.0,1.0,1.0,0.8,3.2,2.2,0.2,0.0,0.1,0.08,0.32000000000000006,0.22000000000000003,1391.261326556594,1349.3021061681366
1976-03-01,Morocco,Sudan,2.0,2.0,African Cup of Nations,True,D,3,4.0,8.0,0.8,1.4,1.4,1.4,0.2,0.2,0.08,0.14,0.14,0.14,1440.851536403241,1529.773348524284
1976-03-01,Nigeria,DR Congo,4.0,2.0,African Cup of Nations,True,H,3,0.0,4.0,1.5,0.8,5.0,3.2,0.4,0.2,0.15000000000000002,0.08,0.5,0.32,1444.5334966624475,1450.3653770043481
1976-03-03,Ethiopia,Guinea,1.0,2.0,African Cup of Nations,False,A,3,3.0,6.0,1.0,1.2,2.6,1.2,0.1,0.2,0.1,0.12000000000000002,0.26000000000000006,0.12000000000000002,1417.6557881270828,1514.522973126293
1976-03-03,Egypt,Uganda,2.0,1.0,African Cup of Nations,True,H,3,10.0,1.0,2.4,0.8,1.0,1.8,0.2,0.1,0.24000000000000005,0.08,0.1,0.18,1639.0661841437227,1322.9076445976477
1976-03-04,Morocco,DR Congo,1.0,0.0,African Cup of Nations,True,H,3,5.0,3.0,1.2,0.8,1.2,3.6,0.1,0.0,0.12000000000000002,0.08,0.12000000000000002,0.36,1448.3662926916013,1419.8618592649511
1976-03-04,Nigeria,Sudan,1.0,0.0,African Cup of Nations,True,H,3,3.0,6.0,2.3333333333333335,1.4,4.0,1.6,0.1,0.0,0.23333333333333336,0.14,0.4000000000000001,0.16,1475.0370144018445,1522.2585922359237
1976-03-05,Ethiopia,Egypt,1.0,1.0,African Cup of Nations,False,D,3,3.0,10.0,1.2,2.2,2.8,1.0,0.1,0.1,0.12000000000000002,0.22000000000000003,0.28,0.1,1395.8097822557763,1647.4325415819578
1976-03-05,Guinea,Uganda,2.0,1.0,African Cup of Nations,True,H,3,8.0,1.0,1.4,0.8,1.2,1.8,0.2,0.1,0.14,0.08,0.12000000000000002,0.18,1536.3689789975995,1314.5412871594126
1976-03-06,Morocco,Nigeria,3.0,1.0,African Cup of Nations,True,H,3,7.0,6.0,1.2,2.0,1.0,3.0,0.30000000000000004,0.1,0.12000000000000002,0.2,0.1,0.30000000000000004,1475.9105294612355,1509.0895301219928
1976-03-06,Sudan,DR Congo,1.0,1.0,African Cup of Nations,True,D,3,3.0,0.0,1.2,0.4,1.8,3.8,0.1,0.1,0.12000000000000002,0.04,0.18,0.38,1488.2060765157755,1392.317622495317
1976-03-09,Egypt,Morocco,1.0,2.0,African Cup of Nations,True,A,3,8.0,9.0,2.0,1.6,1.2,1.0,0.1,0.2,0.2,0.16,0.12000000000000002,0.1,1628.8468901712092,1508.7667573512874
1976-03-09,Guinea,Nigeria,1.0,1.0,African Cup of Nations,True,D,3,11.0,6.0,1.6,1.8,1.0,3.0,0.1,0.1,0.16,0.18000000000000002,0.1,0.30000000000000004,1549.4532431375299,1476.2333022319408
1976-03-11,Egypt,Guinea,2.0,4.0,African Cup of Nations,True,A,3,8.0,9.0,1.8,1.4,1.0,1.0,0.2,0.4,0.18,0.14,0.1,0.1,1588.8723698903493,1543.2228895125788
1976-03-11,Morocco,Nigeria,2.0,1.0,African Cup of Nations,True,H,3,11.0,7.0,1.8,1.4,1.0,2.0,0.2,0.1,0.18000000000000002,0.14,0.1,0.2,1548.7412776321473,1482.4636558568918
1976-03-14,Egypt,Nigeria,2.0,3.0,African Cup of Nations,True,A,3,5.0,7.0,1.4,1.6,1.8,1.6,0.2,0.30000000000000004,0.14,0.16,0.18,0.16,1554.9532035325208,1458.1181026347701
1976-03-14,Guinea,Morocco,1.0,1.0,African Cup of Nations,True,D,3,11.0,13.0,2.0,2.0,1.2,1.0,0.1,0.1,0.2,0.2,0.12000000000000002,0.1,1577.1420558704074,1573.086830854269
1976-06-03,Kuwait,Malaysia,2.0,0.0,AFC Asian Cup,True,H,3,6.0,0.0,1.3333333333333333,0.0,1.6666666666666667,0.0,0.2,0.0,0.13333333333333333,0.0,0.16666666666666666,0.0,1523.0529649581495,1500.0
1976-06-04,Iran,Iraq,2.0,0.0,AFC Asian Cup,False,H,3,15.0,2.0,2.4,0.3333333333333333,0.8,1.3333333333333333,0.2,0.0,0.24000000000000005,0.03333333333333333,0.08,0.13333333333333333,1698.1668044023183,1482.1175418135927
1976-06-05,China PR,Malaysia,1.0,1.0,AFC Asian Cup,True,D,3,0.0,0.0,0.0,0.0,0.0,2.0,0.1,0.1,0.0,0.0,0.0,0.2,1500.0,1471.9876369655976
1976-06-06,Iraq,Yemen DPR,1.0,0.0,AFC Asian Cup,True,H,3,2.0,0.0,0.25,0.0,1.5,0.0,0.1,0.0,0.025,0.0,0.15000000000000002,0.0,1468.6897722128156,1500.0
1976-06-07,China PR,Kuwait,0.0,1.0,AFC Asian Cup,True,A,3,1.0,9.0,1.0,1.5,1.0,1.25,0.0,0.1,0.1,0.15000000000000002,0.1,0.125,1497.5864456967906,1551.0653279925518
1976-06-08,Iran,Yemen DPR,8.0,0.0,AFC Asian Cup,False,H,3,15.0,0.0,2.4,0.0,0.8,1.0,0.8,0.0,0.24000000000000005,0.0,0.08,0.1,1711.5945740030954,1467.3037526429362
1976-06-11,Iran,China PR,2.0,0.0,AFC Asian Cup,False,H,3,15.0,1.0,3.4,0.5,0.8,1.0,0.2,0.0,0.34,0.05,0.08,0.1,1723.4041366507245,1472.1680569103253
1976-06-11,Iraq,Kuwait,2.0,3.0,AFC Asian Cup,True,A,3,5.0,12.0,0.4,1.4,1.2,1.0,0.2,0.30000000000000004,0.04,0.14,0.12000000000000002,0.1,1501.3860195698794,1576.4837167790172
1976-06-13,Iran,Kuwait,1.0,0.0,AFC Asian Cup,False,H,3,15.0,12.0,3.2,1.6,0.4,1.4,0.1,0.0,0.32,0.16,0.04,0.14,1734.8390732429589,1600.0983931812389
1976-06-13,China PR,Iraq,1.0,0.0,AFC Asian Cup,True,H,3,1.0,4.0,0.3333333333333333,0.8,1.3333333333333333,1.8,0.1,0.0,0.03333333333333333,0.08,0.13333333333333333,0.18000000000000002,1460.7331203180909,1477.7713431676577
1976-06-16,Czechoslovakia,Netherlands,3.0,1.0,UEFA Euro,True,H,4,3.0,12.0,1.2,2.6,2.2,0.6,0.30000000000000004,0.1,0.12000000000000002,0.26,0.22000000000000003,0.06000000000000001,1457.257848625965,1700.1990778924476
1976-06-17,Yugoslavia,Germany,2.0,4.0,UEFA Euro,False,A,4,4.0,12.0,2.4,1.8,1.4,0.8,0.2,0.4,0.24,0.18,0.14,0.08,1503.9630755203957,1887.1877718123121
1976-06-19,Yugoslavia,Netherlands,2.0,3.0,UEFA Euro,False,A,4,1.0,9.0,1.0,2.0,2.2,1.0,0.2,0.30000000000000004,0.1,0.2,0.22000000000000003,0.1,1496.0261707236893,1636.0436446587728
1976-06-20,Czechoslovakia,Germany,2.0,2.0,UEFA Euro,True,D,4,3.0,15.0,1.2,2.6,2.2,1.0,0.2,0.2,0.12000000000000002,0.26,0.22000000000000003,0.1,1521.4132818596395,1895.1246766090185
1978-03-05,Nigeria,Burkina Faso,4.0,2.0,African Cup of Nations,True,H,3,7.0,0.0,1.4,0.0,1.6,0.0,0.4,0.2,0.14,0.0,0.16,0.0,1496.269530996068,1500.0
1978-03-05,Ghana,Zambia,2.0,1.0,African Cup of Nations,False,H,3,8.0,7.0,1.2,1.6,0.8,1.8,0.2,0.1,0.12000000000000002,0.16,0.08,0.18000000000000002,1622.3048832091686,1529.9454281509925
1978-03-06,Congo,Uganda,1.0,3.0,African Cup of Nations,True,A,3,7.0,1.0,1.4,0.8,2.0,1.8,0.1,0.30000000000000004,0.14,0.08,0.2,0.18,1512.638813887366,1301.4570230194822
1978-03-06,Morocco,Tunisia,1.0,1.0,African Cup of Nations,True,D,3,13.0,5.0,1.8,1.8,0.8,1.6,0.1,0.1,0.18000000000000002,0.18,0.08,0.16,1573.4369712293842,1472.8626459354819
1978-03-08,Burkina Faso,Zambia,0.0,2.0,African Cup of Nations,True,A,3,0.0,7.0,2.0,1.6,4.0,1.6,0.0,0.2,0.2,0.16,0.4,0.16,1469.6778977909744,1507.737692599794
1978-03-08,Ghana,Nigeria,1.0,1.0,African Cup of Nations,False,D,3,8.0,7.0,1.2,2.0,1.0,2.0,0.1,0.1,0.12000000000000002,0.2,0.1,0.2,1644.512618760367,1526.5916332050936
1978-03-09,Congo,Morocco,0.0,1.0,African Cup of Nations,True,A,3,4.0,11.0,1.2,1.8,2.6,1.0,0.0,0.1,0.12000000000000002,0.18000000000000002,0.26,0.1,1466.3608794328252,1564.9873927664019
1978-03-09,Tunisia,Uganda,3.0,1.0,African Cup of Nations,True,H,3,5.0,3.0,1.8,1.0,1.6,1.6,0.30000000000000004,0.1,0.18,0.1,0.16,0.16,1481.3122243984642,1347.734957474023
1978-03-10,Nigeria,Zambia,0.0,0.0,African Cup of Nations,True,D,3,8.0,7.0,2.0,1.8,1.6,1.6,0.0,0.0,0.2,0.18,0.16,0.16,1536.3999861799075,1534.46442842922
1978-03-10,Ghana,Burkina Faso,3.0,0.0,African Cup of Nations,False,H,3,8.0,0.0,1.2,1.0,1.0,3.0,0.30000000000000004,0.0,0.12000000000000002,0.1,0.1,0.30000000000000004,1634.7042657855532,1442.9511619615482
1978-03-11,Congo,Tunisia,0.0,0.0,African Cup of Nations,True,D,3,1.0,8.0,0.8,2.0,2.6,1.0,0.0,0.0,0.08,0.2,0.26,0.1,1444.655369047673,1500.3148280235723
1978-03-11,Morocco,Uganda,0.0,3.0,African Cup of Nations,True,A,3,11.0,3.0,1.4,1.2,0.8,2.0,0.0,0.30000000000000004,0.14,0.12000000000000002,0.08,0.2,1586.692903151554,1328.732353848915
1978-03-14,Ghana,Tunisia,1.0,0.0,African Cup of Nations,False,H,3,10.0,6.0,1.6,1.2,0.8,1.0,0.1,0.0,0.16,0.12000000000000002,0.08,0.1,1649.645759874824,1495.5495006828646
1978-03-14,Nigeria,Uganda,1.0,2.0,African Cup of Nations,True,A,3,8.0,6.0,1.8,1.8,1.4,1.6,0.1,0.2,0.18000000000000002,0.18000000000000002,0.14,0.16,1536.232858418012,1377.651411212547
1978-03-16,Ghana,Uganda,2.0,0.0,African Cup of Nations,False,H,3,10.0,9.0,1.4,2.0,0.6,1.4,0.2,0.0,0.14,0.2,0.06000000000000001,0.14,1667.148906373265,1420.4666146872496
1978-06-01,Germany,Poland,0.0,0.0,FIFA World Cup,True,D,5,13.0,12.0,2.6,1.2,1.4,0.6,0.0,0.0,0.26,0.12000000000000002,0.14,0.06000000000000001,1863.461791764221,1751.8845584956835
1978-06-02,Argentina,Hungary,2.0,1.0,FIFA World Cup,False,H,5,7.0,6.0,3.6,1.6,1.0,1.4,0.2,0.1,0.36,0.16,0.1,0.14,1557.8570706842333,1467.1756164828498
1978-06-02,France,Italy,1.0,2.0,FIFA World Cup,True,A,5,1.0,7.0,1.2,2.0,2.4,2.2,0.1,0.2,0.12000000000000002,0.2,0.24,0.22000000000000003,1414.5027877438843,1645.4357059682654
1978-06-02,Mexico,Tunisia,1.0,3.0,FIFA World Cup,True,A,5,8.0,5.0,1.2,1.2,0.8,1.2,0.1,0.30000000000000004,0.12000000000000002,0.12000000000000002,0.08,0.12000000000000002,1459.204558193842,1478.0463541844238
1978-06-03,Peru,Scotland,3.0,1.0,FIFA World Cup,True,H,5,9.0,5.0,1.2,1.2,0.8,1.2,0.30000000000000004,0.1,0.12000000000000002,0.12000000000000002,0.08,0.12000000000000002,1621.1132808777697,1494.7144695652291
1978-06-03,Iran,Netherlands,0.0,3.0,FIFA World Cup,True,A,5,15.0,9.0,3.0,1.8,0.2,1.4,0.0,0.30000000000000004,0.3,0.18000000000000002,0.02,0.14,1753.7548261531456,1660.7430350281124
1978-06-03,Austria,Spain,2.0,1.0,FIFA World Cup,True,H,5,4.0,9.0,1.2,1.6,2.8,1.4,0.2,0.1,0.12000000000000002,0.16,0.28,0.14,1538.9928608637956,1534.183313459895
1978-06-03,Brazil,Sweden,1.0,1.0,FIFA World Cup,True,D,5,12.0,7.0,2.4,1.4,0.8,1.2,0.1,0.1,0.24000000000000005,0.14,0.08,0.12000000000000002,1741.3993237273783,1627.5398116339811
1978-06-06,Argentina,France,2.0,1.0,FIFA World Cup,False,H,5,9.0,1.0,3.8,0.6,1.0,1.8,0.2,0.1,0.38,0.06000000000000001,0.1,0.18,1595.0954361626866,1393.576208915306
1978-06-06,Germany,Mexico,6.0,0.0,FIFA World Cup,True,H,5,11.0,7.0,1.8,1.4,1.0,1.4,0.6000000000000001,0.0,0.18,0.14,0.1,0.14,1847.934694120481,1411.9134554969255
1978-06-06,Hungary,Italy,1.0,3.0,FIFA World Cup,True,A,5,3.0,7.0,1.2,1.6,1.6,1.8,0.1,0.30000000000000004,0.12000000000000002,0.16,0.16,0.18,1429.9372510043966,1666.3622847968436
1978-06-06,Poland,Tunisia,1.0,0.0,FIFA World Cup,True,H,5,10.0,8.0,0.8,1.4,0.4,0.8,0.1,0.0,0.08,0.14,0.04,0.08,1767.4116561394235,1525.3374568813404
1978-06-07,Austria,Sweden,1.0,0.0,FIFA World Cup,True,H,5,7.0,7.0,1.4,1.6,1.8,1.4,0.1,0.0,0.14,0.16,0.18000000000000002,0.14,1588.3007555624692,1643.3630730405005
1978-06-07,Brazil,Spain,0.0,0.0,FIFA World Cup,True,D,5,10.0,6.0,2.2,1.4,0.8,1.6,0.0,0.0,0.22000000000000003,0.14,0.08,0.16,1725.576062320859,1484.8754187612215
1978-06-07,Iran,Scotland,1.0,1.0,FIFA World Cup,True,D,5,12.0,5.0,2.6,1.0,0.6,1.2,0.1,0.1,0.26,0.1,0.06000000000000001,0.12000000000000002,1690.6802164276983,1462.1425290496693
1978-06-07,Netherlands,Peru,0.0,0.0,FIFA World Cup,True,D,5,9.0,9.0,2.0,1.2,1.4,0.8,0.0,0.0,0.2,0.12000000000000002,0.14,0.08,1723.8176447535598,1653.6852213933296
1978-06-10,France,Hungary,3.0,1.0,FIFA World Cup,True,H,5,1.0,0.0,0.8,0.8,1.8,2.0,0.30000000000000004,0.1,0.08,0.08,0.18,0.2,1369.710169446711,1409.5290120929092
1978-06-10,Mexico,Poland,1.0,3.0,FIFA World Cup,True,A,5,6.0,10.0,1.4,0.8,2.6,0.4,0.1,0.30000000000000004,0.14,0.08,0.26000000000000006,0.04,1404.3970275461168,1787.2967567792853
1978-06-10,Argentina,Italy,0.0,1.0,FIFA World Cup,False,A,5,9.0,10.0,3.2,2.0,1.0,1.2,0.0,0.1,0.32,0.2,0.1,0.12000000000000002,1618.9614756312817,1686.770523708331
1978-06-10,Germany,Tunisia,0.0,0.0,FIFA World Cup,True,D,5,11.0,7.0,2.8,1.2,1.0,0.8,0.0,0.0,0.28,0.12000000000000002,0.1,0.08,1855.4511220712898,1505.4523562414786
1978-06-11,Spain,Sweden,1.0,0.0,FIFA World Cup,True,H,5,4.0,4.0,1.0,1.0,1.4,1.6,0.1,0.0,0.1,0.1,0.14,0.16,1514.8640551124415,1585.5046508854468
1978-06-11,Austria,Brazil,0.0,1.0,FIFA World Cup,True,A,5,7.0,8.0,1.0,1.0,1.6,0.8,0.0,0.1,0.1,0.1,0.16,0.08,1646.1591777175229,1695.5874259696388
1978-06-11,Iran,Peru,1.0,4.0,FIFA World Cup,True,A,5,10.0,10.0,2.4,1.2,0.8,0.4,0.1,0.4,0.24000000000000005,0.12000000000000002,0.08,0.04,1661.8358658629745,1663.6432038084806
1978-06-11,Netherlands,Scotland,2.0,3.0,FIFA World Cup,True,A,5,7.0,6.0,1.6,1.0,1.4,1.0,0.2,0.30000000000000004,0.16,0.1,0.14,0.1,1713.8596623384087,1490.986879614393
1978-06-14,Germany,Italy,0.0,0.0,FIFA World Cup,True,D,5,9.0,10.0,2.4,1.6,0.8,1.0,0.0,0.0,0.24000000000000005,0.16,0.08,0.1,1817.2173661234165,1727.1340630240688
1978-06-14,Brazil,Peru,3.0,0.0,FIFA World Cup,True,H,5,8.0,13.0,1.0,2.0,0.8,0.4,0.30000000000000004,0.0,0.1,0.2,0.08,0.04,1738.521733965995,1713.3831093163335
1978-06-14,Argentina,Poland,2.0,0.0,FIFA World Cup,False,H,5,9.0,10.0,3.0,1.0,0.8,0.4,0.2,0.0,0.3,0.1,0.08,0.04,1578.5979363155438,1797.2346181144733
1978-06-14,Austria,Netherlands,1.0,5.0,FIFA World Cup,True,A,5,7.0,7.0,1.0,1.8,1.2,1.6,0.1,0.5,0.1,0.18000000000000002,0.12000000000000002,0.16,1603.2248697211667,1635.5643603137783
1978-06-18,Argentina,Brazil,0.0,0.0,FIFA World Cup,False,D,5,9.0,11.0,1.2,1.4,0.8,0.2,0.0,0.0,0.12000000000000002,0.14,0.08,0.02,1656.475987992601,1784.9102950873175
1978-06-18,Austria,Italy,0.0,1.0,FIFA World Cup,True,A,5,7.0,10.0,1.2,1.4,1.8,0.8,0.0,0.1,0.12000000000000002,0.14,0.18,0.08,1557.8655021403308,1739.8151890136671
1978-06-18,Germany,Netherlands,2.0,2.0,FIFA World Cup,True,D,5,7.0,10.0,1.6,2.6,0.4,1.2,0.2,0.2,0.16,0.26,0.04,0.12000000000000002,1804.5362401338182,1680.923727894614
1978-06-18,Peru,Poland,0.0,1.0,FIFA World Cup,True,A,5,10.0,10.0,1.6,1.0,1.0,0.6,0.0,0.1,0.16,0.1,0.1,0.06000000000000001,1666.994548195011,1719.3565664374162
1978-06-21,Italy,Netherlands,1.0,2.0,FIFA World Cup,True,A,5,13.0,8.0,1.4,2.4,0.4,1.2,0.1,0.2,0.14,0.24000000000000005,0.04,0.12000000000000002,1765.7879152781868,1697.998543959458
1978-06-21,Brazil,Poland,3.0,1.0,FIFA World Cup,True,H,5,9.0,10.0,1.0,1.0,0.2,0.6,0.30000000000000004,0.1,0.1,0.1,0.02,0.06000000000000001,1767.225421259734,1761.877605189342
1978-06-21,Argentina,Peru,6.0,0.0,FIFA World Cup,False,H,5,10.0,7.0,1.2,1.4,0.6,1.2,0.6000000000000001,0.0,0.12000000000000002,0.14,0.06000000000000001,0.12000000000000002,1674.1608618201844,1624.4735094430853
1978-06-21,Austria,Germany,3.0,2.0,FIFA World Cup,True,H,5,6.0,7.0,0.8,1.6,1.6,0.4,0.30000000000000004,0.2,0.08,0.16,0.16,0.04,1531.8927758758111,1787.4614240689743
1978-06-24,Brazil,Italy,2.0,1.0,FIFA World Cup,True,H,5,11.0,10.0,1.4,1.2,0.2,0.6,0.2,0.1,0.14,0.12000000000000002,0.02,0.06000000000000001,1816.4558694354762,1706.1541811541215
1978-06-25,Argentina,Netherlands,3.0,1.0,FIFA World Cup,False,H,5,10.0,8.0,2.0,2.2,0.4,1.4,0.30000000000000004,0.1,0.2,0.22000000000000003,0.04,0.14,1717.0586302212241,1757.6322780835233
1979-07-18,Bolivia,Argentina,2.0,1.0,Copa América,False,H,4,4.0,10.0,0.6,2.2,1.8,0.4,0.2,0.1,0.06000000000000001,0.22000000000000003,0.18000000000000002,0.04,1392.158081123281,1772.871248028831
1979-07-26,Bolivia,Brazil,2.0,1.0,Copa América,False,H,4,6.0,13.0,1.0,1.8,2.0,0.4,0.2,0.1,0.1,0.18000000000000002,0.2,0.04,1464.1172120229598,1851.094823644682
1979-08-01,Venezuela,Colombia,0.0,0.0,Copa América,False,D,4,0.0,6.0,0.8,0.8,6.2,0.8,0.0,0.0,0.08,0.08,0.62,0.08,1363.729039801318,1429.5551460796491
1979-08-02,Brazil,Argentina,2.0,1.0,Copa América,False,H,4,10.0,10.0,1.8,2.4,0.8,0.6,0.2,0.1,0.18000000000000002,0.24000000000000005,0.08,0.06000000000000001,1778.8786064090277,1700.912117129152
1979-08-08,Argentina,Bolivia,3.0,0.0,Copa América,False,H,4,7.0,6.0,2.2,1.0,1.0,2.0,0.30000000000000004,0.0,0.22000000000000003,0.1,0.1,0.2,1669.7406408534166,1536.3334292586142
1979-08-08,Venezuela,Chile,1.0,1.0,Copa América,False,D,4,1.0,5.0,0.2,1.4,5.2,1.2,0.1,0.1,0.02,0.14,0.52,0.12000000000000002,1371.2181539727972,1482.882663316879
1979-08-15,Colombia,Chile,1.0,0.0,Copa América,False,H,4,4.0,5.0,0.2,1.6,0.8,1.4,0.1,0.0,0.02,0.16,0.08,0.14,1422.06603190817,1470.4519068755721
1979-08-16,Brazil,Bolivia,2.0,0.0,Copa América,False,H,4,10.0,6.0,1.6,1.0,1.0,2.4,0.2,0.0,0.16,0.1,0.1,0.24000000000000005,1810.050082684763,1510.9796739953924
1979-08-22,Colombia,Venezuela,4.0,0.0,Copa América,False,H,4,7.0,2.0,0.4,0.4,0.6,4.6,0.4,0.0,0.04,0.04,0.06000000000000001,0.4600000000000001,1467.6009248254638,1383.648910414104
1979-08-23,Argentina,Brazil,2.0,2.0,Copa América,False,D,4,9.0,12.0,2.8,2.0,1.0,1.0,0.2,0.2,0.28,0.2,0.1,0.1,1695.0943961166383,1822.1834247469064
1979-08-29,Ecuador,Paraguay,1.0,2.0,Copa América,False,A,4,4.0,7.0,1.6,2.0,2.6,1.6,0.1,0.2,0.16,0.2,0.26000000000000006,0.16,1227.9261177610765,1429.2545798990684
1979-08-29,Chile,Venezuela,7.0,0.0,Copa América,False,H,4,4.0,2.0,1.4,0.2,1.4,4.4,0.7000000000000001,0.0,0.14,0.02,0.14,0.44000000000000006,1424.9170139582784,1353.1304262143135
1979-09-05,Ecuador,Uruguay,2.0,1.0,Copa América,False,H,4,1.0,4.0,1.0,0.4,2.4,1.8,0.2,0.1,0.1,0.04,0.24000000000000005,0.18000000000000002,1208.8173190136763,1481.1877259399805
1979-09-05,Chile,Colombia,2.0,0.0,Copa América,False,H,4,7.0,7.0,2.6,1.0,1.0,0.6,0.2,0.0,0.26,0.1,0.1,0.06000000000000001,1456.7679137735665,1498.1194090252543
1979-09-13,Paraguay,Ecuador,2.0,0.0,Copa América,False,H,4,7.0,3.0,1.4,1.0,1.2,2.2,0.2,0.0,0.14,0.1,0.12000000000000002,0.22000000000000003,1448.3633786464686,1275.015928361432
1979-09-16,Uruguay,Ecuador,2.0,1.0,Copa América,False,H,4,4.0,3.0,0.6,0.8,1.8,2.0,0.2,0.1,0.06000000000000001,0.08,0.18000000000000002,0.2,1414.9891165922245,1253.467066167889
1979-09-20,Paraguay,Uruguay,0.0,0.0,Copa América,False,D,4,10.0,6.0,1.8,0.8,1.0,1.8,0.0,0.0,0.18000000000000002,0.08,0.1,0.18000000000000002,1469.9122408400117,1437.6264103316282
1979-09-26,Uruguay,Paraguay,2.0,2.0,Copa América,False,D,4,7.0,10.0,0.8,1.4,1.2,0.6,0.2,0.2,0.08,0.14,0.12000000000000002,0.06000000000000001,1441.3327915508323,1466.2058596208076
1979-10-17,Peru,Chile,1.0,2.0,Copa América,False,A,4,4.0,7.0,0.8,2.2,2.2,1.0,0.1,0.2,0.08,0.22000000000000003,0.22000000000000003,0.1,1581.5757410420456,1501.506327601678
1979-10-24,Chile,Peru,0.0,0.0,Copa América,False,D,4,10.0,3.0,2.4,1.0,0.6,2.6,0.0,0.0,0.24000000000000005,0.1,0.06000000000000001,0.26000000000000006,1550.5648552249345,1532.5172134187892
1979-10-24,Paraguay,Brazil,2.0,1.0,Copa América,False,H,4,11.0,10.0,1.8,1.8,0.8,1.2,0.2,0.1,0.18000000000000002,0.18,0.08,0.12000000000000002,1463.3471240212182,1808.1712158481678
1979-10-31,Brazil,Paraguay,2.0,2.0,Copa América,False,D,4,7.0,11.0,1.6,1.6,1.4,0.8,0.2,0.2,0.16,0.16,0.14,0.08,1737.8344433965851,1533.6838964728008
1979-11-28,Paraguay,Chile,3.0,0.0,Copa América,False,H,4,9.0,10.0,1.6,2.2,1.0,0.4,0.30000000000000004,0.0,0.16,0.22000000000000003,0.1,0.04,1554.8103726724203,1548.4889105226855
1979-12-05,Chile,Paraguay,1.0,0.0,Copa América,False,H,4,10.0,9.0,2.2,1.8,0.8,1.0,0.1,0.0,0.22000000000000003,0.18000000000000002,0.08,0.1,1509.216615449128,1594.0826677459777
1979-12-11,Chile,Paraguay,0.0,0.0,Copa América,True,D,4,10.0,8.0,1.0,1.8,0.8,1.2,0.0,0.0,0.1,0.18000000000000002,0.08,0.12000000000000002,1558.797388928828,1544.5018942662778
1980-03-08,Egypt,Ivory Coast,2.0,1.0,African Cup of Nations,True,H,3,4.0,1.0,1.6,0.8,2.2,2.0,0.2,0.1,0.16,0.08,0.22000000000000003,0.2,1516.801775171223,1456.6086029249925
1980-03-08,Nigeria,Tanzania,3.0,1.0,African Cup of Nations,False,H,3,8.0,0.0,1.8,0.0,1.4,0.0,0.30000000000000004,0.1,0.18000000000000002,0.0,0.14,0.0,1493.4176549433093,1500.0
1980-03-09,Guinea,Morocco,1.0,1.0,African Cup of Nations,True,D,3,11.0,8.0,2.0,1.0,1.2,1.2,0.1,0.1,0.2,0.1,0.12000000000000002,0.12000000000000002,1576.7919154952922,1537.773845787922
1980-03-09,Algeria,Ghana,0.0,0.0,African Cup of Nations,True,D,3,3.0,13.0,1.6666666666666667,1.8,2.0,0.4,0.0,0.0,0.16666666666666666,0.18000000000000002,0.20000000000000004,0.04,1466.9523544926553,1678.8284375460196
1980-03-12,Egypt,Tanzania,2.0,1.0,African Cup of Nations,True,H,3,4.0,0.0,1.6,1.0,2.2,3.0,0.2,0.1,0.16,0.1,0.22000000000000003,0.30000000000000004,1541.6556638792413,1469.431702631656
1980-03-12,Nigeria,Ivory Coast,0.0,0.0,African Cup of Nations,False,D,3,8.0,1.0,1.8,0.8,1.2,2.0,0.0,0.0,0.18000000000000002,0.08,0.12000000000000002,0.2,1523.9859523116534,1431.7547142169742
1980-03-13,Algeria,Morocco,1.0,0.0,African Cup of Nations,True,H,3,4.0,6.0,1.25,0.8,1.5,1.2,0.1,0.0,0.125,0.08,0.15000000000000002,0.12000000000000002,1483.2725430569546,1541.128844214123
1980-03-13,Ghana,Guinea,1.0,0.0,African Cup of Nations,True,H,3,11.0,9.0,1.4,1.8,0.2,1.2,0.1,0.0,0.14,0.18,0.02,0.12000000000000002,1662.5082489817203,1573.4369170690911
1980-03-15,Ivory Coast,Tanzania,1.0,1.0,African Cup of Nations,True,D,3,2.0,0.0,0.6,1.0,1.4,2.5,0.1,0.1,0.06000000000000001,0.1,0.14,0.25,1439.5366534594675,1445.5797168656818
1980-03-15,Nigeria,Egypt,1.0,0.0,African Cup of Nations,False,H,3,6.0,6.0,1.0,1.8,0.8,2.2,0.1,0.0,0.1,0.18,0.08,0.22000000000000003,1516.20401306916,1565.5076496452155
1980-03-16,Algeria,Guinea,3.0,2.0,African Cup of Nations,True,H,3,7.0,6.0,1.2,1.4,1.2,1.2,0.30000000000000004,0.2,0.12000000000000002,0.14,0.12000000000000002,0.12000000000000002,1518.2225868362216,1550.96377253967
1980-03-16,Ghana,Morocco,0.0,1.0,African Cup of Nations,True,A,3,13.0,5.0,1.4,0.6,0.0,1.2,0.0,0.1,0.14,0.06000000000000001,0.0,0.12000000000000002,1684.9813935111415,1506.1788004348562
1980-03-19,Algeria,Egypt,2.0,2.0,African Cup of Nations,True,D,3,10.0,6.0,1.8,1.6,1.0,2.0,0.2,0.2,0.18000000000000002,0.16,0.1,0.2,1551.041348942578,1531.2787799444454
1980-03-19,Nigeria,Morocco,1.0,0.0,African Cup of Nations,False,H,3,8.0,7.0,1.0,0.6,0.6,1.0,0.1,0.0,0.1,0.06000000000000001,0.06000000000000001,0.1,1550.43288276993,1550.3852665663815
1980-03-21,Egypt,Morocco,0.0,2.0,African Cup of Nations,True,A,3,7.0,4.0,1.6,0.4,1.6,1.2,0.0,0.2,0.16,0.04,0.16,0.12000000000000002,1532.983379323027,1520.3893780798735
1980-03-22,Nigeria,Algeria,3.0,0.0,African Cup of Nations,False,H,3,10.0,8.0,1.2,1.4,0.6,1.4,0.30000000000000004,0.0,0.12000000000000002,0.14,0.06000000000000001,0.14,1580.428771256438,1549.3367495639964
1980-06-11,Czechoslovakia,Germany,0.0,1.0,UEFA Euro,True,A,4,4.0,6.0,1.4,2.0,2.0,1.0,0.0,0.1,0.14,0.2,0.2,0.1,1553.076166704437,1706.137887308293
1980-06-11,Netherlands,Greece,1.0,0.0,UEFA Euro,True,H,4,7.0,0.0,2.4,0.0,2.0,0.0,0.1,0.0,0.24,0.0,0.2,0.0,1701.8196602759165,1500.0
1980-06-12,Belgium,England,1.0,1.0,UEFA Euro,True,D,4,6.0,9.0,1.4,1.2,1.6,0.8,0.1,0.1,0.14,0.12000000000000002,0.16,0.08,1387.0839760777335,1660.83812663998
1980-06-12,Italy,Spain,0.0,0.0,UEFA Euro,False,D,4,7.0,7.0,0.8,1.0,0.8,1.0,0.0,0.0,0.08,0.1,0.08,0.1,1671.5152269449156,1574.8922481695731
1980-06-14,Germany,Netherlands,3.0,2.0,UEFA Euro,True,H,4,6.0,10.0,1.0,2.2,1.0,1.4,0.30000000000000004,0.2,0.1,0.22000000000000003,0.1,0.14,1729.5739759325993,1720.887363974474
1980-06-14,Greece,Czechoslovakia,1.0,3.0,UEFA Euro,True,A,4,0.0,4.0,0.0,1.2,1.0,1.4,0.1,0.30000000000000004,0.0,0.12000000000000002,0.1,0.14,1480.9322963014424,1529.6400780801307
1980-06-15,Italy,England,1.0,0.0,UEFA Euro,False,H,4,5.0,7.0,0.6,1.0,0.8,1.0,0.1,0.0,0.06000000000000001,0.1,0.08,0.1,1660.669278004846,1634.5487855256697
1980-06-15,Belgium,Spain,2.0,1.0,UEFA Euro,True,H,4,4.0,5.0,1.0,0.6,1.8,0.8,0.2,0.1,0.1,0.06000000000000001,0.18,0.08,1413.3733171920437,1585.7381971096427
1980-06-17,Greece,Germany,0.0,0.0,UEFA Euro,True,D,4,0.0,8.0,0.5,1.6,2.0,1.4,0.0,0.0,0.05,0.16,0.2,0.14,1446.5035358385962,1768.57410110565
1980-06-17,Netherlands,Czechoslovakia,1.0,1.0,UEFA Euro,True,D,4,7.0,7.0,1.6,1.6,1.8,1.2,0.1,0.1,0.16,0.16,0.18000000000000002,0.12000000000000002,1681.8872388014233,1564.068838542977
1980-06-18,Italy,Belgium,0.0,0.0,UEFA Euro,False,D,4,7.0,7.0,0.8,1.2,0.8,1.2,0.0,0.0,0.08,0.12000000000000002,0.08,0.12000000000000002,1697.6676981771561,1471.7352862964863
1980-06-18,Spain,England,1.0,2.0,UEFA Euro,True,A,4,5.0,4.0,0.6,0.8,0.8,1.2,0.1,0.2,0.06000000000000001,0.08,0.08,0.12000000000000002,1527.3762280052001,1597.5503653533597
1980-06-21,Italy,Czechoslovakia,1.0,1.0,UEFA Euro,False,D,4,5.0,8.0,0.6,1.8,0.8,1.2,0.1,0.1,0.06000000000000001,0.18000000000000002,0.08,0.12000000000000002,1674.7932060677435,1577.1360933908618
1980-06-22,Belgium,Germany,1.0,2.0,UEFA Euro,True,A,4,8.0,8.0,1.2,1.6,1.0,1.4,0.1,0.2,0.12000000000000002,0.16,0.1,0.14,1494.6097784058989,1739.406535717233
1980-09-15,Kuwait,United Arab Emirates,1.0,1.0,AFC Asian Cup,False,D,3,9.0,0.0,1.2,0.0,1.4,0.0,0.1,0.1,0.12000000000000002,0.0,0.14,0.0,1581.1826402710522,1500.0
1980-09-16,North Korea,Bangladesh,3.0,2.0,AFC Asian Cup,True,H,3,4.0,0.0,1.25,0.0,2.25,0.0,0.30000000000000004,0.2,0.125,0.0,0.225,0.0,1513.596058358604,1500.0
1980-09-16,Malaysia,South Korea,1.0,1.0,AFC Asian Cup,True,D,3,1.0,5.0,0.5,1.4,1.5,1.2,0.1,0.1,0.05,0.14,0.15000000000000002,0.12000000000000002,1474.401191268807,1500.2321561023327
1980-09-17,Iran,Syria,0.0,0.0,AFC Asian Cup,True,D,3,7.0,0.0,1.0,0.0,1.6,0.0,0.0,0.0,0.1,0.0,0.16,0.0,1612.0959603551216,1500.0
1980-09-17,Qatar,United Arab Emirates,2.0,1.0,AFC Asian Cup,True,H,3,0.0,1.0,0.0,1.0,0.0,1.0,0.2,0.1,0.0,0.1,0.0,0.1,1500.0,1506.8850232524267
1980-09-18,North Korea,China PR,2.0,1.0,AFC Asian Cup,True,H,3,7.0,4.0,1.6,0.5,2.2,1.0,0.2,0.1,0.16,0.05,0.22000000000000003,0.1,1542.4226792042152,1492.2031405046616
1980-09-18,Kuwait,Malaysia,3.0,1.0,AFC Asian Cup,False,H,3,10.0,2.0,1.4,0.6666666666666666,0.8,1.3333333333333333,0.30000000000000004,0.1,0.14,0.06666666666666667,0.08,0.13333333333333333,1574.2976170186255,1476.627515536372
1980-09-19,Bangladesh,Syria,0.0,1.0,AFC Asian Cup,True,A,3,0.0,1.0,2.0,0.0,3.0,0.0,0.0,0.1,0.2,0.0,0.30000000000000004,0.0,1471.1733791543888,1509.3567108678312
1980-09-19,Qatar,South Korea,0.0,2.0,AFC Asian Cup,True,A,3,3.0,5.0,2.0,1.6,1.0,1.4,0.0,0.2,0.2,0.16,0.1,0.14,1530.5944228883168,1498.0058318347678
1980-09-20,China PR,Iran,2.0,2.0,AFC Asian Cup,True,D,3,4.0,5.0,0.6,0.6,1.2,1.6,0.2,0.2,0.06000000000000001,0.06000000000000001,0.12000000000000002,0.16,1466.5094951233907,1602.7392494872904
1980-09-20,United Arab Emirates,Malaysia,0.0,2.0,AFC Asian Cup,True,A,3,1.0,2.0,1.0,0.75,1.5,1.75,0.0,0.2,0.1,0.07500000000000001,0.15000000000000002,0.17500000000000002,1476.2906003641099,1454.8456769106708
1980-09-21,Kuwait,South Korea,0.0,3.0,AFC Asian Cup,False,A,3,10.0,5.0,1.6,1.2,1.0,1.2,0.0,0.30000000000000004,0.16,0.12000000000000002,0.1,0.12000000000000002,1596.0794556443266,1530.811533643439
1980-09-22,Bangladesh,Iran,0.0,7.0,AFC Asian Cup,True,A,3,0.0,3.0,1.0,0.8,2.0,2.0,0.0,0.7000000000000001,0.1,0.08,0.2,0.2,1444.457182961267,1591.544153864417
1980-09-23,Syria,China PR,1.0,0.0,AFC Asian Cup,True,H,3,4.0,4.0,0.5,0.8,0.0,1.4,0.1,0.0,0.05,0.08,0.0,0.14,1536.072907060953,1477.704590746264
1980-09-23,Malaysia,Qatar,1.0,1.0,AFC Asian Cup,True,D,3,5.0,3.0,1.0,1.0,1.4,1.5,0.1,0.1,0.1,0.1,0.14,0.15000000000000002,1486.6950324981465,1497.7887210796457
1980-09-24,Iran,North Korea,3.0,2.0,AFC Asian Cup,True,H,3,6.0,10.0,2.2,2.0,1.4,1.8,0.30000000000000004,0.2,0.22000000000000003,0.2,0.14,0.18,1609.5516794067937,1568.1163245854862
1980-09-24,South Korea,United Arab Emirates,4.0,1.0,AFC Asian Cup,True,H,3,8.0,1.0,1.6,0.6666666666666666,0.8,1.6666666666666667,0.4,0.1,0.16,0.06666666666666667,0.08,0.16666666666666666,1566.3818473418653,1444.4412447766342
1980-09-25,China PR,Bangladesh,6.0,0.0,AFC Asian Cup,True,H,3,4.0,0.0,0.8,0.6666666666666666,1.4,3.6666666666666665,0.6000000000000001,0.0,0.08,0.06666666666666667,0.14,0.3666666666666667,1452.6976313175921,1426.4496574188904
1980-09-25,Kuwait,Qatar,4.0,0.0,AFC Asian Cup,False,H,3,7.0,4.0,1.4,1.0,1.6,1.3333333333333333,0.4,0.0,0.14,0.10000000000000002,0.16,0.13333333333333333,1560.5091419459002,1496.8311404141546
1980-09-26,Syria,North Korea,1.0,2.0,AFC Asian Cup,True,A,3,7.0,9.0,0.6666666666666666,2.2,0.0,2.2,0.1,0.2,0.06666666666666667,0.22000000000000003,0.0,0.22000000000000003,1561.079866489625,1541.677274157478
1980-09-28,South Korea,North Korea,2.0,1.0,AFC Asian Cup,True,H,3,10.0,9.0,2.2,2.4,0.8,2.4,0.2,0.1,0.22000000000000003,0.24000000000000005,0.08,0.24000000000000005,1586.2646951925267,1573.3508891905371
1980-09-28,Kuwait,Iran,2.0,1.0,AFC Asian Cup,False,H,3,7.0,8.0,1.6,2.6,1.2,1.6,0.2,0.1,0.16,0.26,0.12000000000000002,0.16,1585.0714917840871,1635.9907298348019
1980-09-29,Iran,North Korea,3.0,0.0,AFC Asian Cup,True,H,3,8.0,9.0,2.6,2.0,1.2,1.8,0.30000000000000004,0.0,0.26,0.2,0.12000000000000002,0.18000000000000002,1601.6252204011946,1544.465443619592
1980-09-30,Kuwait,South Korea,3.0,0.0,AFC Asian Cup,False,H,3,10.0,13.0,2.0,2.4,1.2,0.6,0.30000000000000004,0.0,0.2,0.24000000000000005,0.12000000000000002,0.06000000000000001,1619.4370012176944,1615.1501407634719
1982-03-05,Cameroon,Tunisia,1.0,1.0,African Cup of Nations,True,D,3,10.0,5.0,2.0,0.6,1.0,0.6,0.1,0.1,0.2,0.06000000000000001,0.1,0.06000000000000001,1554.6626924247712,1543.686112189352
1982-03-05,Libya,Ghana,2.0,2.0,African Cup of Nations,False,D,3,0.0,10.0,0.0,0.8,0.0,0.2,0.2,0.2,0.0,0.08,0.0,0.02,1500.0,1640.7749273796162
1982-03-07,Algeria,Zambia,1.0,0.0,African Cup of Nations,True,H,3,8.0,5.0,1.2,1.0,1.4,1.2,0.1,0.0,0.12000000000000002,0.1,0.14,0.12000000000000002,1522.014306631382,1534.6315561911156
1982-03-07,Ethiopia,Nigeria,0.0,3.0,African Cup of Nations,True,A,3,4.0,13.0,1.4,1.6,2.4,0.2,0.0,0.30000000000000004,0.14,0.16,0.24000000000000005,0.02,1414.395433666525,1607.7512141890525
1982-03-09,Libya,Tunisia,2.0,0.0,African Cup of Nations,False,H,3,1.0,5.0,2.0,0.8,2.0,0.8,0.2,0.0,0.2,0.08,0.2,0.08,1511.5312446540786,1544.6335911016033
1982-03-09,Cameroon,Ghana,0.0,0.0,African Cup of Nations,True,D,3,8.0,8.0,1.8,1.0,1.0,0.6,0.0,0.0,0.18,0.1,0.1,0.06000000000000001,1553.7152135125198,1629.2436827255376
1982-03-10,Algeria,Nigeria,2.0,1.0,African Cup of Nations,True,H,3,10.0,13.0,1.4,1.6,1.4,0.0,0.2,0.1,0.14,0.16,0.14,0.0,1553.1032888579944,1622.5894288814154
1982-03-10,Ethiopia,Zambia,0.0,1.0,African Cup of Nations,True,A,3,4.0,4.0,1.0,0.6,2.4,1.0,0.0,0.1,0.1,0.06000000000000001,0.24000000000000005,0.1,1399.557218974162,1503.5425739645032
1982-03-12,Libya,Cameroon,0.0,0.0,African Cup of Nations,False,D,3,4.0,6.0,2.0,1.4,1.0,1.0,0.0,0.0,0.2,0.13999999999999999,0.1,0.1,1544.3809135461731,1560.1360384989869
1982-03-12,Ghana,Tunisia,1.0,0.0,African Cup of Nations,True,H,3,6.0,5.0,0.6,0.8,0.6,1.0,0.1,0.0,0.06000000000000001,0.08,0.06000000000000001,0.1,1622.8228577390705,1511.7839222095088
1982-03-13,Nigeria,Zambia,0.0,3.0,African Cup of Nations,True,A,3,12.0,7.0,1.8,0.8,0.4,0.6,0.0,0.30000000000000004,0.18000000000000002,0.08,0.04,0.06000000000000001,1586.6682503559532,1524.8225846376745
1982-03-13,Algeria,Ethiopia,0.0,0.0,African Cup of Nations,True,D,3,10.0,4.0,1.6,0.8,1.6,1.4,0.0,0.0,0.16,0.08,0.16,0.14,1589.0244673834566,1378.2772083009907
1982-03-16,Algeria,Ghana,2.0,3.0,African Cup of Nations,True,A,3,8.0,8.0,1.0,0.8,1.2,0.6,0.2,0.30000000000000004,0.1,0.08,0.12000000000000002,0.06000000000000001,1572.773024886226,1643.5486173043344
1982-03-16,Libya,Zambia,2.0,1.0,African Cup of Nations,False,H,3,5.0,10.0,1.3333333333333333,1.2,0.6666666666666666,0.2,0.2,0.1,0.13333333333333333,0.12000000000000002,0.06666666666666667,0.02,1545.740388670356,1560.1070711645857
1982-03-18,Algeria,Zambia,0.0,2.0,African Cup of Nations,True,A,3,7.0,7.0,1.0,1.0,1.4,0.6,0.0,0.2,0.1,0.1,0.14,0.06000000000000001,1548.8011275008414,1528.8672586400621
1982-03-19,Libya,Ghana,1.0,1.0,African Cup of Nations,False,D,3,8.0,8.0,1.5,1.2,0.75,1.0,0.1,0.1,0.15000000000000002,0.12000000000000002,0.07500000000000001,0.1,1576.9802011948796,1667.520514689719
1982-06-13,Argentina,Belgium,0.0,1.0,FIFA World Cup,True,A,5,7.0,8.0,2.0,1.2,1.4,1.0,0.0,0.1,0.2,0.12000000000000002,0.14,0.1,1709.106605015377,1478.9004950438373
1982-06-14,Brazil,Russia,2.0,1.0,FIFA World Cup,True,H,5,8.0,9.0,1.8,1.4,1.4,1.0,0.2,0.1,0.18,0.14,0.14,0.1,1716.7079671969657,1590.915746210504
1982-06-14,Italy,Poland,0.0,0.0,FIFA World Cup,True,D,5,6.0,9.0,0.6,1.2,0.6,1.2,0.0,0.0,0.06000000000000001,0.12000000000000002,0.06000000000000001,0.12000000000000002,1663.8370407565315,1712.6471570135998
1982-06-15,Hungary,El Salvador,10.0,1.0,FIFA World Cup,True,H,5,0.0,0.0,0.8,0.0,2.2,3.0,1.0,0.1,0.08,0.0,0.22000000000000003,0.30000000000000004,1353.8235783620853,1349.9874729045907
1982-06-15,Peru,Cameroon,0.0,0.0,FIFA World Cup,True,D,5,1.0,6.0,0.2,1.2,2.4,0.8,0.0,0.0,0.02,0.12,0.24000000000000005,0.08,1534.5931581210382,1558.776563374804
1982-06-15,Scotland,New Zealand,5.0,2.0,FIFA World Cup,True,H,5,6.0,0.0,1.2,0.0,1.4,0.0,0.5,0.2,0.12000000000000002,0.0,0.14,0.0,1569.2821816390235,1500.0
1982-06-16,England,France,3.0,1.0,FIFA World Cup,True,H,5,7.0,3.0,1.2,1.2,1.2,1.8,0.30000000000000004,0.1,0.12000000000000002,0.12000000000000002,0.12000000000000002,0.18,1629.5793675202895,1425.4156031775349
1982-06-16,Germany,Algeria,1.0,2.0,FIFA World Cup,True,A,5,10.0,7.0,1.6,1.0,1.2,1.2,0.1,0.2,0.16,0.1,0.12000000000000002,0.12000000000000002,1755.1158190792946,1517.081785070943
1982-06-16,Spain,Honduras,1.0,1.0,FIFA World Cup,False,D,5,5.0,0.0,0.6,0.0,0.8,0.0,0.1,0.1,0.06000000000000001,0.0,0.08,0.0,1495.3472258382703,1500.0
1982-06-17,Czechoslovakia,Kuwait,1.0,1.0,FIFA World Cup,True,D,5,6.0,12.0,1.4,2.4,1.2,1.0,0.1,0.1,0.14,0.24000000000000005,0.12000000000000002,0.1,1588.0922587020739,1649.0668627141947
1982-06-17,Yugoslavia,Northern Ireland,0.0,0.0,FIFA World Cup,True,D,5,0.0,7.0,1.2,1.2,2.6,2.0,0.0,0.0,0.12000000000000002,0.12000000000000002,0.26,0.2,1471.3267803543497,1540.7694865707049
1982-06-17,Chile,Austria,0.0,1.0,FIFA World Cup,True,A,5,8.0,6.0,0.6,1.0,0.8,1.8,0.0,0.1,0.06000000000000001,0.1,0.08,0.18,1557.1524874361264,1613.2163126364926
1982-06-18,Argentina,Hungary,4.0,1.0,FIFA World Cup,True,H,5,4.0,3.0,1.4,2.8,1.4,2.2,0.4,0.1,0.14,0.27999999999999997,0.14,0.22000000000000003,1630.1024996483898,1403.2715408419149
1982-06-18,Brazil,Scotland,4.0,1.0,FIFA World Cup,True,H,5,8.0,8.0,1.8,2.2,1.4,1.8,0.4,0.1,0.18,0.22000000000000003,0.14,0.18000000000000002,1749.3566437559316,1609.4417625658384
1982-06-18,Italy,Peru,1.0,1.0,FIFA World Cup,True,D,5,7.0,2.0,0.4,0.2,0.2,1.8,0.1,0.1,0.04,0.02,0.02,0.18000000000000002,1670.815531006247,1538.0678202271051
1982-06-19,Belgium,El Salvador,1.0,0.0,FIFA World Cup,True,H,5,8.0,0.0,1.0,0.25,0.8,4.75,0.1,0.0,0.1,0.025,0.08,0.47500000000000003,1557.9046004108245,1300.5395104247611
1982-06-19,Poland,Cameroon,0.0,0.0,FIFA World Cup,True,D,5,7.0,7.0,1.0,1.2,1.2,0.6,0.0,0.0,0.1,0.12,0.12000000000000002,0.06000000000000001,1705.6686667638842,1555.301901268737
1982-06-19,Russia,New Zealand,3.0,0.0,FIFA World Cup,True,H,5,6.0,0.0,0.8,2.0,1.2,5.0,0.30000000000000004,0.0,0.08,0.2,0.12000000000000002,0.5,1558.2670696515381,1459.840419073185
1982-06-20,England,Czechoslovakia,2.0,0.0,FIFA World Cup,True,H,5,7.0,6.0,1.6,1.2,1.4,1.0,0.2,0.0,0.16,0.12000000000000002,0.14,0.1,1653.1699007701482,1596.778216603661
1982-06-20,Germany,Chile,4.0,1.0,FIFA World Cup,True,H,5,10.0,5.0,1.4,0.2,1.0,0.8,0.4,0.1,0.14,0.02,0.1,0.08,1675.3740226230682,1515.151413841915
1982-06-20,Spain,Yugoslavia,2.0,1.0,FIFA World Cup,False,H,5,5.0,1.0,0.8,1.2,1.0,2.2,0.2,0.1,0.08,0.12000000000000002,0.1,0.22000000000000003,1496.0167738399534,1481.1894039537601
1982-06-21,France,Kuwait,4.0,1.0,FIFA World Cup,True,H,5,3.0,10.0,1.2,2.0,2.0,1.0,0.4,0.1,0.12000000000000002,0.2,0.2,0.1,1401.8250699276762,1640.3809048126077
1982-06-21,Honduras,Northern Ireland,1.0,1.0,FIFA World Cup,True,D,5,1.0,5.0,1.0,1.0,1.0,2.0,0.1,0.1,0.1,0.1,0.1,0.2,1499.330451998317,1530.9068629712945
1982-06-21,Algeria,Austria,0.0,2.0,FIFA World Cup,True,A,5,7.0,6.0,1.2,1.0,1.4,1.8,0.0,0.2,0.12000000000000002,0.1,0.14,0.18,1596.8235815271694,1655.217386230704
1982-06-22,Belgium,Hungary,1.0,1.0,FIFA World Cup,True,D,5,10.0,3.0,1.0,2.8,0.6,2.6,0.1,0.1,0.1,0.27999999999999997,0.06000000000000001,0.26,1576.4245070484785,1381.951550348403
1982-06-22,Poland,Peru,5.0,1.0,FIFA World Cup,True,H,5,5.0,3.0,0.4,0.4,1.0,1.8,0.5,0.1,0.04,0.04,0.1,0.18000000000000002,1685.2861369150353,1556.293383874029
1982-06-22,Russia,Scotland,2.0,2.0,FIFA World Cup,True,D,5,6.0,7.0,1.0,2.2,1.2,2.4,0.2,0.2,0.1,0.22000000000000003,0.12000000000000002,0.24000000000000005,1594.4694883866296,1578.5549191769
1982-06-23,Argentina,El Salvador,2.0,0.0,FIFA World Cup,True,H,5,7.0,0.0,2.0,0.2,1.2,4.0,0.2,0.0,0.2,0.02,0.12000000000000002,0.4,1651.4224901419016,1282.0196037871071
1982-06-23,Brazil,New Zealand,4.0,0.0,FIFA World Cup,True,H,5,8.0,0.0,2.2,1.0,1.6,4.0,0.4,0.0,0.22000000000000003,0.1,0.16,0.4,1780.24348714487,1423.6380003380937
1982-06-23,Italy,Cameroon,1.0,1.0,FIFA World Cup,True,D,5,7.0,5.0,0.6,0.2,0.4,0.2,0.1,0.1,0.06000000000000001,0.02,0.04,0.02,1652.5899673593233,1575.684431117586
1982-06-24,France,Czechoslovakia,1.0,1.0,FIFA World Cup,True,D,5,6.0,6.0,2.0,1.2,1.8,1.2,0.1,0.1,0.2,0.12000000000000002,0.18000000000000002,0.12000000000000002,1481.6153460156293,1554.8231112013473
1982-06-24,Honduras,Yugoslavia,0.0,1.0,FIFA World Cup,True,A,5,2.0,1.0,1.0,1.2,1.0,2.2,0.0,0.1,0.1,0.12000000000000002,0.1,0.22000000000000003,1503.8621923860378,1433.321939508348
1982-06-24,Algeria,Chile,3.0,2.0,FIFA World Cup,True,H,5,4.0,4.0,0.8,0.4,1.6,1.6,0.30000000000000004,0.2,0.08,0.04,0.16,0.16,1555.1488822356755,1486.7027803374776
1982-06-25,Spain,Northern Ireland,0.0,1.0,FIFA World Cup,False,A,5,5.0,6.0,1.0,1.0,1.2,1.6,0.0,0.1,0.1,0.1,0.12000000000000002,0.16,1543.8842382853657,1526.3751225835736
1982-06-25,Germany,Austria,1.0,0.0,FIFA World Cup,True,H,5,10.0,9.0,2.0,1.4,1.2,1.6,0.1,0.0,0.2,0.14,0.12000000000000002,0.16,1703.8226561275055,1696.892085522198
1982-06-25,England,Kuwait,1.0,0.0,FIFA World Cup,True,H,5,10.0,10.0,1.6,2.2,0.8,1.2,0.1,0.0,0.16,0.22000000000000003,0.08,0.12000000000000002,1695.1250061724618,1560.5906287246546
1982-06-28,Austria,France,0.0,1.0,FIFA World Cup,True,A,5,9.0,7.0,1.2,2.0,0.8,1.6,0.0,0.1,0.12000000000000002,0.2,0.08,0.16,1647.8893425365873,1491.9975920588813
1982-06-28,Poland,Belgium,3.0,0.0,FIFA World Cup,True,H,5,8.0,8.0,1.4,0.8,0.8,0.6,0.30000000000000004,0.0,0.13999999999999999,0.08,0.08,0.06000000000000001,1717.5309903106306,1551.0353502785863
1982-06-29,Germany,England,0.0,0.0,FIFA World Cup,True,D,5,10.0,12.0,1.6,1.6,0.8,0.6,0.0,0.0,0.16,0.16,0.08,0.06000000000000001,1752.8253991131162,1726.676903036659
1982-06-29,Italy,Argentina,2.0,1.0,FIFA World Cup,True,H,5,5.0,10.0,0.6,2.2,0.6,0.8,0.2,0.1,0.06000000000000001,0.22000000000000003,0.06000000000000001,0.08,1641.6996557657774,1662.077700207604
1982-07-01,Austria,Northern Ireland,2.0,2.0,FIFA World Cup,True,D,5,9.0,8.0,1.2,0.8,0.8,1.2,0.2,0.2,0.12000000000000002,0.08,0.08,0.12000000000000002,1576.8481591657219,1578.8927559130072
1982-07-01,Belgium,Russia,0.0,1.0,FIFA World Cup,True,A,5,7.0,7.0,0.8,1.4,1.2,1.4,0.0,0.1,0.08,0.14,0.12000000000000002,0.14,1523.3160045612165,1592.1807982376524
1982-07-02,Spain,Germany,1.0,2.0,FIFA World Cup,False,A,5,4.0,10.0,1.0,1.6,1.4,0.8,0.1,0.2,0.1,0.16,0.14,0.08,1491.366604955932,1749.0694170040122
1982-07-02,Argentina,Brazil,1.0,3.0,FIFA World Cup,True,A,5,7.0,10.0,1.8,2.6,1.2,1.2,0.1,0.30000000000000004,0.18,0.26,0.12000000000000002,0.12000000000000002,1609.1484221472283,1791.6206025819283
1982-07-04,France,Northern Ireland,4.0,1.0,FIFA World Cup,True,H,5,10.0,6.0,2.0,0.8,1.2,1.4,0.4,0.1,0.2,0.08,0.12000000000000002,0.14,1563.0387754297467,1578.5985181851272
1982-07-04,Poland,Russia,0.0,0.0,FIFA World Cup,True,D,5,8.0,7.0,1.8,1.4,0.8,1.4,0.0,0.0,0.18,0.14,0.08,0.14,1745.2503360280004,1632.3981331421605
1982-07-05,Italy,Brazil,3.0,2.0,FIFA World Cup,True,H,5,7.0,13.0,1.0,3.0,0.8,1.0,0.30000000000000004,0.2,0.1,0.3,0.08,0.1,1694.6289338261531,1817.5355416176671
1982-07-05,Spain,England,0.0,0.0,FIFA World Cup,False,D,5,4.0,13.0,1.0,1.6,1.4,0.4,0.0,0.0,0.1,0.16,0.14,0.04,1472.87601667314,1730.432885145763
1982-07-08,Germany,France,3.0,3.0,FIFA World Cup,True,D,5,10.0,10.0,1.6,2.2,0.8,1.2,0.30000000000000004,0.30000000000000004,0.16,0.22000000000000003,0.08,0.12000000000000002,1767.5600052868042,1615.2765065733252
1982-07-08,Poland,Italy,0.0,2.0,FIFA World Cup,True,A,5,9.0,9.0,1.6,1.4,0.2,1.0,0.0,0.2,0.16,0.14,0.02,0.1,1729.5576393747897,1761.6139470342966
1982-07-10,Poland,France,3.0,2.0,FIFA World Cup,True,H,5,8.0,11.0,1.6,2.6,0.6,1.2,0.30000000000000004,0.2,0.16,0.26,0.06000000000000001,0.12000000000000002,1684.1578665028578,1635.888519255525
1982-07-11,Italy,Germany,3.0,1.0,FIFA World Cup,True,H,5,11.0,11.0,1.8,2.0,1.0,1.0,0.30000000000000004,0.1,0.18000000000000002,0.2,0.1,0.1,1807.0137199062285,1746.9479926046045
1983-08-10,Ecuador,Argentina,2.0,2.0,Copa América,False,D,4,3.0,6.0,1.0,1.6,2.0,1.4,0.2,0.2,0.1,0.16,0.2,0.14,1230.8297724284853,1583.2334831114895
1983-08-14,Bolivia,Colombia,0.0,1.0,Copa América,False,A,4,6.0,7.0,0.8,1.0,2.2,0.6,0.0,0.1,0.08,0.1,0.22000000000000003,0.06000000000000001,1498.846331933249,1453.3809951971427
1983-08-17,Ecuador,Brazil,0.0,1.0,Copa América,False,A,4,4.0,12.0,1.2,3.0,1.8,1.2,0.0,0.1,0.12000000000000002,0.3,0.18,0.12000000000000002,1261.5311502719771,1750.5505284095236
1983-08-17,Peru,Colombia,1.0,0.0,Copa América,False,H,4,3.0,10.0,0.6,1.2,1.6,0.4,0.1,0.0,0.06000000000000001,0.12000000000000002,0.16,0.04,1524.0485304784336,1498.5857103953183
1983-08-21,Bolivia,Peru,1.0,1.0,Copa América,False,D,4,6.0,6.0,0.8,0.6,1.6,1.2,0.1,0.1,0.08,0.06000000000000001,0.16,0.12,1453.6416167350735,1561.1222522310695
1983-08-24,Argentina,Brazil,1.0,0.0,Copa América,False,H,4,7.0,12.0,2.0,2.8,1.6,1.0,0.1,0.0,0.2,0.28,0.16,0.1,1552.5321052679976,1755.0719525810543
1983-08-28,Colombia,Peru,2.0,2.0,Copa América,False,D,4,9.0,6.0,1.2,0.8,0.6,1.4,0.2,0.2,0.12000000000000002,0.08,0.06000000000000001,0.13999999999999999,1461.5119886426824,1549.1282755599314
1983-08-31,Colombia,Bolivia,2.0,2.0,Copa América,False,D,4,7.0,4.0,1.4,0.6,1.0,1.6,0.2,0.2,0.14,0.06000000000000001,0.1,0.16,1471.3906585036798,1465.6355934062117
1983-09-01,Brazil,Ecuador,5.0,0.0,Copa América,False,H,4,9.0,4.0,2.0,1.0,1.0,1.6,0.5,0.0,0.2,0.1,0.1,0.16,1694.0795132244984,1257.0097261004464
1983-09-01,Uruguay,Chile,2.0,1.0,Copa América,False,H,4,8.0,4.0,1.2,0.8,1.0,1.6,0.2,0.1,0.12000000000000002,0.08,0.1,0.16,1444.1915271504217,1446.4274837630182
1983-09-04,Peru,Bolivia,2.0,1.0,Copa América,False,H,4,6.0,2.0,1.2,0.6,1.8,1.8,0.2,0.1,0.12000000000000002,0.06000000000000001,0.18,0.18000000000000002,1539.249605698934,1466.2981091688396
1983-09-04,Uruguay,Venezuela,3.0,0.0,Copa América,False,H,4,8.0,2.0,1.4,0.2,1.2,3.6,0.30000000000000004,0.0,0.14,0.02,0.12000000000000002,0.36000000000000004,1484.4489476148117,1321.2795263990254
1983-09-07,Argentina,Ecuador,2.0,2.0,Copa América,False,D,4,7.0,1.0,1.4,0.6,1.4,2.4,0.2,0.2,0.14,0.06000000000000001,0.14,0.24,1613.5245446245535,1251.030064611778
1983-09-08,Chile,Venezuela,5.0,0.0,Copa América,False,H,4,1.0,2.0,0.8,0.2,2.0,3.0,0.5,0.0,0.08,0.02,0.2,0.30000000000000004,1406.1700632986283,1298.79584108707
1983-09-11,Chile,Uruguay,2.0,0.0,Copa América,False,H,4,3.0,11.0,1.8,1.8,2.0,0.8,0.2,0.0,0.18,0.18000000000000002,0.2,0.08,1434.1872374245697,1506.9326329267672
1983-09-14,Brazil,Argentina,0.0,0.0,Copa América,False,D,4,9.0,5.0,2.2,1.4,1.0,1.8,0.0,0.0,0.22000000000000003,0.14,0.1,0.18000000000000002,1700.0591747131668,1582.3563546825085
1983-09-18,Venezuela,Uruguay,1.0,2.0,Copa América,False,A,4,1.0,8.0,0.2,1.4,4.0,1.0,0.1,0.2,0.02,0.14,0.4,0.1,1270.7786669611285,1458.6777872338716
1983-09-21,Venezuela,Chile,0.0,0.0,Copa América,False,D,4,0.0,6.0,0.2,2.2,4.2,1.8,0.0,0.0,0.02,0.22000000000000003,0.42000000000000004,0.18000000000000002,1250.522917495251,1482.4420831174652
1983-10-13,Paraguay,Brazil,1.0,1.0,Copa América,False,D,4,8.0,7.0,1.4,1.6,0.8,0.8,0.1,0.1,0.14,0.16,0.08,0.08,1546.1467957589794,1687.0038077253482
1983-10-13,Peru,Uruguay,0.0,1.0,Copa América,False,A,4,8.0,10.0,1.4,1.8,1.8,1.2,0.0,0.1,0.14,0.18000000000000002,0.18,0.12000000000000002,1570.9720450956697,1478.933536699749
1983-10-20,Brazil,Paraguay,0.0,0.0,Copa América,False,D,4,8.0,6.0,1.4,1.2,0.4,0.8,0.0,0.0,0.13999999999999999,0.12000000000000002,0.04,0.08,1671.6207614781106,1561.529842006217
1983-10-20,Uruguay,Peru,1.0,1.0,Copa América,False,D,4,12.0,8.0,1.6,1.2,0.8,1.0,0.1,0.1,0.16,0.12000000000000002,0.08,0.1,1529.288756913315,1520.6168248821039
1983-10-27,Uruguay,Brazil,2.0,0.0,Copa América,False,H,4,10.0,6.0,1.4,1.2,0.8,0.4,0.2,0.0,0.14,0.12,0.08,0.04,1528.2905711211513,1659.3539042886484
1983-11-04,Brazil,Uruguay,1.0,1.0,Copa América,False,D,4,6.0,10.0,1.2,1.2,0.6,0.8,0.1,0.1,0.12,0.12000000000000002,0.06000000000000001,0.08,1604.9419048666127,1582.702570543187
1984-03-04,Cameroon,Egypt,0.0,1.0,African Cup of Nations,True,A,3,5.0,7.0,0.2,1.2,0.2,1.4,0.0,0.1,0.02,0.12000000000000002,0.02,0.14,1586.5747427111319,1501.8964018772288
1984-03-04,Ivory Coast,Togo,3.0,0.0,African Cup of Nations,False,H,3,3.0,2.0,0.8,1.3333333333333333,1.4,2.0,0.30000000000000004,0.0,0.08,0.13333333333333333,0.14,0.20000000000000004,1440.05840088543,1474.05449983883
1984-03-05,Algeria,Malawi,3.0,0.0,African Cup of Nations,True,H,3,6.0,0.0,1.4,0.0,2.0,0.0,0.30000000000000004,0.0,0.14,0.0,0.2,0.0,1595.424178810135,1500.0
1984-03-05,Ghana,Nigeria,1.0,2.0,African Cup of Nations,True,A,3,9.0,9.0,1.4,1.6,1.0,1.0,0.1,0.2,0.14,0.16,0.1,0.1,1659.874928314802,1551.383763829042
1984-03-07,Ivory Coast,Egypt,1.0,2.0,African Cup of Nations,False,A,3,5.0,7.0,1.0,1.0,1.0,1.2,0.1,0.2,0.1,0.1,0.1,0.12000000000000002,1472.9845273985243,1539.0667015633694
1984-03-07,Cameroon,Togo,4.0,1.0,African Cup of Nations,True,H,3,4.0,2.0,0.2,1.0,0.4,2.25,0.4,0.1,0.02,0.1,0.04,0.22500000000000003,1549.4044430249912,1441.1283733257358
1984-03-08,Algeria,Ghana,2.0,0.0,African Cup of Nations,True,H,3,9.0,8.0,1.6,1.2,1.4,1.0,0.2,0.0,0.16,0.12000000000000002,0.14,0.1,1617.3857088185457,1620.8001043099061
1984-03-08,Malawi,Nigeria,2.0,2.0,African Cup of Nations,True,D,3,0.0,9.0,0.0,1.8,3.0,1.2,0.2,0.2,0.0,0.18000000000000002,0.30000000000000004,0.12000000000000002,1478.0384699915892,1590.4585878339378
1984-03-10,Egypt,Togo,0.0,0.0,African Cup of Nations,True,D,3,7.0,2.0,1.0,1.0,1.2,2.6,0.0,0.0,0.1,0.1,0.12000000000000002,0.26,1563.4285332773431,1420.1863208547036
1984-03-10,Ivory Coast,Cameroon,0.0,2.0,African Cup of Nations,False,A,3,5.0,6.0,1.2,1.0,1.0,0.6,0.0,0.2,0.12000000000000002,0.1,0.1,0.06000000000000001,1448.6226956845505,1570.3464954960234
1984-03-11,Algeria,Nigeria,0.0,0.0,African Cup of Nations,True,D,3,12.0,7.0,2.0,1.6,1.0,1.6,0.0,0.0,0.2,0.16,0.1,0.16,1647.6805219337677,1581.076617061203
1984-03-11,Ghana,Malawi,1.0,0.0,African Cup of Nations,True,H,3,7.0,1.0,1.2,1.0,1.4,2.5,0.1,0.0,0.12000000000000002,0.1,0.14,0.25,1590.505291194684,1487.420440764324
1984-03-14,Algeria,Cameroon,0.0,0.0,African Cup of Nations,True,D,3,10.0,8.0,1.6,1.4,0.8,0.6,0.0,0.0,0.16,0.14,0.08,0.06000000000000001,1641.9989072990845,1590.245938041577
1984-03-14,Egypt,Nigeria,2.0,2.0,African Cup of Nations,True,D,3,8.0,5.0,1.0,1.0,1.0,1.6,0.2,0.2,0.1,0.1,0.1,0.16,1551.7162191535963,1586.7582316958863
1984-03-17,Algeria,Egypt,3.0,1.0,African Cup of Nations,True,H,3,11.0,8.0,1.6,1.0,0.4,1.0,0.30000000000000004,0.1,0.16,0.1,0.04,0.1,1637.5629568638813,1554.7317713933085
1984-03-18,Cameroon,Nigeria,3.0,1.0,African Cup of Nations,True,H,3,8.0,6.0,1.4,1.2,0.6,1.6,0.30000000000000004,0.1,0.14,0.12000000000000002,0.06000000000000001,0.16,1594.6818884767802,1583.742679456174
1984-06-12,France,Denmark,1.0,0.0,UEFA Euro,False,H,4,8.0,0.0,2.2,0.5,1.6,3.0,0.1,0.0,0.22000000000000003,0.05,0.16,0.30000000000000004,1592.7906860399248,1438.702591002854
1984-06-13,Belgium,Yugoslavia,2.0,0.0,UEFA Euro,True,H,4,7.0,4.0,0.6,1.2,1.0,1.8,0.2,0.0,0.06000000000000001,0.12000000000000002,0.1,0.18000000000000002,1483.0986696567084,1493.3362721412718
1984-06-14,Germany,Portugal,0.0,0.0,UEFA Euro,True,D,4,8.0,12.0,1.4,2.8,1.4,1.4,0.0,0.0,0.14,0.28,0.14,0.14,1705.5070425140002,1683.8957496307646
1984-06-14,Romania,Spain,1.0,1.0,UEFA Euro,True,D,4,4.0,5.0,1.6,0.8,2.0,1.0,0.1,0.1,0.16,0.08,0.2,0.1,1446.9973635984154,1504.372763130018
1984-06-16,Denmark,Yugoslavia,5.0,0.0,UEFA Euro,True,H,4,0.0,4.0,0.3333333333333333,0.8,2.3333333333333335,1.4,0.5,0.0,0.03333333333333333,0.08,0.23333333333333336,0.14,1415.3642854982768,1452.1579656020995
1984-06-16,France,Belgium,5.0,0.0,UEFA Euro,False,H,4,10.0,7.0,2.2,0.8,1.4,1.0,0.5,0.0,0.22000000000000003,0.08,0.14,0.1,1616.128991544502,1524.2769761958807
1984-06-17,Portugal,Spain,1.0,1.0,UEFA Euro,True,D,4,10.0,5.0,2.2,0.8,1.4,1.0,0.1,0.1,0.22000000000000003,0.08,0.14,0.1,1686.3806377168592,1497.8265755104912
1984-06-17,Germany,Romania,2.0,1.0,UEFA Euro,True,H,4,6.0,4.0,1.2,1.2,1.4,1.6,0.2,0.1,0.12000000000000002,0.12000000000000002,0.14,0.16,1703.0221544279057,1453.5435512179422
1984-06-19,Denmark,Belgium,3.0,2.0,UEFA Euro,True,H,4,3.0,4.0,1.5,0.6,1.75,2.0,0.30000000000000004,0.2,0.15,0.06000000000000001,0.17500000000000002,0.2,1459.5845495452986,1494.6121617762462
1984-06-19,France,Yugoslavia,3.0,2.0,UEFA Euro,False,H,4,10.0,4.0,3.0,0.4,1.4,1.8,0.30000000000000004,0.2,0.3,0.04,0.14,0.18,1645.7938059641365,1407.9377015550776
1984-06-20,Germany,Spain,0.0,1.0,UEFA Euro,True,A,4,8.0,3.0,1.6,0.6,1.6,1.0,0.0,0.1,0.16,0.06000000000000001,0.16,0.1,1718.3939780741068,1517.6278042166193
1984-06-20,Portugal,Romania,1.0,0.0,UEFA Euro,True,H,4,8.0,4.0,1.8,1.2,1.4,1.6,0.1,0.0,0.18,0.12000000000000002,0.14,0.16,1666.579409010731,1438.171727571741
1984-06-23,France,Portugal,3.0,2.0,UEFA Euro,False,H,4,10.0,8.0,2.8,1.0,1.6,0.8,0.30000000000000004,0.2,0.28,0.1,0.16,0.08,1662.0136095651917,1683.5139170424695
1984-06-24,Denmark,Spain,1.0,1.0,UEFA Euro,True,D,4,6.0,6.0,1.8,0.8,1.8,0.8,0.1,0.1,0.18,0.08,0.18000000000000002,0.08,1503.603644712277,1578.471888262476
1984-06-27,France,Spain,2.0,0.0,UEFA Euro,False,H,4,12.0,7.0,2.8,0.8,1.4,0.6,0.2,0.0,0.28,0.08,0.14,0.06000000000000001,1704.4857690432261,1569.983347084564
1984-12-01,Iran,United Arab Emirates,3.0,0.0,AFC Asian Cup,True,H,3,10.0,1.0,3.2,0.75,1.2,2.25,0.30000000000000004,0.0,0.32,0.07500000000000001,0.12000000000000002,0.225,1626.7337012366104,1424.5583969259728
1984-12-01,Qatar,Syria,1.0,1.0,AFC Asian Cup,True,D,3,4.0,7.0,0.75,0.75,2.0,0.5,0.1,0.1,0.07500000000000001,0.07500000000000001,0.2,0.05,1472.2687905759676,1529.4062514565658
1984-12-02,Singapore,India,2.0,0.0,AFC Asian Cup,False,H,3,0.0,6.0,0.0,1.6666666666666667,0.0,1.0,0.2,0.0,0.0,0.16666666666666666,0.0,0.10000000000000002,1500.0,1531.33753132615
1984-12-02,Saudi Arabia,South Korea,1.0,1.0,AFC Asian Cup,True,D,3,0.0,12.0,0.0,2.2,0.0,1.0,0.1,0.1,0.0,0.22000000000000003,0.0,0.1,1500.0,1585.5202792669716
1984-12-03,China PR,Iran,0.0,2.0,AFC Asian Cup,True,A,3,7.0,12.0,2.0,3.4,1.0,0.8,0.0,0.2,0.2,0.34,0.1,0.08,1480.435501101224,1641.012191800076
1984-12-03,Kuwait,Qatar,1.0,0.0,AFC Asian Cup,True,H,3,7.0,5.0,1.4,0.8,1.4,1.8,0.1,0.0,0.14,0.08,0.14,0.18,1529.0387318604573,1477.1584340390045
1984-12-04,United Arab Emirates,India,2.0,0.0,AFC Asian Cup,True,H,3,1.0,6.0,0.6,1.25,2.4,1.25,0.2,0.0,0.06000000000000001,0.125,0.24000000000000005,0.125,1410.2799063625073,1498.638945451868
1984-12-04,Syria,Saudi Arabia,0.0,1.0,AFC Asian Cup,True,A,3,8.0,1.0,0.8,1.0,0.6,1.0,0.0,0.1,0.08,0.1,0.06000000000000001,0.1,1524.5166079935289,1507.2388057063754
1984-12-05,South Korea,Kuwait,0.0,0.0,AFC Asian Cup,True,D,3,10.0,7.0,2.0,1.2,1.2,1.2,0.0,0.0,0.2,0.12000000000000002,0.12000000000000002,0.12000000000000002,1578.2814735605962,1554.5920279594145
1984-12-05,Singapore,China PR,0.0,2.0,AFC Asian Cup,False,A,3,3.0,4.0,2.0,1.8,0.0,1.4,0.0,0.2,0.2,0.18000000000000002,0.0,0.14,1532.698585874282,1463.391203793307
1984-12-07,Iran,India,0.0,0.0,AFC Asian Cup,True,D,3,12.0,6.0,2.4,1.0,0.8,1.4,0.0,0.0,0.24000000000000005,0.1,0.08,0.14,1658.0564891079928,1461.169752269476
1984-12-07,Syria,South Korea,1.0,0.0,AFC Asian Cup,True,H,3,7.0,8.0,0.8,1.4,0.8,1.2,0.1,0.0,0.08,0.14,0.08,0.12000000000000002,1493.0259512266973,1576.2391263881211
1984-12-08,Singapore,United Arab Emirates,0.0,1.0,AFC Asian Cup,False,A,3,3.0,3.0,1.0,0.8,1.0,2.2,0.0,0.1,0.1,0.08,0.1,0.22000000000000003,1496.792242762607,1447.7490995448993
1984-12-08,Qatar,Saudi Arabia,1.0,1.0,AFC Asian Cup,True,D,3,2.0,4.0,0.4,1.0,1.8,0.5,0.1,0.1,0.04,0.1,0.18,0.05,1451.6051379400474,1538.729462473207
1984-12-09,Kuwait,Syria,3.0,1.0,AFC Asian Cup,True,H,3,5.0,7.0,0.6,0.8,1.2,0.8,0.30000000000000004,0.1,0.06000000000000001,0.08,0.12000000000000002,0.08,1556.6343751318896,1530.0768458241969
1984-12-09,India,China PR,0.0,3.0,AFC Asian Cup,True,A,3,4.0,7.0,0.6,2.0,1.4,1.0,0.0,0.30000000000000004,0.06000000000000001,0.2,0.14,0.1,1476.5573821858695,1499.297546904982
1984-12-10,South Korea,Qatar,0.0,1.0,AFC Asian Cup,True,A,3,5.0,3.0,0.6,0.6,1.2,1.6,0.0,0.1,0.06000000000000001,0.06000000000000001,0.12000000000000002,0.16,1539.1882317906216,1458.9742378924245
1984-12-10,Singapore,Iran,1.0,1.0,AFC Asian Cup,False,D,3,3.0,10.0,0.6666666666666666,1.8,1.0,0.4,0.1,0.1,0.06666666666666667,0.18000000000000002,0.10000000000000002,0.04,1462.5854212520749,1642.6688591915993
1984-12-11,China PR,United Arab Emirates,5.0,0.0,AFC Asian Cup,True,H,3,9.0,6.0,2.2,0.8,0.6,1.8,0.5,0.0,0.22000000000000003,0.08,0.06000000000000001,0.18000000000000002,1527.3368023179855,1481.9559210554314
1984-12-11,Saudi Arabia,Kuwait,1.0,0.0,AFC Asian Cup,True,H,3,5.0,7.0,1.0,1.0,0.6666666666666666,1.2,0.1,0.0,0.10000000000000002,0.1,0.06666666666666667,0.12000000000000002,1531.3603625208298,1584.3456695224024
1984-12-13,Saudi Arabia,Iran,1.0,1.0,AFC Asian Cup,True,D,3,8.0,11.0,1.0,1.8,0.5,0.2,0.1,0.1,0.1,0.18000000000000002,0.05,0.02,1565.9003400309755,1628.3767471533777
1984-12-14,Kuwait,China PR,0.0,1.0,AFC Asian Cup,True,A,3,7.0,12.0,0.8,3.2,0.6,0.4,0.0,0.1,0.08,0.32,0.06000000000000001,0.04,1549.8056920122567,1553.4404351513817
1984-12-16,Iran,Kuwait,1.0,1.0,AFC Asian Cup,True,D,3,9.0,7.0,1.4,0.8,0.4,0.6,0.1,0.1,0.14,0.08,0.04,0.06000000000000001,1623.039504865589,1520.119529514286
1984-12-16,Saudi Arabia,China PR,2.0,0.0,AFC Asian Cup,True,H,3,9.0,12.0,1.0,2.2,0.6,0.4,0.2,0.0,0.1,0.22000000000000003,0.06000000000000001,0.04,1571.2375823187642,1583.1265976493526
1986-03-07,Ivory Coast,Mozambique,3.0,0.0,African Cup of Nations,True,H,3,5.0,0.0,1.0,0.0,1.0,0.0,0.30000000000000004,0.0,0.1,0.0,0.1,0.0,1428.723253138997,1500.0
1986-03-07,Egypt,Senegal,0.0,1.0,African Cup of Nations,False,A,3,8.0,7.0,1.2,2.0,1.2,1.4,0.0,0.1,0.12000000000000002,0.2,0.12000000000000002,0.14,1531.7514962915761,1494.6142499575735
1986-03-08,Cameroon,Zambia,3.0,2.0,African Cup of Nations,True,H,3,10.0,9.0,1.8,1.4,0.6,0.6,0.30000000000000004,0.2,0.18000000000000002,0.14,0.06000000000000001,0.06000000000000001,1623.7376332468455,1560.5866010699606
1986-03-08,Algeria,Morocco,0.0,0.0,African Cup of Nations,True,D,3,11.0,7.0,1.6,0.8,0.2,0.6,0.0,0.0,0.16,0.08,0.02,0.06000000000000001,1660.5432319656136,1551.4763555256718
1986-03-10,Egypt,Ivory Coast,2.0,0.0,African Cup of Nations,False,H,3,5.0,7.0,1.0,1.6,1.4,1.0,0.2,0.0,0.1,0.16,0.14,0.1,1498.556965663311,1464.7928696669667
1986-03-10,Mozambique,Senegal,0.0,2.0,African Cup of Nations,True,A,3,0.0,7.0,0.0,1.2,3.0,1.2,0.0,0.2,0.0,0.12000000000000002,0.30000000000000004,0.12000000000000002,1463.9303834720304,1527.8087805858386
1986-03-11,Algeria,Zambia,0.0,0.0,African Cup of Nations,True,D,3,9.0,9.0,1.0,1.8,0.2,1.0,0.0,0.0,0.1,0.18000000000000002,0.02,0.1,1651.4232683494515,1535.9802318727475
1986-03-11,Cameroon,Morocco,1.0,1.0,African Cup of Nations,True,D,3,13.0,7.0,2.4,0.6,0.8,0.4,0.1,0.1,0.24000000000000005,0.06000000000000001,0.08,0.04,1648.3440024440586,1560.5963191418339
1986-03-13,Ivory Coast,Senegal,1.0,0.0,African Cup of Nations,True,H,3,6.0,10.0,1.4,1.6,1.2,1.0,0.1,0.0,0.14,0.16,0.12000000000000002,0.1,1437.6991527279379,1552.3543971096728
1986-03-13,Egypt,Mozambique,2.0,0.0,African Cup of Nations,False,H,3,5.0,0.0,1.0,0.0,1.2,2.5,0.2,0.0,0.1,0.0,0.12000000000000002,0.25,1525.6506826023399,1439.384766948196
1986-03-14,Algeria,Cameroon,2.0,3.0,African Cup of Nations,True,A,3,7.0,11.0,0.6,1.8,0.2,0.8,0.2,0.30000000000000004,0.06000000000000001,0.18000000000000002,0.02,0.08,1641.8064508716138,1640.9243473698564
1986-03-14,Morocco,Zambia,1.0,0.0,African Cup of Nations,True,H,3,8.0,7.0,0.8,1.6,0.4,1.0,0.1,0.0,0.08,0.16,0.04,0.1,1568.015974216036,1545.5970493505852
1986-03-17,Cameroon,Ivory Coast,1.0,0.0,African Cup of Nations,True,H,3,11.0,6.0,2.0,1.0,1.2,1.2,0.1,0.0,0.20000000000000004,0.1,0.12000000000000002,0.12000000000000002,1671.0005141452102,1477.2548925046603
1986-03-17,Egypt,Morocco,1.0,0.0,African Cup of Nations,False,H,3,7.0,8.0,1.4,0.8,1.2,0.4,0.1,0.0,0.14,0.08,0.12000000000000002,0.04,1548.3512735188351,1596.0828508805944
1986-03-20,Ivory Coast,Morocco,3.0,2.0,African Cup of Nations,True,H,3,6.0,8.0,0.8,0.8,1.0,0.4,0.30000000000000004,0.2,0.08,0.08,0.1,0.04,1462.4417272771548,1561.9871104332226
1986-03-21,Egypt,Cameroon,0.0,0.0,African Cup of Nations,False,D,3,9.0,13.0,1.2,2.2,0.8,1.2,0.0,0.0,0.12000000000000002,0.22000000000000003,0.08,0.12000000000000002,1582.447013966207,1685.8136793727158
1986-05-31,Bulgaria,Italy,1.0,1.0,FIFA World Cup,True,D,5,3.0,13.0,1.0,2.2,2.2,1.0,0.1,0.1,0.1,0.22000000000000003,0.22000000000000003,0.1,1367.7333992876968,1848.4546699968328
1986-06-01,Canada,France,0.0,1.0,FIFA World Cup,True,A,5,0.0,15.0,0.0,2.8,0.0,0.8,0.0,0.1,0.0,0.28,0.0,0.08,1500.0,1729.7304648191723
1986-06-01,Spain,Brazil,0.0,1.0,FIFA World Cup,True,A,5,6.0,4.0,0.8,0.4,1.0,0.8,0.0,0.1,0.08,0.04,0.1,0.08,1544.7386513086178,1602.3849980441958
1986-06-02,Argentina,South Korea,3.0,1.0,FIFA World Cup,True,H,5,6.0,2.0,1.2,0.2,1.4,1.2,0.30000000000000004,0.1,0.12000000000000002,0.02,0.14,0.12000000000000002,1595.411721670327,1502.3824933629091
1986-06-02,Morocco,Poland,0.0,0.0,FIFA World Cup,True,D,5,5.0,10.0,0.8,2.2,1.0,1.0,0.0,0.0,0.08,0.22000000000000003,0.1,0.1,1523.6193980300102,1727.255699718458
1986-06-02,Russia,Hungary,6.0,0.0,FIFA World Cup,True,H,5,8.0,4.0,1.4,2.8,0.8,2.4,0.6000000000000001,0.0,0.14,0.27999999999999997,0.08,0.24000000000000005,1648.0908297953713,1407.3407071182953
1986-06-03,Portugal,England,1.0,0.0,FIFA World Cup,True,H,5,8.0,11.0,1.2,1.2,1.0,0.2,0.1,0.0,0.12000000000000002,0.12000000000000002,0.1,0.02,1641.041757564435,1698.936138688885
1986-06-03,Mexico,Belgium,2.0,1.0,FIFA World Cup,False,H,5,3.0,3.0,0.8,0.8,3.2,2.4,0.2,0.1,0.08,0.08,0.32,0.24000000000000005,1394.4591662109287,1450.593066609268
1986-06-03,Algeria,Northern Ireland,1.0,1.0,FIFA World Cup,True,D,5,6.0,6.0,1.0,1.0,0.8,1.4,0.1,0.1,0.1,0.1,0.08,0.14,1611.73028409626,1526.3607870415487
1986-06-04,Paraguay,Iraq,1.0,0.0,FIFA World Cup,True,H,5,6.0,4.0,0.8,0.8,0.4,1.4,0.1,0.0,0.08,0.08,0.04,0.14,1573.7966991956791,1446.301322981087
1986-06-04,Scotland,Denmark,0.0,1.0,FIFA World Cup,True,A,5,8.0,7.0,2.4,2.0,2.2,1.4,0.0,0.1,0.24000000000000005,0.2,0.22000000000000003,0.14,1580.8436093258772,1512.092185890189
1986-06-04,Uruguay,Germany,1.0,1.0,FIFA World Cup,True,D,5,11.0,5.0,1.4,1.2,0.6,1.6,0.1,0.1,0.14,0.12000000000000002,0.06000000000000001,0.16,1585.259477365604,1657.54989402825
1986-06-05,France,Russia,1.0,1.0,FIFA World Cup,True,D,5,15.0,11.0,2.8,2.4,0.8,0.4,0.1,0.1,0.28,0.24000000000000005,0.08,0.04,1750.7718129776365,1668.0976346968177
1986-06-05,Italy,Argentina,1.0,1.0,FIFA World Cup,True,D,5,13.0,9.0,2.2,1.6,1.0,1.0,0.1,0.1,0.22000000000000003,0.16,0.1,0.1,1804.3666268952652,1632.3347741523114
1986-06-05,South Korea,Bulgaria,1.0,1.0,FIFA World Cup,True,D,5,2.0,4.0,0.4,0.8,1.2,1.4,0.1,0.1,0.04,0.08,0.12000000000000002,0.14,1465.4594408809248,1411.8214423892643
1986-06-06,England,Morocco,0.0,0.0,FIFA World Cup,True,D,5,8.0,5.0,0.6,0.8,0.2,1.0,0.0,0.0,0.06000000000000001,0.08,0.02,0.1,1640.6807348717186,1549.9740900311638
1986-06-06,Brazil,Algeria,1.0,0.0,FIFA World Cup,True,H,5,6.0,6.0,0.6,1.2,0.8,1.0,0.1,0.0,0.06000000000000001,0.12000000000000002,0.08,0.1,1644.1643202618616,1599.6860459733934
1986-06-06,Hungary,Canada,2.0,0.0,FIFA World Cup,True,H,5,4.0,0.0,2.6,0.0,3.0,1.0,0.2,0.0,0.26,0.0,0.30000000000000004,0.1,1387.3339022168489,1478.9586518415358
1986-06-07,Mexico,Paraguay,1.0,1.0,FIFA World Cup,False,D,5,3.0,6.0,1.0,0.4,3.4,0.4,0.1,0.1,0.1,0.04,0.34,0.04,1452.4679188338835,1606.2301570566299
1986-06-07,Northern Ireland,Spain,1.0,2.0,FIFA World Cup,True,A,5,6.0,5.0,1.2,0.6,1.6,1.0,0.1,0.2,0.12000000000000002,0.06000000000000001,0.16,0.1,1538.4050251644153,1502.959329090952
1986-06-07,Poland,Portugal,1.0,0.0,FIFA World Cup,True,H,5,8.0,8.0,1.2,1.0,0.8,0.8,0.1,0.0,0.12000000000000002,0.1,0.08,0.08,1700.9010077173043,1699.2971613816014
1986-06-08,Germany,Scotland,2.0,1.0,FIFA World Cup,True,H,5,5.0,7.0,0.8,2.2,1.2,2.2,0.2,0.1,0.08,0.22000000000000003,0.12000000000000002,0.22000000000000003,1647.2940419495524,1521.07663596801
1986-06-08,Denmark,Uruguay,6.0,1.0,FIFA World Cup,True,H,5,10.0,9.0,2.0,1.2,0.8,0.6,0.6000000000000001,0.1,0.2,0.12000000000000002,0.08,0.06000000000000001,1571.8591592480564,1595.5153294443016
1986-06-08,Iraq,Belgium,1.0,2.0,FIFA World Cup,True,A,5,3.0,3.0,0.6,1.0,1.4,2.2,0.1,0.2,0.06000000000000001,0.1,0.14,0.22000000000000003,1413.8678651201362,1392.5843139863132
1986-06-09,Hungary,France,0.0,3.0,FIFA World Cup,True,A,5,7.0,13.0,2.8,2.0,2.4,1.0,0.0,0.30000000000000004,0.27999999999999997,0.2,0.24000000000000005,0.1,1450.222356335265,1739.0936317655287
1986-06-09,Russia,Canada,2.0,0.0,FIFA World Cup,True,H,5,9.0,0.0,2.0,0.0,0.6,1.5,0.2,0.0,0.2,0.0,0.06000000000000001,0.15000000000000002,1679.7758159089256,1416.0701977231197
1986-06-10,South Korea,Italy,2.0,3.0,FIFA World Cup,True,A,5,2.0,11.0,0.4,2.0,1.2,1.0,0.2,0.30000000000000004,0.04,0.2,0.12000000000000002,0.1,1457.8010591732934,1781.4520092567125
1986-06-10,Argentina,Bulgaria,2.0,0.0,FIFA World Cup,True,H,5,9.0,4.0,1.4,0.8,0.8,1.4,0.2,0.0,0.14,0.08,0.08,0.14,1655.2493917908641,1419.4798240968958
1986-06-11,England,Poland,3.0,0.0,FIFA World Cup,True,H,5,6.0,8.0,0.2,0.8,0.2,0.8,0.30000000000000004,0.0,0.02,0.08,0.02,0.08,1627.9157113491285,1750.6701973152979
1986-06-11,Mexico,Iraq,1.0,0.0,FIFA World Cup,False,H,5,4.0,3.0,1.0,0.8,2.8,1.4,0.1,0.0,0.1,0.08,0.28,0.14,1473.256263812407,1360.808741560336
1986-06-11,Paraguay,Belgium,2.0,2.0,FIFA World Cup,True,D,5,7.0,6.0,0.6,1.4,0.4,2.2,0.2,0.2,0.06000000000000001,0.14,0.04,0.22000000000000003,1585.4418120781063,1445.6434375461133
1986-06-11,Portugal,Morocco,1.0,3.0,FIFA World Cup,True,A,5,7.0,5.0,1.0,0.6,1.0,0.8,0.1,0.30000000000000004,0.1,0.06000000000000001,0.1,0.08,1649.5279717836079,1562.739113553754
1986-06-12,Algeria,Spain,0.0,3.0,FIFA World Cup,True,A,5,3.0,7.0,0.6,0.8,1.0,1.0,0.0,0.30000000000000004,0.06000000000000001,0.08,0.1,0.1,1556.0522439971382,1558.0427504927566
1986-06-12,Northern Ireland,Brazil,0.0,3.0,FIFA World Cup,True,A,5,5.0,8.0,1.2,0.6,1.8,0.6,0.0,0.30000000000000004,0.12000000000000002,0.06000000000000001,0.18,0.06000000000000001,1483.3216037626107,1687.7981222381168
1986-06-13,Denmark,Germany,2.0,0.0,FIFA World Cup,True,H,5,13.0,8.0,3.2,1.0,0.8,0.8,0.2,0.0,0.32,0.1,0.08,0.08,1625.258304649412,1679.8889211778924
1986-06-13,Scotland,Uruguay,0.0,0.0,FIFA World Cup,True,D,5,4.0,6.0,1.8,1.2,2.2,1.8,0.0,0.0,0.18,0.12000000000000002,0.22000000000000003,0.18000000000000002,1488.48175673967,1542.116184042946
1986-06-15,Russia,Belgium,3.0,4.0,FIFA World Cup,True,A,5,11.0,4.0,2.0,1.4,0.2,2.6,0.30000000000000004,0.4,0.2,0.14,0.02,0.26,1697.751267253634,1464.7422756957124
1986-06-15,Mexico,Bulgaria,2.0,0.0,FIFA World Cup,False,H,5,7.0,3.0,1.0,0.8,2.2,1.8,0.2,0.0,0.1,0.08,0.22000000000000003,0.18,1507.616087844841,1399.0102281679292
1986-06-16,Argentina,Uruguay,1.0,0.0,FIFA World Cup,True,H,5,9.0,6.0,1.6,1.0,0.8,1.6,0.1,0.0,0.16,0.1,0.08,0.16,1675.7189877198307,1534.4583042143367
1986-06-16,Brazil,Poland,4.0,0.0,FIFA World Cup,True,H,5,10.0,7.0,1.2,0.8,0.6,1.4,0.4,0.0,0.12000000000000002,0.08,0.06000000000000001,0.14,1711.3562187538212,1683.7045528116103
1986-06-17,Italy,France,0.0,2.0,FIFA World Cup,True,A,5,11.0,13.0,2.0,2.0,1.0,0.6,0.0,0.2,0.2,0.2,0.1,0.06000000000000001,1794.886401045396,1755.031252549071
1986-06-17,Morocco,Germany,0.0,1.0,FIFA World Cup,True,A,5,5.0,7.0,1.0,1.0,1.0,1.2,0.0,0.1,0.1,0.1,0.1,0.12000000000000002,1624.9755715144775,1622.0911029372764
1986-06-18,Denmark,Spain,1.0,5.0,FIFA World Cup,True,A,5,13.0,7.0,2.6,1.2,0.8,1.0,0.1,0.5,0.26000000000000006,0.12000000000000002,0.08,0.1,1683.0561228900278,1607.756296715323
1986-06-18,England,Paraguay,3.0,0.0,FIFA World Cup,True,H,5,6.0,7.0,0.6,1.0,0.2,0.8,0.30000000000000004,0.0,0.06000000000000001,0.1,0.02,0.08,1694.8813558528161,1566.3429739285073
1986-06-21,Brazil,France,1.0,1.0,FIFA World Cup,True,D,5,13.0,13.0,2.0,1.8,0.2,0.2,0.1,0.1,0.2,0.18000000000000002,0.02,0.02,1757.3852050446553,1810.7418430187818
1986-06-21,Mexico,Germany,0.0,0.0,FIFA World Cup,False,D,5,10.0,7.0,1.4,0.8,1.0,1.0,0.0,0.0,0.14,0.08,0.1,0.1,1542.4763870433853,1672.5062017969788
1986-06-22,Spain,Belgium,1.0,1.0,FIFA World Cup,True,D,5,9.0,7.0,2.0,2.2,1.0,2.2,0.1,0.1,0.2,0.22000000000000003,0.1,0.22000000000000003,1668.4262701724147,1544.0127646593128
1986-06-22,Argentina,England,2.0,1.0,FIFA World Cup,True,H,5,11.0,8.0,1.4,1.2,0.4,0.2,0.2,0.1,0.14,0.12000000000000002,0.04,0.02,1706.44070092393,1727.1833795646714
1986-06-25,Argentina,Belgium,2.0,0.0,FIFA World Cup,True,H,5,13.0,8.0,1.8,2.0,0.6,1.8,0.2,0.0,0.18000000000000002,0.2,0.06000000000000001,0.18000000000000002,1759.422270720807,1561.1893296216751
1986-06-25,France,Germany,0.0,2.0,FIFA World Cup,True,A,5,11.0,8.0,1.6,0.8,0.4,0.8,0.0,0.2,0.16,0.08,0.04,0.08,1803.1230073082963,1654.620768031811
1986-06-28,France,Belgium,4.0,2.0,FIFA World Cup,True,H,5,8.0,8.0,1.4,1.8,0.8,1.8,0.4,0.2,0.14,0.18,0.08,0.18000000000000002,1732.9647024328688,1536.977860789967
1986-06-29,Argentina,Germany,3.0,2.0,FIFA World Cup,True,H,5,13.0,10.0,1.6,1.0,0.4,0.6,0.30000000000000004,0.2,0.16,0.1,0.04,0.06000000000000001,1783.6337395525152,1724.7790729072385
1987-06-27,Argentina,Peru,1.0,1.0,Copa América,False,D,4,15.0,6.0,2.0,1.2,0.6,1.2,0.1,0.1,0.2,0.12000000000000002,0.06000000000000001,0.12000000000000002,1825.2439685219629,1521.6150106742675
1987-06-28,Brazil,Venezuela,5.0,0.0,Copa América,True,H,4,13.0,1.0,2.0,0.2,0.2,3.4,0.5,0.0,0.2,0.02,0.02,0.34,1765.0040407551407,1273.8566858072481
1987-06-28,Paraguay,Bolivia,0.0,0.0,Copa América,True,D,4,6.0,2.0,0.8,0.8,1.2,1.6,0.0,0.0,0.08,0.08,0.12000000000000002,0.16,1534.040950216652,1434.5756697721038
1987-06-30,Venezuela,Chile,1.0,3.0,Copa América,True,A,4,1.0,7.0,0.2,2.0,3.0,1.0,0.1,0.30000000000000004,0.02,0.2,0.3,0.1,1269.3872340910423,1459.1083148054681
1987-07-01,Bolivia,Colombia,0.0,2.0,Copa América,True,A,4,3.0,5.0,0.8,1.0,1.2,1.4,0.0,0.2,0.08,0.1,0.12000000000000002,0.14,1445.7241144010243,1470.728142741052
1987-07-02,Argentina,Ecuador,3.0,0.0,Copa América,False,H,4,13.0,2.0,1.8,1.0,0.8,2.4,0.30000000000000004,0.0,0.18000000000000002,0.1,0.08,0.24,1797.1096694504456,1282.198254553823
1987-07-03,Chile,Brazil,4.0,0.0,Copa América,True,H,4,10.0,13.0,2.2,2.8,0.6,0.2,0.4,0.0,0.22000000000000003,0.28,0.06000000000000001,0.02,1479.2058220372112,1769.4734924713466
1987-07-04,Peru,Ecuador,1.0,1.0,Copa América,True,D,4,6.0,2.0,1.2,0.8,1.2,2.6,0.1,0.1,0.12000000000000002,0.08,0.12000000000000002,0.26,1549.7493097457848,1278.2721907710943
1987-07-05,Colombia,Paraguay,3.0,0.0,Copa América,True,H,4,8.0,6.0,1.4,0.8,1.0,1.2,0.30000000000000004,0.0,0.14,0.08,0.1,0.12000000000000002,1507.8544071990611,1522.8925055877314
1987-07-08,Chile,Colombia,2.0,1.0,Copa América,True,H,4,13.0,8.0,2.8,1.8,0.2,1.0,0.2,0.1,0.28,0.18000000000000002,0.02,0.1,1546.5416444307975,1549.584651895937
1987-07-09,Argentina,Uruguay,0.0,1.0,Copa América,False,A,4,13.0,3.0,2.2,0.6,0.8,1.8,0.0,0.1,0.22000000000000003,0.06000000000000001,0.08,0.18000000000000002,1801.0357332331744,1503.7365910102374
1987-07-11,Argentina,Colombia,1.0,2.0,Copa América,False,A,4,10.0,8.0,1.8,2.0,0.8,1.2,0.1,0.2,0.18000000000000002,0.2,0.08,0.12000000000000002,1733.274399445253,1509.2343216725926
1987-07-12,Chile,Uruguay,0.0,1.0,Copa América,True,A,4,13.0,5.0,2.2,0.6,0.4,1.6,0.0,0.1,0.22000000000000003,0.06000000000000001,0.04,0.16,1586.891974654142,1571.4979247981587
1988-03-13,Morocco,DR Congo,1.0,1.0,African Cup of Nations,False,D,3,5.0,1.0,1.0,0.6,1.0,3.6,0.1,0.1,0.1,0.06000000000000001,0.1,0.36,1574.5604726547751,1400.393289652017
1988-03-13,Algeria,Ivory Coast,1.0,1.0,African Cup of Nations,True,D,3,2.0,9.0,0.6,1.4,1.6,1.0,0.1,0.1,0.06000000000000001,0.14,0.16,0.1,1506.3386977745718,1500.8094396803672
1988-03-14,Cameroon,Egypt,1.0,0.0,African Cup of Nations,True,H,3,11.0,10.0,1.6,1.0,1.0,0.2,0.1,0.0,0.16,0.1,0.1,0.02,1677.1426238197794,1591.1180695191435
1988-03-14,Kenya,Nigeria,0.0,3.0,African Cup of Nations,True,A,3,2.0,6.0,1.0,1.4,1.3333333333333333,1.6,0.0,0.30000000000000004,0.10000000000000002,0.14,0.13333333333333333,0.16,1474.0693112672393,1554.6869346861088
1988-03-16,Ivory Coast,DR Congo,1.0,1.0,African Cup of Nations,True,D,3,7.0,2.0,1.0,0.8,1.2,2.0,0.1,0.1,0.1,0.08,0.12000000000000002,0.2,1501.2868339000722,1414.2873030261035
1988-03-16,Morocco,Algeria,1.0,0.0,African Cup of Nations,False,H,3,6.0,2.0,0.8,0.8,0.6,1.8,0.1,0.0,0.08,0.08,0.06000000000000001,0.18000000000000002,1560.6664592806887,1505.8613035548667
1988-03-17,Egypt,Kenya,3.0,0.0,African Cup of Nations,True,H,3,10.0,2.0,1.0,0.75,0.2,1.75,0.30000000000000004,0.0,0.1,0.07500000000000001,0.02,0.17500000000000002,1568.397868284567,1450.9080994935002
1988-03-17,Cameroon,Nigeria,1.0,1.0,African Cup of Nations,True,D,3,11.0,6.0,1.2,1.6,0.6,1.4,0.1,0.1,0.12000000000000002,0.16,0.06000000000000001,0.14,1699.8628250543559,1577.8481464598478
1988-03-19,Algeria,DR Congo,1.0,0.0,African Cup of Nations,True,H,3,2.0,3.0,0.4,1.0,1.4,1.6,0.1,0.0,0.04,0.1,0.14,0.16,1480.5546977109213,1421.6462767031635
1988-03-19,Morocco,Ivory Coast,0.0,0.0,African Cup of Nations,False,D,3,8.0,8.0,1.0,1.2,0.6,1.0,0.0,0.0,0.1,0.12000000000000002,0.06000000000000001,0.1,1585.973065124634,1493.9278602230122
1988-03-20,Cameroon,Kenya,0.0,0.0,African Cup of Nations,True,D,3,11.0,2.0,1.2,0.6,0.6,2.0,0.0,0.0,0.12000000000000002,0.06000000000000001,0.06000000000000001,0.2,1689.740004516699,1430.683184821555
1988-03-20,Egypt,Nigeria,0.0,0.0,African Cup of Nations,True,D,3,10.0,6.0,1.2,1.4,0.2,1.2,0.0,0.0,0.12000000000000002,0.14,0.02,0.12000000000000002,1588.6227829565123,1587.9709669975048
1988-03-23,Morocco,Cameroon,0.0,1.0,African Cup of Nations,False,A,3,8.0,9.0,1.0,0.6,0.6,0.2,0.0,0.1,0.1,0.06000000000000001,0.06000000000000001,0.02,1578.2061104963489,1670.7640471676107
1988-03-23,Algeria,Nigeria,1.0,1.0,African Cup of Nations,True,D,3,4.0,6.0,0.4,1.4,1.2,1.2,0.1,0.1,0.04,0.14,0.12000000000000002,0.12000000000000002,1505.5163243685004,1588.0272492456202
1988-03-26,Morocco,Algeria,1.0,1.0,African Cup of Nations,False,D,3,5.0,5.0,0.4,0.6,0.6,1.2,0.1,0.1,0.04,0.06000000000000001,0.06000000000000001,0.12000000000000002,1556.0143546014851,1512.5099041900098
1988-03-27,Cameroon,Nigeria,1.0,0.0,African Cup of Nations,True,H,3,9.0,6.0,0.6,1.2,0.2,1.0,0.1,0.0,0.06000000000000001,0.12000000000000002,0.02,0.1,1692.9558030624744,1581.0336694241107
1988-06-10,Germany,Italy,1.0,1.0,UEFA Euro,False,D,4,7.0,8.0,1.0,1.6,1.0,1.4,0.1,0.1,0.1,0.16,0.1,0.14,1683.1688439377908,1739.1758105756853
1988-06-11,Denmark,Spain,2.0,3.0,UEFA Euro,True,A,4,10.0,10.0,2.2,2.2,1.4,0.8,0.2,0.30000000000000004,0.22000000000000003,0.22000000000000003,0.13999999999999999,0.08,1622.3861494329362,1651.2497052100523
1988-06-12,England,Republic of Ireland,0.0,1.0,UEFA Euro,True,A,4,7.0,0.0,1.4,0.0,0.6,0.0,0.0,0.1,0.14,0.0,0.06000000000000001,0.0,1674.2018097677944,1500.0
1988-06-12,Netherlands,Russia,0.0,1.0,UEFA Euro,True,A,4,7.0,8.0,1.4,2.4,1.6,1.0,0.0,0.1,0.14,0.24000000000000005,0.16,0.1,1668.8199839535384,1618.4807782900336
1988-06-14,Germany,Denmark,2.0,0.0,UEFA Euro,False,H,4,8.0,9.0,1.2,2.4,0.8,1.8,0.2,0.0,0.12000000000000002,0.24000000000000005,0.08,0.18,1689.561606346334,1585.7015653557846
1988-06-14,Italy,Spain,1.0,0.0,UEFA Euro,True,H,4,6.0,13.0,1.2,2.8,1.4,1.0,0.1,0.0,0.12000000000000002,0.28,0.14,0.1,1732.7830481671422,1687.9342892872037
1988-06-15,England,Netherlands,1.0,3.0,UEFA Euro,True,A,4,7.0,4.0,1.4,1.0,0.6,1.6,0.1,0.30000000000000004,0.14,0.1,0.06000000000000001,0.16,1615.6733272806841,1623.0646851759554
1988-06-15,Republic of Ireland,Russia,1.0,1.0,UEFA Euro,True,D,4,3.0,10.0,1.0,2.6,0.0,1.0,0.1,0.1,0.1,0.26000000000000006,0.0,0.1,1558.5284824871103,1664.2360770676166
1988-06-17,Italy,Denmark,2.0,0.0,UEFA Euro,True,H,4,8.0,6.0,1.2,2.2,1.2,2.2,0.2,0.0,0.12000000000000002,0.22000000000000003,0.12000000000000002,0.22000000000000003,1767.648133320051,1557.3150080183846
1988-06-17,Germany,Spain,2.0,0.0,UEFA Euro,False,H,4,8.0,10.0,1.4,2.4,0.8,1.0,0.2,0.0,0.14,0.24000000000000005,0.08,0.1,1717.948163683734,1653.0692041342948
1988-06-18,England,Russia,1.0,3.0,UEFA Euro,True,A,4,6.0,8.0,1.6,1.6,1.2,1.2,0.1,0.30000000000000004,0.16,0.16,0.12000000000000002,0.12000000000000002,1576.5241604518637,1652.4281592065063
1988-06-18,Republic of Ireland,Netherlands,0.0,1.0,UEFA Euro,True,A,4,4.0,7.0,1.0,1.4,0.5,1.2,0.0,0.1,0.1,0.14,0.05,0.12000000000000002,1570.3364003482206,1662.2138520047756
1988-06-21,Germany,Netherlands,1.0,2.0,UEFA Euro,False,A,4,10.0,7.0,1.8,1.4,0.8,1.2,0.1,0.2,0.18,0.14,0.08,0.12000000000000002,1750.5643248130973,1691.8759335172513
1988-06-22,Russia,Italy,2.0,0.0,UEFA Euro,True,H,4,10.0,10.0,2.0,1.4,1.2,1.0,0.2,0.0,0.2,0.14,0.12000000000000002,0.1,1683.8258148187522,1786.0132523781585
1988-06-25,Russia,Netherlands,0.0,2.0,UEFA Euro,True,A,4,10.0,10.0,2.0,1.4,1.2,0.8,0.0,0.2,0.2,0.14,0.12000000000000002,0.08,1735.262678773997,1738.56914467336
1988-12-02,Qatar,Iran,0.0,2.0,AFC Asian Cup,False,A,3,5.0,7.0,0.6,1.0,1.4,0.6,0.0,0.2,0.06000000000000001,0.1,0.14,0.06000000000000001,1495.779976320137,1614.4038105373131
1988-12-02,Syria,Saudi Arabia,0.0,2.0,AFC Asian Cup,True,A,3,4.0,11.0,0.8,1.2,1.4,0.4,0.0,0.2,0.08,0.12000000000000002,0.14,0.04,1502.365551433684,1602.2637619157244
1988-12-03,United Arab Emirates,South Korea,0.0,1.0,AFC Asian Cup,True,A,3,6.0,1.0,0.8,0.8,2.4,1.8,0.0,0.1,0.08,0.08,0.24000000000000005,0.18000000000000002,1455.8522882220352,1444.3666673846099
1988-12-03,Kuwait,Bahrain,0.0,0.0,AFC Asian Cup,True,D,3,5.0,0.0,0.8,0.0,0.8,0.0,0.0,0.0,0.08,0.0,0.08,0.0,1528.7552238425617,1500.0
1988-12-04,Japan,Iran,0.0,0.0,AFC Asian Cup,True,D,3,0.0,7.0,0.0,1.0,0.0,0.6,0.0,0.0,0.0,0.1,0.0,0.06000000000000001,1500.0,1634.5412918467596
1988-12-04,China PR,Syria,3.0,0.0,AFC Asian Cup,True,H,3,12.0,4.0,2.2,0.6,0.4,1.4,0.30000000000000004,0.0,0.22000000000000003,0.06000000000000001,0.04,0.14,1552.1004180523923,1480.7613512581418
1988-12-05,Qatar,United Arab Emirates,2.0,1.0,AFC Asian Cup,False,H,3,5.0,6.0,0.6,0.6,1.0,1.8,0.2,0.1,0.06000000000000001,0.06000000000000001,0.1,0.18,1475.6424950106905,1424.8609011167055
1988-12-05,Saudi Arabia,Kuwait,0.0,0.0,AFC Asian Cup,True,D,3,11.0,5.0,1.4,0.8,0.4,0.8,0.0,0.0,0.14,0.08,0.04,0.08,1623.8679620912667,1526.2779520085978
1988-12-06,South Korea,Japan,2.0,0.0,AFC Asian Cup,True,H,3,4.0,1.0,1.0,0.0,1.6,0.0,0.2,0.0,0.1,0.0,0.16,0.0,1475.3580544899396,1511.0693776384255
1988-12-06,Bahrain,China PR,0.0,1.0,AFC Asian Cup,True,A,3,1.0,12.0,0.0,2.4,0.0,0.4,0.0,0.1,0.0,0.24000000000000005,0.0,0.04,1502.4772718339639,1576.0256408454438
1988-12-08,Syria,Kuwait,1.0,0.0,AFC Asian Cup,True,H,3,3.0,3.0,0.4,0.2,1.8,0.6,0.1,0.0,0.04,0.02,0.18000000000000002,0.06000000000000001,1456.83612846509,1534.4897162985892
1988-12-08,Iran,United Arab Emirates,1.0,0.0,AFC Asian Cup,True,H,3,7.0,6.0,1.0,0.8,0.6,1.6,0.1,0.0,0.1,0.08,0.06000000000000001,0.16,1623.471914208334,1399.214776398708
1988-12-09,Qatar,South Korea,2.0,3.0,AFC Asian Cup,False,A,3,7.0,7.0,0.8,1.4,1.0,1.4,0.2,0.30000000000000004,0.08,0.14,0.1,0.14,1501.288619728688,1508.4308045695923
1988-12-09,Saudi Arabia,Bahrain,1.0,1.0,AFC Asian Cup,True,D,3,11.0,1.0,1.2,0.0,0.2,0.5,0.1,0.1,0.12000000000000002,0.0,0.02,0.05,1615.6561978012753,1478.734755763909
1988-12-10,Kuwait,China PR,2.0,2.0,AFC Asian Cup,True,D,3,3.0,12.0,0.2,2.0,0.6,0.4,0.2,0.2,0.02,0.2,0.06000000000000001,0.04,1497.8940305249114,1599.7681569154986
1988-12-10,United Arab Emirates,Japan,1.0,0.0,AFC Asian Cup,True,H,3,3.0,1.0,0.4,0.0,1.8,1.0,0.1,0.0,0.04,0.0,0.18,0.1,1386.273028223253,1477.9966275587728
1988-12-11,South Korea,Iran,3.0,0.0,AFC Asian Cup,True,H,3,10.0,9.0,1.8,1.0,1.2,0.4,0.30000000000000004,0.0,0.18000000000000002,0.1,0.12000000000000002,0.04,1537.8141856120412,1636.413662383789
1988-12-11,Bahrain,Syria,0.0,1.0,AFC Asian Cup,True,A,3,2.0,6.0,0.3333333333333333,0.6,0.6666666666666666,1.6,0.0,0.1,0.03333333333333333,0.06000000000000001,0.06666666666666667,0.16,1489.981221204904,1493.4318142387679
1988-12-12,China PR,Saudi Arabia,0.0,1.0,AFC Asian Cup,True,A,3,10.0,9.0,1.4,1.2,0.8,0.4,0.0,0.1,0.14,0.12000000000000002,0.08,0.04,1591.2153571583322,1604.4097323602805
1988-12-12,Qatar,Japan,3.0,0.0,AFC Asian Cup,False,H,3,7.0,1.0,1.2,0.0,1.4,1.0,0.30000000000000004,0.0,0.12000000000000002,0.0,0.14,0.10000000000000002,1471.905238686239,1440.2555874339403
1988-12-14,South Korea,China PR,2.0,1.0,AFC Asian Cup,True,H,3,12.0,7.0,2.2,1.2,1.0,1.0,0.2,0.1,0.22000000000000003,0.12000000000000002,0.1,0.1,1576.1065191137764,1562.3541037099585
1988-12-15,Saudi Arabia,Iran,1.0,0.0,AFC Asian Cup,True,H,3,11.0,8.0,1.2,0.8,0.2,0.8,0.1,0.0,0.12000000000000002,0.08,0.02,0.08,1633.2709858086541,1598.1213288820536
1988-12-17,China PR,Iran,0.0,0.0,AFC Asian Cup,True,D,3,7.0,7.0,1.4,0.6,1.0,0.8,0.0,0.0,0.14,0.06000000000000001,0.1,0.08,1533.5409629249814,1571.1460816844096
1988-12-18,South Korea,Saudi Arabia,0.0,0.0,AFC Asian Cup,True,D,3,15.0,11.0,2.2,1.0,0.6,0.2,0.0,0.0,0.22000000000000003,0.1,0.06000000000000001,0.02,1604.9196598987535,1660.246233006298
1989-07-01,Brazil,Venezuela,3.0,1.0,Copa América,False,H,4,10.0,1.0,2.6,0.4,1.0,3.0,0.30000000000000004,0.1,0.26,0.04,0.1,0.3,1702.1376700777603,1249.2897268592992
1989-07-01,Paraguay,Peru,5.0,2.0,Copa América,True,H,4,3.0,6.0,0.6,1.0,1.8,1.0,0.5,0.2,0.06000000000000001,0.1,0.18000000000000002,0.1,1481.1622608908556,1523.6095251223333
1989-07-02,Uruguay,Ecuador,0.0,1.0,Copa América,True,A,4,7.0,2.0,0.6,0.6,1.4,2.4,0.0,0.1,0.06000000000000001,0.06000000000000001,0.14,0.24000000000000005,1613.2690714170865,1304.4119753945458
1989-07-02,Argentina,Chile,1.0,0.0,Copa América,True,H,4,7.0,10.0,1.6,1.8,1.2,0.6,0.1,0.0,0.16,0.18000000000000002,0.12000000000000002,0.06000000000000001,1670.5469800049289,1545.1208280352141
1989-07-03,Brazil,Peru,0.0,0.0,Copa América,False,D,4,10.0,3.0,2.6,1.0,1.2,1.8,0.0,0.0,0.26,0.1,0.12000000000000002,0.18,1707.633823385161,1478.7467734099212
1989-07-03,Venezuela,Colombia,2.0,4.0,Copa América,True,A,4,1.0,10.0,0.6,2.0,2.6,1.0,0.2,0.4,0.06000000000000001,0.2,0.26,0.1,1243.7935735518986,1571.9617411129168
1989-07-04,Argentina,Ecuador,0.0,0.0,Copa América,True,D,4,7.0,5.0,1.2,0.8,0.8,2.2,0.0,0.0,0.12000000000000002,0.08,0.08,0.22000000000000003,1696.7030046085251,1372.8472055953746
1989-07-04,Uruguay,Bolivia,3.0,0.0,Copa América,True,H,4,7.0,3.0,0.4,0.8,0.4,1.4,0.30000000000000004,0.0,0.04,0.08,0.04,0.14,1544.8338412162577,1408.597849943015
1989-07-05,Colombia,Paraguay,0.0,1.0,Copa América,True,A,4,12.0,5.0,2.4,1.4,1.0,2.0,0.0,0.1,0.24000000000000005,0.13999999999999999,0.1,0.2,1582.4696219016146,1526.0250126032677
1989-07-05,Peru,Venezuela,1.0,1.0,Copa América,True,D,4,4.0,1.0,1.0,0.8,1.6,3.0,0.1,0.1,0.1,0.08,0.16,0.3,1501.8490743717298,1233.2856927632008
1989-07-06,Ecuador,Bolivia,0.0,0.0,Copa América,True,D,4,6.0,2.0,0.8,0.6,1.2,1.8,0.0,0.0,0.08,0.06000000000000001,0.12000000000000002,0.18000000000000002,1402.1106583478904,1383.5252621607451
1989-07-06,Chile,Uruguay,0.0,3.0,Copa América,True,A,4,9.0,9.0,1.8,1.0,0.8,0.4,0.0,0.30000000000000004,0.18000000000000002,0.1,0.08,0.04,1518.9648034316178,1569.9064289985276
1989-07-07,Brazil,Colombia,0.0,0.0,Copa América,False,D,4,8.0,9.0,1.8,2.0,1.2,1.2,0.0,0.0,0.18,0.2,0.12000000000000002,0.12000000000000002,1684.5315224233523,1536.0277708803674
1989-07-07,Paraguay,Venezuela,3.0,0.0,Copa América,True,H,4,7.0,1.0,1.2,1.0,1.6,3.2,0.30000000000000004,0.0,0.12,0.1,0.16,0.32,1572.4668636245149,1259.2322247992602
1989-07-08,Bolivia,Chile,0.0,5.0,Copa América,True,A,4,2.0,6.0,0.2,1.2,1.4,1.2,0.0,0.5,0.02,0.12000000000000002,0.14,0.12000000000000002,1385.6629463594606,1484.7880055326525
1989-07-08,Uruguay,Argentina,0.0,1.0,Copa América,True,A,4,12.0,7.0,1.6,1.0,0.2,0.6,0.0,0.1,0.16,0.1,0.02,0.06000000000000001,1604.083226897493,1667.4395518560093
1989-07-09,Brazil,Paraguay,2.0,0.0,Copa América,False,H,4,8.0,10.0,1.6,1.8,1.0,1.0,0.2,0.0,0.16,0.18,0.1,0.1,1668.4047327168644,1583.7845648611562
1989-07-09,Colombia,Peru,1.0,1.0,Copa América,True,D,4,7.0,4.0,1.4,1.0,1.2,1.6,0.1,0.1,0.14,0.1,0.12000000000000002,0.16,1552.1545605868553,1475.9025423356704
1989-07-10,Argentina,Bolivia,0.0,0.0,Copa América,True,D,4,7.0,2.0,0.6,0.0,0.6,2.0,0.0,0.0,0.06000000000000001,0.0,0.06000000000000001,0.2,1700.2251753213654,1356.7752543921954
1989-07-10,Chile,Ecuador,2.0,1.0,Copa América,True,H,4,6.0,6.0,1.4,0.4,1.2,0.8,0.2,0.1,0.13999999999999999,0.04,0.12000000000000002,0.08,1513.6756974999178,1399.972974149175
1989-07-12,Brazil,Argentina,2.0,0.0,Copa América,False,H,4,8.0,8.0,1.0,0.6,1.0,0.4,0.2,0.0,0.1,0.06000000000000001,0.1,0.04,1698.8506482047958,1669.9558111943788
1989-07-12,Paraguay,Uruguay,0.0,3.0,Copa América,True,A,4,9.0,9.0,1.8,1.4,1.4,0.4,0.0,0.30000000000000004,0.18,0.14,0.14,0.04,1553.3386493732248,1571.2976034321368
1989-07-14,Argentina,Uruguay,0.0,2.0,Copa América,True,A,4,8.0,9.0,0.4,1.8,0.4,0.4,0.0,0.2,0.04,0.18000000000000002,0.04,0.04,1633.2748037341248,1609.2318419170217
1989-07-14,Brazil,Paraguay,3.0,0.0,Copa América,False,H,4,11.0,9.0,1.4,1.8,0.2,1.4,0.30000000000000004,0.0,0.14,0.18,0.02,0.14,1735.5316556650498,1515.40441088834
1989-07-16,Paraguay,Argentina,0.0,0.0,Copa América,True,D,4,6.0,5.0,0.8,0.2,1.6,0.8,0.0,0.0,0.08,0.02,0.16,0.08,1497.8248283743112,1590.5111655627672
1989-07-16,Brazil,Uruguay,1.0,0.0,Copa América,False,H,4,11.0,12.0,1.4,2.2,0.0,0.2,0.1,0.0,0.14,0.22000000000000003,0.0,0.02,1753.1112381790786,1651.9954800883793
1990-03-02,Algeria,Nigeria,5.0,1.0,African Cup of Nations,False,H,3,6.0,6.0,0.8,1.0,0.8,0.6,0.5,0.1,0.08,0.1,0.08,0.06000000000000001,1516.2468701382595,1560.3768288220801
1990-03-02,Ivory Coast,Egypt,3.0,1.0,African Cup of Nations,True,H,3,6.0,8.0,1.0,0.8,1.0,0.2,0.30000000000000004,0.1,0.1,0.08,0.1,0.02,1501.6948148512975,1588.566500708397
1990-03-03,Cameroon,Zambia,0.0,1.0,African Cup of Nations,True,A,3,11.0,4.0,0.8,1.0,0.2,1.2,0.0,0.1,0.08,0.1,0.02,0.12000000000000002,1713.612643664505,1517.5301726860268
1990-03-03,Senegal,Kenya,0.0,0.0,African Cup of Nations,True,D,3,9.0,3.0,1.2,0.4,0.8,1.6,0.0,0.0,0.12000000000000002,0.04,0.08,0.16,1512.7986573329504,1449.6591421706432
1990-03-05,Nigeria,Egypt,1.0,0.0,African Cup of Nations,True,H,3,3.0,5.0,0.6,0.8,1.6,0.8,0.1,0.0,0.06000000000000001,0.08,0.16,0.08,1526.586702188634,1551.217902757009
1990-03-05,Algeria,Ivory Coast,3.0,0.0,African Cup of Nations,False,H,3,8.0,9.0,1.6,1.6,0.8,1.0,0.30000000000000004,0.0,0.16,0.16,0.08,0.1,1550.0369967717056,1539.0434128026855
1990-03-06,Cameroon,Senegal,0.0,2.0,African Cup of Nations,True,A,3,8.0,7.0,0.6,0.8,0.4,0.6,0.0,0.2,0.06000000000000001,0.08,0.04,0.06000000000000001,1668.276250009741,1507.4059888503675
1990-03-06,Zambia,Kenya,1.0,0.0,African Cup of Nations,True,H,3,7.0,3.0,1.0,0.2,0.8,1.4,0.1,0.0,0.1,0.02,0.08,0.14,1562.8665663407908,1455.051810653226
1990-03-08,Algeria,Egypt,2.0,0.0,African Cup of Nations,False,H,3,11.0,4.0,2.2,0.8,0.6,1.0,0.2,0.0,0.22000000000000003,0.08,0.06000000000000001,0.1,1579.0880511058353,1519.0946299341545
1990-03-08,Nigeria,Ivory Coast,1.0,0.0,African Cup of Nations,True,H,3,5.0,6.0,0.6,1.0,1.4,1.2,0.1,0.0,0.06000000000000001,0.1,0.13999999999999999,0.12000000000000002,1558.7099750114885,1509.9923584685557
1990-03-09,Zambia,Senegal,0.0,0.0,African Cup of Nations,True,D,3,7.0,10.0,0.8,1.0,0.8,0.2,0.0,0.0,0.08,0.1,0.08,0.02,1583.8448350752162,1550.3823053482438
1990-03-09,Cameroon,Kenya,2.0,0.0,African Cup of Nations,True,H,3,7.0,2.0,0.4,0.0,0.6,1.4,0.2,0.0,0.04,0.0,0.06000000000000001,0.14,1625.2999335118648,1434.0735419188006
1990-03-12,Algeria,Senegal,2.0,1.0,African Cup of Nations,False,H,3,11.0,8.0,2.4,0.8,0.6,0.2,0.2,0.1,0.24000000000000005,0.08,0.06000000000000001,0.02,1603.958681838834,1553.262791300166
1990-03-12,Nigeria,Zambia,2.0,0.0,African Cup of Nations,True,H,3,7.0,8.0,0.8,0.4,1.4,0.2,0.2,0.0,0.08,0.04,0.13999999999999999,0.02,1584.530712633929,1580.964349123294
1990-03-15,Senegal,Zambia,0.0,1.0,African Cup of Nations,True,A,3,5.0,7.0,0.6,0.4,0.6,0.6,0.0,0.1,0.06000000000000001,0.04,0.06000000000000001,0.06000000000000001,1527.6094219674203,1551.2722828876592
1990-03-16,Algeria,Nigeria,1.0,0.0,African Cup of Nations,False,H,3,13.0,9.0,2.6,1.0,0.6,1.2,0.1,0.0,0.26,0.1,0.06000000000000001,0.12,1629.6120511715799,1614.2227788695636
1990-06-08,Argentina,Cameroon,0.0,1.0,FIFA World Cup,True,A,5,5.0,9.0,0.2,0.8,0.8,0.6,0.0,0.1,0.02,0.08,0.08,0.06000000000000001,1580.0863935139055,1640.2754746078663
1990-06-09,Russia,Romania,0.0,2.0,FIFA World Cup,True,A,5,10.0,4.0,1.4,1.2,0.8,1.6,0.0,0.2,0.14,0.12000000000000002,0.08,0.16,1695.6433382366044,1421.2372195400026
1990-06-09,United Arab Emirates,Colombia,0.0,2.0,FIFA World Cup,True,A,5,3.0,8.0,0.4,1.4,1.8,1.0,0.0,0.2,0.04,0.14,0.18,0.1,1424.0140683480856,1543.514010334353
1990-06-09,Italy,Austria,1.0,0.0,FIFA World Cup,False,H,5,7.0,7.0,0.8,1.0,1.0,0.8,0.1,0.0,0.08,0.1,0.1,0.08,1734.5763884229136,1577.142396893602
1990-06-10,Germany,Yugoslavia,4.0,1.0,FIFA World Cup,True,H,5,7.0,3.0,1.6,0.8,1.2,2.4,0.4,0.1,0.16,0.08,0.12000000000000002,0.24000000000000005,1703.8711136569887,1391.7178979540224
1990-06-10,United States,Czechoslovakia,1.0,5.0,FIFA World Cup,True,A,5,3.0,4.0,1.2,0.8,4.2,1.2,0.1,0.5,0.12000000000000002,0.08,0.42000000000000004,0.12000000000000002,1451.2543339565905,1544.4408651580952
1990-06-10,Brazil,Sweden,2.0,1.0,FIFA World Cup,True,H,5,13.0,4.0,1.6,1.0,0.0,1.6,0.2,0.1,0.16,0.1,0.0,0.16,1781.7877689358686,1525.4764578283152
1990-06-11,Costa Rica,Scotland,1.0,0.0,FIFA World Cup,True,H,5,0.0,2.0,0.0,0.8,0.0,1.8,0.1,0.0,0.0,0.08,0.0,0.18,1500.0,1496.1396365682792
1990-06-11,England,Republic of Ireland,1.0,1.0,FIFA World Cup,True,D,5,3.0,4.0,1.2,0.6666666666666666,1.8,0.6666666666666666,0.1,0.1,0.12000000000000002,0.06666666666666667,0.18000000000000002,0.06666666666666667,1545.1265048396178,1540.674318835745
1990-06-12,Belgium,South Korea,2.0,0.0,FIFA World Cup,True,H,5,5.0,13.0,1.8,2.0,2.4,0.6,0.2,0.0,0.18,0.2,0.24000000000000005,0.06000000000000001,1512.5283498724093,1609.6569645526715
1990-06-12,Netherlands,Egypt,1.0,1.0,FIFA World Cup,True,D,5,12.0,4.0,1.6,0.8,0.6,1.2,0.1,0.1,0.16,0.08,0.06000000000000001,0.12000000000000002,1778.1884852107526,1494.2239992011557
1990-06-13,Argentina,Russia,2.0,0.0,FIFA World Cup,True,H,5,2.0,7.0,0.0,1.2,1.0,1.2,0.2,0.0,0.0,0.12000000000000002,0.1,0.12000000000000002,1538.6626742262745,1612.7284303904378
1990-06-13,Uruguay,Spain,0.0,0.0,FIFA World Cup,True,D,5,9.0,7.0,1.6,1.8,0.4,1.4,0.0,0.0,0.16,0.18,0.04,0.14,1623.3189493315892,1620.4530430049315
1990-06-14,Italy,United States,1.0,0.0,FIFA World Cup,False,H,5,10.0,3.0,1.0,1.2,0.6,4.0,0.1,0.0,0.1,0.12000000000000002,0.06000000000000001,0.4,1763.3529055007602,1414.352368203942
1990-06-14,Yugoslavia,Colombia,1.0,0.0,FIFA World Cup,True,H,5,3.0,8.0,0.8,1.4,2.8,0.8,0.1,0.0,0.08,0.14,0.28,0.08,1377.4949933621215,1576.9641170911464
1990-06-14,Cameroon,Romania,2.0,1.0,FIFA World Cup,True,H,5,9.0,4.0,0.8,1.2,0.6,1.4,0.2,0.1,0.08,0.12000000000000002,0.06000000000000001,0.14,1681.6991938954973,1504.1521273861692
1990-06-15,Austria,Czechoslovakia,0.0,1.0,FIFA World Cup,True,A,5,4.0,6.0,0.8,1.6,1.0,1.2,0.0,0.1,0.08,0.16,0.1,0.12000000000000002,1548.3658798157553,1581.3428309107437
1990-06-15,Germany,United Arab Emirates,5.0,1.0,FIFA World Cup,True,H,5,10.0,3.0,2.0,0.4,0.8,1.2,0.5,0.1,0.2,0.04,0.08,0.12000000000000002,1718.0940182488896,1390.5639615912924
1990-06-16,Brazil,Costa Rica,1.0,0.0,FIFA World Cup,True,H,5,15.0,3.0,2.0,1.0,0.2,0.0,0.1,0.0,0.2,0.1,0.02,0.0,1800.3993871761916,1549.444471904958
1990-06-16,England,Netherlands,0.0,0.0,FIFA World Cup,True,D,5,1.0,13.0,0.8,1.8,2.0,0.6,0.0,0.0,0.08,0.18000000000000002,0.2,0.06000000000000001,1544.4858188378864,1744.5081802578409
1990-06-16,Sweden,Scotland,1.0,2.0,FIFA World Cup,True,A,5,4.0,2.0,0.8,0.6,1.2,1.2,0.1,0.2,0.08,0.06000000000000001,0.12000000000000002,0.12000000000000002,1506.8648395879923,1446.6951646633213
1990-06-17,Belgium,Uruguay,3.0,1.0,FIFA World Cup,True,H,5,7.0,7.0,1.8,1.0,2.0,0.4,0.30000000000000004,0.1,0.18,0.1,0.2,0.04,1576.153176325037,1622.9065216115412
1990-06-17,Republic of Ireland,Egypt,0.0,0.0,FIFA World Cup,True,D,5,5.0,2.0,0.75,0.4,0.75,1.4,0.0,0.0,0.07500000000000001,0.04,0.07500000000000001,0.14,1541.3150048374764,1527.9043041540674
1990-06-17,South Korea,Spain,1.0,3.0,FIFA World Cup,True,A,5,10.0,5.0,1.6,0.8,1.0,1.2,0.1,0.30000000000000004,0.16,0.08,0.1,0.12000000000000002,1546.0321381000438,1620.8654707249796
1990-06-18,Cameroon,Russia,0.0,4.0,FIFA World Cup,True,A,5,9.0,6.0,1.0,1.0,0.8,1.4,0.0,0.4,0.1,0.1,0.08,0.14,1708.1621564999741,1552.2280941057302
1990-06-18,Argentina,Romania,1.0,1.0,FIFA World Cup,True,D,5,4.0,4.0,0.4,1.0,1.0,1.2,0.1,0.1,0.04,0.1,0.1,0.12000000000000002,1599.163010510982,1477.6891647816924
1990-06-19,Yugoslavia,United Arab Emirates,4.0,1.0,FIFA World Cup,True,H,5,3.0,3.0,0.8,0.6,2.8,2.0,0.4,0.1,0.08,0.06000000000000001,0.28,0.2,1453.4138606778506,1377.3871433476054
1990-06-19,Italy,Czechoslovakia,2.0,0.0,FIFA World Cup,False,H,5,12.0,8.0,1.0,1.6,0.4,1.0,0.2,0.0,0.1,0.16,0.04,0.1,1775.1789373150702,1626.6112663855429
1990-06-19,Austria,United States,2.0,1.0,FIFA World Cup,True,H,5,1.0,3.0,0.4,1.0,1.2,2.8,0.2,0.1,0.04,0.1,0.12000000000000002,0.28,1503.0974443409561,1402.526336389632
1990-06-19,Germany,Colombia,1.0,1.0,FIFA World Cup,True,D,5,12.0,5.0,2.8,0.6,0.8,0.6,0.1,0.1,0.28,0.06000000000000001,0.08,0.06000000000000001,1731.2708364925766,1501.0452497754172
1990-06-20,Brazil,Scotland,1.0,0.0,FIFA World Cup,True,H,5,15.0,4.0,1.8,0.6,0.2,1.0,0.1,0.0,0.18000000000000002,0.06000000000000001,0.02,0.1,1819.4825946213602,1505.2687347437202
1990-06-20,Sweden,Costa Rica,1.0,2.0,FIFA World Cup,True,A,5,1.0,3.0,0.6,0.5,1.4,0.5,0.1,0.2,0.06000000000000001,0.05,0.14,0.05,1448.2912695075934,1530.3612644597893
1990-06-21,Belgium,Spain,1.0,2.0,FIFA World Cup,True,A,5,7.0,7.0,1.6,1.2,1.6,1.2,0.1,0.2,0.16,0.12000000000000002,0.16,0.12000000000000002,1632.841202707154,1660.2595921832747
1990-06-21,England,Egypt,1.0,0.0,FIFA World Cup,True,H,5,2.0,2.0,0.6,0.4,1.6,1.4,0.1,0.0,0.06000000000000001,0.04,0.16,0.14,1570.4628610189586,1529.8333012186072
1990-06-21,Republic of Ireland,Netherlands,1.0,1.0,FIFA World Cup,True,D,5,6.0,11.0,0.6,1.2,0.6,0.4,0.1,0.1,0.06000000000000001,0.12000000000000002,0.06000000000000001,0.04,1539.3860077729366,1718.5311380767687
1990-06-21,South Korea,Uruguay,0.0,1.0,FIFA World Cup,True,A,5,7.0,7.0,1.2,1.2,1.2,0.8,0.0,0.1,0.12000000000000002,0.12000000000000002,0.12000000000000002,0.08,1506.6380166417487,1566.2184952294242
1990-06-23,Cameroon,Colombia,2.0,1.0,FIFA World Cup,True,H,5,9.0,6.0,1.0,0.8,1.4,0.6,0.2,0.1,0.1,0.08,0.14,0.06000000000000001,1637.1159625591085,1530.051214838635
1990-06-23,Czechoslovakia,Costa Rica,4.0,1.0,FIFA World Cup,True,H,5,7.0,6.0,1.4,1.0,1.2,0.6666666666666666,0.4,0.1,0.13999999999999999,0.10000000000000002,0.12000000000000002,0.06666666666666667,1596.7774564695803,1568.765322300234
1990-06-24,Germany,Netherlands,2.0,1.0,FIFA World Cup,True,H,5,10.0,9.0,2.6,1.2,1.0,0.6,0.2,0.1,0.26,0.12000000000000002,0.1,0.06000000000000001,1702.264871429359,1694.8154716592535
1990-06-24,Brazil,Argentina,0.0,1.0,FIFA World Cup,True,A,5,15.0,5.0,1.6,0.6,0.2,0.8,0.0,0.1,0.16,0.06000000000000001,0.02,0.08,1833.5613958661372,1582.3606494972596
1990-06-25,Republic of Ireland,Romania,0.0,0.0,FIFA World Cup,True,D,5,4.0,4.0,0.6,1.0,0.8,1.2,0.0,0.0,0.06000000000000001,0.1,0.08,0.12000000000000002,1563.1016741904516,1494.4915257954149
1990-06-25,Italy,Uruguay,2.0,0.0,FIFA World Cup,False,H,5,12.0,7.0,1.2,0.8,0.4,0.8,0.2,0.0,0.12000000000000002,0.08,0.04,0.08,1805.0127472310328,1607.7272480807908
1990-06-26,England,Belgium,1.0,0.0,FIFA World Cup,True,H,5,5.0,6.0,0.8,1.6,1.4,1.8,0.1,0.0,0.08,0.16,0.14,0.18,1614.642305728842,1586.7788552131883
1990-06-26,Spain,Yugoslavia,1.0,2.0,FIFA World Cup,True,A,5,7.0,6.0,1.0,1.6,1.0,2.6,0.1,0.2,0.1,0.16,0.1,0.26,1706.3219396772404,1492.6440876579943
1990-06-30,Italy,Republic of Ireland,1.0,0.0,FIFA World Cup,False,H,5,12.0,4.0,1.2,0.4,0.4,0.6,0.1,0.0,0.12000000000000002,0.04,0.04,0.06000000000000001,1829.3244334589701,1553.3542577129783
1990-06-30,Yugoslavia,Argentina,0.0,0.0,FIFA World Cup,True,D,5,9.0,8.0,2.0,0.8,1.8,0.4,0.0,0.0,0.2,0.08,0.18000000000000002,0.04,1570.0264455062531,1663.29928405748
1990-07-01,Cameroon,England,2.0,3.0,FIFA World Cup,True,A,5,12.0,8.0,1.4,0.8,1.2,0.8,0.2,0.30000000000000004,0.14,0.08,0.12000000000000002,0.08,1672.1779811244492,1660.6410074834475
1990-07-01,Germany,Czechoslovakia,1.0,0.0,FIFA World Cup,True,H,5,10.0,10.0,2.6,2.2,1.2,1.0,0.1,0.0,0.26,0.22000000000000003,0.12000000000000002,0.1,1751.192980877148,1642.754898687382
1990-07-03,Italy,Argentina,1.0,1.0,FIFA World Cup,False,D,5,15.0,8.0,1.4,0.8,0.0,0.4,0.1,0.1,0.14,0.08,0.0,0.04,1846.282359852027,1650.1896822826557
1990-07-04,Germany,England,1.0,1.0,FIFA World Cup,True,D,5,13.0,11.0,2.6,1.2,0.8,0.6,0.1,0.1,0.26,0.12000000000000002,0.08,0.06000000000000001,1786.0752146760462,1712.3007014814882
1990-07-07,Italy,England,2.0,1.0,FIFA World Cup,False,H,5,13.0,11.0,1.4,1.2,0.2,0.6,0.2,0.1,0.14,0.12000000000000002,0.02,0.06000000000000001,1820.7206187972097,1722.7609659807324
1990-07-08,Germany,Argentina,1.0,0.0,FIFA World Cup,True,H,5,11.0,9.0,2.0,1.0,0.8,0.4,0.1,0.0,0.2,0.1,0.08,0.04,1775.6149501768023,1675.751423337473
1991-07-06,Chile,Venezuela,2.0,0.0,Copa América,False,H,4,6.0,1.0,1.4,1.0,1.2,2.8,0.2,0.0,0.13999999999999999,0.1,0.12000000000000002,0.28,1541.0333338556413,1247.9145235626188
1991-07-06,Paraguay,Peru,1.0,0.0,Copa América,True,H,4,4.0,4.0,0.6,1.0,1.6,1.6,0.1,0.0,0.06000000000000001,0.1,0.16,0.16,1508.249600423173,1484.5430925881726
1991-07-07,Bolivia,Uruguay,1.0,1.0,Copa América,True,D,4,2.0,4.0,0.0,0.4,2.0,1.2,0.1,0.1,0.0,0.04,0.2,0.12000000000000002,1387.044618519182,1583.4155618528534
1991-07-07,Colombia,Ecuador,1.0,0.0,Copa América,True,H,4,5.0,6.0,1.0,0.6,1.0,0.6,0.1,0.0,0.1,0.06000000000000001,0.1,0.06000000000000001,1494.9891962732943,1372.6153377934513
1991-07-08,Chile,Peru,4.0,2.0,Copa América,False,H,4,9.0,3.0,1.8,0.8,1.0,1.6,0.4,0.2,0.18,0.08,0.1,0.16,1553.5235436375617,1447.2681774030716
1991-07-08,Argentina,Venezuela,3.0,0.0,Copa América,True,H,4,6.0,1.0,0.6,0.8,0.6,2.6,0.30000000000000004,0.0,0.06000000000000001,0.08,0.06000000000000001,0.26,1639.7398224717178,1235.4243137806984
1991-07-09,Bolivia,Brazil,1.0,2.0,Copa América,True,A,4,3.0,12.0,0.2,1.0,1.8,0.4,0.1,0.2,0.02,0.1,0.18,0.04,1407.5176651019983,1752.6227613059168
1991-07-09,Ecuador,Uruguay,1.0,1.0,Copa América,True,D,4,5.0,5.0,0.4,0.6,0.6,1.2,0.1,0.1,0.04,0.06000000000000001,0.06000000000000001,0.12000000000000002,1346.1490629284906,1562.9425152700371
1991-07-10,Chile,Argentina,0.0,1.0,Copa América,False,A,4,12.0,8.0,2.6,1.0,1.2,0.4,0.0,0.1,0.26,0.1,0.12000000000000002,0.04,1581.658083622229,1646.849965338628
1991-07-10,Paraguay,Venezuela,5.0,0.0,Copa América,True,H,4,4.0,1.0,0.2,0.6,1.6,2.6,0.5,0.0,0.02,0.06000000000000001,0.16,0.26,1545.5245156082742,1228.3141709137883
1991-07-11,Bolivia,Colombia,0.0,0.0,Copa América,True,D,4,3.0,7.0,0.4,1.0,1.6,0.8,0.0,0.0,0.04,0.1,0.16,0.08,1397.8681721855105,1521.455471138255
1991-07-11,Brazil,Uruguay,1.0,1.0,Copa América,True,D,4,12.0,5.0,1.2,0.8,0.6,1.4,0.1,0.1,0.12000000000000002,0.08,0.06000000000000001,0.14,1762.2722542224046,1540.786745517237
1991-07-12,Peru,Venezuela,5.0,1.0,Copa América,True,H,4,3.0,1.0,0.8,0.2,1.4,2.8,0.5,0.1,0.08,0.02,0.14,0.28,1419.1336374184043,1217.217023826305
1991-07-12,Argentina,Paraguay,4.0,1.0,Copa América,True,H,4,8.0,7.0,1.0,1.2,0.4,1.2,0.4,0.1,0.1,0.12,0.04,0.12000000000000002,1679.4313333932878,1556.6216626957575
1991-07-13,Bolivia,Ecuador,0.0,4.0,Copa América,True,A,4,3.0,3.0,0.4,0.4,1.6,0.8,0.0,0.4,0.04,0.04,0.16,0.08,1411.5254607092065,1368.3048326812907
1991-07-13,Brazil,Colombia,0.0,2.0,Copa América,True,A,4,10.0,5.0,1.0,0.6,0.6,0.8,0.0,0.2,0.1,0.06000000000000001,0.06000000000000001,0.08,1739.744824784492,1507.798182614559
1991-07-14,Chile,Paraguay,4.0,0.0,Copa América,False,H,4,12.0,7.0,2.6,1.4,0.8,1.4,0.4,0.0,0.26,0.13999999999999999,0.08,0.14,1549.0767155675692,1530.1997998878157
1991-07-14,Argentina,Peru,3.0,2.0,Copa América,True,H,4,10.0,5.0,1.8,1.8,0.6,1.6,0.30000000000000004,0.2,0.18000000000000002,0.18,0.06000000000000001,0.16,1705.8531962012296,1438.1932369031313
1991-07-15,Brazil,Ecuador,3.0,1.0,Copa América,True,H,4,7.0,5.0,0.8,1.2,1.0,0.8,0.30000000000000004,0.1,0.08,0.12000000000000002,0.1,0.08,1676.4089696736698,1413.2552814430078
1991-07-15,Colombia,Uruguay,0.0,1.0,Copa América,True,A,4,8.0,6.0,1.0,0.8,0.6,1.0,0.0,0.1,0.1,0.08,0.06000000000000001,0.1,1571.1340377253812,1563.3141749551496
1991-07-17,Chile,Colombia,1.0,1.0,Copa América,False,D,4,12.0,7.0,2.4,0.8,0.8,0.6,0.1,0.1,0.24000000000000005,0.08,0.08,0.06000000000000001,1586.9055663116626,1530.2338947467613
1991-07-17,Argentina,Brazil,3.0,2.0,Copa América,True,H,4,12.0,7.0,2.2,1.2,0.8,1.2,0.30000000000000004,0.2,0.22000000000000003,0.12000000000000002,0.08,0.12000000000000002,1719.96701234155,1690.8268448937597
1991-07-19,Brazil,Colombia,2.0,0.0,Copa América,True,H,4,7.0,8.0,1.6,0.8,1.6,0.4,0.2,0.0,0.16,0.08,0.16,0.04,1654.1738860361365,1536.7012065904928
1991-07-19,Chile,Argentina,0.0,0.0,Copa América,False,D,4,10.0,15.0,2.2,2.8,0.8,1.0,0.0,0.0,0.22000000000000003,0.28,0.08,0.1,1580.438254467931,1756.619971199173
1991-07-21,Chile,Brazil,0.0,2.0,Copa América,False,A,4,8.0,7.0,1.8,1.6,0.8,1.4,0.0,0.2,0.18,0.16,0.08,0.14,1599.1452997284364,1681.1421975576598
1991-07-21,Argentina,Colombia,2.0,1.0,Copa América,True,H,4,13.0,5.0,2.2,0.6,1.0,0.8,0.2,0.1,0.22000000000000003,0.06000000000000001,0.1,0.08,1737.9129259386677,1509.7328950689696
1992-01-12,Senegal,Nigeria,1.0,2.0,African Cup of Nations,False,A,3,5.0,9.0,0.6,1.0,0.6,1.2,0.1,0.2,0.06000000000000001,0.1,0.06000000000000001,0.12,1499.6494842609798,1585.5507271151391
1992-01-12,Cameroon,Morocco,1.0,0.0,African Cup of Nations,True,H,3,9.0,6.0,1.4,0.6,1.8,0.6,0.1,0.0,0.14,0.06000000000000001,0.18000000000000002,0.06000000000000001,1620.5182871264085,1552.2773886532354
1992-01-13,Algeria,Ivory Coast,0.0,3.0,African Cup of Nations,True,A,3,15.0,5.0,2.6,0.8,0.4,1.2,0.0,0.30000000000000004,0.26,0.08,0.04,0.12000000000000002,1658.2841029260044,1484.1716208461153
1992-01-13,Egypt,Zambia,0.0,1.0,African Cup of Nations,True,A,3,2.0,10.0,0.2,0.6,1.0,0.4,0.0,0.1,0.02,0.06000000000000001,0.1,0.04,1485.6538565087237,1579.2322205940998
1992-01-14,Morocco,DR Congo,1.0,1.0,African Cup of Nations,True,D,3,5.0,3.0,0.4,0.6,0.6,1.0,0.1,0.1,0.04,0.06000000000000001,0.06000000000000001,0.1,1528.0951603254039,1396.6846500455845
1992-01-14,Nigeria,Kenya,2.0,1.0,African Cup of Nations,True,H,3,12.0,2.0,1.2,0.0,0.4,1.2,0.2,0.1,0.12000000000000002,0.0,0.04,0.12000000000000002,1608.2809498088304,1419.0980008227991
1992-01-15,Ivory Coast,Congo,0.0,0.0,African Cup of Nations,True,D,3,7.0,1.0,1.2,0.6,1.0,2.4,0.0,0.0,0.12000000000000002,0.06000000000000001,0.1,0.24000000000000005,1528.061923797478,1449.4206963883807
1992-01-15,Zambia,Ghana,0.0,1.0,African Cup of Nations,True,A,3,10.0,7.0,0.6,1.2,0.4,1.4,0.0,0.1,0.06000000000000001,0.12000000000000002,0.04,0.14,1601.3418975697793,1611.8565418442204
1992-01-16,Cameroon,DR Congo,1.0,1.0,African Cup of Nations,True,D,3,9.0,4.0,1.4,0.8,1.8,1.0,0.1,0.1,0.14,0.08,0.18000000000000002,0.1,1644.70051545424,1407.5197263115128
1992-01-16,Senegal,Kenya,3.0,0.0,African Cup of Nations,False,H,3,4.0,2.0,0.8,0.2,1.0,1.0,0.30000000000000004,0.0,0.08,0.02,0.1,0.1,1476.9192615672885,1403.9898809473877
1992-01-17,Egypt,Ghana,0.0,1.0,African Cup of Nations,True,A,3,2.0,7.0,0.2,0.8,1.0,1.0,0.0,0.1,0.02,0.08,0.1,0.1,1463.5441795330441,1640.9489115533863
1992-01-17,Algeria,Congo,1.0,1.0,African Cup of Nations,True,D,3,12.0,2.0,1.6,0.2,0.8,1.6,0.1,0.1,0.16,0.02,0.08,0.16,1614.3937999746418,1456.09748876909
1992-01-19,Senegal,Cameroon,0.0,1.0,African Cup of Nations,False,A,3,4.0,7.0,1.0,1.2,1.0,1.8,0.0,0.1,0.1,0.12000000000000002,0.1,0.18000000000000002,1500.7129190020999,1626.9031137760621
1992-01-19,Nigeria,DR Congo,1.0,0.0,African Cup of Nations,True,H,3,12.0,4.0,1.4,0.8,0.6,1.0,0.1,0.0,0.14,0.08,0.06000000000000001,0.1,1623.3890696842418,1425.3171279896908
1992-01-20,Ghana,Congo,2.0,1.0,African Cup of Nations,True,H,3,9.0,3.0,0.8,0.4,0.8,1.0,0.2,0.1,0.08,0.04,0.08,0.1,1656.836257650499,1468.8925572690755
1992-01-20,Ivory Coast,Zambia,1.0,0.0,African Cup of Nations,True,H,3,7.0,7.0,1.2,0.4,1.0,0.6,0.1,0.0,0.12000000000000002,0.04,0.1,0.06000000000000001,1521.3851314167687,1572.2495278606134
1992-01-23,Cameroon,Ivory Coast,0.0,0.0,African Cup of Nations,True,D,3,10.0,7.0,1.4,0.8,1.0,0.8,0.0,0.0,0.14,0.08,0.1,0.08,1646.4621062598799,1555.7460056120626
1992-01-23,Nigeria,Ghana,1.0,2.0,African Cup of Nations,True,A,3,12.0,12.0,1.4,1.0,0.6,0.6,0.1,0.2,0.14,0.1,0.06000000000000001,0.06000000000000001,1637.9261570787048,1672.0251584628934
1992-01-25,Cameroon,Nigeria,1.0,2.0,African Cup of Nations,True,A,3,8.0,9.0,1.0,1.2,0.8,1.0,0.1,0.2,0.1,0.12000000000000002,0.08,0.1,1638.8023288884028,1610.8610841163745
1992-01-26,Ghana,Ivory Coast,0.0,0.0,African Cup of Nations,True,D,3,15.0,8.0,1.4,0.8,0.4,0.2,0.0,0.0,0.14,0.08,0.04,0.02,1699.0902314252237,1563.4057829835397
1992-06-10,Sweden,France,1.0,1.0,UEFA Euro,False,D,4,0.0,10.0,0.6,2.0,1.6,1.0,0.1,0.1,0.06000000000000001,0.2,0.16,0.1,1409.8872116671487,1757.4142133504265
1992-06-11,Denmark,England,0.0,0.0,UEFA Euro,True,D,4,3.0,10.0,1.0,1.4,2.4,1.0,0.0,0.0,0.1,0.14,0.24000000000000005,0.1,1538.9498889602771,1686.496435583422
1992-06-12,Netherlands,Scotland,1.0,0.0,UEFA Euro,True,H,4,6.0,4.0,1.0,0.6,0.8,1.0,0.1,0.0,0.1,0.06000000000000001,0.08,0.1,1645.8873622114643,1491.1899334989432
1992-06-12,Russia,Germany,1.0,1.0,UEFA Euro,True,D,4,6.0,11.0,1.2,1.2,1.2,0.6,0.1,0.1,0.12000000000000002,0.12000000000000002,0.12000000000000002,0.06000000000000001,1623.2742880465958,1811.6265510425574
1992-06-14,Sweden,Denmark,1.0,0.0,UEFA Euro,False,H,4,1.0,1.0,0.8,0.6,1.6,2.4,0.1,0.0,0.08,0.06000000000000001,0.16,0.24000000000000005,1440.3553971129393,1554.984286910672
1992-06-14,France,England,0.0,0.0,UEFA Euro,True,D,4,8.0,8.0,1.6,1.2,1.2,1.0,0.0,0.0,0.16,0.12000000000000002,0.12000000000000002,0.1,1726.946027904636,1670.4620376330272
1992-06-15,Netherlands,Russia,0.0,0.0,UEFA Euro,True,D,4,6.0,4.0,0.8,1.0,0.8,1.4,0.0,0.0,0.08,0.1,0.08,0.14,1669.167729892875,1643.0579720880446
1992-06-15,Scotland,Germany,0.0,2.0,UEFA Euro,True,A,4,4.0,11.0,0.4,1.2,0.8,0.6,0.0,0.2,0.04,0.12000000000000002,0.08,0.06000000000000001,1467.9095658175324,1791.8428670011085
1992-06-17,France,Denmark,1.0,2.0,UEFA Euro,True,A,4,6.0,1.0,1.2,0.4,1.2,1.6,0.1,0.2,0.12000000000000002,0.04,0.12000000000000002,0.16,1720.499760652768,1502.2460269491153
1992-06-17,Sweden,England,2.0,1.0,UEFA Euro,False,H,4,4.0,6.0,1.0,1.0,1.4,1.0,0.2,0.1,0.1,0.1,0.14,0.1,1493.093657074496,1676.9083048848952
1992-06-18,Scotland,Russia,3.0,0.0,UEFA Euro,True,H,4,3.0,5.0,0.4,1.0,1.2,1.0,0.30000000000000004,0.0,0.04,0.1,0.12000000000000002,0.1,1457.1771650300107,1646.0583229969504
1992-06-18,Netherlands,Germany,3.0,1.0,UEFA Euro,True,H,4,6.0,11.0,0.6,1.2,0.6,0.4,0.30000000000000004,0.1,0.06000000000000001,0.12000000000000002,0.06000000000000001,0.04,1666.1673789839692,1802.5752677886303
1992-06-21,Sweden,Germany,2.0,3.0,UEFA Euro,False,A,4,7.0,8.0,1.2,1.2,1.2,1.0,0.2,0.30000000000000004,0.12000000000000002,0.12000000000000002,0.12000000000000002,0.1,1552.4801791546429,1747.6308244420584
1992-06-22,Netherlands,Denmark,2.0,2.0,UEFA Euro,True,D,4,8.0,4.0,1.2,0.4,0.8,1.2,0.2,0.2,0.12000000000000002,0.04,0.08,0.12000000000000002,1721.1118223305411,1564.518067081988
1992-06-26,Denmark,Germany,2.0,0.0,UEFA Euro,True,H,4,5.0,10.0,0.8,1.6,1.2,1.2,0.2,0.0,0.08,0.16,0.12000000000000002,0.12000000000000002,1581.4174656227194,1767.2616520382405
1992-10-29,Qatar,Thailand,1.0,1.0,AFC Asian Cup,True,D,3,9.0,3.0,1.6,1.2,1.2,1.8,0.1,0.1,0.16,0.12000000000000002,0.12000000000000002,0.18000000000000002,1499.1799224496274,1462.377444453966
1992-10-29,Saudi Arabia,China PR,1.0,1.0,AFC Asian Cup,True,D,3,9.0,5.0,0.6,0.8,0.2,1.0,0.1,0.1,0.06000000000000001,0.08,0.02,0.1,1655.50892835238,1536.7754290702594
1992-10-30,Japan,United Arab Emirates,0.0,0.0,AFC Asian Cup,False,D,3,1.0,3.0,0.0,0.6,1.5,2.4,0.0,0.0,0.0,0.06000000000000001,0.15000000000000002,0.24,1412.980903670552,1338.1569163674617
1992-10-30,North Korea,Iran,0.0,2.0,AFC Asian Cup,True,A,3,6.0,5.0,1.4,0.2,2.0,0.8,0.0,0.2,0.14,0.02,0.2,0.08,1519.3569627841762,1567.9116155391316
1992-10-31,China PR,Thailand,0.0,0.0,AFC Asian Cup,True,D,3,3.0,4.0,0.8,1.4,1.2,1.6,0.0,0.0,0.08,0.14,0.12000000000000002,0.16,1546.6463927200127,1465.5433937018859
1992-10-31,Saudi Arabia,Qatar,1.0,1.0,AFC Asian Cup,True,D,3,9.0,7.0,0.8,1.6,0.4,1.4,0.1,0.1,0.08,0.16,0.04,0.14,1645.6379647026267,1496.0139732017076
1992-11-01,United Arab Emirates,Iran,0.0,0.0,AFC Asian Cup,True,D,3,4.0,7.0,0.6,0.6,2.2,0.8,0.0,0.0,0.06000000000000001,0.06000000000000001,0.22000000000000003,0.08,1344.5196728554804,1593.7461524037142
1992-11-01,Japan,North Korea,1.0,1.0,AFC Asian Cup,False,D,3,2.0,3.0,0.0,1.0,1.2,2.2,0.1,0.1,0.0,0.1,0.12000000000000002,0.22000000000000003,1406.6181471825332,1493.5224259195936
1992-11-02,Saudi Arabia,Thailand,4.0,0.0,AFC Asian Cup,True,H,3,9.0,4.0,0.8,1.2,0.4,1.4,0.4,0.0,0.08,0.12000000000000002,0.04,0.14,1633.4619715206347,1472.4219020372193
1992-11-02,China PR,Qatar,2.0,1.0,AFC Asian Cup,True,H,3,3.0,8.0,0.4,1.8,0.8,1.2,0.2,0.1,0.04,0.18000000000000002,0.08,0.12000000000000002,1539.7678843846793,1508.1899663836996
1992-11-03,Japan,Iran,1.0,0.0,AFC Asian Cup,False,H,3,2.0,5.0,0.2,0.4,1.4,0.8,0.1,0.0,0.02,0.04,0.14,0.08,1413.969390504963,1575.2885434134907
1992-11-03,United Arab Emirates,North Korea,2.0,1.0,AFC Asian Cup,True,H,3,2.0,4.0,0.4,0.8,2.2,1.8,0.2,0.1,0.04,0.08,0.22000000000000003,0.18000000000000002,1362.9772818457038,1486.1711825971638
1992-11-06,Japan,China PR,3.0,2.0,AFC Asian Cup,False,H,3,5.0,6.0,0.4,0.8,1.0,0.8,0.30000000000000004,0.2,0.04,0.08,0.1,0.08,1456.9771979639263,1567.0487110937918
1992-11-06,Saudi Arabia,United Arab Emirates,2.0,0.0,AFC Asian Cup,True,H,3,9.0,5.0,1.4,0.8,0.4,2.0,0.2,0.0,0.14,0.08,0.04,0.2,1650.473738369257,1403.1902278514603
1992-11-08,Japan,Saudi Arabia,1.0,0.0,AFC Asian Cup,False,H,3,8.0,9.0,1.0,1.6,1.2,0.4,0.1,0.0,0.1,0.16,0.12000000000000002,0.04,1496.1758227448775,1662.1207507473991
1992-11-08,China PR,United Arab Emirates,1.0,1.0,AFC Asian Cup,True,D,3,6.0,5.0,1.0,0.6,1.0,1.4,0.1,0.1,0.1,0.06000000000000001,0.1,0.14,1527.8500863128406,1391.5432154733182
1993-06-15,Ecuador,Venezuela,6.0,1.0,Copa América,False,H,4,4.0,0.0,1.4,0.2,1.4,3.6,0.6000000000000001,0.1,0.14,0.02,0.14,0.36,1398.837406222918,1198.157424341578
1993-06-16,Uruguay,United States,1.0,0.0,Copa América,True,H,4,6.0,3.0,0.8,1.0,1.0,2.6,0.1,0.0,0.08,0.1,0.1,0.26,1604.2143179337695,1366.6085408773124
1993-06-16,Colombia,Mexico,2.0,1.0,Copa América,True,H,4,4.0,11.0,0.8,1.2,1.2,0.4,0.2,0.1,0.08,0.12000000000000002,0.12000000000000002,0.04,1492.7808860365376,1560.3618208085531
1993-06-17,Argentina,Bolivia,1.0,0.0,Copa América,True,H,4,13.0,3.0,2.4,0.4,1.2,1.4,0.1,0.0,0.24000000000000005,0.04,0.12000000000000002,0.14,1754.8649349710997,1366.5750119474894
1993-06-18,Paraguay,Chile,1.0,0.0,Copa América,True,H,4,7.0,5.0,1.4,1.0,1.6,0.8,0.1,0.0,0.13999999999999999,0.1,0.16,0.08,1492.3709491437223,1568.4140900956884
1993-06-18,Brazil,Peru,0.0,0.0,Copa América,True,D,4,9.0,4.0,1.8,2.0,1.2,2.0,0.0,0.0,0.18000000000000002,0.2,0.12000000000000002,0.2,1711.8734071904078,1424.079420762811
1993-06-19,Ecuador,United States,2.0,0.0,Copa América,False,H,4,7.0,0.0,2.4,0.8,1.2,2.8,0.2,0.0,0.24000000000000005,0.08,0.12000000000000002,0.27999999999999997,1418.0005517054449,1350.3700953214436
1993-06-19,Uruguay,Venezuela,2.0,2.0,Copa América,True,D,4,9.0,0.0,1.0,0.4,0.6,4.2,0.2,0.2,0.1,0.04,0.06000000000000001,0.42000000000000004,1620.4527634896383,1178.994278859051
1993-06-20,Argentina,Mexico,1.0,1.0,Copa América,True,D,4,13.0,8.0,1.8,1.0,1.0,0.6,0.1,0.1,0.18000000000000002,0.1,0.1,0.06000000000000001,1762.5957993209977,1512.6779424631982
1993-06-20,Colombia,Bolivia,1.0,1.0,Copa América,True,D,4,4.0,2.0,0.8,0.4,1.4,1.6,0.1,0.1,0.08,0.04,0.14,0.16,1540.4647643818926,1358.8441475975915
1993-06-21,Brazil,Chile,2.0,3.0,Copa América,True,A,4,10.0,5.0,1.8,1.0,0.8,0.8,0.2,0.30000000000000004,0.18000000000000002,0.1,0.08,0.08,1684.6901108410786,1519.7964685847135
1993-06-21,Paraguay,Peru,1.0,1.0,Copa América,True,D,4,9.0,4.0,1.6,1.8,1.6,1.8,0.1,0.1,0.16,0.18,0.16,0.18000000000000002,1540.9885706546972,1451.26271711214
1993-06-22,Ecuador,Uruguay,2.0,1.0,Copa América,False,H,4,10.0,9.0,2.8,1.2,1.0,0.8,0.2,0.1,0.28,0.12000000000000002,0.1,0.08,1450.311182512424,1586.2941430979256
1993-06-22,United States,Venezuela,3.0,3.0,Copa América,True,D,4,0.0,1.0,0.4,0.8,2.2,4.2,0.30000000000000004,0.30000000000000004,0.04,0.08,0.22000000000000003,0.42000000000000004,1318.0594645144645,1213.1528992507638
1993-06-23,Argentina,Colombia,1.0,1.0,Copa América,True,D,4,11.0,5.0,1.4,1.0,0.8,1.4,0.1,0.1,0.14,0.1,0.08,0.14,1737.9362474987126,1521.2720955552281
1993-06-23,Mexico,Bolivia,0.0,0.0,Copa América,True,D,4,8.0,2.0,1.0,0.4,0.6,1.6,0.0,0.0,0.1,0.04,0.06000000000000001,0.16,1537.3374942854832,1378.036816424256
1993-06-24,Chile,Peru,0.0,1.0,Copa América,True,A,4,5.0,5.0,0.8,2.0,1.2,1.8,0.0,0.1,0.08,0.2,0.12000000000000002,0.18000000000000002,1577.47287572396,1461.3691021012828
1993-06-24,Brazil,Paraguay,3.0,0.0,Copa América,True,H,4,7.0,7.0,1.6,1.6,1.2,1.8,0.30000000000000004,0.0,0.16,0.16,0.12000000000000002,0.18,1627.0137037018321,1530.8821856655545
1993-06-26,Colombia,Uruguay,1.0,1.0,Copa América,True,D,4,5.0,8.0,1.0,1.2,1.4,1.0,0.1,0.1,0.1,0.12000000000000002,0.14,0.1,1543.4175440091924,1531.391811899295
1993-06-26,Ecuador,Paraguay,3.0,0.0,Copa América,False,H,4,12.0,4.0,3.0,0.6,1.0,2.4,0.30000000000000004,0.0,0.30000000000000004,0.06000000000000001,0.1,0.24000000000000005,1505.2135137110547,1501.6756929827866
1993-06-27,Brazil,Argentina,1.0,1.0,Copa América,True,D,4,10.0,9.0,1.8,1.0,0.6,0.6,0.1,0.1,0.18000000000000002,0.1,0.06000000000000001,0.06000000000000001,1656.2201963846,1715.7907990447484
1993-06-27,Peru,Mexico,2.0,4.0,Copa América,True,A,4,8.0,6.0,1.8,0.8,1.0,0.6,0.2,0.4,0.18,0.08,0.1,0.06000000000000001,1514.259737012544,1520.1829216633162
1993-06-30,Ecuador,Mexico,0.0,2.0,Copa América,False,A,4,12.0,6.0,2.8,1.2,1.0,1.0,0.0,0.2,0.28,0.12000000000000002,0.1,0.1,1544.806221124369,1559.5010558881947
1993-07-01,Colombia,Argentina,0.0,0.0,Copa América,True,D,4,6.0,9.0,1.2,1.2,1.2,0.8,0.0,0.0,0.12000000000000002,0.12000000000000002,0.12000000000000002,0.08,1542.0335830748008,1708.99890554745
1993-07-03,Ecuador,Colombia,0.0,1.0,Copa América,False,A,4,12.0,7.0,2.6,1.0,0.8,0.8,0.0,0.1,0.26000000000000006,0.1,0.08,0.08,1506.497018407906,1559.9014170063613
1993-07-04,Argentina,Mexico,2.0,1.0,Copa América,True,H,4,7.0,8.0,0.8,1.6,0.6,1.0,0.2,0.1,0.08,0.16,0.06000000000000001,0.1,1691.1310716158896,1597.8102586046577
1994-03-26,Tunisia,Mali,0.0,2.0,African Cup of Nations,False,A,3,2.0,6.0,0.2,2.2,1.0,2.2,0.0,0.2,0.02,0.22000000000000003,0.1,0.22000000000000003,1491.058162644245,1502.3564207582688
1994-03-26,Nigeria,Gabon,3.0,0.0,African Cup of Nations,True,H,3,12.0,0.0,1.6,0.0,1.0,0.0,0.30000000000000004,0.0,0.16,0.0,0.1,0.0,1643.2685372213668,1500.0
1994-03-27,Ghana,Guinea,1.0,0.0,African Cup of Nations,True,H,3,13.0,5.0,1.2,1.6,0.4,1.6,0.1,0.0,0.12000000000000002,0.16,0.04,0.16,1687.9356880927558,1518.1450104333135
1994-03-27,Ivory Coast,Sierra Leone,4.0,0.0,African Cup of Nations,True,H,3,9.0,0.0,0.8,0.0,0.0,0.0,0.4,0.0,0.08,0.0,0.0,0.0,1574.5603263160076,1500.0
1994-03-28,Egypt,Gabon,4.0,0.0,African Cup of Nations,True,H,3,2.0,0.0,0.2,0.0,0.8,3.0,0.4,0.0,0.02,0.0,0.08,0.30000000000000004,1447.6568334359315,1481.7142406711375
1994-03-28,Mali,DR Congo,0.0,1.0,African Cup of Nations,True,A,3,8.0,3.0,2.0,0.6,1.6,1.0,0.0,0.1,0.2,0.06000000000000001,0.16,0.1,1531.3811944699323,1410.7800405952278
1994-03-29,Senegal,Guinea,2.0,1.0,African Cup of Nations,True,H,3,3.0,2.0,1.0,0.8,1.2,1.4,0.2,0.1,0.1,0.08,0.12000000000000002,0.14,1481.153926518282,1501.740456339409
1994-03-29,Zambia,Sierra Leone,0.0,0.0,African Cup of Nations,True,D,3,6.0,0.0,0.4,0.0,0.8,4.0,0.0,0.0,0.04,0.0,0.08,0.4,1537.8886536653195,1476.341010769093
1994-03-30,Nigeria,Egypt,0.0,0.0,African Cup of Nations,True,D,3,12.0,4.0,1.8,0.8,0.8,0.6,0.0,0.0,0.18000000000000002,0.08,0.08,0.06000000000000001,1661.5542965502293,1480.5882032785262
1994-03-30,Tunisia,DR Congo,1.0,1.0,African Cup of Nations,False,D,3,2.0,5.0,0.2,0.6,1.2,0.8,0.1,0.1,0.02,0.06000000000000001,0.12000000000000002,0.08,1462.0333889325814,1450.794556189061
1994-03-31,Zambia,Ivory Coast,1.0,0.0,African Cup of Nations,True,H,3,7.0,9.0,0.4,1.0,0.4,0.0,0.1,0.0,0.04,0.1,0.04,0.0,1532.6291057877254,1598.2193155469147
1994-03-31,Ghana,Senegal,1.0,0.0,African Cup of Nations,True,H,3,13.0,6.0,1.2,1.2,0.4,1.0,0.1,0.0,0.12000000000000002,0.12000000000000002,0.04,0.1,1704.3402421866601,1512.9294330084772
1994-04-02,DR Congo,Nigeria,0.0,2.0,African Cup of Nations,True,A,3,6.0,10.0,0.8,1.4,0.8,0.6,0.0,0.2,0.08,0.14,0.08,0.06000000000000001,1451.7646566723326,1647.2033389736835
1994-04-02,Egypt,Mali,0.0,1.0,African Cup of Nations,True,A,3,4.0,7.0,0.8,1.8,0.6,1.6,0.0,0.1,0.08,0.18,0.06000000000000001,0.16,1494.939160855072,1491.3666788760988
1994-04-03,Ghana,Ivory Coast,1.0,2.0,African Cup of Nations,True,A,3,13.0,8.0,1.2,1.0,0.4,0.2,0.1,0.2,0.12000000000000002,0.1,0.04,0.02,1719.3038565268134,1562.622137338566
1994-04-03,Zambia,Senegal,1.0,0.0,African Cup of Nations,True,H,3,7.0,6.0,0.4,1.2,0.4,1.0,0.1,0.0,0.04,0.12000000000000002,0.04,0.1,1568.226283996074,1497.965818668324
1994-04-06,Nigeria,Ivory Coast,2.0,2.0,African Cup of Nations,True,D,3,10.0,8.0,1.6,1.2,0.6,0.4,0.2,0.2,0.16,0.12000000000000002,0.06000000000000001,0.04,1661.9080457743094,1605.3029252608137
1994-04-06,Zambia,Mali,4.0,0.0,African Cup of Nations,True,H,3,7.0,9.0,0.4,1.8,0.4,1.4,0.4,0.0,0.04,0.18,0.04,0.14,1592.240877827202,1521.6751408957307
1994-04-10,Nigeria,Zambia,2.0,1.0,African Cup of Nations,True,H,3,11.0,10.0,1.8,1.2,0.6,0.2,0.2,0.1,0.18000000000000002,0.12000000000000002,0.06000000000000001,0.02,1657.0631583238708,1616.2301660796854
1994-04-10,Ivory Coast,Mali,3.0,1.0,African Cup of Nations,True,H,3,8.0,6.0,1.6,1.0,0.8,1.6,0.30000000000000004,0.1,0.16,0.1,0.08,0.16,1610.1478127112523,1497.6858526432472
1994-06-17,Germany,Bolivia,1.0,0.0,FIFA World Cup,True,H,5,7.0,3.0,1.4,0.2,1.6,1.2,0.1,0.0,0.14,0.02,0.16,0.12000000000000002,1707.6968635762726,1395.191389046423
1994-06-17,Spain,South Korea,2.0,2.0,FIFA World Cup,True,D,5,7.0,4.0,1.2,0.6,1.2,1.4,0.2,0.2,0.12000000000000002,0.06000000000000001,0.12000000000000002,0.14,1628.9395818289813,1465.129263790382
1994-06-18,Colombia,Romania,1.0,3.0,FIFA World Cup,True,A,5,7.0,5.0,0.8,0.8,0.6,0.8,0.1,0.30000000000000004,0.08,0.08,0.06000000000000001,0.08,1593.800977576615,1504.2389422728882
1994-06-18,Italy,Republic of Ireland,0.0,1.0,FIFA World Cup,True,A,5,13.0,4.0,1.6,0.4,0.4,0.6,0.0,0.1,0.16,0.04,0.04,0.06000000000000001,1856.98514919452,1536.3963313199215
1994-06-18,United States,Switzerland,1.0,1.0,FIFA World Cup,False,D,5,1.0,0.0,0.8,0.4,1.8,2.8,0.1,0.1,0.08,0.04,0.18000000000000002,0.28,1306.33578936165,1367.0969622525367
1994-06-19,Norway,Mexico,1.0,0.0,FIFA World Cup,True,H,5,0.0,8.0,1.0,1.6,2.0,1.0,0.1,0.0,0.1,0.16,0.2,0.1,1476.460786610366,1568.3030834071837
1994-06-19,Cameroon,Sweden,2.0,2.0,FIFA World Cup,True,D,5,8.0,7.0,0.8,1.4,0.6,1.4,0.2,0.2,0.08,0.14,0.06000000000000001,0.14,1606.3948757834105,1532.8493515584607
1994-06-19,Belgium,Morocco,1.0,0.0,FIFA World Cup,True,H,5,6.0,3.0,1.6,0.4,1.6,0.8,0.1,0.0,0.16,0.04,0.16,0.08,1540.7801534585828,1517.2600840594755
1994-06-20,Brazil,Russia,2.0,0.0,FIFA World Cup,True,H,5,8.0,5.0,1.6,1.0,0.8,1.2,0.2,0.0,0.16,0.1,0.08,0.12000000000000002,1663.0120898818984,1586.2286776197238
1994-06-20,Netherlands,Saudi Arabia,2.0,1.0,FIFA World Cup,True,H,5,8.0,8.0,1.4,1.6,1.0,0.6,0.2,0.1,0.14,0.16,0.1,0.06000000000000001,1704.2124237898097,1618.7904948734838
1994-06-21,Argentina,Greece,4.0,0.0,FIFA World Cup,True,H,5,7.0,1.0,1.0,0.3333333333333333,0.8,1.3333333333333333,0.4,0.0,0.1,0.03333333333333333,0.08,0.13333333333333333,1720.6382468133636,1475.6711012270132
1994-06-21,Germany,Spain,1.0,1.0,FIFA World Cup,True,D,5,9.0,8.0,1.4,1.6,1.4,1.2,0.1,0.1,0.14,0.16,0.14,0.12000000000000002,1721.895047391558,1606.9697030570537
1994-06-21,Nigeria,Bulgaria,3.0,0.0,FIFA World Cup,True,H,5,11.0,2.0,1.8,0.6,0.6,2.0,0.30000000000000004,0.0,0.18000000000000002,0.06000000000000001,0.06000000000000001,0.2,1683.5534986068865,1364.149928969385
1994-06-22,Romania,Switzerland,1.0,4.0,FIFA World Cup,True,A,5,8.0,1.0,1.4,0.4,0.8,2.6,0.1,0.4,0.14,0.04,0.08,0.26,1566.8498505179825,1358.44079579967
1994-06-22,United States,Colombia,2.0,1.0,FIFA World Cup,False,H,5,2.0,6.0,1.0,0.8,1.8,1.0,0.2,0.1,0.1,0.08,0.18000000000000002,0.1,1314.9919558145168,1531.1900693315206
1994-06-23,Italy,Norway,1.0,0.0,FIFA World Cup,True,H,5,10.0,3.0,1.2,1.0,0.6,1.0,0.1,0.0,0.12000000000000002,0.1,0.06000000000000001,0.1,1770.6258603468523,1539.3784633357504
1994-06-23,South Korea,Bolivia,0.0,0.0,FIFA World Cup,True,D,5,2.0,2.0,0.6,0.2,1.6,1.4,0.0,0.0,0.06000000000000001,0.02,0.16,0.14,1487.0991425623097,1380.9932052311376
1994-06-24,Sweden,Russia,3.0,1.0,FIFA World Cup,True,H,5,8.0,5.0,1.6,1.0,1.4,1.2,0.30000000000000004,0.1,0.16,0.1,0.14,0.12000000000000002,1543.2780998549197,1547.1022466314419
1994-06-24,Mexico,Republic of Ireland,2.0,1.0,FIFA World Cup,True,H,5,7.0,6.0,1.4,0.4,1.0,0.4,0.2,0.1,0.14,0.04,0.1,0.04,1505.3854066817994,1622.7556201675893
1994-06-24,Brazil,Cameroon,3.0,0.0,FIFA World Cup,True,H,5,8.0,6.0,1.6,1.0,0.8,1.0,0.30000000000000004,0.0,0.16,0.1,0.08,0.1,1702.1385208701804,1595.9661274869516
1994-06-25,Argentina,Nigeria,2.0,1.0,FIFA World Cup,True,H,5,9.0,11.0,1.6,1.8,0.6,0.6,0.2,0.1,0.16,0.18000000000000002,0.06000000000000001,0.06000000000000001,1740.2593774391262,1697.2747824939977
1994-06-25,Belgium,Netherlands,1.0,0.0,FIFA World Cup,True,H,5,9.0,11.0,1.4,1.6,0.8,0.8,0.1,0.0,0.14,0.16,0.08,0.08,1587.4005045322472,1742.1610782080934
1994-06-25,Saudi Arabia,Morocco,2.0,1.0,FIFA World Cup,True,H,5,7.0,2.0,1.6,0.4,0.8,1.0,0.2,0.1,0.16,0.04,0.08,0.1,1580.8418404552,1470.6397329858112
1994-06-26,Bulgaria,Greece,4.0,0.0,FIFA World Cup,True,H,5,2.0,1.0,0.4,0.25,1.8,2.0,0.4,0.0,0.04,0.025,0.18000000000000002,0.2,1350.4286450822738,1456.0499706012506
1994-06-26,Switzerland,Colombia,0.0,2.0,FIFA World Cup,True,A,5,4.0,5.0,1.2,0.8,2.2,1.2,0.0,0.2,0.12000000000000002,0.08,0.22000000000000003,0.12000000000000002,1435.2879183219063,1453.5548043071844
1994-06-26,United States,Romania,0.0,1.0,FIFA World Cup,False,A,5,5.0,5.0,1.2,1.2,1.6,1.6,0.0,0.1,0.12000000000000002,0.12000000000000002,0.16,0.16,1392.627220838853,1490.0027279957462
1994-06-27,Bolivia,Spain,1.0,3.0,FIFA World Cup,True,A,5,3.0,8.0,0.2,1.8,0.6,1.4,0.1,0.30000000000000004,0.02,0.18000000000000002,0.06000000000000001,0.14,1395.8054154554818,1622.9308541500802
1994-06-27,Germany,South Korea,3.0,2.0,FIFA World Cup,True,H,5,7.0,2.0,1.2,0.6,1.6,1.6,0.30000000000000004,0.2,0.12000000000000002,0.06000000000000001,0.16,0.16,1705.9338962985314,1472.2869323379655
1994-06-28,Russia,Cameroon,6.0,1.0,FIFA World Cup,True,H,5,2.0,5.0,0.4,0.8,1.8,1.4,0.6000000000000001,0.1,0.04,0.08,0.18000000000000002,0.14,1496.5519298946726,1560.7870616868927
1994-06-28,Italy,Mexico,1.0,1.0,FIFA World Cup,True,D,5,10.0,9.0,1.0,1.8,0.6,1.2,0.1,0.1,0.1,0.18,0.06000000000000001,0.12000000000000002,1791.5224994934542,1571.6618351294196
1994-06-28,Republic of Ireland,Norway,0.0,0.0,FIFA World Cup,True,D,5,5.0,3.0,0.6,0.6666666666666666,0.8,1.0,0.0,0.0,0.06000000000000001,0.06666666666666667,0.08,0.10000000000000002,1556.479191719969,1518.4818241891485
1994-06-28,Brazil,Sweden,1.0,1.0,FIFA World Cup,True,D,5,10.0,10.0,2.2,2.0,0.8,1.4,0.1,0.1,0.22000000000000003,0.2,0.08,0.14,1737.3175866702393,1593.828416591689
1994-06-29,Belgium,Saudi Arabia,0.0,1.0,FIFA World Cup,True,A,5,9.0,9.0,1.2,1.8,0.8,0.8,0.0,0.1,0.12000000000000002,0.18,0.08,0.08,1658.3075439534678,1615.4937740267264
1994-06-29,Morocco,Netherlands,1.0,2.0,FIFA World Cup,True,A,5,2.0,8.0,0.6,1.4,1.2,1.0,0.1,0.2,0.06000000000000001,0.14,0.12000000000000002,0.1,1435.9877994142848,1671.2540387868728
1994-06-30,Argentina,Bulgaria,0.0,2.0,FIFA World Cup,True,A,5,11.0,4.0,1.8,1.0,0.6,1.6,0.0,0.2,0.18,0.1,0.06000000000000001,0.16,1784.1047669046695,1415.1772083380781
1994-06-30,Greece,Nigeria,0.0,2.0,FIFA World Cup,True,A,5,1.0,10.0,0.2,2.0,2.4,1.0,0.0,0.2,0.02,0.2,0.24000000000000005,0.1,1391.3014073454463,1653.4293930284543
1994-07-02,Germany,Belgium,3.0,2.0,FIFA World Cup,True,H,5,10.0,6.0,1.6,0.6,1.4,0.8,0.30000000000000004,0.2,0.16,0.06000000000000001,0.14,0.08,1726.603124855853,1602.177146094141
1994-07-02,Spain,Switzerland,3.0,0.0,FIFA World Cup,True,H,5,8.0,4.0,1.8,1.2,1.4,1.6,0.30000000000000004,0.0,0.18000000000000002,0.12000000000000002,0.14,0.16,1644.2224228453329,1387.9143149550582
1994-07-03,Saudi Arabia,Sweden,1.0,3.0,FIFA World Cup,True,A,5,9.0,8.0,1.2,2.0,0.8,1.6,0.1,0.30000000000000004,0.12000000000000002,0.2,0.08,0.16,1671.624171886053,1613.379054804394
1994-07-03,Romania,Argentina,3.0,2.0,FIFA World Cup,True,H,5,8.0,10.0,1.2,1.6,1.2,0.8,0.30000000000000004,0.2,0.12000000000000002,0.16,0.12000000000000002,0.08,1526.345015541281,1694.7860533726598
1994-07-04,Netherlands,Republic of Ireland,2.0,0.0,FIFA World Cup,True,H,5,10.0,5.0,1.8,0.4,1.2,0.6,0.2,0.0,0.18000000000000002,0.04,0.12000000000000002,0.06000000000000001,1691.7708432989907,1551.032628664905
1994-07-04,United States,Brazil,0.0,1.0,FIFA World Cup,False,A,5,5.0,11.0,1.2,2.0,1.6,0.4,0.0,0.1,0.12000000000000002,0.2,0.16,0.04,1356.284933293318,1717.7669484575342
1994-07-05,Mexico,Bulgaria,1.0,1.0,FIFA World Cup,True,D,5,7.0,6.0,1.2,1.2,1.0,1.4,0.1,0.1,0.12000000000000002,0.12000000000000002,0.1,0.14,1599.6610345606844,1504.4959218700878
1994-07-05,Nigeria,Italy,1.0,2.0,FIFA World Cup,True,A,5,10.0,8.0,2.0,1.0,1.0,0.8,0.1,0.2,0.2,0.1,0.1,0.08,1671.53913543774,1763.5233000621895
1994-07-09,Italy,Spain,2.0,1.0,FIFA World Cup,True,H,5,10.0,8.0,1.2,2.0,0.8,1.2,0.2,0.1,0.12000000000000002,0.2,0.08,0.12000000000000002,1800.586571651796,1662.834320398662
1994-07-09,Netherlands,Brazil,2.0,3.0,FIFA World Cup,True,A,5,10.0,11.0,1.6,1.6,1.0,0.4,0.2,0.30000000000000004,0.16,0.16,0.1,0.04,1722.5566051915105,1728.864080039782
1994-07-10,Bulgaria,Germany,2.0,1.0,FIFA World Cup,True,H,5,7.0,10.0,1.4,1.6,1.2,1.4,0.2,0.1,0.14,0.16,0.12000000000000002,0.14,1517.8587591026355,1759.4249767082185
1994-07-10,Romania,Sweden,2.0,2.0,FIFA World Cup,True,D,5,10.0,8.0,1.6,2.2,1.4,1.6,0.2,0.2,0.16,0.22000000000000003,0.14,0.16,1598.849481310393,1671.6835494026511
1994-07-13,Bulgaria,Italy,1.0,2.0,FIFA World Cup,True,A,5,10.0,10.0,1.8,1.2,1.0,0.8,0.1,0.2,0.18,0.12000000000000002,0.1,0.08,1597.927032575125,1831.7397947491397
1994-07-13,Sweden,Brazil,0.0,1.0,FIFA World Cup,True,A,5,9.0,13.0,2.2,2.0,1.4,0.6,0.0,0.1,0.22000000000000003,0.2,0.14,0.06000000000000001,1661.352775398096,1777.9564611514677
1994-07-16,Sweden,Bulgaria,4.0,0.0,FIFA World Cup,True,H,5,8.0,10.0,1.8,2.0,1.2,0.8,0.4,0.0,0.18000000000000002,0.2,0.12000000000000002,0.08,1627.530510574404,1577.2734491738215
1994-07-17,Brazil,Italy,0.0,0.0,FIFA World Cup,True,D,5,13.0,13.0,1.8,1.6,0.6,0.8,0.0,0.0,0.18000000000000002,0.16,0.06000000000000001,0.08,1811.7787259751597,1852.3933781504431
1995-07-05,Uruguay,Venezuela,4.0,1.0,Copa América,False,H,4,8.0,2.0,1.2,1.4,1.0,4.2,0.4,0.1,0.12000000000000002,0.14,0.1,0.42000000000000004,1532.7757728336865,1224.8765744035782
1995-07-06,Mexico,Paraguay,1.0,2.0,Copa América,True,A,4,5.0,4.0,1.0,0.4,1.2,2.2,0.1,0.2,0.1,0.04,0.12000000000000002,0.22000000000000003,1586.2981973281367,1462.0829855694724
1995-07-07,Brazil,Ecuador,1.0,0.0,Copa América,True,H,4,11.0,9.0,1.2,1.4,0.6,0.8,0.1,0.0,0.12000000000000002,0.14,0.06000000000000001,0.08,1817.597164948214,1472.5974578376522
1995-07-07,Colombia,Peru,1.0,1.0,Copa América,True,D,4,7.0,5.0,1.0,1.2,1.0,1.6,0.1,0.1,0.1,0.12000000000000002,0.1,0.16,1500.9284076740325,1474.9416027876655
1995-07-08,Argentina,Bolivia,2.0,1.0,Copa América,True,H,4,9.0,3.0,2.0,0.4,1.4,1.0,0.2,0.1,0.2,0.04,0.14,0.1,1622.281587603548,1374.5138467602292
1995-07-08,United States,Chile,2.0,1.0,Copa América,True,H,4,5.0,4.0,1.2,0.6,1.4,1.2,0.2,0.1,0.12000000000000002,0.06000000000000001,0.14,0.12000000000000002,1345.1878017110703,1524.5822408126987
1995-07-09,Uruguay,Paraguay,1.0,0.0,Copa América,False,H,4,8.0,7.0,1.8,0.8,1.2,1.6,0.1,0.0,0.18,0.08,0.12000000000000002,0.16,1544.3952004695016,1515.8040983654223
1995-07-09,Mexico,Venezuela,3.0,1.0,Copa América,True,H,4,5.0,2.0,1.0,1.6,1.2,4.0,0.30000000000000004,0.1,0.1,0.16,0.12000000000000002,0.4,1532.5770845321867,1213.257146767763
1995-07-10,Brazil,Peru,2.0,0.0,Copa América,True,H,4,13.0,6.0,1.2,1.0,0.4,1.2,0.2,0.0,0.12000000000000002,0.1,0.04,0.12000000000000002,1827.251806985226,1477.9278774888428
1995-07-10,Colombia,Ecuador,1.0,0.0,Copa América,True,H,4,7.0,6.0,1.2,1.0,1.2,1.0,0.1,0.0,0.12000000000000002,0.1,0.12000000000000002,0.1,1497.9421329728552,1462.9428158006401
1995-07-11,Argentina,Chile,4.0,0.0,Copa América,True,H,4,9.0,3.0,2.0,0.8,1.4,1.6,0.4,0.0,0.2,0.08,0.14,0.16,1637.7760826406557,1465.5874698595992
1995-07-11,United States,Bolivia,0.0,1.0,Copa América,True,A,4,7.0,2.0,1.0,0.4,1.0,1.2,0.0,0.1,0.1,0.04,0.1,0.12000000000000002,1404.1825726641698,1359.0193517231214
1995-07-12,Paraguay,Venezuela,3.0,2.0,Copa América,True,H,4,4.0,2.0,0.6,1.6,1.8,3.6,0.30000000000000004,0.2,0.06000000000000001,0.16,0.18000000000000002,0.36000000000000004,1479.0883603750476,1202.275559375215
1995-07-13,Uruguay,Mexico,1.0,1.0,Copa América,False,D,4,8.0,8.0,1.8,1.6,1.2,1.2,0.1,0.1,0.18,0.16,0.12000000000000002,0.12000000000000002,1581.1109384598763,1543.5586719247349
1995-07-13,Brazil,Colombia,3.0,0.0,Copa América,True,H,4,13.0,7.0,1.4,1.2,0.4,1.2,0.30000000000000004,0.0,0.14,0.12000000000000002,0.04,0.12000000000000002,1836.6971140700111,1533.9262625336257
1995-07-13,Peru,Ecuador,1.0,2.0,Copa América,True,A,4,5.0,3.0,1.0,0.6,1.6,1.0,0.1,0.2,0.1,0.06000000000000001,0.16,0.1,1468.4825704040577,1426.9586862398696
1995-07-14,Chile,Bolivia,2.0,2.0,Copa América,True,D,4,3.0,4.0,0.8,0.6,2.0,1.2,0.2,0.2,0.08,0.06000000000000001,0.2,0.12000000000000002,1443.93341810308,1404.1898695828602
1995-07-14,Argentina,United States,0.0,3.0,Copa América,True,A,4,9.0,6.0,2.0,0.8,1.4,1.0,0.0,0.30000000000000004,0.2,0.08,0.14,0.1,1659.430134397175,1359.012054804431
1995-07-16,Uruguay,Bolivia,2.0,1.0,Copa América,False,H,4,8.0,5.0,1.6,1.0,1.0,1.4,0.2,0.1,0.16,0.1,0.1,0.14,1576.8043311373149,1408.7456606709234
1995-07-16,Paraguay,Colombia,1.0,1.0,Copa América,True,D,4,6.0,7.0,1.0,1.0,2.0,1.2,0.1,0.1,0.1,0.1,0.2,0.12000000000000002,1492.60014395432,1522.0105558243515
1995-07-17,Brazil,Argentina,2.0,2.0,Copa América,True,D,4,13.0,6.0,1.4,1.6,0.0,1.8,0.2,0.2,0.14,0.16,0.0,0.18000000000000002,1848.6128207792854,1591.4838399379887
1995-07-17,United States,Mexico,0.0,0.0,Copa América,True,D,4,6.0,6.0,1.0,1.4,0.8,1.2,0.0,0.0,0.1,0.14,0.08,0.12000000000000002,1426.9583492636173,1547.8652792472963
1995-07-19,Uruguay,Colombia,2.0,0.0,Copa América,False,H,4,11.0,8.0,1.8,1.0,0.8,1.0,0.2,0.0,0.18,0.1,0.08,0.1,1598.8358796474474,1518.632621503466
1995-07-20,United States,Brazil,0.0,1.0,Copa América,True,A,4,7.0,11.0,1.0,1.6,0.6,0.4,0.0,0.1,0.1,0.16,0.06000000000000001,0.04,1440.3423084076828,1823.4451608515799
1995-07-22,Colombia,United States,4.0,1.0,Copa América,True,H,4,5.0,7.0,0.6,1.0,1.4,0.6,0.4,0.1,0.06000000000000001,0.1,0.14,0.06000000000000001,1487.7057670096087,1432.4003876345967
1995-07-23,Uruguay,Brazil,1.0,1.0,Copa América,False,D,4,13.0,13.0,2.0,1.8,0.6,0.4,0.1,0.1,0.2,0.18000000000000002,0.06000000000000001,0.04,1629.7627341413047,1831.387081624666
1996-01-13,South Africa,Cameroon,3.0,0.0,African Cup of Nations,False,H,3,0.0,2.0,0.0,0.8,0.0,2.6,0.30000000000000004,0.0,0.0,0.08,0.0,0.26000000000000006,1500.0,1501.6467906269277
1996-01-14,Ivory Coast,Ghana,0.0,2.0,African Cup of Nations,True,A,3,10.0,10.0,2.2,1.0,1.0,0.6,0.0,0.2,0.22000000000000003,0.1,0.1,0.06000000000000001,1630.76258246496,1676.6230686045658
1996-01-14,Zambia,Algeria,0.0,0.0,African Cup of Nations,True,D,3,10.0,10.0,1.4,1.2,0.4,1.0,0.0,0.0,0.14,0.12000000000000002,0.04,0.1,1589.7398257966697,1601.5987314746562
1996-01-15,Sierra Leone,Burkina Faso,2.0,1.0,African Cup of Nations,True,H,3,1.0,0.0,0.0,0.6666666666666666,2.0,3.0,0.2,0.1,0.0,0.06666666666666667,0.2,0.30000000000000004,1481.600558646687,1428.0096678722773
1996-01-15,Egypt,Angola,2.0,1.0,African Cup of Nations,True,H,3,4.0,0.0,0.8,0.0,0.6,0.0,0.2,0.1,0.08,0.0,0.06000000000000001,0.0,1464.6306988354402,1500.0
1996-01-16,Gabon,Liberia,1.0,2.0,African Cup of Nations,True,A,3,0.0,0.0,0.0,0.0,3.5,0.0,0.1,0.2,0.0,0.0,0.35000000000000003,0.0,1448.7828708285429,1500.0
1996-01-16,Tunisia,Mozambique,1.0,1.0,African Cup of Nations,True,D,3,2.0,0.0,0.4,0.0,1.4,2.3333333333333335,0.1,0.1,0.04,0.0,0.14,0.23333333333333336,1461.0632884493098,1416.6841760317009
1996-01-18,Algeria,Sierra Leone,2.0,0.0,African Cup of Nations,True,H,3,8.0,4.0,0.8,0.6666666666666666,1.0,1.6666666666666667,0.2,0.0,0.08,0.06666666666666667,0.1,0.16666666666666666,1600.5751487197997,1507.009501884474
1996-01-18,Cameroon,Egypt,2.0,1.0,African Cup of Nations,True,H,3,1.0,7.0,0.8,1.2,3.2,0.6,0.2,0.1,0.08,0.12000000000000002,0.32,0.06000000000000001,1471.5045963586958,1497.674223248169
1996-01-19,Ghana,Tunisia,2.0,1.0,African Cup of Nations,True,H,3,10.0,2.0,1.0,0.4,0.4,1.4,0.2,0.1,0.1,0.04,0.04,0.14,1702.6859949144903,1457.251993457979
1996-01-19,DR Congo,Gabon,0.0,2.0,African Cup of Nations,True,A,3,5.0,0.0,0.6,0.3333333333333333,1.0,3.0,0.0,0.2,0.06000000000000001,0.03333333333333333,0.1,0.30000000000000004,1437.0599498717067,1423.1735544341104
1996-01-20,Burkina Faso,Zambia,1.0,5.0,African Cup of Nations,True,A,3,0.0,10.0,0.75,1.4,2.75,0.4,0.1,0.5,0.07500000000000001,0.14,0.275,0.04,1402.6007246344902,1590.7634085515263
1996-01-20,South Africa,Angola,1.0,0.0,African Cup of Nations,False,H,3,3.0,0.0,3.0,1.0,0.0,2.0,0.1,0.0,0.30000000000000004,0.1,0.0,0.2,1530.1421942682318,1466.9564755872711
1996-01-21,Mozambique,Ivory Coast,0.0,1.0,African Cup of Nations,True,A,3,1.0,7.0,0.25,1.4,2.0,1.4,0.0,0.1,0.025,0.14,0.2,0.14,1420.4954710230315,1604.6996561550354
1996-01-24,South Africa,Egypt,0.0,1.0,African Cup of Nations,False,A,3,6.0,7.0,2.0,1.4,0.0,0.8,0.0,0.1,0.2,0.14,0.0,0.08,1554.7456652555572,1465.4188197059725
1996-01-24,Sierra Leone,Zambia,0.0,4.0,African Cup of Nations,True,A,3,4.0,10.0,0.5,2.2,1.75,0.6,0.0,0.4,0.05,0.22000000000000003,0.17500000000000002,0.06000000000000001,1484.8988027637117,1605.9380140836038
1996-01-24,Burkina Faso,Algeria,1.0,2.0,African Cup of Nations,True,A,3,0.0,8.0,0.8,0.8,3.2,0.8,0.1,0.2,0.08,0.08,0.32,0.08,1387.4261191024127,1622.685847840562
1996-01-24,Angola,Cameroon,3.0,3.0,African Cup of Nations,True,D,3,0.0,4.0,0.5,1.0,1.5,3.0,0.30000000000000004,0.30000000000000004,0.05,0.1,0.15000000000000002,0.30000000000000004,1442.3530045999457,1503.7599999008924
1996-01-25,Liberia,DR Congo,0.0,2.0,African Cup of Nations,True,A,3,3.0,4.0,2.0,0.4,1.0,1.2,0.0,0.2,0.2,0.04,0.1,0.12000000000000002,1525.6093163944324,1405.8615401742534
1996-01-25,Mozambique,Ghana,0.0,2.0,African Cup of Nations,True,A,3,1.0,12.0,0.2,1.4,1.8,0.6,0.0,0.2,0.02,0.14,0.18000000000000002,0.06000000000000001,1405.0610830650373,1714.4332635036003
1996-01-25,Tunisia,Ivory Coast,3.0,1.0,African Cup of Nations,True,H,3,2.0,10.0,0.6,1.6,1.4,1.2,0.30000000000000004,0.1,0.06000000000000001,0.16,0.14,0.12000000000000002,1445.504724868869,1620.1340441130296
1996-01-27,South Africa,Algeria,2.0,1.0,African Cup of Nations,False,H,3,6.0,8.0,1.3333333333333333,1.0,0.3333333333333333,1.0,0.2,0.1,0.13333333333333333,0.1,0.03333333333333333,0.1,1517.1981396008484,1634.99629725559
1996-01-27,Zambia,Egypt,3.0,1.0,African Cup of Nations,True,H,3,10.0,7.0,2.8,0.8,0.6,0.8,0.30000000000000004,0.1,0.28,0.08,0.06000000000000001,0.08,1625.8899027061536,1502.9663453606813
1996-01-28,Ghana,DR Congo,1.0,0.0,African Cup of Nations,True,H,3,12.0,7.0,1.6,0.8,0.6,1.0,0.1,0.0,0.16,0.08,0.06000000000000001,0.1,1723.084864059464,1445.8105268015343
1996-01-28,Gabon,Tunisia,1.0,1.0,African Cup of Nations,True,D,3,3.0,5.0,0.75,1.2,2.25,1.4,0.1,0.1,0.07500000000000001,0.12000000000000002,0.22500000000000003,0.14,1454.3719641315638,1489.4300638422567
1996-01-31,Zambia,Tunisia,2.0,4.0,African Cup of Nations,True,A,3,10.0,6.0,2.6,1.4,0.8,1.2,0.2,0.4,0.26,0.14,0.08,0.12000000000000002,1645.6976001478906,1486.4131365663375
1996-01-31,South Africa,Ghana,3.0,0.0,African Cup of Nations,False,H,3,9.0,12.0,1.5,1.6,0.5,0.6,0.30000000000000004,0.0,0.15000000000000002,0.16,0.05,0.06000000000000001,1556.9970193558843,1733.1963450266394
1996-02-03,South Africa,Tunisia,2.0,0.0,African Cup of Nations,False,H,3,12.0,8.0,1.8,2.0,0.4,1.4,0.2,0.0,0.18000000000000002,0.2,0.04,0.14,1601.0284911907395,1529.277923460918
1996-02-03,Zambia,Ghana,1.0,0.0,African Cup of Nations,True,H,3,10.0,12.0,2.8,1.4,1.2,0.8,0.1,0.0,0.28,0.14,0.12000000000000002,0.08,1602.8328132533102,1689.1648731917842
1996-06-08,England,Switzerland,1.0,1.0,UEFA Euro,False,D,4,3.0,4.0,0.6,1.0,1.0,1.8,0.1,0.1,0.06000000000000001,0.1,0.1,0.18000000000000002,1617.5217828047482,1369.3024174017291
1996-06-09,Spain,Bulgaria,1.0,1.0,UEFA Euro,True,D,4,8.0,7.0,2.0,1.2,1.2,1.6,0.1,0.1,0.2,0.12000000000000002,0.12000000000000002,0.16,1631.6810973013182,1534.4559954733215
1996-06-09,Germany,Czech Republic,2.0,0.0,UEFA Euro,True,H,4,10.0,0.0,1.8,0.0,1.4,0.0,0.2,0.0,0.18000000000000002,0.0,0.14,0.0,1679.3567032357291,1500.0
1996-06-09,Denmark,Portugal,1.0,1.0,UEFA Euro,True,D,4,8.0,6.0,1.2,1.0,0.8,1.4,0.1,0.1,0.12000000000000002,0.1,0.08,0.14,1640.9822540846874,1587.2915138228843
1996-06-10,Netherlands,Scotland,0.0,0.0,UEFA Euro,True,D,4,9.0,6.0,1.6,1.0,1.2,1.0,0.0,0.0,0.16,0.1,0.12000000000000002,0.1,1673.4642240798248,1517.0068104072373
1996-06-10,Romania,France,0.0,1.0,UEFA Euro,True,A,4,10.0,5.0,2.0,1.2,1.8,1.4,0.0,0.1,0.2,0.12000000000000002,0.18,0.14,1609.1802553149482,1658.2277205198952
1996-06-11,Italy,Russia,2.0,1.0,UEFA Euro,True,H,4,11.0,4.0,1.4,1.4,0.8,1.8,0.2,0.1,0.14,0.14,0.08,0.18000000000000002,1846.5749391773888,1555.6922009546377
1996-06-11,Turkey,Croatia,0.0,1.0,UEFA Euro,True,A,4,3.0,0.0,3.3333333333333335,0.0,3.6666666666666665,0.0,0.0,0.1,0.3333333333333333,0.0,0.3666666666666667,0.0,1458.5317528560918,1500.0
1996-06-13,Bulgaria,Romania,1.0,0.0,UEFA Euro,True,H,4,5.0,7.0,1.0,1.4,1.8,1.8,0.1,0.0,0.1,0.14,0.18,0.18,1545.3661394963494,1574.7898384642285
1996-06-13,Switzerland,Netherlands,0.0,2.0,UEFA Euro,True,A,4,5.0,7.0,1.2,1.2,1.6,1.0,0.0,0.2,0.12000000000000002,0.12000000000000002,0.16,0.1,1393.8403766094884,1656.5777227846843
1996-06-14,Portugal,Turkey,1.0,0.0,UEFA Euro,True,H,4,4.0,3.0,1.0,2.5,1.6,3.0,0.1,0.0,0.1,0.25,0.16,0.30000000000000004,1593.4241487178404,1423.2834190910735
1996-06-14,Czech Republic,Italy,2.0,1.0,UEFA Euro,True,H,4,0.0,13.0,0.0,1.6,2.0,0.8,0.2,0.1,0.0,0.16,0.2,0.08,1478.9914059662638,1859.2014215621614
1996-06-15,England,Scotland,2.0,0.0,UEFA Euro,False,H,4,3.0,4.0,0.6,0.6,1.0,0.8,0.2,0.0,0.06000000000000001,0.06000000000000001,0.1,0.08,1592.983823596989,1533.8933117023778
1996-06-15,France,Spain,1.0,1.0,UEFA Euro,True,D,4,8.0,8.0,1.4,1.8,1.0,1.0,0.1,0.1,0.14,0.18000000000000002,0.1,0.1,1692.618137370615,1620.7709532782903
1996-06-16,Russia,Germany,0.0,3.0,UEFA Euro,True,A,4,3.0,10.0,1.6,2.0,2.2,1.4,0.0,0.30000000000000004,0.16,0.2,0.22000000000000003,0.14,1543.065718569865,1700.3652972694654
1996-06-16,Croatia,Denmark,3.0,0.0,UEFA Euro,True,H,4,3.0,8.0,1.0,1.4,0.0,1.0,0.30000000000000004,0.0,0.1,0.14,0.0,0.1,1535.2483337650183,1634.8496191897314
1996-06-18,Romania,Spain,1.0,2.0,UEFA Euro,True,A,4,7.0,8.0,1.2,1.8,1.2,1.0,0.1,0.2,0.12000000000000002,0.18000000000000002,0.12000000000000002,0.1,1531.4103853239114,1628.9267400824924
1996-06-18,Scotland,Switzerland,1.0,0.0,UEFA Euro,True,H,4,4.0,4.0,0.6,1.0,1.0,1.8,0.1,0.0,0.06000000000000001,0.1,0.1,0.18000000000000002,1500.6315137130428,1379.394152535954
1996-06-18,England,Netherlands,4.0,1.0,UEFA Euro,False,H,4,6.0,10.0,0.8,1.6,0.6,0.8,0.4,0.1,0.08,0.16,0.06000000000000001,0.08,1626.245621586324,1671.0239468582188
1996-06-18,France,Bulgaria,3.0,1.0,UEFA Euro,True,H,4,6.0,7.0,0.8,1.0,0.8,1.6,0.30000000000000004,0.1,0.08,0.1,0.08,0.16,1684.4623505664129,1588.7455926366665
1996-06-19,Croatia,Portugal,0.0,3.0,UEFA Euro,True,A,4,6.0,7.0,2.0,0.8,0.0,1.0,0.0,0.30000000000000004,0.2,0.08,0.0,0.1,1586.4112186462658,1615.264877716951
1996-06-19,Italy,Germany,0.0,0.0,UEFA Euro,True,D,4,10.0,12.0,1.4,2.4,1.0,1.2,0.0,0.0,0.14,0.24000000000000005,0.1,0.12000000000000002,1787.2632634286663,1723.3991996906725
1996-06-19,Russia,Czech Republic,3.0,3.0,UEFA Euro,True,D,4,3.0,3.0,1.6,1.0,2.2,1.5,0.30000000000000004,0.30000000000000004,0.16,0.1,0.22000000000000003,0.15000000000000002,1520.031816148658,1550.9295640997589
1996-06-19,Turkey,Denmark,0.0,3.0,UEFA Euro,True,A,4,3.0,8.0,2.0,1.4,2.6,1.4,0.0,0.30000000000000004,0.2,0.14,0.26,0.14,1401.4426900919627,1583.686734308484
1996-06-22,France,Netherlands,0.0,0.0,UEFA Euro,True,D,4,8.0,7.0,1.2,1.4,0.8,1.4,0.0,0.0,0.12000000000000002,0.14,0.08,0.14,1713.7131316511739,1625.8970075548586
1996-06-22,England,Spain,0.0,0.0,UEFA Euro,False,D,4,8.0,8.0,1.6,1.6,0.8,1.0,0.0,0.0,0.16,0.16,0.08,0.1,1671.372560889684,1657.9855660062549
1996-06-23,Czech Republic,Portugal,1.0,0.0,UEFA Euro,True,H,4,4.0,7.0,1.6666666666666667,1.2,2.0,1.0,0.1,0.0,0.16666666666666666,0.12000000000000002,0.20000000000000004,0.1,1547.381677535966,1651.95059336954
1996-06-23,Germany,Croatia,2.0,1.0,UEFA Euro,True,H,4,10.0,6.0,1.8,1.3333333333333333,0.8,1.0,0.2,0.1,0.18000000000000002,0.13333333333333333,0.08,0.10000000000000002,1730.67011533791,1549.7255029936769
1996-06-26,France,Czech Republic,0.0,0.0,UEFA Euro,True,D,4,8.0,7.0,1.2,1.5,0.8,1.5,0.0,0.0,0.12000000000000002,0.15000000000000002,0.08,0.15000000000000002,1703.8128610180463,1599.0698085780652
1996-06-26,England,Germany,1.0,1.0,UEFA Euro,False,D,4,8.0,10.0,1.6,1.6,0.8,0.6,0.1,0.1,0.16,0.16,0.08,0.06000000000000001,1669.8320884140842,1751.5374124516034
1996-06-30,Czech Republic,Germany,1.0,2.0,UEFA Euro,True,A,4,8.0,11.0,1.2,1.6,1.2,0.4,0.1,0.2,0.12000000000000002,0.16,0.12000000000000002,0.04,1610.7762733792313,1742.3003944908523
1996-12-04,Indonesia,Kuwait,2.0,2.0,AFC Asian Cup,True,D,3,0.0,4.0,0.0,0.6,6.0,0.8,0.2,0.2,0.0,0.06000000000000001,0.6000000000000001,0.08,1449.8961508326884,1506.4468302820778
1996-12-04,United Arab Emirates,South Korea,1.0,1.0,AFC Asian Cup,False,D,3,6.0,2.0,0.6,1.0,0.8,1.8,0.1,0.1,0.06000000000000001,0.1,0.08,0.18000000000000002,1402.7440421209851,1451.617703780644
1996-12-05,Iran,Iraq,1.0,2.0,AFC Asian Cup,True,A,3,5.0,0.0,0.4,0.6,0.4,1.6,0.1,0.2,0.04,0.06000000000000001,0.04,0.16,1532.2807359545275,1326.448917527902
1996-12-05,Saudi Arabia,Thailand,6.0,0.0,AFC Asian Cup,True,H,3,6.0,4.0,1.0,0.8,1.4,1.6,0.6000000000000001,0.0,0.1,0.08,0.14,0.16,1613.319677287796,1455.410135188597
1996-12-06,China PR,Uzbekistan,0.0,2.0,AFC Asian Cup,True,A,3,6.0,0.0,1.2,0.0,1.2,0.0,0.0,0.2,0.12000000000000002,0.0,0.12000000000000002,0.0,1516.6492596651738,1500.0
1996-12-06,Japan,Syria,2.0,1.0,AFC Asian Cup,True,H,3,11.0,6.0,1.2,0.6,0.6,1.6,0.2,0.1,0.12000000000000002,0.06000000000000001,0.06000000000000001,0.16,1539.5060786187928,1523.1338758815307
1996-12-07,United Arab Emirates,Kuwait,3.0,2.0,AFC Asian Cup,False,H,3,6.0,4.0,0.8,0.8,1.0,1.0,0.30000000000000004,0.2,0.08,0.08,0.1,0.1,1406.936516200219,1501.6065211645594
1996-12-07,South Korea,Indonesia,4.0,2.0,AFC Asian Cup,True,H,3,3.0,1.0,1.0,1.0,1.4,4.0,0.4,0.2,0.1,0.1,0.14,0.4,1447.42522970141,1454.7364599502068
1996-12-08,Saudi Arabia,Iraq,1.0,0.0,AFC Asian Cup,True,H,3,9.0,3.0,2.2,0.6,1.2,1.2,0.1,0.0,0.22000000000000003,0.06000000000000001,0.12000000000000002,0.12000000000000002,1630.551943151253,1372.398183028096
1996-12-08,Thailand,Iran,1.0,3.0,AFC Asian Cup,True,A,3,3.0,5.0,0.6,0.6,2.6,0.6,0.1,0.30000000000000004,0.06000000000000001,0.06000000000000001,0.26,0.06000000000000001,1438.17786932514,1486.3314704543336
1996-12-09,Japan,Uzbekistan,4.0,0.0,AFC Asian Cup,True,H,3,13.0,3.0,1.6,2.0,0.8,0.0,0.4,0.0,0.16,0.2,0.08,0.0,1568.09343446832,1531.4365132230062
1996-12-09,Syria,China PR,0.0,3.0,AFC Asian Cup,True,A,3,6.0,5.0,0.6,1.0,1.4,1.4,0.0,0.30000000000000004,0.06000000000000001,0.1,0.14,0.14,1494.5465200320034,1485.2127464421676
1996-12-10,Kuwait,South Korea,2.0,0.0,AFC Asian Cup,True,H,3,3.0,6.0,1.2,1.8,1.6,1.6,0.2,0.0,0.12000000000000002,0.18,0.16,0.16,1463.6285314175389,1478.0564388992184
1996-12-10,United Arab Emirates,Indonesia,2.0,0.0,AFC Asian Cup,False,H,3,8.0,1.0,1.4,1.3333333333333333,1.4,4.0,0.2,0.0,0.14,0.13333333333333333,0.14,0.4000000000000001,1444.9145059472396,1424.1052507523984
1996-12-11,Iraq,Thailand,4.0,1.0,AFC Asian Cup,True,H,3,3.0,2.0,0.6,0.4,1.2,2.8,0.4,0.1,0.06000000000000001,0.04,0.12000000000000002,0.28,1361.3272851237139,1412.3093650734747
1996-12-11,Saudi Arabia,Iran,0.0,3.0,AFC Asian Cup,True,A,3,12.0,7.0,2.2,1.2,0.8,0.8,0.0,0.30000000000000004,0.22000000000000003,0.12000000000000002,0.08,0.08,1641.622841055635,1512.1999747059988
1996-12-12,Japan,China PR,1.0,0.0,AFC Asian Cup,True,H,3,15.0,7.0,2.2,1.6,0.6,1.4,0.1,0.0,0.22000000000000003,0.16,0.06000000000000001,0.14,1594.9399141761787,1516.0184954083845
1996-12-12,Uzbekistan,Syria,1.0,2.0,AFC Asian Cup,True,A,3,3.0,6.0,1.0,0.6,2.0,1.6,0.1,0.2,0.1,0.06000000000000001,0.2,0.16,1504.5900335151475,1463.7407710657865
1996-12-15,United Arab Emirates,Iraq,1.0,0.0,AFC Asian Cup,False,H,3,8.0,6.0,1.4,1.4,1.2,1.2,0.1,0.0,0.14,0.14,0.12000000000000002,0.12000000000000002,1473.119835894607,1395.6981057222733
1996-12-15,Kuwait,Japan,2.0,0.0,AFC Asian Cup,True,H,3,5.0,15.0,1.6,2.2,1.6,0.6,0.2,0.0,0.16,0.22000000000000003,0.16,0.06000000000000001,1494.8736214648366,1618.2401306413317
1996-12-16,South Korea,Iran,2.0,6.0,AFC Asian Cup,True,A,3,5.0,7.0,1.4,1.4,1.6,0.8,0.2,0.6000000000000001,0.14,0.14,0.16,0.08,1446.8113488519207,1552.8855042059997
1996-12-16,Saudi Arabia,China PR,4.0,3.0,AFC Asian Cup,True,H,3,9.0,4.0,1.8,1.2,1.2,1.4,0.4,0.30000000000000004,0.18000000000000002,0.12000000000000002,0.12000000000000002,0.14,1600.937311555634,1492.7182789432316
1996-12-19,United Arab Emirates,Kuwait,1.0,0.0,AFC Asian Cup,False,H,3,11.0,8.0,1.6,2.0,0.8,1.4,0.1,0.0,0.16,0.2,0.08,0.14,1496.5432054023559,1535.0997421478573
1996-12-19,Iran,Saudi Arabia,0.0,0.0,AFC Asian Cup,True,D,3,9.0,9.0,2.6,2.4,1.2,1.8,0.0,0.0,0.26000000000000006,0.24000000000000005,0.12000000000000002,0.18000000000000002,1574.0006815762988,1621.8838402522724
1996-12-21,Iran,Kuwait,1.0,1.0,AFC Asian Cup,True,D,3,10.0,7.0,2.6,1.6,1.0,1.2,0.1,0.1,0.26000000000000006,0.16,0.1,0.12000000000000002,1578.109265882673,1501.78410308931
1996-12-21,United Arab Emirates,Saudi Arabia,0.0,0.0,AFC Asian Cup,False,D,3,13.0,10.0,1.6,2.2,0.6,1.2,0.0,0.0,0.16,0.22000000000000003,0.06000000000000001,0.12000000000000002,1529.8588444609031,1617.7752559458982
1997-06-11,Argentina,Ecuador,0.0,0.0,Copa América,True,D,4,7.0,3.0,2.0,0.4,1.8,1.2,0.0,0.0,0.2,0.04,0.18000000000000002,0.12000000000000002,1616.6514998656942,1471.7166674131283
1997-06-11,Chile,Paraguay,0.0,1.0,Copa América,True,A,4,4.0,7.0,1.2,1.2,2.2,1.6,0.0,0.1,0.12000000000000002,0.12000000000000002,0.22000000000000003,0.16,1439.3776270150167,1495.9780782752055
1997-06-12,Peru,Uruguay,1.0,0.0,Copa América,True,H,4,4.0,11.0,1.0,1.4,1.8,0.6,0.1,0.0,0.1,0.14,0.18,0.06000000000000001,1423.724589230799,1650.6786972881168
1997-06-12,Bolivia,Venezuela,1.0,0.0,Copa América,False,H,4,4.0,2.0,1.2,1.8,1.8,3.0,0.1,0.0,0.12000000000000002,0.18000000000000002,0.18000000000000002,0.30000000000000004,1386.7141121607908,1188.7637757959426
1997-06-13,Brazil,Costa Rica,5.0,0.0,Copa América,True,H,4,11.0,6.0,1.8,1.0,0.6,1.5,0.5,0.0,0.18000000000000002,0.1,0.06000000000000001,0.15000000000000002,1810.471118477854,1522.7878800824324
1997-06-13,Mexico,Colombia,2.0,1.0,Copa América,True,H,4,6.0,7.0,1.2,1.2,1.0,1.4,0.2,0.1,0.12000000000000002,0.12000000000000002,0.1,0.14,1534.4813201032307,1521.3917400025591
1997-06-14,Paraguay,Ecuador,0.0,2.0,Copa América,True,A,4,10.0,4.0,1.4,0.4,1.0,0.8,0.0,0.2,0.14,0.04,0.1,0.08,1529.5187518897542,1487.4979393119181
1997-06-14,Argentina,Chile,2.0,0.0,Copa América,True,H,4,8.0,1.0,1.6,0.6,1.2,2.0,0.2,0.0,0.16,0.06000000000000001,0.12000000000000002,0.2,1600.8702279669044,1405.836953400468
1997-06-15,Bolivia,Peru,2.0,0.0,Copa América,False,H,4,7.0,4.0,1.2,1.0,1.2,1.8,0.2,0.0,0.12000000000000002,0.1,0.12000000000000002,0.18,1406.1071780918337,1486.678108150917
1997-06-15,Uruguay,Venezuela,2.0,0.0,Copa América,True,H,4,8.0,1.0,1.2,1.4,0.8,2.8,0.2,0.0,0.12000000000000002,0.14,0.08,0.28,1587.7251783679988,1169.3707098648997
1997-06-16,Colombia,Costa Rica,4.0,1.0,Copa América,True,H,4,4.0,6.0,1.2,0.8,1.8,2.2,0.4,0.1,0.12000000000000002,0.08,0.18000000000000002,0.22000000000000003,1482.8980210021332,1509.964313124322
1997-06-16,Brazil,Mexico,3.0,2.0,Copa América,True,H,4,11.0,8.0,2.4,1.4,0.6,1.0,0.30000000000000004,0.2,0.24000000000000005,0.14,0.06000000000000001,0.1,1823.2946854359643,1572.9750391036566
1997-06-17,Argentina,Paraguay,1.0,1.0,Copa América,True,D,4,8.0,7.0,1.6,1.0,1.0,1.2,0.1,0.1,0.16,0.1,0.1,0.12000000000000002,1620.5110660226242,1484.7043788289202
1997-06-17,Chile,Ecuador,1.0,2.0,Copa América,True,A,4,1.0,7.0,0.6,0.8,2.2,0.6,0.1,0.2,0.06000000000000001,0.08,0.22000000000000003,0.06000000000000001,1386.1961153447483,1532.312312372752
1997-06-18,Bolivia,Uruguay,1.0,0.0,Copa América,False,H,4,10.0,10.0,1.4,1.4,0.8,0.6,0.1,0.0,0.14,0.14,0.08,0.06000000000000001,1455.2204658208045,1594.3288875813726
1997-06-18,Peru,Venezuela,2.0,0.0,Copa América,True,H,4,4.0,0.0,0.6,0.8,1.4,2.6,0.2,0.0,0.06000000000000001,0.08,0.14,0.26,1437.5648204219463,1162.767000651526
1997-06-19,Brazil,Colombia,2.0,0.0,Copa América,True,H,4,11.0,7.0,2.4,2.0,1.0,1.4,0.2,0.0,0.24000000000000005,0.2,0.1,0.14,1838.606476971736,1526.0078545098058
1997-06-19,Mexico,Costa Rica,1.0,1.0,Copa América,True,D,4,8.0,3.0,1.6,0.8,1.2,3.0,0.1,0.1,0.16,0.08,0.12000000000000002,0.3,1557.663247567885,1466.8544796166493
1997-06-21,Bolivia,Colombia,2.0,1.0,Copa América,False,H,4,10.0,6.0,1.4,1.8,0.8,1.6,0.2,0.1,0.14,0.18,0.08,0.16,1510.4316410598515,1514.6545321990202
1997-06-21,Peru,Argentina,2.0,1.0,Copa América,True,H,4,6.0,6.0,0.8,1.0,1.2,1.2,0.2,0.1,0.08,0.1,0.12000000000000002,0.12000000000000002,1451.2073596066846,1605.626215519235
1997-06-22,Ecuador,Mexico,1.0,1.0,Copa América,True,D,4,10.0,6.0,1.2,1.2,0.6,1.2,0.1,0.1,0.12000000000000002,0.12000000000000002,0.06000000000000001,0.12000000000000002,1556.4163557667955,1547.4402385421727
1997-06-22,Brazil,Paraguay,2.0,0.0,Copa América,True,H,4,13.0,8.0,2.4,1.2,0.6,1.2,0.2,0.0,0.24000000000000005,0.12000000000000002,0.06000000000000001,0.12000000000000002,1849.9597992825215,1499.5892293323093
1997-06-25,Bolivia,Mexico,3.0,1.0,Copa América,False,H,4,12.0,6.0,1.4,1.2,0.6,1.2,0.30000000000000004,0.1,0.14,0.12000000000000002,0.06000000000000001,0.12000000000000002,1550.9177954294082,1548.473422366806
1997-06-26,Brazil,Peru,7.0,0.0,Copa América,True,H,4,13.0,9.0,2.6,1.2,0.6,1.0,0.7000000000000001,0.0,0.26,0.12000000000000002,0.06000000000000001,0.1,1859.3550331283284,1507.9005146589316
1997-06-28,Mexico,Peru,1.0,0.0,Copa América,True,H,4,5.0,9.0,1.4,1.0,1.8,2.0,0.1,0.0,0.14,0.1,0.18000000000000002,0.2,1508.7548365724713,1498.5568961923204
1997-06-29,Bolivia,Brazil,1.0,3.0,Copa América,False,A,4,15.0,15.0,1.8,3.8,0.4,0.4,0.1,0.30000000000000004,0.18000000000000002,0.38,0.04,0.04,1590.636381223743,1868.6986515949395
1998-02-07,Burkina Faso,Cameroon,0.0,1.0,African Cup of Nations,False,A,3,0.0,4.0,0.6,1.2,2.8,3.2,0.0,0.1,0.06000000000000001,0.12000000000000002,0.28,0.32000000000000006,1375.1156696873848,1498.5122240687247
1998-02-08,South Africa,Angola,0.0,0.0,African Cup of Nations,True,D,3,12.0,1.0,1.6,1.3333333333333333,0.4,2.0,0.0,0.0,0.16,0.13333333333333333,0.04,0.20000000000000004,1624.9196472439205,1447.6007804321134
1998-02-08,Ivory Coast,Namibia,4.0,3.0,African Cup of Nations,True,H,3,7.0,0.0,1.4,0.0,1.6,0.0,0.4,0.30000000000000004,0.14,0.0,0.16,0.0,1576.208705139642,1500.0
1998-02-08,Algeria,Guinea,0.0,1.0,African Cup of Nations,True,A,3,8.0,1.0,1.2,0.8,0.8,1.6,0.0,0.1,0.12000000000000002,0.08,0.08,0.16,1595.1974175005541,1469.964949849214
1998-02-09,DR Congo,Togo,2.0,1.0,African Cup of Nations,True,H,3,4.0,2.0,0.6,0.4,1.2,2.0,0.2,0.1,0.06000000000000001,0.04,0.12000000000000002,0.2,1435.6990458343587,1431.8986349784504
1998-02-09,Ghana,Tunisia,2.0,0.0,African Cup of Nations,True,H,3,9.0,7.0,1.0,1.8,1.0,1.6,0.2,0.0,0.1,0.18000000000000002,0.1,0.16,1651.860091121639,1505.386767407737
1998-02-09,Zambia,Morocco,1.0,1.0,African Cup of Nations,True,D,3,12.0,1.0,3.0,0.6,1.2,1.4,0.1,0.1,0.3,0.06000000000000001,0.12000000000000002,0.14,1640.1375953234553,1415.470994902167
1998-02-10,Egypt,Mozambique,2.0,0.0,African Cup of Nations,True,H,3,6.0,1.0,1.0,0.2,1.4,1.6,0.2,0.0,0.1,0.02,0.14,0.16,1483.1586479189443,1396.4094825091736
1998-02-11,Burkina Faso,Algeria,2.0,1.0,African Cup of Nations,False,H,3,0.0,7.0,0.6,1.0,2.6,0.8,0.2,0.1,0.06000000000000001,0.1,0.26,0.08,1355.3440831739529,1554.8291595543678
1998-02-11,Cameroon,Guinea,2.0,2.0,African Cup of Nations,True,D,3,7.0,3.0,1.4,0.8,2.6,1.4,0.2,0.2,0.14,0.08,0.26000000000000006,0.14,1518.2838105821565,1510.3332077954003
1998-02-11,South Africa,Ivory Coast,1.0,1.0,African Cup of Nations,True,D,3,10.0,9.0,1.4,1.8,0.4,1.8,0.1,0.1,0.14,0.18000000000000002,0.04,0.18000000000000002,1610.8127674729847,1599.731857987399
1998-02-12,Angola,Namibia,3.0,3.0,African Cup of Nations,True,D,3,2.0,0.0,1.0,3.0,1.5,4.0,0.30000000000000004,0.30000000000000004,0.1,0.30000000000000004,0.15000000000000002,0.4,1461.7076602030493,1476.476847152243
1998-02-12,Ghana,Togo,1.0,2.0,African Cup of Nations,True,A,3,9.0,2.0,1.0,0.6,0.8,2.0,0.1,0.2,0.1,0.06000000000000001,0.08,0.2,1669.9121674109774,1402.226775743116
1998-02-12,Tunisia,DR Congo,2.0,1.0,African Cup of Nations,True,H,3,7.0,6.0,1.6,0.8,1.6,1.2,0.2,0.1,0.16,0.08,0.16,0.12000000000000002,1487.3346911183985,1465.3709050696932
1998-02-13,Zambia,Egypt,0.0,4.0,African Cup of Nations,True,A,3,10.0,9.0,2.2,1.4,1.2,1.2,0.0,0.4,0.22000000000000003,0.14,0.12000000000000002,0.12000000000000002,1623.055434780326,1505.8199953138785
1998-02-13,Morocco,Mozambique,3.0,0.0,African Cup of Nations,True,H,3,2.0,1.0,0.8,0.2,1.4,1.6,0.30000000000000004,0.0,0.08,0.02,0.14,0.16,1432.5531554452962,1373.7481351142394
1998-02-15,Burkina Faso,Guinea,1.0,0.0,African Cup of Nations,False,H,3,3.0,4.0,1.0,1.2,2.2,1.6,0.1,0.0,0.1,0.12000000000000002,0.22000000000000003,0.16,1400.8964108570863,1511.0195982169046
1998-02-15,Cameroon,Algeria,2.0,1.0,African Cup of Nations,True,H,3,8.0,6.0,1.6,1.2,1.8,1.2,0.2,0.1,0.16,0.12000000000000002,0.18000000000000002,0.12000000000000002,1517.5974201606523,1509.2768318712344
1998-02-16,Ghana,DR Congo,0.0,1.0,African Cup of Nations,True,A,3,6.0,6.0,0.8,1.0,1.2,1.2,0.0,0.1,0.08,0.1,0.12000000000000002,0.12000000000000002,1620.4962532771385,1437.26488845926
1998-02-16,Ivory Coast,Angola,5.0,2.0,African Cup of Nations,True,H,3,7.0,3.0,1.4,1.4,1.8,1.8,0.5,0.2,0.14,0.14,0.18000000000000002,0.18000000000000002,1600.688336339986,1462.982166720329
1998-02-16,South Africa,Namibia,4.0,1.0,African Cup of Nations,True,H,3,11.0,1.0,1.6,3.0,0.4,3.5,0.4,0.1,0.16,0.30000000000000004,0.04,0.35000000000000003,1609.8562891203976,1475.2023406349633
1998-02-16,Tunisia,Togo,3.0,1.0,African Cup of Nations,True,H,3,7.0,4.0,1.4,0.8,1.6,2.0,0.30000000000000004,0.1,0.14,0.08,0.16,0.2,1515.4407077288317,1451.6426898769548
1998-02-17,Zambia,Mozambique,3.0,1.0,African Cup of Nations,True,H,3,7.0,1.0,1.4,0.2,2.0,1.8,0.30000000000000004,0.1,0.14,0.02,0.2,0.18000000000000002,1583.2999831556217,1348.777831521703
1998-02-17,Egypt,Morocco,0.0,1.0,African Cup of Nations,True,A,3,9.0,4.0,1.8,1.2,1.0,1.2,0.0,0.1,0.18,0.12000000000000002,0.1,0.12000000000000002,1545.575446938583,1457.5234590378325
1998-02-20,Cameroon,DR Congo,0.0,1.0,African Cup of Nations,True,A,3,11.0,9.0,2.0,1.2,1.4,0.8,0.0,0.1,0.2,0.12000000000000002,0.14,0.08,1546.8791001364768,1481.7662145557515
1998-02-21,Burkina Faso,Tunisia,1.0,1.0,African Cup of Nations,False,D,3,6.0,9.0,1.0,1.8,1.8,1.6,0.1,0.1,0.1,0.18000000000000002,0.18,0.16,1440.0990778727848,1539.993035613727
1998-02-21,Ivory Coast,Egypt,0.0,0.0,African Cup of Nations,True,D,3,10.0,9.0,2.4,1.6,1.8,0.8,0.0,0.0,0.24,0.16,0.18000000000000002,0.08,1619.3836840380714,1508.1311286807427
1998-02-22,Morocco,South Africa,1.0,2.0,African Cup of Nations,True,A,3,7.0,11.0,1.4,2.0,1.0,0.4,0.1,0.2,0.14,0.2,0.1,0.04,1494.9677772956727,1628.7785092962358
1998-02-25,Burkina Faso,Egypt,0.0,2.0,African Cup of Nations,False,A,3,7.0,7.0,1.0,1.4,1.0,0.8,0.0,0.2,0.1,0.14,0.1,0.08,1448.4945392454722,1517.4220485630478
1998-02-25,DR Congo,South Africa,1.0,2.0,African Cup of Nations,True,A,3,9.0,11.0,1.0,1.8,0.8,0.6,0.1,0.2,0.1,0.18,0.08,0.06000000000000001,1517.32360179079,1647.7636672082642
1998-02-27,Burkina Faso,DR Congo,4.0,4.0,African Cup of Nations,False,D,3,7.0,9.0,0.8,1.2,1.0,1.0,0.4,0.4,0.08,0.12000000000000002,0.1,0.1,1424.3693461235587,1498.085740201645
1998-02-28,South Africa,Egypt,0.0,2.0,African Cup of Nations,True,A,3,11.0,10.0,1.8,1.6,0.8,0.2,0.0,0.2,0.18,0.16,0.08,0.02,1667.0015287974093,1541.5472416849614
1998-06-10,Brazil,Scotland,2.0,1.0,FIFA World Cup,True,H,5,15.0,7.0,3.4,0.8,0.6,0.8,0.2,0.1,0.34,0.08,0.06000000000000001,0.08,1882.1298576733623,1527.2137821108474
1998-06-10,Morocco,Norway,2.0,2.0,FIFA World Cup,True,D,5,7.0,4.0,1.4,0.5,1.0,0.75,0.2,0.2,0.14,0.05,0.1,0.07500000000000001,1475.9826193836443,1523.9283872442127
1998-06-11,Cameroon,Austria,1.0,1.0,FIFA World Cup,True,D,5,8.0,4.0,1.6,0.8,1.4,1.2,0.1,0.1,0.16,0.08,0.14,0.12000000000000002,1511.3217129014383,1539.0152398532757
1998-06-11,Italy,Chile,2.0,2.0,FIFA World Cup,True,D,5,8.0,1.0,1.0,0.6,0.8,2.2,0.2,0.2,0.1,0.06000000000000001,0.08,0.22000000000000003,1779.9923477814289,1362.0920719507048
1998-06-12,France,South Africa,3.0,0.0,FIFA World Cup,False,H,5,9.0,10.0,1.0,1.8,0.4,1.2,0.30000000000000004,0.0,0.1,0.18,0.04,0.12000000000000002,1692.1063962168803,1626.616408929712
1998-06-12,Paraguay,Bulgaria,0.0,0.0,FIFA World Cup,True,D,5,5.0,4.0,0.6,0.8,1.2,2.0,0.0,0.0,0.06000000000000001,0.08,0.12000000000000002,0.2,1490.1939954865024,1559.4948115519055
1998-06-12,Saudi Arabia,Denmark,0.0,1.0,FIFA World Cup,True,A,5,8.0,8.0,1.0,1.6,1.2,1.2,0.0,0.1,0.1,0.16,0.12000000000000002,0.12000000000000002,1610.3419245208306,1604.438862606234
1998-06-13,Spain,Nigeria,2.0,3.0,FIFA World Cup,True,A,5,6.0,9.0,1.0,1.8,1.0,1.0,0.2,0.30000000000000004,0.1,0.18000000000000002,0.1,0.1,1659.5260384818548,1634.4758638481335
1998-06-13,South Korea,Mexico,1.0,3.0,FIFA World Cup,True,A,5,4.0,5.0,1.8,1.2,2.8,1.6,0.1,0.30000000000000004,0.18,0.12000000000000002,0.28,0.16,1425.6961714816216,1547.5810923547426
1998-06-13,Netherlands,Belgium,0.0,0.0,FIFA World Cup,True,D,5,5.0,6.0,1.0,0.8,1.4,1.0,0.0,0.0,0.1,0.08,0.14,0.1,1635.7972781879862,1569.3552942417755
1998-06-14,Argentina,Japan,1.0,0.0,FIFA World Cup,True,H,5,6.0,12.0,1.2,1.6,1.0,0.6,0.1,0.0,0.12000000000000002,0.16,0.1,0.06000000000000001,1548.933060466988,1578.014009958311
1998-06-14,Jamaica,Croatia,1.0,3.0,FIFA World Cup,True,A,5,0.0,6.0,0.0,1.25,0.0,1.25,0.1,0.30000000000000004,0.0,0.125,0.0,0.125,1500.0,1528.8582058799834
1998-06-14,Serbia,Iran,1.0,0.0,FIFA World Cup,True,H,5,0.0,11.0,0.0,2.6,0.0,0.8,0.1,0.0,0.0,0.26000000000000006,0.0,0.08,1500.0,1571.6228323675732
1998-06-15,England,Tunisia,2.0,0.0,FIFA World Cup,True,H,5,9.0,7.0,1.6,1.2,0.6,1.4,0.2,0.0,0.16,0.12000000000000002,0.06000000000000001,0.14,1679.0691063748352,1531.5975742410396
1998-06-15,Germany,United States,2.0,0.0,FIFA World Cup,True,H,5,11.0,4.0,1.6,0.8,0.6,1.2,0.2,0.0,0.16,0.08,0.06000000000000001,0.12000000000000002,1767.8422537373424,1398.7144146416463
1998-06-15,Romania,Colombia,1.0,0.0,FIFA World Cup,True,H,5,4.0,6.0,1.2,2.0,1.6,1.6,0.1,0.0,0.12000000000000002,0.2,0.16,0.16,1502.351559400149,1474.1683778294632
1998-06-16,Brazil,Morocco,3.0,0.0,FIFA World Cup,True,H,5,15.0,8.0,3.2,1.6,0.4,1.0,0.30000000000000004,0.0,0.32,0.16,0.04,0.1,1893.605396883112,1482.83910086623
1998-06-16,Scotland,Norway,1.0,1.0,FIFA World Cup,True,D,5,7.0,5.0,1.0,0.8,0.8,1.0,0.1,0.1,0.1,0.08,0.08,0.1,1515.7382429010977,1517.071905761627
1998-06-17,Italy,Cameroon,3.0,0.0,FIFA World Cup,True,H,5,6.0,8.0,1.0,1.2,1.0,1.0,0.30000000000000004,0.0,0.1,0.12000000000000002,0.1,0.1,1738.2668065013017,1515.2987128381894
1998-06-17,Chile,Austria,1.0,1.0,FIFA World Cup,True,D,5,2.0,5.0,1.0,1.0,1.8,1.2,0.1,0.1,0.1,0.1,0.18,0.12000000000000002,1403.817613230832,1535.0382399165246
1998-06-18,France,Saudi Arabia,4.0,0.0,FIFA World Cup,False,H,5,9.0,5.0,1.4,0.8,0.4,1.4,0.4,0.0,0.14,0.08,0.04,0.14,1732.7916877305372,1559.4924873577932
1998-06-18,South Africa,Denmark,1.0,1.0,FIFA World Cup,True,D,5,9.0,10.0,1.6,1.4,1.6,0.8,0.1,0.1,0.16,0.14,0.16,0.08,1585.931117416055,1655.2882997692714
1998-06-19,Nigeria,Bulgaria,1.0,0.0,FIFA World Cup,True,H,5,9.0,5.0,2.0,0.6,1.2,1.6,0.1,0.0,0.2,0.06000000000000001,0.12000000000000002,0.16,1688.0746399207744,1549.651814668509
1998-06-19,Spain,Paraguay,0.0,0.0,FIFA World Cup,True,D,5,6.0,5.0,1.2,0.4,1.2,1.0,0.0,0.0,0.12000000000000002,0.04,0.12000000000000002,0.1,1605.9272624092139,1500.036992369899
1998-06-20,Belgium,Mexico,2.0,2.0,FIFA World Cup,True,D,5,7.0,8.0,0.8,1.4,0.8,1.2,0.2,0.2,0.08,0.14,0.08,0.12000000000000002,1578.8021834851952,1580.7262743856072
1998-06-20,Japan,Croatia,0.0,1.0,FIFA World Cup,True,A,5,9.0,9.0,1.4,1.6,0.8,1.2,0.0,0.1,0.14,0.16,0.08,0.12000000000000002,1523.838671130598,1574.7147006001976
1998-06-20,Netherlands,South Korea,5.0,0.0,FIFA World Cup,True,H,5,6.0,4.0,0.6,1.6,0.8,2.8,0.5,0.0,0.06000000000000001,0.16,0.08,0.28,1626.3503889445665,1392.550989450757
1998-06-21,Argentina,Jamaica,5.0,0.0,FIFA World Cup,True,H,5,8.0,0.0,1.0,1.0,0.6,3.0,0.5,0.0,0.1,0.1,0.06000000000000001,0.30000000000000004,1603.108399294701,1454.1435052797858
1998-06-21,Germany,Serbia,2.0,2.0,FIFA World Cup,True,D,5,11.0,3.0,1.4,1.0,0.6,0.0,0.2,0.2,0.14,0.1,0.06000000000000001,0.0,1778.5125460067607,1560.1637848869004
1998-06-21,United States,Iran,1.0,2.0,FIFA World Cup,True,A,5,4.0,8.0,0.8,2.0,1.4,0.8,0.1,0.2,0.08,0.20000000000000004,0.14,0.08,1388.044122372228,1511.4590474806728
1998-06-22,Romania,England,2.0,1.0,FIFA World Cup,True,H,5,4.0,11.0,0.8,1.8,1.2,0.4,0.2,0.1,0.08,0.18,0.12000000000000002,0.04,1548.3045462111256,1709.0351704665165
1998-06-22,Colombia,Tunisia,1.0,0.0,FIFA World Cup,True,H,5,3.0,7.0,1.2,1.2,1.6,1.4,0.1,0.0,0.12000000000000002,0.12000000000000002,0.16,0.14,1428.2153910184866,1501.6315101493583
1998-06-23,Brazil,Norway,1.0,2.0,FIFA World Cup,True,A,5,15.0,6.0,3.4,0.8,0.4,0.8,0.1,0.2,0.34,0.08,0.04,0.08,1902.1969302973469,1516.8799771904426
1998-06-23,Chile,Cameroon,1.0,1.0,FIFA World Cup,True,D,5,2.0,5.0,0.8,1.0,1.6,1.6,0.1,0.1,0.08,0.1,0.16,0.16,1421.8523070882802,1493.6033371069016
1998-06-23,Italy,Austria,2.0,1.0,FIFA World Cup,True,H,5,8.0,5.0,1.6,0.8,1.0,1.0,0.2,0.1,0.16,0.08,0.1,0.1,1759.9621822325896,1517.0035460590764
1998-06-23,Scotland,Morocco,0.0,3.0,FIFA World Cup,True,A,5,5.0,7.0,0.6,1.4,1.0,1.4,0.0,0.30000000000000004,0.06000000000000001,0.14,0.1,0.14,1515.9301714722822,1474.247567451995
1998-06-24,France,Denmark,2.0,1.0,FIFA World Cup,False,H,5,11.0,8.0,2.0,1.2,0.2,1.0,0.2,0.1,0.2,0.12000000000000002,0.02,0.1,1759.733232073559,1645.4375057359296
1998-06-24,Nigeria,Paraguay,1.0,3.0,FIFA World Cup,True,A,5,9.0,3.0,1.6,0.2,1.2,1.0,0.1,0.30000000000000004,0.16,0.02,0.12000000000000002,0.1,1719.1451311886608,1514.8208842004158
1998-06-24,South Africa,Saudi Arabia,2.0,2.0,FIFA World Cup,True,D,5,7.0,5.0,1.0,0.8,1.6,1.6,0.2,0.2,0.1,0.08,0.16,0.16,1595.7819114493968,1532.5509430147713
1998-06-24,Spain,Bulgaria,6.0,1.0,FIFA World Cup,True,H,5,6.0,5.0,1.0,0.6,1.0,1.0,0.6000000000000001,0.1,0.1,0.06000000000000001,0.1,0.1,1591.1433705786972,1518.5813234006225
1998-06-25,United States,Serbia,0.0,1.0,FIFA World Cup,True,A,5,1.0,4.0,0.4,1.5,1.8,1.0,0.0,0.1,0.04,0.15000000000000002,0.18,0.1,1355.0938145774721,1588.013269367572
1998-06-25,Netherlands,Mexico,2.0,2.0,FIFA World Cup,True,D,5,8.0,8.0,1.6,1.6,0.8,1.4,0.2,0.2,0.16,0.16,0.08,0.14,1647.0052329589437,1580.4493782772763
1998-06-25,Belgium,South Korea,1.0,1.0,FIFA World Cup,True,D,5,5.0,3.0,1.0,1.4,1.2,3.6,0.1,0.1,0.1,0.14,0.12000000000000002,0.36000000000000004,1579.079079593526,1371.8961454363798
1998-06-25,Germany,Iran,2.0,0.0,FIFA World Cup,True,H,5,11.0,8.0,1.8,1.8,1.0,1.0,0.2,0.0,0.18,0.18000000000000002,0.1,0.1,1750.663061526089,1544.4093552754287
1998-06-26,Argentina,Croatia,1.0,0.0,FIFA World Cup,True,H,5,10.0,9.0,2.0,1.6,0.6,1.2,0.1,0.0,0.2,0.16,0.06000000000000001,0.12000000000000002,1632.8943653312756,1617.4449381970896
1998-06-26,Colombia,England,0.0,2.0,FIFA World Cup,True,A,5,6.0,8.0,1.2,1.6,1.2,0.8,0.0,0.2,0.12000000000000002,0.16,0.12000000000000002,0.08,1488.6263252030394,1637.424314782062
1998-06-26,Japan,Jamaica,1.0,2.0,FIFA World Cup,True,A,5,6.0,0.0,1.0,0.5,0.8,4.0,0.1,0.2,0.1,0.05,0.08,0.4,1481.108433533706,1424.3575392432112
1998-06-26,Romania,Tunisia,1.0,1.0,FIFA World Cup,True,D,5,6.0,7.0,0.8,1.2,1.0,1.2,0.1,0.1,0.08,0.12000000000000002,0.1,0.12000000000000002,1619.9154018955799,1441.2205759648054
1998-06-27,Brazil,Chile,4.0,1.0,FIFA World Cup,True,H,5,12.0,3.0,3.2,1.0,0.8,1.6,0.4,0.1,0.32,0.1,0.08,0.16,1812.0109443344281,1432.033777436427
1998-06-27,Italy,Norway,1.0,0.0,FIFA World Cup,True,H,5,8.0,6.0,1.6,1.0,1.0,1.0,0.1,0.0,0.16,0.1,0.1,0.1,1779.766299222153,1607.0659631533613
1998-06-28,Nigeria,Denmark,1.0,4.0,FIFA World Cup,True,A,5,9.0,7.0,1.6,1.2,1.4,1.2,0.1,0.4,0.16,0.12000000000000002,0.14,0.12000000000000002,1642.7190164133203,1611.3172338936952
1998-06-28,France,Paraguay,1.0,0.0,FIFA World Cup,False,H,5,11.0,6.0,1.8,0.8,0.2,0.8,0.1,0.0,0.18000000000000002,0.08,0.02,0.08,1793.8535039157935,1591.2469989757562
1998-06-29,Germany,Mexico,2.0,1.0,FIFA World Cup,True,H,5,11.0,8.0,1.8,1.8,0.8,1.6,0.2,0.1,0.18,0.18000000000000002,0.08,0.16,1774.0374265052299,1589.91206887178
1998-06-29,Netherlands,Serbia,2.0,1.0,FIFA World Cup,True,H,5,6.0,7.0,1.6,1.3333333333333333,1.2,0.6666666666666666,0.2,0.1,0.16,0.13333333333333333,0.12000000000000002,0.06666666666666667,1637.54254236444,1608.7512511804175
1998-06-30,Argentina,England,2.0,2.0,FIFA World Cup,True,D,5,10.0,8.0,1.8,1.2,0.6,0.6,0.2,0.2,0.18,0.12000000000000002,0.06000000000000001,0.06000000000000001,1680.67247830773,1667.2303783868642
1998-06-30,Romania,Croatia,0.0,1.0,FIFA World Cup,True,A,5,7.0,6.0,1.0,1.0,1.0,1.4,0.0,0.1,0.1,0.1,0.1,0.14,1596.2499911922114,1569.6668252206352
1998-07-03,France,Italy,0.0,0.0,FIFA World Cup,False,D,5,13.0,11.0,2.0,1.6,0.2,0.6,0.0,0.0,0.2,0.16,0.02,0.06000000000000001,1817.6060047293186,1806.7757517352923
1998-07-03,Brazil,Denmark,3.0,2.0,FIFA World Cup,True,H,5,12.0,10.0,2.6,2.0,1.0,0.8,0.30000000000000004,0.2,0.26,0.2,0.1,0.08,1822.100399444377,1665.8240485367091
1998-07-04,Netherlands,Argentina,2.0,1.0,FIFA World Cup,True,H,5,9.0,10.0,1.8,2.0,0.6,0.8,0.2,0.1,0.18,0.2,0.06000000000000001,0.08,1683.408600903813,1678.7389692711347
1998-07-04,Germany,Croatia,0.0,3.0,FIFA World Cup,True,A,5,13.0,9.0,2.0,1.2,0.8,0.8,0.0,0.30000000000000004,0.2,0.12000000000000002,0.08,0.08,1799.7700774128386,1623.4850024885402
1998-07-07,Brazil,Netherlands,1.0,1.0,FIFA World Cup,True,D,5,12.0,11.0,2.6,2.2,1.2,0.8,0.1,0.1,0.26,0.22000000000000003,0.12000000000000002,0.08,1851.0136906474022,1732.7366273536481
1998-07-08,France,Croatia,2.0,1.0,FIFA World Cup,False,H,5,13.0,12.0,2.0,1.6,0.2,0.4,0.2,0.1,0.2,0.16,0.02,0.04,1816.0479106655314,1696.88042853511
1998-07-11,Netherlands,Croatia,1.0,2.0,FIFA World Cup,True,A,5,11.0,9.0,2.4,1.2,1.0,0.6,0.1,0.2,0.24,0.12000000000000002,0.1,0.06000000000000001,1749.1296330729274,1663.3877053327494
1998-07-12,France,Brazil,3.0,0.0,FIFA World Cup,False,H,5,13.0,10.0,1.8,2.4,0.4,1.2,0.30000000000000004,0.0,0.18,0.24000000000000005,0.04,0.12000000000000002,1849.540633867892,1834.620684928123
1999-06-29,Peru,Japan,3.0,2.0,Copa América,True,H,4,6.0,3.0,0.8,0.4,2.2,1.2,0.30000000000000004,0.2,0.08,0.04,0.22000000000000003,0.12000000000000002,1459.730640410049,1423.0131911108767
1999-06-29,Paraguay,Bolivia,0.0,0.0,Copa América,False,D,4,5.0,12.0,0.6,1.8,0.8,1.0,0.0,0.0,0.06000000000000001,0.18000000000000002,0.08,0.1,1567.4944981622311,1577.2051751453203
1999-06-30,Chile,Mexico,0.0,1.0,Copa América,True,A,4,3.0,8.0,1.2,1.8,2.0,1.4,0.0,0.1,0.12000000000000002,0.18000000000000002,0.2,0.14,1421.9443223264782,1564.1794179641713
1999-06-30,Brazil,Venezuela,7.0,0.0,Copa América,True,H,4,7.0,0.0,1.8,0.6,1.8,2.2,0.7000000000000001,0.0,0.18000000000000002,0.06000000000000001,0.18000000000000002,0.22000000000000003,1786.7665192920467,1149.1244614667876
1999-07-01,Uruguay,Colombia,0.0,1.0,Copa América,True,A,4,7.0,3.0,1.0,0.4,0.6,1.4,0.0,0.1,0.1,0.04,0.06000000000000001,0.14,1539.1177123423256,1458.8202615982373
1999-07-01,Argentina,Ecuador,3.0,1.0,Copa América,True,H,4,10.0,11.0,2.0,1.4,0.8,0.6,0.30000000000000004,0.1,0.2,0.14,0.08,0.06000000000000001,1629.4109428212996,1555.3831719421623
1999-07-02,Paraguay,Japan,4.0,0.0,Copa América,False,H,4,6.0,0.0,0.6,0.6,0.4,1.8,0.4,0.0,0.06000000000000001,0.06000000000000001,0.04,0.18000000000000002,1568.6121901415206,1387.2247762571105
1999-07-02,Peru,Bolivia,1.0,0.0,Copa América,True,H,4,9.0,10.0,1.4,1.4,2.2,1.0,0.1,0.0,0.14,0.14,0.22000000000000003,0.1,1495.5190552638153,1576.0874831660308
1999-07-03,Chile,Venezuela,3.0,0.0,Copa América,True,H,4,3.0,0.0,1.0,0.4,1.8,3.0,0.30000000000000004,0.0,0.1,0.04,0.18,0.30000000000000004,1397.462354411005,1147.138068299397
1999-07-03,Brazil,Mexico,2.0,1.0,Copa América,True,H,4,10.0,8.0,3.0,1.8,1.4,1.4,0.2,0.1,0.30000000000000004,0.18000000000000002,0.14,0.14,1788.7529124594373,1588.6613858796445
1999-07-04,Argentina,Colombia,0.0,3.0,Copa América,True,A,4,10.0,6.0,2.4,0.6,1.0,1.0,0.0,0.30000000000000004,0.24000000000000005,0.06000000000000001,0.1,0.1,1661.0148542358054,1507.90369284164
1999-07-04,Uruguay,Ecuador,2.0,1.0,Copa América,True,H,4,4.0,8.0,0.6,1.2,0.8,1.0,0.2,0.1,0.06000000000000001,0.12000000000000002,0.08,0.1,1490.0342810989227,1523.7792605276566
1999-07-05,Bolivia,Japan,1.0,1.0,Copa América,True,D,4,7.0,0.0,1.2,0.6,1.2,2.2,0.1,0.1,0.12000000000000002,0.06000000000000001,0.12000000000000002,0.22000000000000003,1526.9744685558917,1366.396771118446
1999-07-05,Paraguay,Peru,1.0,0.0,Copa América,False,H,4,8.0,9.0,1.4,1.2,0.4,2.2,0.1,0.0,0.14,0.12000000000000002,0.04,0.22000000000000003,1589.4401952801852,1544.6320698739544
1999-07-06,Brazil,Chile,1.0,0.0,Copa América,True,H,4,10.0,5.0,2.6,1.2,1.4,1.4,0.1,0.0,0.26,0.12000000000000002,0.14,0.14,1807.9654657589335,1412.7738152647541
1999-07-06,Mexico,Venezuela,3.0,1.0,Copa América,True,H,4,5.0,0.0,1.4,0.0,1.6,3.0,0.30000000000000004,0.1,0.14,0.0,0.16,0.30000000000000004,1569.4488325801483,1131.8266074456478
1999-07-07,Uruguay,Argentina,0.0,2.0,Copa América,True,A,4,6.0,7.0,0.8,1.4,0.8,1.6,0.0,0.2,0.08,0.14,0.08,0.16,1533.907144947595,1604.4462271175796
1999-07-07,Colombia,Ecuador,2.0,1.0,Copa América,True,H,4,9.0,7.0,1.0,1.4,0.6,1.4,0.2,0.1,0.1,0.14,0.06000000000000001,0.14,1564.4723199598657,1479.9063966789843
1999-07-10,Mexico,Peru,3.0,3.0,Copa América,True,D,4,7.0,6.0,1.6,0.8,1.4,2.2,0.30000000000000004,0.30000000000000004,0.16,0.08,0.14,0.22000000000000003,1575.4109233453544,1509.7623836436605
1999-07-10,Paraguay,Uruguay,1.0,1.0,Copa América,False,D,4,10.0,6.0,1.6,0.8,0.4,1.0,0.1,0.1,0.16,0.08,0.04,0.1,1624.309881510479,1501.918481677915
1999-07-11,Brazil,Argentina,2.0,1.0,Copa América,True,H,4,10.0,7.0,2.2,1.6,1.0,1.6,0.2,0.1,0.22000000000000003,0.16,0.1,0.16,1815.4232792074863,1636.4348903872597
1999-07-11,Chile,Colombia,3.0,2.0,Copa América,True,H,4,4.0,12.0,1.0,1.4,1.4,0.6,0.30000000000000004,0.2,0.1,0.14,0.14,0.06000000000000001,1405.3160018162014,1594.924124517666
1999-07-13,Uruguay,Chile,1.0,1.0,Copa América,True,D,4,4.0,6.0,0.6,1.4,1.2,1.6,0.1,0.1,0.06000000000000001,0.14,0.12000000000000002,0.16,1515.453995118223,1465.2087077985393
1999-07-14,Mexico,Brazil,0.0,2.0,Copa América,True,A,4,7.0,12.0,1.8,2.4,1.6,1.0,0.0,0.2,0.18000000000000002,0.24000000000000005,0.16,0.1,1567.9415375493427,1836.4647348365638
1999-07-17,Chile,Mexico,1.0,2.0,Copa América,True,A,4,7.0,7.0,1.4,1.6,1.0,1.6,0.1,0.2,0.14,0.16,0.1,0.16,1470.9534172629085,1553.8853896125172
1999-07-18,Brazil,Uruguay,3.0,0.0,Copa América,True,H,4,15.0,5.0,2.8,0.8,0.4,1.2,0.30000000000000004,0.0,0.28,0.08,0.04,0.12000000000000002,1850.5208827733893,1509.7092856538538
2000-01-22,Ghana,Cameroon,1.0,1.0,African Cup of Nations,False,D,3,3.0,5.0,0.6,0.8,1.4,1.4,0.1,0.1,0.06000000000000001,0.08,0.14,0.14,1575.994927180647,1483.4218667587547
2000-01-23,South Africa,Gabon,3.0,1.0,African Cup of Nations,True,H,3,5.0,4.0,1.0,0.8,1.8,2.0,0.30000000000000004,0.1,0.1,0.08,0.18000000000000002,0.2,1586.781395329368,1457.388891407483
2000-01-23,Nigeria,Tunisia,4.0,2.0,African Cup of Nations,False,H,3,6.0,5.0,1.4,1.0,2.2,1.2,0.4,0.2,0.14,0.1,0.22000000000000003,0.12000000000000002,1588.2122017703064,1464.885986668174
2000-01-23,Egypt,Zambia,2.0,0.0,African Cup of Nations,True,H,3,10.0,7.0,1.6,1.4,0.2,2.0,0.2,0.0,0.16,0.14,0.02,0.2,1581.9323615526587,1595.6520286445298
2000-01-24,DR Congo,Algeria,0.0,0.0,African Cup of Nations,True,D,3,7.0,3.0,1.6,1.0,1.6,1.6,0.0,0.0,0.16,0.1,0.16,0.16,1491.8143804379936,1479.99515189541
2000-01-24,Ivory Coast,Togo,1.0,1.0,African Cup of Nations,True,D,3,8.0,4.0,2.2,1.0,1.8,2.0,0.1,0.1,0.22000000000000003,0.1,0.18000000000000002,0.2,1610.0927641557662,1427.0903619920596
2000-01-25,Burkina Faso,Senegal,1.0,3.0,African Cup of Nations,True,A,3,8.0,6.0,1.6,1.0,1.6,0.8,0.1,0.30000000000000004,0.16,0.1,0.16,0.08,1430.64070588721,1473.951224837196
2000-01-25,Morocco,Congo,1.0,0.0,African Cup of Nations,True,H,3,7.0,3.0,1.4,0.4,1.4,0.8,0.1,0.0,0.14,0.04,0.14,0.08,1530.2175611309167,1453.703656456681
2000-01-27,Ghana,Togo,2.0,0.0,African Cup of Nations,False,H,3,4.0,5.0,0.8,1.0,1.0,1.4,0.2,0.0,0.08,0.1,0.1,0.14,1568.1854656645457,1441.5765324271254
2000-01-27,South Africa,DR Congo,1.0,0.0,African Cup of Nations,True,H,3,5.0,8.0,1.2,1.4,1.8,1.2,0.1,0.0,0.12000000000000002,0.14,0.18000000000000002,0.12000000000000002,1606.0981549951084,1490.7942197073987
2000-01-28,Cameroon,Ivory Coast,3.0,0.0,African Cup of Nations,True,H,3,3.0,9.0,0.6,2.2,1.4,1.4,0.30000000000000004,0.0,0.06000000000000001,0.22000000000000003,0.14,0.14,1491.231328274856,1595.6065937207004
2000-01-28,Egypt,Senegal,1.0,0.0,African Cup of Nations,True,H,3,10.0,6.0,1.2,1.0,0.2,1.0,0.1,0.0,0.12000000000000002,0.1,0.02,0.1,1613.1163974664025,1500.230745590994
2000-01-28,Nigeria,Congo,0.0,0.0,African Cup of Nations,False,D,3,9.0,3.0,2.0,0.4,2.2,0.8,0.0,0.0,0.2,0.04,0.22000000000000003,0.08,1607.989156212677,1430.2056235531181
2000-01-29,Zambia,Burkina Faso,1.0,1.0,African Cup of Nations,True,D,3,7.0,5.0,1.0,1.4,1.6,2.0,0.1,0.1,0.1,0.14,0.16,0.2,1564.467992730786,1404.361185133412
2000-01-29,Tunisia,Morocco,0.0,0.0,African Cup of Nations,True,D,3,2.0,7.0,0.8,1.4,1.8,1.4,0.0,0.0,0.08,0.14,0.18,0.14,1445.1090322258033,1553.7155940344796
2000-01-29,Algeria,Gabon,3.0,1.0,African Cup of Nations,True,H,3,1.0,4.0,0.6,1.0,1.4,2.0,0.30000000000000004,0.1,0.06000000000000001,0.1,0.14,0.2,1481.0153126260047,1438.0721317417426
2000-01-31,Cameroon,Togo,0.0,1.0,African Cup of Nations,True,A,3,6.0,4.0,1.2,1.0,1.2,1.8,0.0,0.1,0.12000000000000002,0.1,0.12000000000000002,0.18000000000000002,1529.9821306434012,1422.0493038131528
2000-01-31,Ghana,Ivory Coast,0.0,2.0,African Cup of Nations,False,A,3,7.0,6.0,1.2,1.4,0.8,1.4,0.0,0.2,0.12000000000000002,0.13999999999999999,0.08,0.14,1587.7126942785183,1556.8557913521552
2000-02-01,Zambia,Senegal,2.0,2.0,African Cup of Nations,True,D,3,5.0,6.0,1.0,1.0,1.8,1.0,0.2,0.2,0.1,0.1,0.18,0.1,1551.545315406617,1479.6489672203093
2000-02-01,Egypt,Burkina Faso,4.0,2.0,African Cup of Nations,True,H,3,13.0,3.0,1.4,1.4,0.0,2.2,0.4,0.2,0.14,0.14,0.0,0.22000000000000003,1633.6981758370873,1417.2838624575809
2000-02-02,DR Congo,Gabon,0.0,0.0,African Cup of Nations,True,D,3,5.0,4.0,1.2,1.2,1.4,1.8,0.0,0.0,0.12000000000000002,0.12000000000000002,0.14,0.18000000000000002,1470.4002590758842,1411.7613762153999
2000-02-02,South Africa,Algeria,1.0,1.0,African Cup of Nations,True,D,3,8.0,4.0,1.4,1.0,1.4,1.2,0.1,0.1,0.14,0.1,0.14,0.12000000000000002,1626.492115626623,1507.3260681523475
2000-02-03,Tunisia,Congo,1.0,0.0,African Cup of Nations,True,H,3,2.0,3.0,0.6,0.4,1.6,0.8,0.1,0.0,0.06000000000000001,0.04,0.16,0.08,1454.1929077750406,1444.3437344331865
2000-02-03,Nigeria,Morocco,2.0,0.0,African Cup of Nations,False,H,3,7.0,8.0,1.4,1.2,1.8,1.0,0.2,0.0,0.14,0.12000000000000002,0.18000000000000002,0.1,1593.8510453326087,1544.6317184852423
2000-02-06,Ghana,South Africa,0.0,1.0,African Cup of Nations,False,A,3,4.0,9.0,0.8,1.6,1.2,1.0,0.0,0.1,0.08,0.16,0.12000000000000002,0.1,1555.0552784887523,1616.587859924125
2000-02-06,Cameroon,Algeria,2.0,1.0,African Cup of Nations,True,H,3,5.0,5.0,1.0,1.2,1.2,1.2,0.2,0.1,0.1,0.12000000000000002,0.12000000000000002,0.12000000000000002,1490.951127237548,1517.2303238548454
2000-02-07,Egypt,Tunisia,0.0,1.0,African Cup of Nations,True,A,3,15.0,5.0,2.2,0.8,0.4,1.2,0.0,0.1,0.22000000000000003,0.08,0.04,0.12000000000000002,1647.1040559046248,1483.342689524434
2000-02-07,Nigeria,Senegal,2.0,1.0,African Cup of Nations,False,H,3,7.0,4.0,1.6,1.0,1.8,1.2,0.2,0.1,0.16,0.1,0.18000000000000002,0.12000000000000002,1619.6293111088453,1485.7698758905974
2000-02-10,Cameroon,Tunisia,3.0,0.0,African Cup of Nations,True,H,3,8.0,8.0,1.4,1.0,0.8,1.0,0.30000000000000004,0.0,0.14,0.1,0.08,0.1,1523.2159380931064,1526.5212058247428
2000-02-10,Nigeria,South Africa,2.0,0.0,African Cup of Nations,False,H,3,10.0,11.0,1.8,1.6,1.4,0.8,0.2,0.0,0.18,0.16,0.14,0.08,1638.6108307502095,1641.3295725940325
2000-02-12,South Africa,Tunisia,2.0,2.0,African Cup of Nations,True,D,3,10.0,7.0,1.2,0.8,0.8,1.4,0.2,0.2,0.12000000000000002,0.08,0.08,0.14,1611.094822343972,1496.2358146765391
2000-02-13,Nigeria,Cameroon,2.0,2.0,African Cup of Nations,False,D,3,13.0,10.0,2.0,1.8,0.6,0.6,0.2,0.2,0.2,0.18000000000000002,0.06000000000000001,0.06000000000000001,1668.84558100027,1553.50132924131
2000-06-10,Belgium,Sweden,2.0,1.0,UEFA Euro,False,H,4,3.0,8.0,1.0,2.0,1.4,1.0,0.2,0.1,0.1,0.2,0.14,0.1,1552.357775244748,1670.347964274904
2000-06-11,Turkey,Italy,1.0,2.0,UEFA Euro,True,A,4,3.0,11.0,1.8,1.6,2.4,0.6,0.1,0.2,0.18000000000000002,0.16,0.24000000000000005,0.06000000000000001,1380.6905617942127,1808.3338457990794
2000-06-11,Netherlands,Czech Republic,1.0,0.0,UEFA Euro,False,H,4,8.0,8.0,1.6,1.4,1.4,1.2,0.1,0.0,0.16,0.14,0.14,0.12000000000000002,1687.0349209144103,1585.2344141327412
2000-06-11,France,Denmark,3.0,0.0,UEFA Euro,True,H,4,13.0,7.0,1.6,1.8,0.4,1.4,0.30000000000000004,0.0,0.16,0.18,0.04,0.14,1897.3947995039682,1636.910757333684
2000-06-12,Germany,Romania,1.0,1.0,UEFA Euro,True,D,4,10.0,7.0,1.6,1.0,1.2,1.0,0.1,0.1,0.16,0.1,0.12000000000000002,0.1,1726.3746513662688,1542.4318139243064
2000-06-12,Portugal,England,3.0,2.0,UEFA Euro,True,H,4,7.0,8.0,1.2,1.6,1.0,1.0,0.30000000000000004,0.2,0.12000000000000002,0.16,0.1,0.1,1600.2624623274407,1669.1638874234595
2000-06-13,Serbia,Slovenia,3.0,3.0,UEFA Euro,True,D,4,7.0,0.0,1.25,0.0,1.0,0.0,0.30000000000000004,0.30000000000000004,0.125,0.0,0.1,0.0,1562.8851926410443,1500.0
2000-06-13,Spain,Norway,0.0,1.0,UEFA Euro,True,A,4,8.0,6.0,2.0,1.0,1.0,1.0,0.0,0.1,0.2,0.1,0.1,0.1,1630.850078404324,1580.056510640222
2000-06-14,Belgium,Italy,0.0,2.0,UEFA Euro,False,A,4,6.0,13.0,1.4,1.6,1.4,0.4,0.0,0.2,0.14,0.16,0.14,0.04,1605.442694438063,1814.620744642928
2000-06-15,Sweden,Turkey,0.0,0.0,UEFA Euro,True,D,4,7.0,0.0,2.0,0.6,1.2,2.8,0.0,0.0,0.2,0.06000000000000001,0.12000000000000002,0.28,1617.2630450815889,1374.4036629503642
2000-06-16,Czech Republic,France,1.0,2.0,UEFA Euro,True,A,4,5.0,13.0,1.0,1.8,1.2,0.2,0.1,0.2,0.1,0.18000000000000002,0.12000000000000002,0.02,1556.6303597967008,1911.99520589529
2000-06-16,Netherlands,Denmark,3.0,0.0,UEFA Euro,False,H,4,10.0,4.0,1.4,1.6,1.0,2.0,0.30000000000000004,0.0,0.14,0.16,0.1,0.2,1715.6389752504508,1622.3103509423622
2000-06-17,Romania,Portugal,0.0,1.0,UEFA Euro,True,A,4,8.0,10.0,1.0,1.6,0.8,0.8,0.0,0.1,0.1,0.16,0.08,0.08,1561.8296256446301,1648.0926502271998
2000-06-17,England,Germany,1.0,0.0,UEFA Euro,True,H,4,7.0,8.0,1.8,1.4,1.4,1.4,0.1,0.0,0.18,0.14,0.14,0.14,1621.3336995237005,1706.9768396459451
2000-06-18,Slovenia,Spain,1.0,2.0,UEFA Euro,True,A,4,1.0,5.0,3.0,1.6,3.0,1.0,0.1,0.2,0.30000000000000004,0.16,0.30000000000000004,0.1,1507.161887054034,1585.0435618611882
2000-06-18,Norway,Serbia,0.0,1.0,UEFA Euro,True,A,4,8.0,8.0,1.2,1.6,1.0,1.4,0.0,0.1,0.12000000000000002,0.16,0.1,0.14,1625.8630271833579,1555.7233055870104
2000-06-19,Belgium,Turkey,0.0,2.0,UEFA Euro,False,A,4,6.0,1.0,1.0,0.2,1.2,1.4,0.0,0.2,0.1,0.02,0.12000000000000002,0.14,1586.9833264831632,1398.553108694277
2000-06-19,Italy,Sweden,2.0,1.0,UEFA Euro,True,H,4,13.0,5.0,1.4,1.4,0.4,1.0,0.2,0.1,0.14,0.14,0.04,0.1,1833.0801125978278,1593.113599337676
2000-06-20,Portugal,Germany,3.0,0.0,UEFA Euro,True,H,4,12.0,7.0,1.6,1.0,0.6,1.2,0.30000000000000004,0.0,0.16,0.1,0.06000000000000001,0.12000000000000002,1678.360417925031,1657.3117785136533
2000-06-20,England,Romania,2.0,3.0,UEFA Euro,True,A,4,7.0,5.0,1.6,0.8,1.4,1.0,0.2,0.30000000000000004,0.16,0.08,0.14,0.1,1670.9987606559923,1531.561857946799
2000-06-21,Denmark,Czech Republic,0.0,2.0,UEFA Euro,True,A,4,3.0,4.0,1.4,0.6,2.4,1.0,0.0,0.2,0.14,0.06000000000000001,0.24000000000000005,0.1,1592.8040131654013,1547.4709020862679
2000-06-21,Netherlands,France,3.0,2.0,UEFA Euro,False,H,4,10.0,13.0,1.6,2.0,0.8,0.4,0.30000000000000004,0.2,0.16,0.2,0.08,0.04,1745.1453130274117,1921.1546636057228
2000-06-21,Serbia,Spain,3.0,4.0,UEFA Euro,True,A,4,8.0,7.0,1.6,2.0,1.4,1.2,0.30000000000000004,0.4,0.16,0.2,0.14,0.12000000000000002,1603.690498428466,1616.2243275876058
2000-06-21,Slovenia,Norway,0.0,0.0,UEFA Euro,True,D,4,1.0,7.0,2.0,0.8,2.5,0.8,0.0,0.0,0.2,0.08,0.25,0.08,1475.9811213276164,1577.8958343419022
2000-06-24,Turkey,Portugal,0.0,2.0,UEFA Euro,True,A,4,4.0,12.0,0.6,2.0,1.2,0.6,0.0,0.2,0.06000000000000001,0.20000000000000004,0.12000000000000002,0.06000000000000001,1458.3435714140246,1715.9400641610453
2000-06-24,Italy,Romania,2.0,0.0,UEFA Euro,True,H,4,13.0,5.0,1.4,1.0,0.4,1.2,0.2,0.0,0.14,0.1,0.04,0.12000000000000002,1849.1433878710325,1586.805370398396
2000-06-25,Netherlands,Serbia,6.0,1.0,UEFA Euro,False,H,4,10.0,7.0,1.8,1.8,1.0,1.8,0.6000000000000001,0.1,0.18000000000000002,0.18000000000000002,0.1,0.18000000000000002,1803.8368506878148,1565.1328831735123
2000-06-25,Spain,France,1.0,2.0,UEFA Euro,True,A,4,10.0,12.0,2.4,2.4,1.2,1.0,0.1,0.2,0.24000000000000005,0.24000000000000005,0.12000000000000002,0.1,1654.7819428425596,1862.4631259453197
2000-06-28,France,Portugal,2.0,1.0,UEFA Euro,True,H,4,12.0,12.0,2.4,1.8,1.0,0.6,0.2,0.1,0.24000000000000005,0.18000000000000002,0.1,0.06000000000000001,1881.0451343737482,1730.7399155293815
2000-06-29,Netherlands,Italy,0.0,0.0,UEFA Euro,False,D,4,12.0,13.0,2.8,1.6,1.0,0.4,0.0,0.0,0.28,0.16,0.1,0.04,1819.9936322551912,1863.6168431651756
2000-07-02,France,Italy,2.0,1.0,UEFA Euro,True,H,4,12.0,13.0,2.2,1.6,1.2,0.4,0.2,0.1,0.22000000000000003,0.16,0.12000000000000002,0.04,1904.7450192267756,1858.6207618219087
2000-10-12,Iraq,Thailand,2.0,0.0,AFC Asian Cup,True,H,3,6.0,1.0,1.2,0.4,1.0,3.4,0.2,0.0,0.12000000000000002,0.04,0.1,0.34,1372.2747362145244,1377.9385444749153
2000-10-12,Lebanon,Iran,0.0,4.0,AFC Asian Cup,False,A,3,0.0,5.0,0.0,0.6,0.0,1.0,0.0,0.4,0.0,0.06000000000000001,0.0,0.1,1500.0,1521.0349902962878
2000-10-13,Kuwait,Indonesia,0.0,0.0,AFC Asian Cup,True,D,3,7.0,1.0,1.4,1.0,1.0,3.5,0.0,0.0,0.14,0.1,0.1,0.35000000000000003,1508.27053660441,1395.8999208050311
2000-10-13,South Korea,China PR,2.0,2.0,AFC Asian Cup,True,D,3,1.0,4.0,0.8,1.4,3.4,1.6,0.2,0.2,0.08,0.14,0.34,0.16,1398.617449785158,1471.7717502465932
2000-10-14,Qatar,Uzbekistan,1.0,1.0,AFC Asian Cup,True,D,3,5.0,3.0,1.6,1.0,1.4,2.0,0.1,0.1,0.16,0.10000000000000002,0.14,0.20000000000000004,1480.909139674587,1471.0789881510166
2000-10-14,Saudi Arabia,Japan,1.0,4.0,AFC Asian Cup,True,A,3,3.0,1.0,0.4,0.8,1.4,2.2,0.1,0.4,0.04,0.08,0.14,0.22000000000000003,1541.5514591348,1383.6711356631783
2000-10-15,Iran,Thailand,1.0,1.0,AFC Asian Cup,True,D,3,7.0,0.0,1.4,0.4,1.0,3.8,0.1,0.1,0.14,0.04,0.1,0.38,1549.2208992203414,1347.4495352741123
2000-10-15,Lebanon,Iraq,2.0,2.0,AFC Asian Cup,False,D,3,0.0,9.0,0.0,1.6,4.0,0.8,0.2,0.2,0.0,0.16,0.4,0.08,1471.8140910759464,1402.7637454153273
2000-10-16,China PR,Indonesia,4.0,0.0,AFC Asian Cup,True,H,3,4.0,2.0,1.6,0.8,1.8,2.8,0.4,0.0,0.16,0.08,0.18,0.28,1465.5468202295713,1405.2780350939347
2000-10-16,South Korea,Kuwait,0.0,1.0,AFC Asian Cup,True,A,3,2.0,8.0,1.2,1.0,3.4,0.4,0.0,0.1,0.12000000000000002,0.1,0.34,0.04,1404.84237980218,1498.8924223155063
2000-10-17,Japan,Uzbekistan,8.0,1.0,AFC Asian Cup,True,H,3,4.0,4.0,1.6,1.0,2.2,1.75,0.8,0.1,0.16,0.1,0.22000000000000003,0.17500000000000002,1426.4368037611214,1471.9275652424778
2000-10-17,Saudi Arabia,Qatar,0.0,0.0,AFC Asian Cup,True,D,3,2.0,6.0,0.6,1.4,2.2,1.0,0.0,0.0,0.06000000000000001,0.14,0.22000000000000003,0.1,1498.785791036857,1480.0605625831258
2000-10-18,Iran,Iraq,1.0,0.0,AFC Asian Cup,True,H,3,7.0,7.0,1.4,1.6,1.0,1.0,0.1,0.0,0.14,0.16,0.1,0.1,1533.5247054318752,1408.6487513877923
2000-10-18,Lebanon,Thailand,1.0,1.0,AFC Asian Cup,False,D,3,1.0,1.0,1.0,0.6,3.0,3.2,0.1,0.1,0.1,0.06000000000000001,0.30000000000000004,0.32,1465.9290851034814,1363.1457290625785
2000-10-19,South Korea,Indonesia,3.0,0.0,AFC Asian Cup,True,H,3,2.0,2.0,0.8,0.8,2.4,2.4,0.30000000000000004,0.0,0.08,0.08,0.24000000000000005,0.24000000000000005,1382.7705999159673,1380.4304829771295
2000-10-19,China PR,Kuwait,0.0,0.0,AFC Asian Cup,True,D,3,7.0,8.0,2.4,0.8,1.4,0.4,0.0,0.0,0.24000000000000005,0.08,0.14,0.04,1490.3943723463765,1520.964202201719
2000-10-20,Japan,Qatar,1.0,1.0,AFC Asian Cup,True,D,3,7.0,4.0,3.0,0.8,2.0,1.0,0.1,0.1,0.3,0.08,0.2,0.1,1460.3424983194643,1481.6758650767272
2000-10-20,Saudi Arabia,Uzbekistan,5.0,0.0,AFC Asian Cup,True,H,3,2.0,4.0,0.6,1.0,2.2,3.0,0.5,0.0,0.06000000000000001,0.1,0.22000000000000003,0.3,1497.1704885432557,1438.021870684135
2000-10-23,China PR,Qatar,3.0,1.0,AFC Asian Cup,True,H,3,5.0,4.0,1.8,0.8,1.4,1.0,0.30000000000000004,0.1,0.18000000000000002,0.08,0.14,0.1,1493.0271929584283,1479.8361056532794
2000-10-23,Iran,South Korea,1.0,2.0,AFC Asian Cup,True,A,3,10.0,5.0,1.6,1.2,0.8,1.8,0.1,0.2,0.16,0.12000000000000002,0.08,0.18,1553.1835639647175,1412.5685410322435
2000-10-24,Japan,Iraq,4.0,1.0,AFC Asian Cup,True,H,3,8.0,7.0,2.8,1.6,1.6,1.0,0.4,0.1,0.28,0.16,0.16,0.1,1462.182257742912,1388.98989285495
2000-10-24,Kuwait,Saudi Arabia,2.0,3.0,AFC Asian Cup,True,A,3,6.0,5.0,0.4,1.6,0.4,2.0,0.2,0.30000000000000004,0.04,0.16,0.04,0.2,1518.3313815896672,1522.111962276007
2000-10-26,China PR,Japan,2.0,3.0,AFC Asian Cup,True,A,3,8.0,11.0,2.4,3.6,1.4,1.0,0.2,0.30000000000000004,0.24000000000000005,0.36,0.14,0.1,1521.8887298976842,1485.9541825624206
2000-10-26,South Korea,Saudi Arabia,1.0,2.0,AFC Asian Cup,True,A,3,8.0,8.0,1.6,2.2,1.0,1.6,0.1,0.2,0.16,0.22000000000000003,0.1,0.16,1454.0880162850722,1551.785533582033
2000-10-29,China PR,South Korea,0.0,1.0,AFC Asian Cup,True,A,3,8.0,7.0,2.2,1.6,1.2,1.2,0.0,0.1,0.22000000000000003,0.16,0.12000000000000002,0.12000000000000002,1488.7969085588545,1432.3083672379753
2000-10-29,Japan,Saudi Arabia,1.0,0.0,AFC Asian Cup,True,H,3,13.0,10.0,4.0,2.2,1.2,1.4,0.1,0.0,0.4,0.22000000000000003,0.12000000000000002,0.14,1519.0460039012503,1573.5651826291298
2001-07-11,Colombia,Venezuela,2.0,0.0,Copa América,False,H,4,9.0,0.0,1.6,0.2,1.2,3.4,0.2,0.0,0.16,0.02,0.12000000000000002,0.34,1535.0314185353282,1125.8645166804417
2001-07-11,Ecuador,Chile,1.0,4.0,Copa América,True,A,4,4.0,7.0,1.2,1.6,1.8,1.2,0.1,0.4,0.12000000000000002,0.16,0.18000000000000002,0.12000000000000002,1449.4545921211839,1440.324017921655
2001-07-12,Peru,Paraguay,3.0,3.0,Copa América,True,D,4,7.0,8.0,1.4,1.2,1.4,0.4,0.30000000000000004,0.30000000000000004,0.14,0.12000000000000002,0.14,0.04,1517.2317694396722,1610.774368070171
2001-07-12,Brazil,Mexico,0.0,1.0,Copa América,True,A,4,15.0,7.0,2.0,1.8,0.4,1.8,0.0,0.1,0.2,0.18000000000000002,0.04,0.18000000000000002,1860.3820742422477,1584.5147889537707
2001-07-13,Bolivia,Uruguay,0.0,1.0,Copa América,True,A,4,5.0,5.0,1.0,0.8,1.2,1.6,0.0,0.1,0.1,0.08,0.12000000000000002,0.16,1509.7001040111593,1499.8480941849955
2001-07-13,Honduras,Costa Rica,0.0,1.0,Copa América,True,A,4,2.0,4.0,0.6666666666666666,1.0,1.0,3.0,0.0,0.1,0.06666666666666667,0.1,0.10000000000000002,0.3,1443.8478597531139,1477.0774886423617
2001-07-14,Colombia,Ecuador,1.0,0.0,Copa América,False,H,4,12.0,1.0,2.0,1.0,0.8,2.4,0.1,0.0,0.2,0.1,0.08,0.24000000000000005,1541.962710221743,1408.403637849307
2001-07-14,Chile,Venezuela,1.0,0.0,Copa América,True,H,4,7.0,0.0,1.8,0.2,1.4,3.4,0.1,0.0,0.18000000000000002,0.02,0.14,0.34,1481.374972193532,1118.933224994027
2001-07-15,Paraguay,Mexico,0.0,0.0,Copa América,True,D,4,9.0,10.0,1.8,1.8,0.8,1.4,0.0,0.0,0.18000000000000002,0.18000000000000002,0.08,0.14,1600.257770287935,1650.9417739853152
2001-07-15,Brazil,Peru,2.0,0.0,Copa América,True,H,4,12.0,8.0,1.6,2.0,0.4,1.8,0.2,0.0,0.16,0.20000000000000004,0.04,0.18000000000000002,1793.9550892107031,1527.7483672219082
2001-07-16,Honduras,Bolivia,2.0,0.0,Copa América,True,H,4,2.0,2.0,0.5,0.4,1.0,1.2,0.2,0.0,0.05,0.04,0.1,0.12000000000000002,1407.661939481564,1468.56615337706
2001-07-16,Uruguay,Costa Rica,1.0,1.0,Copa América,True,D,4,5.0,4.0,0.6,0.8,1.4,2.8,0.1,0.1,0.06000000000000001,0.08,0.14,0.28,1540.9820448190949,1513.2634089139115
2001-07-17,Colombia,Chile,2.0,0.0,Copa América,False,H,4,12.0,10.0,2.0,2.0,0.8,1.2,0.2,0.0,0.2,0.2,0.08,0.12000000000000002,1567.3013283243736,1490.2091675001118
2001-07-17,Ecuador,Venezuela,4.0,0.0,Copa América,True,H,4,0.0,0.0,0.8,0.2,2.4,3.2,0.4,0.0,0.08,0.02,0.24000000000000005,0.32,1383.0650197466764,1110.099029687447
2001-07-18,Brazil,Paraguay,3.0,1.0,Copa América,True,H,4,12.0,9.0,1.8,1.8,0.4,0.8,0.30000000000000004,0.1,0.18000000000000002,0.18000000000000002,0.04,0.08,1808.1664078394615,1606.0519380430994
2001-07-18,Peru,Mexico,1.0,0.0,Copa América,True,H,4,5.0,8.0,1.4,1.2,1.8,1.2,0.1,0.0,0.14,0.12000000000000002,0.18000000000000002,0.12000000000000002,1513.5370485931498,1645.1476062301508
2001-07-19,Honduras,Uruguay,1.0,0.0,Copa América,True,H,4,5.0,6.0,0.8,0.8,0.8,1.2,0.1,0.0,0.08,0.08,0.08,0.12000000000000002,1454.6028461288136,1537.7975723999377
2001-07-19,Bolivia,Costa Rica,0.0,4.0,Copa América,True,A,4,2.0,5.0,0.2,0.8,1.0,2.2,0.0,0.4,0.02,0.08,0.1,0.22000000000000003,1421.6252467298104,1516.4478813330686
2001-07-22,Chile,Mexico,0.0,2.0,Copa América,True,A,4,7.0,7.0,1.4,0.6,1.2,0.8,0.0,0.2,0.14,0.06000000000000001,0.12000000000000002,0.08,1458.9418810440063,1590.680815015339
2001-07-22,Uruguay,Costa Rica,2.0,1.0,Copa América,True,H,4,5.0,8.0,0.6,1.6,1.2,1.2,0.2,0.1,0.06000000000000001,0.16,0.12000000000000002,0.12000000000000002,1488.3983863072465,1545.7942341500795
2001-07-23,Brazil,Honduras,0.0,2.0,Copa América,True,A,4,12.0,7.0,2.0,0.8,0.4,0.6,0.0,0.2,0.2,0.08,0.04,0.06000000000000001,1827.2094761022815,1504.0020322215048
2001-07-23,Colombia,Peru,3.0,0.0,Copa América,False,H,4,12.0,5.0,1.8,1.4,0.8,1.8,0.30000000000000004,0.0,0.18,0.14,0.08,0.18000000000000002,1598.568614780479,1568.0038398079616
2001-07-25,Mexico,Uruguay,2.0,1.0,Copa América,True,H,4,10.0,7.0,1.0,0.8,0.4,1.2,0.2,0.1,0.1,0.08,0.04,0.12000000000000002,1616.2011789275205,1534.9468650513613
2001-07-26,Colombia,Honduras,2.0,0.0,Copa América,False,H,4,12.0,9.0,2.0,1.0,0.6,0.4,0.2,0.0,0.2,0.1,0.06000000000000001,0.04,1635.058764781115,1573.2307441392124
2001-07-29,Colombia,Mexico,1.0,0.0,Copa América,False,H,4,15.0,10.0,2.0,1.0,0.0,0.4,0.1,0.0,0.2,0.1,0.0,0.04,1668.0147511937034,1647.0133311892919
2001-07-29,Uruguay,Honduras,2.0,2.0,Copa América,True,D,4,7.0,9.0,1.0,1.0,1.0,0.6,0.2,0.2,0.1,0.1,0.1,0.06000000000000001,1504.13471278959,1540.274757726624
2002-01-19,Mali,Liberia,1.0,1.0,African Cup of Nations,False,D,3,6.0,3.0,0.8,1.0,1.6,1.5,0.1,0.1,0.08,0.1,0.16,0.15000000000000002,1477.0710828895396,1485.6603297671516
2002-01-20,Egypt,Senegal,0.0,1.0,African Cup of Nations,True,A,3,12.0,4.0,1.8,1.2,0.6,1.4,0.0,0.1,0.18,0.12000000000000002,0.06000000000000001,0.14,1603.925539604316,1466.7883562492332
2002-01-20,South Africa,Burkina Faso,0.0,0.0,African Cup of Nations,True,D,3,8.0,2.0,1.0,1.6,1.0,2.8,0.0,0.0,0.1,0.16,0.1,0.28,1601.5232762708472,1403.8779823900434
2002-01-20,Cameroon,DR Congo,1.0,0.0,African Cup of Nations,True,H,3,10.0,3.0,2.0,1.0,0.8,1.4,0.1,0.0,0.2,0.1,0.08,0.14,1563.1104927737185,1465.3845060150156
2002-01-21,Togo,Ivory Coast,0.0,0.0,African Cup of Nations,True,D,3,7.0,8.0,1.0,1.6,1.4,1.2,0.0,0.0,0.1,0.16,0.14,0.12000000000000002,1461.080307219006,1589.5132071419212
2002-01-21,Zambia,Tunisia,0.0,0.0,African Cup of Nations,True,D,3,5.0,8.0,1.2,0.8,2.0,1.0,0.0,0.0,0.12000000000000002,0.08,0.2,0.1,1545.4244067363288,1505.807360749664
2002-01-21,Morocco,Ghana,0.0,0.0,African Cup of Nations,True,D,3,7.0,4.0,0.8,0.6,1.0,1.0,0.0,0.0,0.08,0.06000000000000001,0.1,0.1,1518.8534527090058,1530.3135658188448
2002-01-21,Algeria,Nigeria,0.0,1.0,African Cup of Nations,True,A,3,5.0,11.0,1.2,1.6,1.2,0.6,0.0,0.1,0.12000000000000002,0.16,0.12000000000000002,0.06000000000000001,1484.965512999287,1659.2364174678614
2002-01-24,Mali,Nigeria,0.0,0.0,African Cup of Nations,False,D,3,4.0,13.0,0.6,1.8,1.8,0.6,0.0,0.0,0.06000000000000001,0.18,0.18000000000000002,0.06000000000000001,1477.8125870274237,1675.3353700403336
2002-01-24,South Africa,Ghana,0.0,0.0,African Cup of Nations,True,D,3,6.0,5.0,0.8,0.6,1.0,0.8,0.0,0.0,0.08,0.06000000000000001,0.1,0.08,1586.0874333614706,1529.3243788278337
2002-01-25,Liberia,Algeria,2.0,2.0,African Cup of Nations,True,D,3,4.0,5.0,1.0,1.0,1.3333333333333333,1.0,0.2,0.2,0.10000000000000002,0.1,0.13333333333333333,0.1,1484.9188256292675,1468.8665604268149
2002-01-25,Egypt,Tunisia,1.0,0.0,African Cup of Nations,True,H,3,9.0,8.0,1.4,0.8,0.8,1.0,0.1,0.0,0.14,0.08,0.08,0.1,1562.663067290133,1509.2134222070329
2002-01-25,Cameroon,Ivory Coast,1.0,0.0,African Cup of Nations,True,H,3,10.0,6.0,1.6,0.6,0.8,0.8,0.1,0.0,0.16,0.06000000000000001,0.08,0.08,1584.8878681923438,1578.9023891499994
2002-01-26,Burkina Faso,Morocco,1.0,2.0,African Cup of Nations,True,A,3,3.0,8.0,1.6,0.8,2.4,0.4,0.1,0.2,0.16,0.08,0.24000000000000005,0.04,1419.31382529942,1519.842639700017
2002-01-26,DR Congo,Togo,0.0,0.0,African Cup of Nations,True,D,3,3.0,5.0,0.8,0.6,1.2,1.2,0.0,0.0,0.08,0.06000000000000001,0.12000000000000002,0.12000000000000002,1443.6071305963903,1471.6911252109278
2002-01-26,Senegal,Zambia,1.0,0.0,African Cup of Nations,True,H,3,7.0,6.0,1.4,1.2,1.2,1.2,0.1,0.0,0.14,0.12000000000000002,0.12000000000000002,0.12000000000000002,1508.0508285634162,1542.01834527896
2002-01-28,Mali,Algeria,2.0,0.0,African Cup of Nations,False,H,3,5.0,5.0,0.6,1.4,1.6,1.4,0.2,0.0,0.06000000000000001,0.14,0.16,0.14,1493.2406506140362,1470.2516390164665
2002-01-28,Liberia,Nigeria,0.0,1.0,African Cup of Nations,True,A,3,5.0,11.0,1.25,1.4,1.5,0.6,0.0,0.1,0.125,0.14,0.15000000000000002,0.06000000000000001,1483.533747039616,1659.907306453721
2002-01-29,Cameroon,Togo,3.0,0.0,African Cup of Nations,True,H,3,13.0,6.0,1.8,0.4,0.6,0.6,0.30000000000000004,0.0,0.18000000000000002,0.04,0.06000000000000001,0.06000000000000001,1614.371091510396,1469.27142587537
2002-01-29,DR Congo,Ivory Coast,3.0,1.0,African Cup of Nations,True,H,3,3.0,5.0,0.0,0.6,0.4,1.0,0.30000000000000004,0.1,0.0,0.06000000000000001,0.04,0.1,1446.0268299319482,1549.4191658319473
2002-01-30,Burkina Faso,Ghana,1.0,2.0,African Cup of Nations,True,A,3,2.0,5.0,1.0,0.4,2.0,0.6,0.1,0.2,0.1,0.04,0.2,0.06000000000000001,1397.7597856406244,1534.1825467517
2002-01-30,South Africa,Morocco,3.0,1.0,African Cup of Nations,True,H,3,6.0,8.0,0.6,0.6,0.8,0.6,0.30000000000000004,0.1,0.06000000000000001,0.06000000000000001,0.08,0.06000000000000001,1581.2292654376042,1541.3966793588124
2002-01-31,Senegal,Tunisia,0.0,0.0,African Cup of Nations,True,D,3,7.0,5.0,1.0,0.6,1.0,1.2,0.0,0.0,0.1,0.06000000000000001,0.1,0.12000000000000002,1540.974510547489,1483.7925677262397
2002-01-31,Egypt,Zambia,2.0,1.0,African Cup of Nations,True,H,3,9.0,3.0,1.2,0.6,0.8,1.2,0.2,0.1,0.12000000000000002,0.06000000000000001,0.08,0.12000000000000002,1588.0839217709263,1509.0946632948871
2002-02-03,Mali,South Africa,2.0,0.0,African Cup of Nations,False,H,3,5.0,6.0,0.8,1.0,1.6,1.0,0.2,0.0,0.08,0.1,0.16,0.1,1521.2585116519592,1607.804833952849
2002-02-03,Nigeria,Ghana,1.0,0.0,African Cup of Nations,True,H,3,11.0,5.0,1.2,0.4,0.4,0.8,0.1,0.0,0.12000000000000002,0.04,0.04,0.08,1675.864083941111,1552.9731093335977
2002-02-04,Cameroon,Egypt,1.0,0.0,African Cup of Nations,True,H,3,13.0,9.0,2.0,1.4,0.4,1.0,0.1,0.0,0.2,0.14,0.04,0.1,1632.5231224127958,1611.3785728802882
2002-02-04,Senegal,DR Congo,2.0,0.0,African Cup of Nations,True,H,3,8.0,5.0,1.0,0.6,0.8,0.6,0.2,0.0,0.1,0.06000000000000001,0.08,0.06000000000000001,1536.081128316433,1484.699916834981
2002-02-07,Nigeria,Senegal,1.0,2.0,African Cup of Nations,True,A,3,11.0,10.0,1.0,1.0,0.4,0.4,0.1,0.2,0.1,0.1,0.04,0.04,1695.6742701412516,1561.6765811448884
2002-02-07,Mali,Cameroon,0.0,3.0,African Cup of Nations,False,A,3,8.0,13.0,1.2,1.6,0.8,0.4,0.0,0.30000000000000004,0.12000000000000002,0.16,0.08,0.04,1558.580695111937,1660.6996060036595
2002-02-09,Mali,Nigeria,0.0,1.0,African Cup of Nations,False,A,3,8.0,10.0,1.0,0.8,0.8,0.4,0.0,0.1,0.1,0.08,0.08,0.04,1537.1529094310736,1654.6454638684754
2002-02-10,Senegal,Cameroon,0.0,0.0,African Cup of Nations,True,D,3,13.0,15.0,1.2,1.8,0.2,0.0,0.0,0.0,0.12000000000000002,0.18000000000000002,0.02,0.0,1602.7053874176645,1682.127391684523
2002-05-31,France,Senegal,0.0,1.0,FIFA World Cup,True,A,5,12.0,11.0,2.0,1.0,1.4,0.2,0.0,0.1,0.2,0.1,0.14,0.02,1939.4657458491627,1609.446225961357
2002-06-01,Germany,Saudi Arabia,8.0,0.0,FIFA World Cup,True,H,5,4.0,10.0,0.6,2.0,1.8,0.8,0.8,0.0,0.06000000000000001,0.2,0.18000000000000002,0.08,1619.732132277639,1538.8958804296424
2002-06-01,Republic of Ireland,Cameroon,1.0,1.0,FIFA World Cup,True,D,5,4.0,13.0,0.4,1.6,1.0,0.0,0.1,0.1,0.04,0.16,0.1,0.0,1520.2468667723851,1675.3865531408305
2002-06-01,Uruguay,Denmark,1.0,2.0,FIFA World Cup,True,A,5,5.0,3.0,1.2,1.2,1.4,2.4,0.1,0.2,0.12000000000000002,0.12000000000000002,0.14,0.24000000000000005,1508.2805473055532,1547.614264012773
2002-06-02,Spain,Slovenia,3.0,1.0,FIFA World Cup,True,H,5,9.0,2.0,2.6,1.3333333333333333,1.6,1.6666666666666667,0.30000000000000004,0.1,0.26,0.13333333333333333,0.16,0.16666666666666666,1636.1999344141311,1487.3891471126278
2002-06-02,Paraguay,South Africa,2.0,2.0,FIFA World Cup,True,D,5,6.0,6.0,1.2,1.0,1.4,1.0,0.2,0.2,0.12000000000000002,0.1,0.14,0.1,1587.0088697802794,1570.4826504928712
2002-06-02,Argentina,Nigeria,1.0,0.0,FIFA World Cup,True,H,5,6.0,10.0,1.4,0.8,1.6,0.4,0.1,0.0,0.14,0.08,0.16,0.04,1615.3934347581821,1674.8701635460404
2002-06-02,England,Sweden,1.0,1.0,FIFA World Cup,True,D,5,7.0,4.0,1.8,1.2,1.6,1.0,0.1,0.1,0.18,0.12000000000000002,0.16,0.1,1615.7552482043952,1577.0503240644714
2002-06-03,Brazil,Turkey,2.0,1.0,FIFA World Cup,True,H,5,9.0,4.0,1.6,0.6,0.8,1.4,0.2,0.1,0.16,0.06000000000000001,0.08,0.14,1757.980764184574,1443.5437200456884
2002-06-03,Croatia,Mexico,0.0,1.0,FIFA World Cup,True,A,5,9.0,7.0,1.4,0.8,0.8,0.6,0.0,0.1,0.14,0.08,0.08,0.06000000000000001,1725.4824174912665,1609.4282684778022
2002-06-03,Italy,Ecuador,2.0,0.0,FIFA World Cup,True,H,5,10.0,3.0,1.4,1.4,0.6,1.8,0.2,0.0,0.14,0.14,0.06000000000000001,0.18,1823.9000351995217,1396.8273000170702
2002-06-04,South Korea,Poland,2.0,0.0,FIFA World Cup,False,H,5,9.0,7.0,1.4,0.8,0.8,1.8,0.2,0.0,0.14,0.08,0.08,0.18000000000000002,1467.1434504392614,1637.675566520776
2002-06-04,China PR,Costa Rica,0.0,2.0,FIFA World Cup,True,A,5,7.0,8.0,1.8,1.6,1.0,0.8,0.0,0.2,0.18000000000000002,0.16,0.1,0.08,1453.9618253575684,1499.2457554059647
2002-06-04,Japan,Belgium,2.0,2.0,FIFA World Cup,False,D,5,13.0,5.0,3.4,1.0,1.0,1.6,0.2,0.2,0.34,0.1,0.1,0.16,1553.7153061007377,1527.1928637634155
2002-06-05,Russia,Tunisia,2.0,0.0,FIFA World Cup,True,H,5,4.0,3.0,2.2,0.4,2.4,1.2,0.2,0.0,0.22000000000000003,0.04,0.24000000000000005,0.12000000000000002,1523.5797027124509,1488.6859499572956
2002-06-05,United States,Portugal,3.0,2.0,FIFA World Cup,True,H,5,0.0,12.0,0.4,2.0,2.0,0.8,0.30000000000000004,0.2,0.04,0.2,0.2,0.08,1334.3558327646267,1707.040030676354
2002-06-05,Germany,Republic of Ireland,1.0,1.0,FIFA World Cup,True,D,5,4.0,5.0,1.8,0.6,1.6,1.0,0.1,0.1,0.18,0.06000000000000001,0.16,0.1,1658.304328023942,1541.1989052091888
2002-06-06,Cameroon,Saudi Arabia,1.0,0.0,FIFA World Cup,True,H,5,11.0,9.0,1.6,2.0,0.2,2.4,0.1,0.0,0.16,0.2,0.02,0.24000000000000005,1654.434514704027,1500.3236846833395
2002-06-06,Denmark,Senegal,1.0,1.0,FIFA World Cup,True,D,5,3.0,11.0,0.8,1.0,2.4,0.2,0.1,0.1,0.08,0.1,0.24000000000000005,0.02,1591.9777474029822,1696.4324929172305
2002-06-06,France,Uruguay,0.0,0.0,FIFA World Cup,True,D,5,9.0,4.0,1.6,1.2,1.4,1.6,0.0,0.0,0.16,0.12000000000000002,0.14,0.16,1852.479478893289,1463.917063915344
2002-06-07,Argentina,England,0.0,1.0,FIFA World Cup,True,A,5,9.0,5.0,1.4,1.6,1.2,1.8,0.0,0.1,0.14,0.16,0.12000000000000002,0.18000000000000002,1673.8701809872675,1610.2080902874036
2002-06-07,Spain,Paraguay,3.0,1.0,FIFA World Cup,True,H,5,9.0,4.0,2.0,1.4,1.6,1.8,0.30000000000000004,0.1,0.2,0.14,0.16,0.18000000000000002,1666.0044567225962,1584.632347708396
2002-06-07,Sweden,Nigeria,2.0,1.0,FIFA World Cup,True,H,5,5.0,9.0,1.4,0.8,1.0,0.6,0.2,0.1,0.14,0.08,0.1,0.06000000000000001,1582.597481981463,1616.393417316955
2002-06-08,South Africa,Slovenia,1.0,0.0,FIFA World Cup,True,H,5,6.0,2.0,1.0,1.25,1.0,2.0,0.1,0.0,0.1,0.125,0.1,0.2,1572.8591725647545,1457.5846248041628
2002-06-08,Italy,Croatia,1.0,2.0,FIFA World Cup,True,A,5,10.0,9.0,1.4,1.4,0.6,0.8,0.1,0.2,0.14,0.14,0.06000000000000001,0.08,1831.7824737666358,1659.3755240137614
2002-06-08,Brazil,China PR,4.0,0.0,FIFA World Cup,True,H,5,9.0,4.0,1.4,1.0,1.0,1.4,0.4,0.0,0.14,0.1,0.1,0.14,1772.0440313747079,1410.442053093662
2002-06-09,Costa Rica,Turkey,1.0,1.0,FIFA World Cup,True,D,5,10.0,4.0,1.8,0.8,0.6,1.2,0.1,0.1,0.18,0.08,0.06000000000000001,0.12000000000000002,1542.765527669871,1429.4804528555544
2002-06-09,Japan,Russia,1.0,0.0,FIFA World Cup,False,H,5,11.0,7.0,2.2,2.4,1.2,1.8,0.1,0.0,0.22000000000000003,0.24000000000000005,0.12000000000000002,0.18000000000000002,1549.9058168225831,1568.5749039352193
2002-06-09,Mexico,Ecuador,2.0,1.0,FIFA World Cup,True,H,5,9.0,3.0,1.0,1.2,0.6,1.8,0.2,0.1,0.1,0.12000000000000002,0.06000000000000001,0.18,1675.5351619553073,1388.944861449956
2002-06-10,South Korea,United States,1.0,1.0,FIFA World Cup,False,D,5,12.0,3.0,1.8,1.0,0.6,2.2,0.1,0.1,0.18000000000000002,0.1,0.06000000000000001,0.22000000000000003,1539.8872327936188,1423.8791094433132
2002-06-10,Portugal,Poland,4.0,0.0,FIFA World Cup,True,H,5,9.0,4.0,1.8,0.2,1.0,1.8,0.4,0.0,0.18000000000000002,0.02,0.1,0.18000000000000002,1617.5167539976676,1564.9317841664188
2002-06-10,Tunisia,Belgium,1.0,1.0,FIFA World Cup,True,D,5,3.0,5.0,0.4,1.0,1.0,1.6,0.1,0.1,0.04,0.1,0.1,0.16,1443.6907487345272,1531.0023530415701
2002-06-11,Denmark,France,2.0,0.0,FIFA World Cup,True,H,5,4.0,10.0,0.6,1.2,2.0,0.8,0.2,0.0,0.06000000000000001,0.12000000000000002,0.2,0.08,1606.5728822086933,1812.1293746226697
2002-06-11,Saudi Arabia,Republic of Ireland,0.0,3.0,FIFA World Cup,True,A,5,6.0,3.0,1.0,0.6,2.6,1.2,0.0,0.30000000000000004,0.1,0.06000000000000001,0.26,0.12000000000000002,1471.1535068693784,1557.4412568640646
2002-06-11,Cameroon,Germany,0.0,2.0,FIFA World Cup,True,A,5,11.0,5.0,1.2,2.0,0.2,1.2,0.0,0.2,0.12000000000000002,0.2,0.02,0.12000000000000002,1683.604692517988,1642.061976369066
2002-06-11,Senegal,Uruguay,3.0,3.0,FIFA World Cup,True,D,5,11.0,5.0,1.2,1.2,0.4,1.4,0.30000000000000004,0.30000000000000004,0.12000000000000002,0.12000000000000002,0.04,0.14,1681.8373581115195,1504.2671681859633
2002-06-12,Sweden,Argentina,1.0,1.0,FIFA World Cup,True,D,5,5.0,6.0,1.0,0.8,1.2,1.2,0.1,0.1,0.1,0.08,0.12000000000000002,0.12000000000000002,1637.4458260895667,1614.809645262618
2002-06-12,South Africa,Spain,2.0,3.0,FIFA World Cup,True,A,5,8.0,12.0,1.2,2.6,1.0,1.6,0.2,0.30000000000000004,0.12000000000000002,0.26,0.1,0.16,1606.8529026428562,1704.5035906154783
2002-06-12,Slovenia,Paraguay,1.0,3.0,FIFA World Cup,True,A,5,2.0,3.0,1.0,1.4,1.8,2.2,0.1,0.30000000000000004,0.1,0.14,0.18000000000000002,0.22000000000000003,1423.5908947260612,1546.133213815514
2002-06-12,Nigeria,England,0.0,0.0,FIFA World Cup,True,D,5,6.0,7.0,0.8,1.4,1.0,1.4,0.0,0.0,0.08,0.14,0.1,0.14,1561.5450732088514,1669.2686260120531
2002-06-13,Costa Rica,Brazil,2.0,5.0,FIFA World Cup,True,A,5,8.0,12.0,1.8,2.2,0.8,0.8,0.2,0.5,0.18,0.22000000000000003,0.08,0.08,1527.0166940711852,1783.134351919429
2002-06-13,Ecuador,Croatia,1.0,0.0,FIFA World Cup,True,H,5,3.0,9.0,1.2,1.6,1.8,1.0,0.1,0.0,0.12000000000000002,0.16,0.18,0.1,1372.830538509757,1732.3327636574927
2002-06-13,Mexico,Italy,1.0,1.0,FIFA World Cup,True,D,5,12.0,7.0,1.4,1.2,0.6,0.8,0.1,0.1,0.14,0.12000000000000002,0.06000000000000001,0.08,1691.6494848955065,1758.8252341229045
2002-06-13,Turkey,China PR,3.0,0.0,FIFA World Cup,True,H,5,5.0,3.0,0.8,1.0,1.0,2.2,0.30000000000000004,0.0,0.08,0.1,0.1,0.22000000000000003,1445.2292864542403,1399.3517325489408
2002-06-14,Belgium,Russia,3.0,2.0,FIFA World Cup,True,H,5,5.0,4.0,1.0,1.2,1.6,1.8,0.30000000000000004,0.2,0.1,0.12000000000000002,0.16,0.18000000000000002,1518.6951976132075,1515.8907891479512
2002-06-14,Japan,Tunisia,2.0,0.0,FIFA World Cup,False,H,5,13.0,3.0,2.2,0.2,1.0,0.8,0.2,0.0,0.22000000000000003,0.02,0.1,0.08,1602.5899316098512,1455.9979041628899
2002-06-14,South Korea,Portugal,1.0,0.0,FIFA World Cup,False,H,5,10.0,9.0,1.4,2.4,0.8,1.0,0.1,0.0,0.14,0.24000000000000005,0.08,0.1,1523.7862758425877,1660.0064283266427
2002-06-14,Poland,United States,3.0,1.0,FIFA World Cup,True,H,5,3.0,4.0,0.2,1.0,2.6,1.6,0.30000000000000004,0.1,0.02,0.1,0.26,0.16,1522.4421098374437,1439.9800663943442
2002-06-15,Germany,Paraguay,1.0,0.0,FIFA World Cup,True,H,5,7.0,5.0,2.2,1.4,1.0,1.8,0.1,0.0,0.22000000000000003,0.14,0.1,0.18000000000000002,1698.0121246131166,1579.1945927818924
2002-06-15,Denmark,England,0.0,3.0,FIFA World Cup,True,A,5,7.0,8.0,1.0,1.0,1.4,0.8,0.0,0.30000000000000004,0.1,0.1,0.14,0.08,1683.126555869788,1654.2443463535105
2002-06-16,Spain,Republic of Ireland,1.0,1.0,FIFA World Cup,True,D,5,12.0,6.0,2.8,1.0,1.8,0.8,0.1,0.1,0.28,0.1,0.18000000000000002,0.08,1740.809239204162,1595.2726189131124
2002-06-16,Sweden,Senegal,1.0,2.0,FIFA World Cup,True,A,5,6.0,9.0,1.0,1.4,1.0,1.0,0.1,0.2,0.1,0.14,0.1,0.1,1634.1928192969908,1658.2977304839053
2002-06-17,Brazil,Belgium,2.0,0.0,FIFA World Cup,True,H,5,12.0,5.0,2.8,1.2,1.2,1.8,0.2,0.0,0.28,0.12000000000000002,0.12000000000000002,0.18,1801.7628620791568,1568.2916195575106
2002-06-17,Mexico,United States,0.0,2.0,FIFA World Cup,True,A,5,10.0,4.0,1.2,1.2,0.8,1.8,0.0,0.2,0.12000000000000002,0.12000000000000002,0.08,0.18000000000000002,1701.1981611256424,1401.6293802344271
2002-06-18,Japan,Turkey,0.0,1.0,FIFA World Cup,False,A,5,13.0,7.0,1.8,1.4,0.8,1.0,0.0,0.1,0.18000000000000002,0.14,0.08,0.1,1632.6623541240622,1488.6650830409808
2002-06-18,South Korea,Italy,2.0,1.0,FIFA World Cup,False,H,5,10.0,5.0,1.2,1.0,0.6,1.0,0.2,0.1,0.12000000000000002,0.1,0.06000000000000001,0.1,1592.443579140111,1749.2765578927686
2002-06-21,England,Brazil,1.0,2.0,FIFA World Cup,True,A,5,8.0,12.0,1.4,2.6,0.8,1.0,0.1,0.2,0.14,0.26,0.08,0.1,1708.3912822916525,1822.4486817382242
2002-06-21,Germany,United States,1.0,0.0,FIFA World Cup,True,H,5,10.0,7.0,2.4,1.4,0.8,1.4,0.1,0.0,0.24000000000000005,0.14,0.08,0.14,1731.5497353743438,1486.4995776847074
2002-06-22,South Korea,Spain,0.0,0.0,FIFA World Cup,False,D,5,13.0,10.0,1.4,2.2,0.4,1.4,0.0,0.0,0.14,0.22000000000000003,0.04,0.14,1663.5961011138716,1721.0095755190753
2002-06-22,Senegal,Turkey,0.0,1.0,FIFA World Cup,True,A,5,9.0,7.0,1.4,1.2,1.0,1.0,0.0,0.1,0.14,0.12000000000000002,0.1,0.1,1704.8343102055296,1558.277627786868
2002-06-25,South Korea,Germany,0.0,1.0,FIFA World Cup,False,A,5,11.0,13.0,1.2,2.6,0.4,0.2,0.0,0.1,0.12000000000000002,0.26,0.04,0.02,1671.7841682030082,1751.163330709809
2002-06-26,Brazil,Turkey,1.0,0.0,FIFA World Cup,True,H,5,15.0,10.0,3.0,1.4,0.8,0.6,0.1,0.0,0.3,0.14,0.08,0.06000000000000001,1856.5997987798855,1628.2009265066567
2002-06-29,South Korea,Turkey,2.0,3.0,FIFA World Cup,False,A,5,8.0,10.0,0.8,1.2,0.6,0.4,0.2,0.30000000000000004,0.08,0.12000000000000002,0.06000000000000001,0.04,1633.0130448000543,1607.0319452509939
2002-06-30,Germany,Brazil,0.0,2.0,FIFA World Cup,True,A,5,13.0,15.0,1.2,2.8,0.2,0.6,0.0,0.2,0.12000000000000002,0.28,0.02,0.06000000000000001,1789.934454112763,1877.7687800355484
2004-01-24,Tunisia,Rwanda,2.0,1.0,African Cup of Nations,False,H,3,2.0,0.0,0.2,0.0,1.2,0.0,0.2,0.1,0.02,0.0,0.12000000000000002,0.0,1425.925481648679,1500.0
2004-01-25,Zimbabwe,Egypt,1.0,2.0,African Cup of Nations,True,A,3,0.0,6.0,0.0,0.6,0.0,0.8,0.1,0.2,0.0,0.06000000000000001,0.0,0.08,1500.0,1583.2020892894245
2004-01-25,DR Congo,Guinea,1.0,2.0,African Cup of Nations,True,A,3,5.0,4.0,0.6,0.8,0.8,1.2,0.1,0.2,0.06000000000000001,0.08,0.08,0.12000000000000002,1459.1044640065256,1471.816931201206
2004-01-25,Cameroon,Algeria,1.0,1.0,African Cup of Nations,True,D,3,8.0,2.0,1.0,0.8,0.6,1.6,0.1,0.1,0.1,0.08,0.06000000000000001,0.16,1627.6545442739375,1442.2337779785435
2004-01-26,Kenya,Mali,1.0,3.0,African Cup of Nations,True,A,3,1.0,7.0,0.2,0.8,1.6,0.8,0.1,0.30000000000000004,0.02,0.08,0.16,0.08,1380.1962235125764,1516.9282097535086
2004-01-26,Senegal,Burkina Faso,0.0,0.0,African Cup of Nations,True,D,3,8.0,2.0,1.4,1.0,1.2,1.8,0.0,0.0,0.14,0.1,0.12000000000000002,0.18,1634.9110114857408,1378.9692230587268
2004-01-27,Nigeria,Morocco,0.0,1.0,African Cup of Nations,True,A,3,4.0,5.0,0.6,0.6,1.0,1.2,0.0,0.1,0.06000000000000001,0.06000000000000001,0.1,0.12000000000000002,1576.569352867394,1514.8211108435676
2004-01-27,South Africa,Benin,2.0,0.0,African Cup of Nations,True,H,3,7.0,0.0,1.6,0.0,1.6,0.0,0.2,0.0,0.16,0.0,0.16,0.0,1570.5472540541725,1500.0
2004-01-28,Tunisia,DR Congo,3.0,0.0,African Cup of Nations,False,H,3,5.0,4.0,0.6,0.8,1.2,1.2,0.30000000000000004,0.0,0.06000000000000001,0.08,0.12000000000000002,0.12000000000000002,1462.22640663606,1430.2016570693895
2004-01-28,Rwanda,Guinea,1.0,1.0,African Cup of Nations,True,D,3,0.0,7.0,1.0,1.2,2.0,1.2,0.1,0.1,0.1,0.12000000000000002,0.2,0.12000000000000002,1463.699075012619,1500.719738138342
2004-01-29,Algeria,Egypt,2.0,1.0,African Cup of Nations,True,H,3,2.0,9.0,0.8,1.0,1.6,0.8,0.2,0.1,0.08,0.1,0.16,0.08,1456.8795385085566,1606.1520990533359
2004-01-29,Cameroon,Zimbabwe,5.0,3.0,African Cup of Nations,True,H,3,6.0,0.0,0.6,1.0,0.8,2.0,0.5,0.30000000000000004,0.06000000000000001,0.1,0.08,0.2,1613.0087837439244,1477.0499902360887
2004-01-30,Burkina Faso,Mali,1.0,3.0,African Cup of Nations,True,A,3,2.0,9.0,0.8,1.4,1.6,1.0,0.1,0.30000000000000004,0.08,0.14,0.16,0.1,1397.7829064123557,1535.6958070853354
2004-01-30,Senegal,Kenya,3.0,0.0,African Cup of Nations,True,H,3,6.0,0.0,1.2,0.4,1.2,2.2,0.30000000000000004,0.0,0.12000000000000002,0.04,0.12000000000000002,0.22000000000000003,1616.0973281321117,1361.4286261807495
2004-01-31,Nigeria,South Africa,4.0,0.0,African Cup of Nations,True,H,3,4.0,7.0,0.4,1.4,0.8,1.4,0.4,0.0,0.04,0.14,0.08,0.14,1541.2930179603952,1594.5380741971603
2004-01-31,Morocco,Benin,4.0,0.0,African Cup of Nations,True,H,3,7.0,0.0,0.8,0.0,1.2,2.0,0.4,0.0,0.08,0.0,0.12000000000000002,0.2,1550.0974457505663,1476.0091798570122
2004-02-01,Rwanda,DR Congo,1.0,0.0,African Cup of Nations,True,H,3,1.0,4.0,1.0,0.8,1.5,1.6,0.1,0.0,0.1,0.08,0.15000000000000002,0.16,1466.8836528266138,1402.9590914450887
2004-02-01,Tunisia,Guinea,1.0,1.0,African Cup of Nations,False,D,3,7.0,8.0,1.2,1.2,1.2,1.0,0.1,0.1,0.12000000000000002,0.12000000000000002,0.12000000000000002,0.1,1489.4689722603607,1497.5351603243473
2004-02-02,Burkina Faso,Kenya,0.0,3.0,African Cup of Nations,True,A,3,2.0,0.0,0.6,0.4,1.4,2.6,0.0,0.30000000000000004,0.06000000000000001,0.04,0.14,0.26000000000000006,1379.1028711847848,1350.1754615653879
2004-02-02,Senegal,Mali,1.0,1.0,African Cup of Nations,True,D,3,8.0,9.0,1.6,1.6,1.0,1.2,0.1,0.1,0.16,0.16,0.1,0.12000000000000002,1627.3504927474733,1554.3758423129063
2004-02-03,Cameroon,Egypt,0.0,0.0,African Cup of Nations,True,D,3,8.0,9.0,1.6,1.2,1.4,1.0,0.0,0.0,0.16,0.12000000000000002,0.14,0.1,1631.8338325040863,1564.0014626044838
2004-02-03,Algeria,Zimbabwe,1.0,2.0,African Cup of Nations,True,A,3,5.0,0.0,1.0,2.0,1.4,3.5,0.1,0.2,0.1,0.2,0.14,0.35,1499.0301749574087,1458.2249414759267
2004-02-04,Morocco,South Africa,1.0,1.0,African Cup of Nations,True,D,3,10.0,7.0,1.6,1.4,0.8,1.8,0.1,0.1,0.16,0.14,0.08,0.18000000000000002,1573.7953860790387,1559.9761842669864
2004-02-04,Nigeria,Benin,2.0,1.0,African Cup of Nations,True,H,3,4.0,0.0,1.0,0.0,0.8,3.0,0.2,0.1,0.1,0.0,0.08,0.30000000000000004,1575.8549078905692,1452.3112395285398
2004-02-07,Tunisia,Senegal,1.0,0.0,African Cup of Nations,False,H,3,8.0,8.0,1.4,1.2,1.0,0.6,0.1,0.0,0.14,0.12000000000000002,0.1,0.06000000000000001,1490.1653378161259,1621.1404086687955
2004-02-07,Mali,Guinea,2.0,1.0,African Cup of Nations,True,H,3,7.0,6.0,1.4,1.2,1.4,1.2,0.2,0.1,0.14,0.12000000000000002,0.14,0.12000000000000002,1560.585926391584,1496.8387947685821
2004-02-08,Cameroon,Nigeria,1.0,2.0,African Cup of Nations,True,A,3,8.0,7.0,1.4,1.4,1.2,0.8,0.1,0.2,0.13999999999999999,0.14,0.12000000000000002,0.08,1626.0500171510876,1595.6152698239976
2004-02-08,Morocco,Algeria,3.0,1.0,African Cup of Nations,True,H,3,10.0,5.0,1.8,1.2,1.0,1.6,0.30000000000000004,0.1,0.18,0.12000000000000002,0.1,0.16,1572.602769131732,1465.5228793421747
2004-02-11,Morocco,Mali,4.0,0.0,African Cup of Nations,True,H,3,10.0,10.0,2.0,1.8,1.0,1.0,0.4,0.0,0.2,0.18000000000000002,0.1,0.1,1593.6387895164787,1585.1425033735886
2004-02-11,Tunisia,Nigeria,1.0,1.0,African Cup of Nations,False,D,3,10.0,10.0,1.4,1.6,0.8,0.6,0.1,0.1,0.14,0.16,0.08,0.06000000000000001,1530.9677049466611,1628.2365159137228
2004-02-13,Nigeria,Mali,2.0,1.0,African Cup of Nations,True,H,3,10.0,10.0,1.8,1.8,0.8,1.6,0.2,0.1,0.18,0.18000000000000002,0.08,0.16,1620.050414642022,1555.8759854873188
2004-02-14,Tunisia,Morocco,2.0,1.0,African Cup of Nations,False,H,3,11.0,13.0,1.6,2.6,0.6,0.4,0.2,0.1,0.16,0.26,0.06000000000000001,0.04,1539.153806218362,1622.9053074027486
2004-06-12,Spain,Russia,1.0,0.0,UEFA Euro,True,H,4,11.0,4.0,2.0,1.4,1.0,2.0,0.1,0.0,0.20000000000000004,0.14,0.1,0.20000000000000004,1712.8215084299386,1466.294367203648
2004-06-12,Portugal,Greece,1.0,2.0,UEFA Euro,False,A,4,6.0,1.0,1.8,0.2,1.2,2.6,0.1,0.2,0.18,0.02,0.12000000000000002,0.26,1591.3491250291193,1373.1916649361606
2004-06-13,France,England,2.0,1.0,UEFA Euro,True,H,4,7.0,8.0,0.8,1.2,1.0,0.6,0.2,0.1,0.08,0.12000000000000002,0.1,0.06000000000000001,1735.575700961575,1674.2401652499912
2004-06-13,Switzerland,Croatia,0.0,0.0,UEFA Euro,True,D,4,1.0,6.0,0.2,1.0,1.8,1.2,0.0,0.0,0.02,0.1,0.18000000000000002,0.12000000000000002,1352.8118841381493,1643.5428296748266
2004-06-14,Denmark,Italy,0.0,0.0,UEFA Euro,True,D,4,7.0,4.0,1.0,1.2,1.4,1.4,0.0,0.0,0.1,0.12000000000000002,0.14,0.14,1628.979619931646,1678.124035919008
2004-06-14,Sweden,Bulgaria,5.0,0.0,UEFA Euro,True,H,4,5.0,4.0,1.2,0.6,1.4,2.0,0.5,0.0,0.12000000000000002,0.06000000000000001,0.14,0.20000000000000004,1587.6562395753665,1478.8746155749957
2004-06-15,Czech Republic,Latvia,2.0,1.0,UEFA Euro,True,H,4,4.0,0.0,0.8,0.0,1.0,0.0,0.2,0.1,0.08,0.0,0.1,0.0,1592.6606512388962,1500.0
2004-06-15,Germany,Netherlands,1.0,1.0,UEFA Euro,True,D,4,12.0,13.0,1.0,2.6,0.4,0.6,0.1,0.1,0.1,0.26000000000000006,0.04,0.06000000000000001,1752.3122513590142,1824.9897135984581
2004-06-16,Greece,Spain,1.0,1.0,UEFA Euro,True,D,4,4.0,11.0,0.4,1.6,2.2,0.8,0.1,0.1,0.04,0.16,0.22000000000000003,0.08,1435.4560562950999,1728.4054206118176
2004-06-16,Portugal,Russia,2.0,0.0,UEFA Euro,False,H,4,3.0,4.0,1.6,1.4,1.6,1.6,0.2,0.0,0.16,0.14,0.16,0.16,1529.08473367018,1450.7104550217691
2004-06-17,Croatia,France,2.0,2.0,UEFA Euro,True,D,4,7.0,7.0,0.8,0.8,0.8,1.0,0.2,0.2,0.08,0.08,0.08,0.1,1616.178606387606,1768.5866421536105
2004-06-17,England,Switzerland,3.0,0.0,UEFA Euro,True,H,4,7.0,2.0,1.2,0.2,0.8,1.4,0.30000000000000004,0.0,0.12000000000000002,0.02,0.08,0.14,1641.2292240579557,1380.17610742537
2004-06-18,Bulgaria,Denmark,0.0,2.0,UEFA Euro,True,A,4,1.0,8.0,0.4,1.0,3.0,1.0,0.0,0.2,0.04,0.1,0.30000000000000004,0.1,1451.0047537285182,1634.6001450016852
2004-06-18,Italy,Sweden,1.0,1.0,UEFA Euro,True,D,4,5.0,8.0,1.0,2.0,1.0,1.0,0.1,0.1,0.1,0.2,0.1,0.1,1672.503510848969,1615.526101421844
2004-06-19,Netherlands,Czech Republic,2.0,3.0,UEFA Euro,True,A,4,11.0,6.0,2.6,1.2,0.8,1.2,0.2,0.30000000000000004,0.26000000000000006,0.12000000000000002,0.08,0.12000000000000002,1816.742356220079,1622.2386355868982
2004-06-19,Latvia,Germany,0.0,0.0,UEFA Euro,True,D,4,0.0,10.0,1.0,0.8,2.0,0.6,0.0,0.0,0.1,0.08,0.2,0.06000000000000001,1470.422015651998,1760.5596087373933
2004-06-20,Russia,Greece,2.0,1.0,UEFA Euro,True,H,4,3.0,4.0,0.8,0.6,1.4,2.4,0.2,0.1,0.08,0.06000000000000001,0.14,0.24000000000000005,1419.5836285836806,1462.9555621093482
2004-06-20,Portugal,Spain,1.0,0.0,UEFA Euro,False,H,4,6.0,9.0,1.8,1.2,1.2,0.8,0.1,0.0,0.18,0.12000000000000002,0.12000000000000002,0.08,1560.2115601082685,1700.9059147975693
2004-06-21,Switzerland,France,1.0,3.0,UEFA Euro,True,A,4,2.0,5.0,0.2,0.8,1.4,1.2,0.1,0.30000000000000004,0.02,0.08,0.14,0.12000000000000002,1365.6147601988052,1752.0851325133212
2004-06-21,Croatia,England,2.0,4.0,UEFA Euro,True,A,4,5.0,7.0,0.8,1.6,1.0,0.8,0.2,0.4,0.08,0.16,0.1,0.08,1632.680116027895,1655.7905712845204
2004-06-22,Denmark,Sweden,2.0,2.0,UEFA Euro,True,D,4,8.0,8.0,1.0,2.0,0.8,1.0,0.2,0.2,0.1,0.2,0.08,0.1,1655.2329421696584,1622.0276875941474
2004-06-22,Italy,Bulgaria,2.0,1.0,UEFA Euro,True,H,4,3.0,1.0,0.8,0.2,1.2,2.8,0.2,0.1,0.08,0.02,0.12000000000000002,0.28,1666.0019246766656,1430.371956560545
2004-06-23,Germany,Czech Republic,1.0,2.0,UEFA Euro,True,A,4,8.0,9.0,0.6,1.6,0.6,1.2,0.1,0.2,0.06000000000000001,0.16,0.06000000000000001,0.12000000000000002,1733.2317699969408,1682.5525894750538
2004-06-23,Netherlands,Latvia,3.0,0.0,UEFA Euro,True,H,4,8.0,1.0,2.4,0.5,1.4,1.0,0.30000000000000004,0.0,0.24000000000000005,0.05,0.14,0.1,1756.4284023319235,1497.7498543924505
2004-06-24,Portugal,England,2.0,2.0,UEFA Euro,False,D,4,9.0,9.0,1.6,2.4,0.6,1.2,0.2,0.2,0.16,0.24000000000000005,0.06000000000000001,0.12000000000000002,1615.5786465157857,1693.1337989752121
2004-06-25,France,Greece,0.0,1.0,UEFA Euro,True,A,4,8.0,4.0,1.4,0.8,1.2,2.0,0.0,0.1,0.14,0.08,0.12000000000000002,0.2,1759.8894559527055,1417.9879613985547
2004-06-26,Sweden,Netherlands,0.0,0.0,UEFA Euro,True,D,4,6.0,8.0,2.0,2.4,1.2,1.0,0.0,0.0,0.2,0.24000000000000005,0.12000000000000002,0.1,1625.8389866213745,1771.15326974007
2004-06-27,Czech Republic,Denmark,3.0,0.0,UEFA Euro,True,H,4,12.0,8.0,2.0,1.2,1.2,1.0,0.30000000000000004,0.0,0.2,0.12000000000000002,0.12000000000000002,0.1,1728.3462135920004,1651.4216431424313
2004-06-30,Portugal,Netherlands,2.0,1.0,UEFA Euro,False,H,4,7.0,6.0,1.2,1.2,1.0,0.8,0.2,0.1,0.12000000000000002,0.12000000000000002,0.1,0.08,1624.3621085414727,1755.3351278096582
2004-07-01,Greece,Czech Republic,1.0,0.0,UEFA Euro,True,H,4,7.0,15.0,1.0,2.4,1.2,0.8,0.1,0.0,0.1,0.24000000000000005,0.12000000000000002,0.08,1488.1808842738862,1759.6318769066763
2004-07-04,Portugal,Greece,0.0,1.0,UEFA Euro,False,A,4,10.0,10.0,1.6,1.2,1.0,0.8,0.0,0.1,0.16,0.12000000000000002,0.1,0.08,1678.7650591422923,1554.3189454484304
2004-07-06,Peru,Bolivia,2.0,2.0,Copa América,False,D,4,5.0,1.0,1.4,0.2,2.2,1.8,0.2,0.2,0.14,0.02,0.22000000000000003,0.18,1531.5136898073256,1392.2788939127995
2004-07-06,Venezuela,Colombia,0.0,1.0,Copa América,True,A,4,0.0,15.0,0.2,1.8,2.6,0.0,0.0,0.1,0.02,0.18000000000000002,0.26,0.0,1096.3367494170532,1705.599813905193
2004-07-07,Argentina,Ecuador,6.0,1.0,Copa América,True,H,4,7.0,6.0,1.0,1.2,0.8,1.0,0.6000000000000001,0.1,0.1,0.12000000000000002,0.08,0.1,1618.062652055194,1461.620472492423
2004-07-07,Mexico,Uruguay,2.0,2.0,Copa América,True,D,4,7.0,3.0,0.8,1.4,1.0,1.8,0.2,0.2,0.08,0.14,0.1,0.18000000000000002,1616.327963675362,1527.8067958135775
2004-07-08,Costa Rica,Paraguay,0.0,1.0,Copa América,True,A,4,7.0,4.0,2.0,1.4,1.6,2.0,0.0,0.1,0.2,0.14,0.16,0.2,1508.3881839114574,1545.6569820206653
2004-07-08,Brazil,Chile,1.0,0.0,Copa América,True,H,4,15.0,6.0,2.4,1.2,0.6,1.4,0.1,0.0,0.24,0.12000000000000002,0.06000000000000001,0.14,1915.3909827892971,1433.4215171318249
2004-07-09,Colombia,Bolivia,1.0,0.0,Copa América,True,H,4,15.0,2.0,1.8,0.6,0.0,2.0,0.1,0.0,0.18000000000000002,0.06000000000000001,0.0,0.2,1707.9284585649934,1407.5025127719823
2004-07-09,Peru,Venezuela,3.0,1.0,Copa América,False,H,4,5.0,0.0,1.2,0.2,2.0,2.2,0.30000000000000004,0.1,0.12000000000000002,0.02,0.2,0.22000000000000003,1516.2900709481428,1094.0081047572528
2004-07-10,Argentina,Mexico,0.0,1.0,Copa América,True,A,4,7.0,8.0,1.8,1.2,1.0,1.2,0.0,0.1,0.18000000000000002,0.12000000000000002,0.1,0.12000000000000002,1641.1775920977495,1606.3515327487742
2004-07-10,Uruguay,Ecuador,2.0,1.0,Copa América,True,H,4,4.0,6.0,1.6,1.4,1.8,2.0,0.2,0.1,0.16,0.14,0.18000000000000002,0.2,1537.7832267401654,1438.5055324498674
2004-07-11,Brazil,Costa Rica,4.0,1.0,Copa América,True,H,4,15.0,4.0,1.6,1.2,0.2,1.8,0.4,0.1,0.16,0.12000000000000002,0.02,0.18,1920.0886756450936,1472.6625312027902
2004-07-11,Paraguay,Chile,1.0,1.0,Copa América,True,D,4,7.0,6.0,1.4,1.0,1.4,1.2,0.1,0.1,0.14,0.1,0.14,0.12000000000000002,1581.3826347293325,1428.7238242760284
2004-07-12,Peru,Colombia,2.0,2.0,Copa América,False,D,4,7.0,15.0,1.2,1.6,1.6,0.0,0.2,0.2,0.12000000000000002,0.16,0.16,0.0,1522.7580908220818,1719.981700541281
2004-07-12,Venezuela,Bolivia,1.0,1.0,Copa América,True,D,4,0.0,1.0,0.2,0.4,2.2,2.0,0.1,0.1,0.02,0.04,0.22000000000000003,0.2,1087.5400848833137,1395.4492707956947
2004-07-13,Argentina,Uruguay,4.0,2.0,Copa América,True,H,4,7.0,6.0,1.6,1.6,0.8,1.6,0.4,0.2,0.16,0.16,0.08,0.16,1597.1814686331543,1566.6547041356798
2004-07-13,Mexico,Ecuador,2.0,1.0,Copa América,True,H,4,8.0,3.0,1.2,0.8,1.2,2.4,0.2,0.1,0.12000000000000002,0.08,0.12000000000000002,0.24000000000000005,1650.3476562133694,1409.634055054353
2004-07-14,Brazil,Paraguay,1.0,2.0,Copa América,True,A,4,15.0,7.0,2.0,1.2,0.4,1.2,0.1,0.2,0.2,0.12000000000000002,0.04,0.12000000000000002,1925.746747515023,1564.8571742877177
2004-07-14,Costa Rica,Chile,2.0,1.0,Copa América,True,H,4,4.0,4.0,1.2,0.4,2.2,1.2,0.2,0.1,0.12000000000000002,0.04,0.22000000000000003,0.12000000000000002,1467.004459332861,1445.2492847176431
2004-07-17,Peru,Argentina,0.0,1.0,Copa América,False,A,4,8.0,7.0,1.6,2.2,1.6,1.2,0.0,0.1,0.16,0.22000000000000003,0.16,0.12000000000000002,1543.303496835662,1633.6759610996203
2004-07-17,China PR,Bahrain,2.0,2.0,AFC Asian Cup,False,D,3,0.0,2.0,0.4,0.25,2.6,0.75,0.2,0.2,0.04,0.025,0.26,0.07500000000000001,1355.9159359622004,1460.279159562141
2004-07-17,Colombia,Costa Rica,2.0,0.0,Copa América,True,H,4,13.0,4.0,1.4,1.2,0.4,2.4,0.2,0.0,0.14,0.12000000000000002,0.04,0.24,1699.436294527701,1504.503070602755
2004-07-18,Iraq,Uzbekistan,0.0,1.0,AFC Asian Cup,True,A,3,4.0,1.0,1.0,0.6,1.6,4.0,0.0,0.1,0.1,0.06000000000000001,0.16,0.4,1365.2179680354416,1413.0803969513836
2004-07-18,Mexico,Brazil,0.0,4.0,Copa América,True,A,4,8.0,12.0,1.2,1.8,1.2,0.6,0.0,0.4,0.12000000000000002,0.18,0.12000000000000002,0.06000000000000001,1666.3557919957757,1854.6514049758155
2004-07-18,Paraguay,Uruguay,1.0,3.0,Copa América,True,A,4,10.0,6.0,1.4,1.8,0.8,2.0,0.1,0.30000000000000004,0.14,0.18000000000000002,0.08,0.2,1635.9525168269251,1530.1602116692138
2004-07-18,Qatar,Indonesia,1.0,2.0,AFC Asian Cup,True,A,3,3.0,1.0,0.8,0.4,1.4,2.6,0.1,0.2,0.08,0.04,0.14,0.26,1450.9745687140235,1350.6325418608533
2004-07-18,Saudi Arabia,Turkmenistan,2.0,2.0,AFC Asian Cup,True,D,3,3.0,0.0,0.4,0.0,2.8,0.0,0.2,0.2,0.04,0.0,0.28,0.0,1433.3221448203305,1500.0
2004-07-19,South Korea,Jordan,0.0,0.0,AFC Asian Cup,True,D,3,7.0,0.0,1.0,0.0,1.0,0.0,0.0,0.0,0.1,0.0,0.1,0.0,1579.2810179123012,1500.0
2004-07-19,Kuwait,United Arab Emirates,3.0,1.0,AFC Asian Cup,True,H,3,6.0,13.0,0.8,1.4,0.8,0.4,0.30000000000000004,0.1,0.08,0.14,0.08,0.04,1488.6578102836413,1537.2921758859707
2004-07-20,Japan,Oman,1.0,0.0,AFC Asian Cup,True,H,3,10.0,0.0,1.2,0.0,0.6,0.0,0.1,0.0,0.12000000000000002,0.0,0.06000000000000001,0.0,1563.049809378175,1500.0
2004-07-20,Argentina,Colombia,3.0,0.0,Copa América,True,H,4,10.0,13.0,2.4,1.4,1.0,0.4,0.30000000000000004,0.0,0.24000000000000005,0.14,0.1,0.04,1663.4999173967083,1719.08566854499
2004-07-20,Iran,Thailand,3.0,0.0,AFC Asian Cup,True,H,3,7.0,2.0,1.4,0.8,1.0,2.2,0.30000000000000004,0.0,0.14,0.08,0.1,0.22000000000000003,1511.6640887118888,1371.770602994257
2004-07-21,Uruguay,Brazil,1.0,1.0,Copa América,True,D,4,8.0,12.0,2.4,2.4,2.2,0.6,0.1,0.1,0.24000000000000005,0.24000000000000005,0.22000000000000003,0.06000000000000001,1581.9770316899308,1874.8726479672184
2004-07-21,Bahrain,Qatar,1.0,1.0,AFC Asian Cup,True,D,3,3.0,3.0,0.6,0.8,1.0,1.4,0.1,0.1,0.06000000000000001,0.08,0.1,0.14,1451.5293085103337,1412.543460800774
2004-07-21,China PR,Indonesia,5.0,0.0,AFC Asian Cup,False,H,3,1.0,4.0,0.4,0.4,2.4,2.0,0.5,0.0,0.04,0.04,0.24000000000000005,0.2,1364.6657870140077,1389.0636497741027
2004-07-22,Uzbekistan,Saudi Arabia,1.0,0.0,AFC Asian Cup,True,H,3,4.0,1.0,0.8,0.4,3.2,3.0,0.1,0.0,0.08,0.04,0.32,0.3,1438.9735690382681,1439.0099155618884
2004-07-22,Turkmenistan,Iraq,2.0,3.0,AFC Asian Cup,True,A,3,1.0,4.0,2.0,1.0,2.0,1.6,0.2,0.30000000000000004,0.2,0.1,0.2,0.16,1494.3122292584421,1339.324795948557
2004-07-23,Jordan,Kuwait,2.0,0.0,AFC Asian Cup,True,H,3,1.0,8.0,0.0,1.2,0.0,0.8,0.2,0.0,0.0,0.12000000000000002,0.0,0.08,1506.7292783736507,1522.8300234679693
2004-07-23,United Arab Emirates,South Korea,0.0,2.0,AFC Asian Cup,True,A,3,10.0,5.0,1.0,0.8,0.6,1.0,0.0,0.2,0.1,0.08,0.06000000000000001,0.1,1503.1199627016426,1572.5517395386505
2004-07-24,Thailand,Japan,1.0,4.0,AFC Asian Cup,True,A,3,2.0,10.0,0.6,1.2,2.2,0.6,0.1,0.4,0.06000000000000001,0.12000000000000002,0.22000000000000003,0.06000000000000001,1353.2369194465862,1587.664636779803
2004-07-24,Colombia,Uruguay,1.0,2.0,Copa América,True,A,4,10.0,8.0,1.2,2.0,1.0,1.8,0.1,0.2,0.12000000000000002,0.2,0.1,0.18,1672.740170850645,1609.4732738637756
2004-07-24,Oman,Iran,2.0,2.0,AFC Asian Cup,True,D,3,0.0,10.0,0.0,2.0,1.0,0.6,0.2,0.2,0.0,0.2,0.1,0.06000000000000001,1475.385172598372,1530.1977722595595
2004-07-25,Argentina,Brazil,2.0,2.0,Copa América,True,D,4,12.0,10.0,2.8,2.2,0.8,0.8,0.2,0.2,0.28,0.22000000000000003,0.08,0.08,1709.8454150910532,1847.3764057933736
2004-07-25,Bahrain,Indonesia,3.0,1.0,AFC Asian Cup,True,H,3,3.0,4.0,0.8,0.4,1.2,2.6,0.30000000000000004,0.1,0.08,0.04,0.12000000000000002,0.26,1448.1770575865846,1356.9604249815802
2004-07-25,China PR,Qatar,1.0,0.0,AFC Asian Cup,False,H,3,4.0,3.0,1.4,0.8,2.2,1.4,0.1,0.0,0.13999999999999999,0.08,0.22000000000000003,0.14,1396.7690118065302,1415.8957117245232
2004-07-26,Saudi Arabia,Iraq,1.0,2.0,AFC Asian Cup,True,A,3,1.0,4.0,0.4,1.2,3.0,2.0,0.1,0.2,0.04,0.12000000000000002,0.3,0.2,1409.0067771507697,1381.8851789118082
2004-07-26,Turkmenistan,Uzbekistan,0.0,1.0,AFC Asian Cup,True,A,3,1.0,7.0,2.0,0.8,2.5,2.8,0.0,0.1,0.2,0.08,0.25,0.28,1451.751846295191,1468.9767074493868
2004-07-27,Jordan,United Arab Emirates,0.0,0.0,AFC Asian Cup,True,D,3,4.0,7.0,1.0,0.6,0.0,1.0,0.0,0.0,0.1,0.06000000000000001,0.0,0.1,1538.1185341036442,1479.0366298558936
2004-07-27,South Korea,Kuwait,4.0,0.0,AFC Asian Cup,True,H,3,5.0,7.0,0.8,1.2,0.8,1.2,0.4,0.0,0.08,0.12000000000000002,0.08,0.12000000000000002,1596.6350723843996,1491.4407677379759
2004-07-28,Oman,Thailand,2.0,0.0,AFC Asian Cup,True,H,3,1.0,2.0,1.0,0.6,1.5,2.2,0.2,0.0,0.1,0.06000000000000001,0.15000000000000002,0.22000000000000003,1480.0791937814754,1340.8795407708865
2004-07-28,Japan,Iran,0.0,0.0,AFC Asian Cup,True,D,3,12.0,8.0,1.6,1.6,0.4,1.0,0.0,0.0,0.16,0.16,0.04,0.1,1600.0220154555027,1525.5037510764562
2004-07-30,China PR,Iraq,3.0,0.0,AFC Asian Cup,False,H,3,7.0,6.0,1.6,1.2,1.8,1.8,0.30000000000000004,0.0,0.16,0.12000000000000002,0.18000000000000002,0.18,1428.418877466961,1414.2223006325908
2004-07-30,Uzbekistan,Bahrain,2.0,2.0,AFC Asian Cup,True,D,3,9.0,6.0,0.8,1.4,2.6,1.2,0.2,0.2,0.08,0.14,0.26,0.12000000000000002,1497.4906107355928,1470.4768932254265
2004-07-31,Japan,Jordan,1.0,1.0,AFC Asian Cup,True,D,3,10.0,5.0,1.4,0.6666666666666666,0.4,0.0,0.1,0.1,0.14,0.06666666666666667,0.04,0.0,1593.684474435058,1533.065604751523
2004-07-31,South Korea,Iran,3.0,4.0,AFC Asian Cup,True,A,3,7.0,8.0,1.6,1.4,0.8,0.8,0.30000000000000004,0.4,0.16,0.14,0.08,0.08,1617.8196104128667,1531.8412920969008
2004-08-03,Bahrain,Japan,3.0,4.0,AFC Asian Cup,True,A,3,6.0,8.0,1.6,1.2,1.4,0.6,0.30000000000000004,0.4,0.16,0.12000000000000002,0.14,0.06000000000000001,1472.80475608578,1588.5026945790391
2004-08-03,China PR,Iran,1.0,1.0,AFC Asian Cup,False,D,3,10.0,8.0,2.2,2.0,1.0,1.4,0.1,0.1,0.22000000000000003,0.2,0.1,0.14,1457.1937282551137,1569.1173334892983
2004-08-06,Iran,Bahrain,4.0,2.0,AFC Asian Cup,True,H,3,9.0,6.0,2.0,2.2,1.2,2.0,0.4,0.2,0.2,0.22000000000000003,0.12000000000000002,0.2,1559.7740593485007,1452.4413171975839
2004-08-07,China PR,Japan,1.0,3.0,AFC Asian Cup,False,A,3,11.0,11.0,2.4,2.0,0.6,1.0,0.1,0.30000000000000004,0.24000000000000005,0.2,0.06000000000000001,0.1,1466.5370023959113,1608.8661334672352
2006-01-20,Egypt,Libya,3.0,0.0,African Cup of Nations,False,H,3,7.0,9.0,1.0,1.4,1.0,0.8,0.30000000000000004,0.0,0.1,0.14,0.1,0.08,1569.7852779574825,1584.6257875697966
2006-01-21,Morocco,Ivory Coast,0.0,1.0,African Cup of Nations,True,A,3,10.0,4.0,2.6,0.6,0.8,1.4,0.0,0.1,0.26,0.06000000000000001,0.08,0.14,1585.8105136858512,1510.7460789289146
2006-01-21,Togo,DR Congo,0.0,2.0,African Cup of Nations,True,A,3,5.0,3.0,0.2,0.8,1.0,1.8,0.0,0.2,0.02,0.08,0.1,0.18000000000000002,1451.11939497297,1378.4173292059154
2006-01-21,Cameroon,Angola,3.0,1.0,African Cup of Nations,True,H,3,5.0,3.0,1.4,1.6,1.6,2.4,0.30000000000000004,0.1,0.13999999999999999,0.16,0.16,0.24000000000000005,1593.4287710613623,1444.2868190222437
2006-01-22,South Africa,Guinea,0.0,2.0,African Cup of Nations,True,A,3,7.0,5.0,1.2,1.0,1.6,1.2,0.0,0.2,0.12000000000000002,0.1,0.16,0.12000000000000002,1561.1688012142931,1472.2822177865776
2006-01-22,Tunisia,Zambia,4.0,1.0,African Cup of Nations,True,H,3,11.0,3.0,1.6,0.8,0.6,1.2,0.4,0.1,0.16,0.08,0.06000000000000001,0.12000000000000002,1576.2485999352593,1485.8000121855252
2006-01-23,Nigeria,Ghana,1.0,0.0,African Cup of Nations,True,H,3,13.0,5.0,2.2,0.4,0.8,0.6,0.1,0.0,0.22000000000000003,0.04,0.08,0.06000000000000001,1644.571318495788,1533.162923133457
2006-01-23,Zimbabwe,Senegal,0.0,2.0,African Cup of Nations,True,A,3,3.0,5.0,2.0,0.8,2.6666666666666665,0.6,0.0,0.2,0.20000000000000004,0.08,0.26666666666666666,0.06000000000000001,1491.7322370911606,1580.3380415382603
2006-01-24,Egypt,Morocco,0.0,0.0,African Cup of Nations,False,D,3,7.0,7.0,1.2,1.8,0.8,1.0,0.0,0.0,0.12000000000000002,0.18000000000000002,0.08,0.1,1601.0659317996774,1549.4279321407855
2006-01-24,Libya,Ivory Coast,1.0,2.0,African Cup of Nations,True,A,3,8.0,7.0,1.0,0.8,1.0,0.8,0.1,0.2,0.1,0.08,0.1,0.08,1553.3451337276017,1547.1286604739803
2006-01-25,Angola,DR Congo,0.0,0.0,African Cup of Nations,True,D,3,3.0,3.0,1.8,0.6,2.8,1.6,0.0,0.0,0.18000000000000002,0.06000000000000001,0.28,0.16,1426.428026400486,1414.6048813355715
2006-01-25,Cameroon,Togo,2.0,0.0,African Cup of Nations,True,H,3,8.0,5.0,2.0,0.2,1.4,1.0,0.2,0.0,0.2,0.02,0.14,0.1,1611.28756368312,1414.931842843314
2006-01-26,Zambia,Guinea,1.0,2.0,African Cup of Nations,True,A,3,2.0,8.0,0.8,1.4,1.8,1.0,0.1,0.2,0.08,0.14,0.18,0.1,1463.4381922441407,1509.7941229796008
2006-01-26,Tunisia,South Africa,2.0,0.0,African Cup of Nations,True,H,3,11.0,4.0,1.8,1.0,0.8,2.0,0.2,0.0,0.18,0.1,0.08,0.2,1598.6104198766438,1523.6568960212699
2006-01-27,Ghana,Senegal,1.0,0.0,African Cup of Nations,True,H,3,5.0,8.0,0.4,1.2,0.6,0.4,0.1,0.0,0.04,0.12000000000000002,0.06000000000000001,0.04,1512.4660070056782,1602.848865255953
2006-01-27,Nigeria,Zimbabwe,2.0,0.0,African Cup of Nations,True,H,3,13.0,3.0,1.6,1.5,0.8,2.5,0.2,0.0,0.16,0.15000000000000002,0.08,0.25,1665.268234623567,1469.221413373468
2006-01-28,Egypt,Ivory Coast,3.0,1.0,African Cup of Nations,False,H,3,8.0,7.0,1.2,0.8,0.6,1.0,0.30000000000000004,0.1,0.12000000000000002,0.08,0.06000000000000001,0.1,1596.6396920618893,1577.6653766496624
2006-01-28,Libya,Morocco,0.0,0.0,African Cup of Nations,True,D,3,5.0,7.0,0.8,1.6,1.4,0.8,0.0,0.0,0.08,0.16,0.14,0.08,1522.8084175519195,1553.8541718785737
2006-01-29,Angola,Togo,3.0,2.0,African Cup of Nations,True,H,3,3.0,2.0,1.2,0.0,2.2,1.4,0.30000000000000004,0.2,0.12000000000000002,0.0,0.22000000000000003,0.14,1425.407527881357,1400.2856576751667
2006-01-29,Cameroon,DR Congo,2.0,0.0,African Cup of Nations,True,H,3,10.0,4.0,2.2,0.6,1.2,1.2,0.2,0.0,0.22000000000000003,0.06000000000000001,0.12000000000000002,0.12000000000000002,1625.9337488512672,1415.6253798547004
2006-01-30,Zambia,South Africa,1.0,0.0,African Cup of Nations,True,H,3,1.0,4.0,0.6,0.6,1.8,1.8,0.1,0.0,0.06000000000000001,0.06000000000000001,0.18,0.18,1437.4173013694442,1500.0303336109068
2006-01-30,Tunisia,Guinea,0.0,3.0,African Cup of Nations,True,A,3,13.0,8.0,2.0,1.4,0.6,1.0,0.0,0.30000000000000004,0.2,0.14,0.06000000000000001,0.1,1622.2369822870069,1535.8150138542974
2006-01-31,Ghana,Zimbabwe,1.0,2.0,African Cup of Nations,True,A,3,7.0,3.0,0.6,1.2,0.6,2.4,0.1,0.2,0.06000000000000001,0.12000000000000002,0.06000000000000001,0.24,1550.098879179989,1454.5555331289954
2006-01-31,Nigeria,Senegal,2.0,1.0,African Cup of Nations,True,H,3,13.0,7.0,1.6,1.2,0.6,0.6,0.2,0.1,0.16,0.12000000000000002,0.06000000000000001,0.06000000000000001,1679.9341148680396,1565.2159930816422
2006-02-03,Egypt,DR Congo,4.0,1.0,African Cup of Nations,False,H,3,8.0,4.0,1.4,0.4,0.6,1.2,0.4,0.1,0.14,0.04,0.06000000000000001,0.12000000000000002,1625.0029448566982,1401.8500282196999
2006-02-03,Guinea,Senegal,2.0,3.0,African Cup of Nations,True,A,3,10.0,4.0,1.8,0.8,0.8,1.0,0.2,0.30000000000000004,0.18000000000000002,0.08,0.08,0.1,1573.127098510136,1544.7766110058515
2006-02-04,Cameroon,Ivory Coast,1.0,1.0,African Cup of Nations,True,D,3,10.0,6.0,1.6,1.0,0.6,1.6,0.1,0.1,0.16,0.1,0.06000000000000001,0.16,1639.7091004862677,1549.3021238548536
2006-02-04,Nigeria,Tunisia,1.0,1.0,African Cup of Nations,True,D,3,13.0,10.0,1.6,1.8,0.6,1.2,0.1,0.1,0.16,0.18,0.06000000000000001,0.12000000000000002,1700.3734969438303,1584.924897631168
2006-02-07,Nigeria,Ivory Coast,0.0,1.0,African Cup of Nations,True,A,3,13.0,7.0,1.6,1.2,0.6,1.6,0.0,0.1,0.16,0.12000000000000002,0.06000000000000001,0.16,1690.7562484930063,1556.936943731185
2006-02-07,Egypt,Senegal,2.0,1.0,African Cup of Nations,False,H,3,11.0,6.0,2.0,1.2,0.4,1.2,0.2,0.1,0.2,0.12000000000000002,0.04,0.12000000000000002,1638.0093288626583,1577.219170071586
2006-02-09,Senegal,Nigeria,0.0,1.0,African Cup of Nations,True,A,3,6.0,10.0,1.4,1.2,1.4,0.6,0.0,0.1,0.14,0.12000000000000002,0.14,0.06000000000000001,1552.4152977375961,1649.7407659679097
2006-02-10,Egypt,Ivory Coast,0.0,0.0,African Cup of Nations,False,D,3,13.0,10.0,2.4,1.2,0.6,1.0,0.0,0.0,0.24000000000000005,0.12000000000000002,0.06000000000000001,0.1,1662.8132011966482,1597.9524262562816
2006-06-09,Poland,Ecuador,0.0,2.0,FIFA World Cup,True,A,5,3.0,3.0,0.6,1.0,2.8,2.4,0.0,0.2,0.06000000000000001,0.1,0.28,0.24000000000000005,1560.7927959973608,1393.6259192719467
2006-06-09,Germany,Costa Rica,4.0,2.0,FIFA World Cup,False,H,5,5.0,3.0,0.6,1.0,1.0,2.6,0.4,0.2,0.06000000000000001,0.1,0.1,0.26,1687.4381458799942,1484.853696585466
2006-06-10,Argentina,Ivory Coast,2.0,1.0,FIFA World Cup,True,H,5,10.0,8.0,2.0,1.0,1.0,1.0,0.2,0.1,0.2,0.1,0.1,0.1,1724.9009771004353,1603.488788714363
2006-06-10,England,Paraguay,1.0,0.0,FIFA World Cup,True,H,5,7.0,7.0,2.2,1.0,1.6,1.2,0.1,0.0,0.22000000000000003,0.1,0.16,0.12000000000000002,1684.3503369495252,1584.1356968062082
2006-06-10,Trinidad and Tobago,Sweden,0.0,0.0,FIFA World Cup,True,D,5,0.0,6.0,0.0,1.8,0.0,1.0,0.0,0.0,0.0,0.18,0.0,0.1,1500.0,1641.6571285517864
2006-06-11,Angola,Portugal,0.0,1.0,FIFA World Cup,True,A,5,5.0,10.0,1.8,1.4,2.6,0.8,0.0,0.1,0.18000000000000002,0.14,0.26,0.08,1453.2421037067015,1625.020496165606
2006-06-11,Mexico,Iran,3.0,1.0,FIFA World Cup,True,H,5,7.0,9.0,1.0,2.2,1.8,1.6,0.30000000000000004,0.1,0.1,0.22000000000000003,0.18,0.16,1646.1345490043727,1580.790200307049
2006-06-11,Serbia,Netherlands,0.0,1.0,FIFA World Cup,True,A,5,4.0,5.0,1.8,1.4,3.0,1.2,0.0,0.1,0.18000000000000002,0.14,0.30000000000000004,0.12000000000000002,1548.976101606136,1700.9321772088385
2006-06-12,Australia,Japan,3.0,1.0,FIFA World Cup,True,H,5,1.0,11.0,0.0,2.4,1.6666666666666667,1.2,0.30000000000000004,0.1,0.0,0.24000000000000005,0.16666666666666666,0.12000000000000002,1455.9075273895478,1627.2207125140887
2006-06-12,Italy,Ghana,2.0,0.0,FIFA World Cup,True,H,5,6.0,6.0,1.0,0.8,1.0,1.0,0.2,0.0,0.1,0.08,0.1,0.1,1682.3880696990511,1512.0508591078283
2006-06-12,United States,Czech Republic,0.0,3.0,FIFA World Cup,True,A,5,7.0,12.0,1.4,2.0,1.4,1.0,0.0,0.30000000000000004,0.14,0.2,0.14,0.1,1466.885982349242,1693.4938157321321
2006-06-13,South Korea,Togo,2.0,1.0,FIFA World Cup,True,H,5,7.0,1.0,2.2,0.4,1.4,2.0,0.2,0.1,0.22000000000000003,0.04,0.14,0.2,1580.5435690204692,1372.4510818498222
2006-06-13,France,Switzerland,0.0,0.0,FIFA World Cup,True,D,5,7.0,1.0,1.4,0.2,1.4,1.8,0.0,0.0,0.14,0.02,0.14,0.18000000000000002,1689.696533077374,1357.810436759421
2006-06-13,Brazil,Croatia,1.0,0.0,FIFA World Cup,True,H,5,8.0,5.0,2.4,1.2,1.2,1.6,0.1,0.0,0.24000000000000005,0.12000000000000002,0.12000000000000002,0.16,1832.3208437839914,1595.3368883372034
2006-06-14,Germany,Poland,1.0,0.0,FIFA World Cup,False,H,5,5.0,3.0,1.2,0.6,1.4,2.6,0.1,0.0,0.12000000000000002,0.06000000000000001,0.14,0.26,1711.192946148378,1488.434791385237
2006-06-14,Spain,Ukraine,4.0,0.0,FIFA World Cup,True,H,5,6.0,0.0,0.6,0.0,0.6,0.0,0.4,0.0,0.06000000000000001,0.0,0.06000000000000001,0.0,1645.538828390052,1500.0
2006-06-14,Tunisia,Saudi Arabia,2.0,2.0,FIFA World Cup,True,D,5,10.0,1.0,1.8,0.6,1.2,1.8,0.2,0.2,0.18,0.06000000000000001,0.12000000000000002,0.18000000000000002,1594.542146081992,1376.6696554299872
2006-06-15,Ecuador,Costa Rica,3.0,0.0,FIFA World Cup,True,H,5,6.0,3.0,1.2,1.0,2.0,2.4,0.30000000000000004,0.0,0.12000000000000002,0.1,0.2,0.24000000000000005,1465.9839238840705,1461.098896317082
2006-06-15,England,Trinidad and Tobago,2.0,0.0,FIFA World Cup,True,H,5,10.0,1.0,2.2,0.0,1.2,0.0,0.2,0.0,0.22000000000000003,0.0,0.12000000000000002,0.0,1720.3153766610474,1519.3268368867527
2006-06-15,Sweden,Paraguay,1.0,0.0,FIFA World Cup,True,H,5,7.0,7.0,1.6,1.0,0.6,1.2,0.1,0.0,0.16,0.1,0.06000000000000001,0.12000000000000002,1622.3302916650337,1548.170657094686
2006-06-16,Argentina,Serbia,6.0,0.0,FIFA World Cup,True,H,5,13.0,4.0,2.4,1.6,1.0,2.8,0.6000000000000001,0.0,0.24000000000000005,0.16,0.1,0.28,1758.1064877300946,1519.5489867894821
2006-06-16,Mexico,Angola,0.0,0.0,FIFA World Cup,True,D,5,10.0,4.0,1.6,1.2,1.6,2.2,0.0,0.0,0.16,0.12000000000000002,0.16,0.22000000000000003,1686.8400737791058,1426.1278969413975
2006-06-16,Netherlands,Ivory Coast,2.0,1.0,FIFA World Cup,True,H,5,7.0,5.0,1.4,0.8,1.0,1.2,0.2,0.1,0.14,0.08,0.1,0.12000000000000002,1730.3592920254923,1570.2832780847036
2006-06-17,Portugal,Iran,2.0,0.0,FIFA World Cup,True,H,5,10.0,8.0,1.2,2.0,0.8,1.8,0.2,0.0,0.12000000000000002,0.2,0.08,0.18000000000000002,1652.13470293091,1540.084675532316
2006-06-17,Czech Republic,Ghana,0.0,2.0,FIFA World Cup,True,A,5,12.0,3.0,2.2,0.4,0.8,1.2,0.0,0.2,0.22000000000000003,0.04,0.08,0.12000000000000002,1714.8353596419013,1484.7723903343785
2006-06-17,Italy,United States,1.0,1.0,FIFA World Cup,True,D,5,8.0,4.0,1.2,0.8,0.8,1.6,0.1,0.1,0.12000000000000002,0.08,0.08,0.16,1709.6665384725009,1445.544438439473
2006-06-18,Brazil,Australia,2.0,0.0,FIFA World Cup,True,H,5,8.0,4.0,1.8,0.75,1.0,1.5,0.2,0.0,0.18,0.07500000000000001,0.1,0.15000000000000002,1852.6768711422978,1528.7403654957027
2006-06-18,France,South Korea,1.0,1.0,FIFA World Cup,True,D,5,8.0,10.0,1.4,2.2,1.0,1.0,0.1,0.1,0.14,0.22000000000000003,0.1,0.1,1652.5891150168793,1603.728885469879
2006-06-18,Japan,Croatia,0.0,0.0,FIFA World Cup,True,D,5,8.0,2.0,1.8,0.8,1.6,1.6,0.0,0.0,0.18000000000000002,0.08,0.16,0.16,1554.3878744079339,1574.980860978897
2006-06-19,Saudi Arabia,Ukraine,0.0,4.0,FIFA World Cup,True,A,5,2.0,0.0,1.0,0.0,2.0,4.0,0.0,0.4,0.1,0.0,0.2,0.4,1404.4718269221253,1469.79993162552
2006-06-19,Spain,Tunisia,3.0,1.0,FIFA World Cup,True,H,5,8.0,8.0,1.2,1.8,0.4,1.4,0.30000000000000004,0.1,0.12000000000000002,0.18,0.04,0.14,1675.738896764532,1566.739974589854
2006-06-19,Togo,Switzerland,0.0,2.0,FIFA World Cup,True,A,5,0.0,2.0,0.6,0.2,2.4,1.4,0.0,0.2,0.06000000000000001,0.02,0.24000000000000005,0.14,1349.2657654004124,1394.9178548199156
2006-06-20,Sweden,England,2.0,2.0,FIFA World Cup,True,D,5,7.0,13.0,0.8,2.4,0.6,0.8,0.2,0.2,0.08,0.24000000000000005,0.06000000000000001,0.08,1661.817041762238,1744.2369681470564
2006-06-20,Paraguay,Trinidad and Tobago,2.0,0.0,FIFA World Cup,True,H,5,4.0,1.0,0.8,0.0,1.4,1.0,0.2,0.0,0.08,0.0,0.14,0.1,1508.6839069974817,1495.4052454007438
2006-06-20,Costa Rica,Poland,1.0,2.0,FIFA World Cup,True,A,5,3.0,3.0,1.0,0.6,2.8,2.0,0.1,0.2,0.1,0.06000000000000001,0.28,0.2,1411.8018619729335,1466.718877957572
2006-06-20,Germany,Ecuador,3.0,0.0,FIFA World Cup,False,H,5,8.0,6.0,1.4,1.6,1.0,2.0,0.30000000000000004,0.0,0.14,0.16,0.1,0.2,1732.9088595760431,1515.280958228219
2006-06-21,Iran,Angola,1.0,1.0,FIFA World Cup,True,D,5,7.0,5.0,2.0,0.8,2.2,1.2,0.1,0.1,0.2,0.08,0.22000000000000003,0.12000000000000002,1505.6732261348404,1457.8969740570283
2006-06-21,Ivory Coast,Serbia,3.0,2.0,FIFA World Cup,True,H,5,5.0,3.0,0.8,1.0,1.0,3.4,0.30000000000000004,0.2,0.08,0.1,0.1,0.34,1541.817464203272,1499.3394175289993
2006-06-21,Netherlands,Argentina,0.0,0.0,FIFA World Cup,True,D,5,10.0,13.0,1.4,2.8,0.6,0.6,0.0,0.0,0.14,0.28,0.06000000000000001,0.06000000000000001,1758.825105906924,1778.3160569905774
2006-06-21,Portugal,Mexico,2.0,1.0,FIFA World Cup,True,H,5,10.0,10.0,1.4,1.2,0.8,1.2,0.2,0.1,0.14,0.12000000000000002,0.08,0.12000000000000002,1686.5461523283855,1655.070996663475
2006-06-22,Ghana,United States,2.0,1.0,FIFA World Cup,True,H,5,6.0,4.0,0.8,0.8,1.0,1.6,0.2,0.1,0.08,0.08,0.1,0.16,1563.7628245041424,1477.604308819894
2006-06-22,Croatia,Australia,2.0,2.0,FIFA World Cup,True,D,5,3.0,4.0,0.8,0.6,1.4,1.6,0.2,0.2,0.08,0.06000000000000001,0.14,0.16,1572.0207575499674,1515.3250787781947
2006-06-22,Czech Republic,Italy,0.0,2.0,FIFA World Cup,True,A,5,9.0,9.0,1.6,1.2,0.8,0.6,0.0,0.2,0.16,0.12000000000000002,0.08,0.06000000000000001,1635.8449254721374,1677.6066680920799
2006-06-22,Japan,Brazil,1.0,4.0,FIFA World Cup,True,A,5,8.0,11.0,1.8,2.0,1.6,0.6,0.1,0.4,0.18000000000000002,0.2,0.16,0.06000000000000001,1557.3479778368635,1866.0921578598059
2006-06-23,Ukraine,Tunisia,1.0,0.0,FIFA World Cup,True,H,5,3.0,5.0,2.0,1.2,2.0,1.8,0.1,0.0,0.2,0.12000000000000002,0.2,0.18000000000000002,1510.5077133395473,1531.9310377838567
2006-06-23,Togo,France,0.0,2.0,FIFA World Cup,True,A,5,0.0,6.0,0.6,1.2,2.2,1.0,0.0,0.2,0.06000000000000001,0.12000000000000002,0.22000000000000003,0.1,1305.798078393065,1645.6035535129386
2006-06-23,Switzerland,South Korea,2.0,0.0,FIFA World Cup,True,H,5,5.0,10.0,0.6,2.4,1.2,1.2,0.2,0.0,0.06000000000000001,0.24000000000000005,0.12000000000000002,0.12000000000000002,1438.385541827263,1610.7144469738198
2006-06-23,Saudi Arabia,Spain,0.0,1.0,FIFA World Cup,True,A,5,2.0,10.0,1.0,1.8,2.2,0.6,0.0,0.1,0.1,0.18000000000000002,0.22000000000000003,0.06000000000000001,1363.764045208098,1710.5478335705293
2006-06-24,Argentina,Mexico,2.0,1.0,FIFA World Cup,True,H,5,11.0,7.0,2.6,1.2,0.6,1.6,0.2,0.1,0.26000000000000006,0.12000000000000002,0.06000000000000001,0.16,1775.5140225101195,1609.5882845622577
2006-06-24,Germany,Sweden,2.0,0.0,FIFA World Cup,False,H,5,10.0,7.0,1.8,1.0,0.8,0.8,0.2,0.0,0.18000000000000002,0.1,0.08,0.08,1755.1310137831883,1673.4606233225713
2006-06-25,England,Ecuador,1.0,0.0,FIFA World Cup,True,H,5,11.0,6.0,2.2,1.4,1.2,1.4,0.1,0.0,0.22000000000000003,0.14,0.12000000000000002,0.14,1732.593386586723,1493.058804021074
2006-06-25,Portugal,Netherlands,1.0,0.0,FIFA World Cup,True,H,5,12.0,8.0,1.4,0.8,0.6,0.6,0.1,0.0,0.14,0.08,0.06000000000000001,0.06000000000000001,1732.0288644296027,1761.6271403873818
2006-06-26,Switzerland,Ukraine,0.0,0.0,FIFA World Cup,True,D,5,7.0,6.0,1.0,1.6666666666666667,1.2,1.3333333333333333,0.0,0.0,0.1,0.16666666666666666,0.12000000000000002,0.13333333333333333,1511.3339167965157,1563.586876104987
2006-06-26,Italy,Australia,1.0,0.0,FIFA World Cup,True,H,5,11.0,5.0,1.6,1.0,0.6,1.6,0.1,0.0,0.16,0.1,0.06000000000000001,0.16,1721.6254481234512,1523.4125831440008
2006-06-27,Brazil,Ghana,3.0,0.0,FIFA World Cup,True,H,5,11.0,9.0,2.0,1.2,0.8,1.0,0.30000000000000004,0.0,0.2,0.12000000000000002,0.08,0.1,1880.5561599646783,1601.6116848651245
2006-06-27,Spain,France,1.0,3.0,FIFA World Cup,True,A,5,10.0,8.0,1.8,1.2,0.6,0.6,0.1,0.30000000000000004,0.18000000000000002,0.12000000000000002,0.06000000000000001,0.06000000000000001,1722.5075761687913,1657.9927708671587
2006-06-30,Germany,Argentina,1.0,1.0,FIFA World Cup,False,D,5,12.0,11.0,2.2,2.4,0.8,0.8,0.1,0.1,0.22000000000000003,0.24000000000000005,0.08,0.08,1793.5895006975045,1803.2991458487438
2006-06-30,Italy,Ukraine,3.0,0.0,FIFA World Cup,True,H,5,13.0,7.0,1.6,1.25,0.4,1.0,0.30000000000000004,0.0,0.16,0.125,0.04,0.1,1745.8390376249224,1556.1232592635577
2006-07-01,Brazil,France,0.0,1.0,FIFA World Cup,True,A,5,13.0,8.0,2.4,1.2,0.6,0.6,0.0,0.1,0.24000000000000005,0.12000000000000002,0.06000000000000001,0.06000000000000001,1897.2743406977925,1717.1719394392642
2006-07-01,England,Portugal,0.0,0.0,FIFA World Cup,True,D,5,11.0,12.0,1.6,1.2,0.8,0.4,0.0,0.0,0.16,0.12000000000000002,0.08,0.04,1752.712410490477,1786.2781241113264
2006-07-04,Germany,Italy,0.0,2.0,FIFA World Cup,False,A,5,13.0,13.0,2.2,1.8,0.6,0.2,0.0,0.2,0.22000000000000003,0.18000000000000002,0.06000000000000001,0.02,1794.9864672950032,1770.9614958270063
2006-07-05,Portugal,France,0.0,1.0,FIFA World Cup,True,A,5,13.0,11.0,1.2,1.4,0.2,0.4,0.0,0.1,0.12000000000000002,0.14,0.02,0.04,1781.46260215327,1790.9942357711998
2006-07-08,Germany,Portugal,3.0,1.0,FIFA World Cup,False,H,5,10.0,10.0,1.4,1.0,0.6,0.4,0.30000000000000004,0.1,0.14,0.1,0.06000000000000001,0.04,1741.5344962505371,1732.8339704651423
2006-07-09,Italy,France,1.0,1.0,FIFA World Cup,True,D,5,13.0,13.0,1.8,1.6,0.2,0.4,0.1,0.1,0.18000000000000002,0.16,0.02,0.04,1824.4134668714723,1839.6228674593274
2007-06-26,Uruguay,Peru,0.0,3.0,Copa América,True,A,4,10.0,5.0,2.0,1.4,1.6,1.8,0.0,0.30000000000000004,0.2,0.14,0.16,0.18000000000000002,1656.677689077101,1513.479540538574
2007-06-26,Venezuela,Bolivia,2.0,2.0,Copa América,False,D,4,1.0,2.0,0.4,0.6,2.0,2.0,0.2,0.2,0.04,0.06000000000000001,0.2,0.2,1115.9212282399162,1367.0681274390922
2007-06-27,Brazil,Mexico,0.0,2.0,Copa América,True,A,4,12.0,4.0,2.0,1.0,0.4,1.8,0.0,0.2,0.2,0.1,0.04,0.18,1823.4520443658569,1581.8031612236334
2007-06-27,Ecuador,Chile,2.0,3.0,Copa América,True,A,4,6.0,1.0,1.2,0.4,1.2,1.6,0.2,0.30000000000000004,0.12000000000000002,0.04,0.12000000000000002,0.16,1472.93978011732,1407.750673447749
2007-06-28,Argentina,United States,4.0,1.0,Copa América,True,H,4,11.0,4.0,2.2,0.8,0.6,1.4,0.4,0.1,0.22000000000000003,0.08,0.06000000000000001,0.14,1801.9021792512451,1439.7554484589118
2007-06-28,Paraguay,Colombia,5.0,0.0,Copa América,True,H,4,6.0,7.0,1.0,1.2,1.2,1.4,0.5,0.0,0.1,0.12000000000000002,0.12000000000000002,0.14,1556.7738838795326,1625.5357556373197
2007-06-30,Bolivia,Uruguay,0.0,1.0,Copa América,True,A,4,3.0,7.0,1.0,1.6,2.0,2.0,0.0,0.1,0.1,0.16,0.2,0.2,1342.3210459241939,1601.065570265677
2007-06-30,Venezuela,Peru,2.0,0.0,Copa América,False,H,4,2.0,8.0,0.8,2.0,2.2,1.2,0.2,0.0,0.08,0.2,0.22000000000000003,0.12000000000000002,1140.6683097548146,1569.0916593499978
2007-07-01,Brazil,Chile,3.0,0.0,Copa América,True,H,4,9.0,4.0,1.8,1.0,0.8,1.6,0.30000000000000004,0.0,0.18000000000000002,0.1,0.08,0.16,1759.391351047624,1455.1689968932046
2007-07-01,Mexico,Ecuador,2.0,1.0,Copa América,True,H,4,7.0,6.0,1.4,1.4,1.0,1.4,0.2,0.1,0.14,0.14,0.1,0.14,1645.8638545418662,1425.5214566718644
2007-07-02,Argentina,Colombia,4.0,2.0,Copa América,True,H,4,11.0,4.0,2.6,1.0,0.6,2.4,0.4,0.2,0.26,0.1,0.06000000000000001,0.24000000000000005,1810.7497293630167,1577.7210199502404
2007-07-02,United States,Paraguay,1.0,3.0,Copa América,True,A,4,1.0,6.0,0.6,1.6,2.2,1.0,0.1,0.30000000000000004,0.06000000000000001,0.16,0.22000000000000003,0.1,1430.9078983471402,1604.588619566612
2007-07-03,Peru,Bolivia,2.0,2.0,Copa América,True,D,4,7.0,3.0,1.6,1.0,1.2,1.4,0.2,0.2,0.16,0.1,0.12000000000000002,0.14,1495.3525951140016,1327.6007410003185
2007-07-03,Venezuela,Uruguay,0.0,0.0,Copa América,False,D,4,5.0,10.0,1.2,1.4,1.4,1.2,0.0,0.0,0.12000000000000002,0.14,0.14,0.12000000000000002,1214.4073739908108,1615.7858751895524
2007-07-04,Brazil,Ecuador,1.0,0.0,Copa América,True,H,4,9.0,3.0,2.0,1.2,0.8,1.8,0.1,0.0,0.2,0.12000000000000002,0.08,0.18000000000000002,1771.2225735113989,1407.9588565066551
2007-07-04,Mexico,Chile,0.0,0.0,Copa América,True,D,4,7.0,4.0,1.2,1.0,1.0,1.8,0.0,0.0,0.12000000000000002,0.1,0.1,0.18000000000000002,1663.4264547070754,1443.3377744294298
2007-07-05,Argentina,Paraguay,1.0,0.0,Copa América,True,H,4,11.0,9.0,2.2,2.0,1.0,0.6,0.1,0.0,0.22000000000000003,0.2,0.1,0.06000000000000001,1827.3318461141741,1626.1072900155639
2007-07-05,Colombia,United States,1.0,0.0,Copa América,True,H,4,3.0,1.0,1.0,0.8,2.8,2.6,0.1,0.0,0.1,0.08,0.28,0.26,1561.138903199083,1409.3892278981882
2007-07-07,Venezuela,Uruguay,1.0,4.0,Copa América,False,A,4,6.0,8.0,1.2,0.8,1.2,1.0,0.1,0.4,0.12000000000000002,0.08,0.12000000000000002,0.1,1247.1869414141488,1583.0063077662144
2007-07-07,Chile,Brazil,1.0,6.0,Copa América,True,A,4,5.0,9.0,1.0,1.4,1.6,0.6,0.1,0.6000000000000001,0.1,0.14,0.16,0.06000000000000001,1465.7551467166027,1780.0196529756315
2007-07-07,Thailand,Iraq,1.0,1.0,AFC Asian Cup,False,D,3,2.0,6.0,0.6,1.2,2.2,2.2,0.1,0.1,0.06000000000000001,0.12000000000000002,0.22000000000000003,0.22000000000000003,1322.2946598766514,1385.447449844438
2007-07-08,Argentina,Peru,4.0,0.0,Copa América,True,H,4,13.0,5.0,2.4,1.4,1.0,1.4,0.4,0.0,0.24000000000000005,0.14,0.1,0.14,1846.4493457231042,1477.4123503799278
2007-07-08,Australia,Oman,1.0,1.0,AFC Asian Cup,True,D,3,5.0,4.0,1.0,1.3333333333333333,1.2,1.0,0.1,0.1,0.1,0.13333333333333333,0.12000000000000002,0.10000000000000002,1499.1989936425296,1498.6640746757105
2007-07-08,Mexico,Paraguay,6.0,0.0,Copa América,True,H,4,7.0,9.0,1.2,2.0,1.0,0.6,0.6000000000000001,0.0,0.12000000000000002,0.2,0.1,0.06000000000000001,1641.0090824199026,1606.9897904066338
2007-07-08,Vietnam,United Arab Emirates,2.0,0.0,AFC Asian Cup,False,H,3,0.0,5.0,0.0,0.4,0.0,1.0,0.2,0.0,0.0,0.04,0.0,0.1,1500.0,1484.0895592080146
2007-07-09,Japan,Qatar,1.0,1.0,AFC Asian Cup,True,D,3,7.0,2.0,1.8,0.8,2.2,1.6,0.1,0.1,0.18000000000000002,0.08,0.22000000000000003,0.16,1542.883975731991,1384.2458460640923
2007-07-10,Uruguay,Brazil,2.0,2.0,Copa América,True,D,4,10.0,9.0,1.4,2.0,1.0,0.8,0.2,0.2,0.14,0.20000000000000004,0.1,0.08,1593.1186563196945,1791.2798728964792
2007-07-10,Indonesia,Bahrain,2.0,1.0,AFC Asian Cup,False,H,3,3.0,5.0,0.6,2.2,3.2,2.4,0.2,0.1,0.06000000000000001,0.22000000000000003,0.32,0.24000000000000005,1334.6605893427384,1431.4251762390356
2007-07-10,Malaysia,China PR,1.0,5.0,AFC Asian Cup,False,A,3,6.0,10.0,1.2,2.2,1.2,0.8,0.1,0.5,0.12000000000000002,0.22000000000000003,0.12000000000000002,0.08,1487.6526131636376,1448.1824233490577
2007-07-11,Mexico,Argentina,0.0,3.0,Copa América,True,A,4,10.0,13.0,2.2,2.8,0.6,0.8,0.0,0.30000000000000004,0.22000000000000003,0.28,0.06000000000000001,0.08,1677.104935623114,1854.9895679716212
2007-07-11,Iran,Uzbekistan,2.0,1.0,AFC Asian Cup,True,H,3,5.0,10.0,1.4,1.0,1.8,1.4,0.2,0.1,0.14,0.1,0.18000000000000002,0.13999999999999999,1498.840682792173,1495.1627478752393
2007-07-11,South Korea,Saudi Arabia,1.0,1.0,AFC Asian Cup,True,D,3,7.0,1.0,2.0,0.6,1.6,2.0,0.1,0.1,0.2,0.06000000000000001,0.16,0.2,1537.7660720045671,1351.804302609836
2007-07-12,Thailand,Oman,2.0,0.0,AFC Asian Cup,False,H,3,2.0,5.0,0.6,1.25,2.2,1.0,0.2,0.0,0.06000000000000001,0.125,0.22000000000000003,0.1,1327.688437553098,1498.7102632556757
2007-07-12,Vietnam,Qatar,1.0,1.0,AFC Asian Cup,False,D,3,3.0,2.0,2.0,0.8,0.0,1.6,0.1,0.1,0.2,0.08,0.0,0.16,1528.6271416401469,1397.0650505087779
2007-07-13,Iraq,Australia,3.0,1.0,AFC Asian Cup,True,H,3,7.0,5.0,1.2,1.2,1.6,1.4,0.30000000000000004,0.1,0.12000000000000002,0.12000000000000002,0.16,0.14,1380.0536721679914,1499.1528050625643
2007-07-13,United Arab Emirates,Japan,1.0,3.0,AFC Asian Cup,True,A,3,2.0,5.0,0.2,1.2,1.4,1.8,0.1,0.30000000000000004,0.02,0.12000000000000002,0.14,0.18000000000000002,1455.4624175678678,1530.0647712873056
2007-07-14,Indonesia,Saudi Arabia,1.0,2.0,AFC Asian Cup,False,A,3,6.0,2.0,1.0,0.8,2.6,2.0,0.1,0.2,0.1,0.08,0.26,0.2,1372.806378242956,1366.4856166404836
2007-07-14,Malaysia,Uzbekistan,0.0,5.0,AFC Asian Cup,False,A,3,5.0,10.0,1.2,1.2,2.0,0.8,0.0,0.5,0.12000000000000002,0.12000000000000002,0.2,0.08,1454.2590694311914,1465.4803144421435
2007-07-14,Mexico,Uruguay,3.0,1.0,Copa América,True,H,4,10.0,8.0,2.0,1.4,0.8,1.2,0.30000000000000004,0.1,0.2,0.14,0.08,0.12000000000000002,1655.9648033293397,1613.743419697029
2007-07-15,China PR,Iran,2.0,2.0,AFC Asian Cup,True,D,3,10.0,7.0,2.2,1.6,1.0,1.8,0.2,0.2,0.22000000000000003,0.16,0.1,0.18000000000000002,1481.575967081504,1528.523116225269
2007-07-15,Brazil,Argentina,3.0,0.0,Copa América,True,H,4,10.0,15.0,2.4,3.2,1.0,0.6,0.30000000000000004,0.0,0.24000000000000005,0.32,0.1,0.06000000000000001,1770.6551095191448,1876.1297002653955
2007-07-15,Bahrain,South Korea,2.0,1.0,AFC Asian Cup,True,H,3,4.0,5.0,2.2,1.4,2.6,1.8,0.2,0.1,0.22000000000000003,0.14,0.26,0.18,1393.279387338818,1523.0847579739195
2007-07-16,Oman,Iraq,0.0,0.0,AFC Asian Cup,True,D,3,5.0,10.0,1.0,1.8,1.2,1.6,0.0,0.0,0.1,0.18000000000000002,0.12000000000000002,0.16,1455.0304796777923,1419.9527794249648
2007-07-16,Qatar,United Arab Emirates,1.0,2.0,AFC Asian Cup,True,A,3,3.0,1.0,0.8,0.4,1.2,2.0,0.1,0.2,0.08,0.04,0.12000000000000002,0.2,1407.9115062123617,1431.8068950595382
2007-07-16,Thailand,Australia,0.0,4.0,AFC Asian Cup,False,A,3,4.0,2.0,0.8,0.8,2.0,1.8,0.0,0.4,0.08,0.08,0.2,0.18000000000000002,1371.3682211309815,1459.253697805591
2007-07-16,Vietnam,Japan,1.0,4.0,AFC Asian Cup,False,A,3,4.0,5.0,1.5,1.2,0.5,1.8,0.1,0.4,0.15000000000000002,0.12000000000000002,0.05,0.18000000000000002,1517.780685936563,1553.7202937956351
2007-07-18,Indonesia,South Korea,0.0,1.0,AFC Asian Cup,False,A,3,6.0,5.0,1.2,1.0,2.4,1.4,0.0,0.1,0.12000000000000002,0.1,0.24000000000000005,0.14,1342.260660018219,1482.3704018961612
2007-07-18,Malaysia,Iran,0.0,2.0,AFC Asian Cup,False,A,3,4.0,5.0,1.0,1.2,2.8,1.8,0.0,0.2,0.1,0.12000000000000002,0.28,0.18000000000000002,1425.2276528530647,1524.493866662975
2007-07-18,Saudi Arabia,Bahrain,4.0,0.0,AFC Asian Cup,True,H,3,5.0,4.0,1.0,2.0,1.8,2.6,0.4,0.0,0.1,0.2,0.18,0.26,1397.0313348652207,1433.9937434165763
2007-07-18,Uzbekistan,China PR,3.0,0.0,AFC Asian Cup,True,H,3,10.0,8.0,2.0,2.4,0.8,1.4,0.30000000000000004,0.0,0.2,0.24000000000000005,0.08,0.14,1494.5117310202702,1485.6052166437978
2007-07-21,Japan,Australia,1.0,1.0,AFC Asian Cup,True,D,3,8.0,5.0,1.8,1.6,1.4,1.4,0.1,0.1,0.18000000000000002,0.16,0.14,0.14,1580.628040137887,1481.822873571497
2007-07-21,Iraq,Vietnam,2.0,0.0,AFC Asian Cup,True,H,3,8.0,4.0,1.2,1.3333333333333333,1.2,1.6666666666666667,0.2,0.0,0.12000000000000002,0.13333333333333333,0.12000000000000002,0.16666666666666666,1422.971382022235,1490.8729395943112
2007-07-22,Iran,South Korea,0.0,0.0,AFC Asian Cup,True,D,3,8.0,5.0,1.4,0.8,1.2,1.2,0.0,0.0,0.14,0.08,0.12000000000000002,0.12000000000000002,1546.1483892929355,1500.8881440323207
2007-07-22,Saudi Arabia,Uzbekistan,2.0,1.0,AFC Asian Cup,True,H,3,7.0,10.0,1.4,2.4,1.4,0.8,0.2,0.1,0.14,0.24000000000000005,0.14,0.08,1430.2109391675376,1523.7428491661399
2007-07-25,Iraq,South Korea,0.0,0.0,AFC Asian Cup,True,D,3,8.0,5.0,1.2,0.6,1.0,1.0,0.0,0.0,0.12000000000000002,0.06000000000000001,0.1,0.1,1458.760949242459,1504.7742698996335
2007-07-25,Japan,Saudi Arabia,2.0,3.0,AFC Asian Cup,True,A,3,8.0,10.0,2.0,1.8,1.6,0.8,0.2,0.30000000000000004,0.2,0.18,0.16,0.08,1572.3193056088553,1468.097528363505
2007-07-28,South Korea,Japan,0.0,0.0,AFC Asian Cup,True,D,3,6.0,8.0,0.6,2.2,0.6,1.4,0.0,0.0,0.06000000000000001,0.22000000000000003,0.06000000000000001,0.14,1500.8242274521642,1533.5806303865934
2007-07-29,Iraq,Saudi Arabia,1.0,0.0,AFC Asian Cup,True,H,3,9.0,13.0,1.2,2.4,0.4,1.0,0.1,0.0,0.12000000000000002,0.24000000000000005,0.04,0.1,1462.7109916899283,1506.836203585767
2008-01-20,Ghana,Guinea,2.0,1.0,African Cup of Nations,False,H,3,6.0,9.0,1.0,2.0,1.6,1.2,0.2,0.1,0.1,0.2,0.16,0.12000000000000002,1584.8935041320103,1540.6845394444015
2008-01-21,Mali,Benin,1.0,0.0,African Cup of Nations,True,H,3,7.0,0.0,1.4,0.3333333333333333,1.8,2.6666666666666665,0.1,0.0,0.14,0.03333333333333333,0.18,0.26666666666666666,1531.3550816335526,1432.5508775951114
2008-01-21,Namibia,Morocco,1.0,5.0,African Cup of Nations,True,A,3,1.0,5.0,2.3333333333333335,1.0,3.6666666666666665,0.6,0.1,0.5,0.23333333333333336,0.1,0.3666666666666667,0.06000000000000001,1456.280120459125,1551.1805780796324
2008-01-21,Nigeria,Ivory Coast,0.0,1.0,African Cup of Nations,True,A,3,10.0,7.0,1.2,1.2,0.6,1.2,0.0,0.1,0.12000000000000002,0.12000000000000002,0.06000000000000001,0.12000000000000002,1671.5501369786891,1585.7346601302565
2008-01-22,Egypt,Cameroon,4.0,2.0,African Cup of Nations,True,H,3,11.0,10.0,1.8,1.8,0.6,0.8,0.4,0.2,0.18000000000000002,0.18000000000000002,0.06000000000000001,0.08,1657.2768387385668,1632.0742806099363
2008-01-22,Sudan,Zambia,0.0,3.0,African Cup of Nations,True,A,3,3.0,3.0,1.2,0.8,1.8,1.8,0.0,0.30000000000000004,0.12000000000000002,0.08,0.18,0.18,1480.1304093590754,1472.765966623291
2008-01-23,Tunisia,Senegal,2.0,2.0,African Cup of Nations,True,D,3,2.0,3.0,0.8,1.0,2.0,1.6,0.2,0.2,0.08,0.1,0.2,0.16,1478.8518750184173,1530.6059267268167
2008-01-23,South Africa,Angola,1.0,1.0,African Cup of Nations,True,D,3,1.0,6.0,0.2,0.8,2.0,0.8,0.1,0.1,0.02,0.08,0.2,0.08,1464.68166835706,1464.7295173996956
2008-01-24,Ghana,Namibia,1.0,0.0,African Cup of Nations,False,H,3,9.0,1.0,1.2,2.0,1.4,4.0,0.1,0.0,0.12000000000000002,0.2,0.14,0.4,1611.0966646507704,1434.2765985681197
2008-01-24,Guinea,Morocco,3.0,2.0,African Cup of Nations,True,H,3,9.0,5.0,2.0,1.2,1.2,0.8,0.30000000000000004,0.2,0.2,0.12,0.12000000000000002,0.08,1514.4813789256414,1573.1840999706378
2008-01-25,Ivory Coast,Benin,4.0,1.0,African Cup of Nations,True,H,3,7.0,0.0,1.2,0.25,1.2,2.25,0.4,0.1,0.12000000000000002,0.025,0.12000000000000002,0.225,1622.9974662598624,1410.8595353878484
2008-01-25,Nigeria,Mali,0.0,0.0,African Cup of Nations,True,D,3,7.0,7.0,0.8,1.0,0.8,1.6,0.0,0.0,0.08,0.1,0.08,0.16,1634.2873308490832,1553.0464238408156
2008-01-26,Cameroon,Zambia,5.0,1.0,African Cup of Nations,True,H,3,10.0,6.0,2.0,1.4,1.2,1.6,0.5,0.1,0.2,0.14,0.12000000000000002,0.16,1604.2466355242054,1503.401768507673
2008-01-26,Egypt,Sudan,3.0,0.0,African Cup of Nations,True,H,3,13.0,2.0,2.6,1.0,1.0,2.2,0.30000000000000004,0.0,0.26,0.1,0.1,0.22000000000000003,1685.1044838242976,1449.4946074746933
2008-01-27,Senegal,Angola,1.0,3.0,African Cup of Nations,True,A,3,4.0,6.0,1.4,1.0,1.8,1.0,0.1,0.30000000000000004,0.14,0.1,0.18,0.1,1526.169884868886,1464.725385781261
2008-01-27,Tunisia,South Africa,3.0,1.0,African Cup of Nations,True,H,3,3.0,2.0,1.2,0.4,1.8,1.4,0.30000000000000004,0.1,0.12000000000000002,0.04,0.18000000000000002,0.14,1483.2879168763482,1464.6857999754948
2008-01-28,Ghana,Morocco,2.0,0.0,African Cup of Nations,False,H,3,12.0,5.0,1.4,1.4,1.0,1.0,0.2,0.0,0.14,0.13999999999999999,0.1,0.1,1627.0233540047448,1538.1629889263781
2008-01-28,Guinea,Namibia,1.0,1.0,African Cup of Nations,True,D,3,9.0,1.0,2.2,1.6,1.6,3.4,0.1,0.1,0.22000000000000003,0.16,0.16,0.34,1549.502489969901,1418.3499092141453
2008-01-29,Ivory Coast,Mali,3.0,0.0,African Cup of Nations,True,H,3,9.0,7.0,2.0,0.8,1.4,1.4,0.30000000000000004,0.0,0.2,0.08,0.14,0.14,1636.6613656602926,1559.9362130703262
2008-01-29,Nigeria,Benin,2.0,0.0,African Cup of Nations,True,H,3,5.0,0.0,0.4,0.4,0.6,2.6,0.2,0.0,0.04,0.04,0.06000000000000001,0.26,1627.3975416195726,1397.1956359874182
2008-01-30,Egypt,Zambia,1.0,1.0,African Cup of Nations,True,D,3,13.0,6.0,2.6,1.4,0.8,2.2,0.1,0.1,0.26,0.14,0.08,0.22000000000000003,1697.3952228773023,1481.8728495582056
2008-01-30,Cameroon,Sudan,3.0,0.0,African Cup of Nations,True,H,3,10.0,2.0,2.4,0.6,1.2,2.0,0.30000000000000004,0.0,0.24,0.06000000000000001,0.12000000000000002,0.2,1625.7755544736729,1437.2038684216886
2008-01-31,Senegal,South Africa,1.0,1.0,African Cup of Nations,True,D,3,4.0,1.0,1.4,0.4,2.0,1.8,0.1,0.1,0.14,0.04,0.2,0.18000000000000002,1490.9189698488162,1436.29050277978
2008-01-31,Tunisia,Angola,0.0,0.0,African Cup of Nations,True,D,3,5.0,6.0,1.6,1.0,1.8,0.8,0.0,0.0,0.16,0.1,0.18000000000000002,0.08,1511.683214072063,1499.9763008013306
2008-02-03,Ivory Coast,Guinea,5.0,0.0,African Cup of Nations,True,H,3,12.0,7.0,2.4,2.0,1.0,1.6,0.5,0.0,0.24000000000000005,0.2,0.1,0.16,1660.142017058902,1538.6867851638422
2008-02-03,Ghana,Nigeria,2.0,1.0,African Cup of Nations,False,H,3,12.0,7.0,1.4,0.6,1.0,0.4,0.2,0.1,0.14,0.06000000000000001,0.1,0.04,1649.5135707843817,1639.995319274424
2008-02-04,Egypt,Angola,2.0,1.0,African Cup of Nations,True,H,3,11.0,7.0,2.0,1.0,0.8,0.6,0.2,0.1,0.2,0.1,0.08,0.06000000000000001,1680.8546311584118,1500.9867745601387
2008-02-04,Tunisia,Cameroon,2.0,3.0,African Cup of Nations,True,A,3,5.0,10.0,1.2,2.6,1.4,1.2,0.2,0.30000000000000004,0.12000000000000002,0.26,0.14,0.12000000000000002,1510.672740313255,1640.9234841245548
2008-02-07,Ghana,Cameroon,0.0,1.0,African Cup of Nations,False,A,3,12.0,10.0,1.4,2.8,1.0,1.6,0.0,0.1,0.14,0.28,0.1,0.16,1678.691904433325,1660.1755920516941
2008-02-07,Ivory Coast,Egypt,1.0,4.0,African Cup of Nations,True,A,3,15.0,11.0,3.2,2.0,0.6,0.8,0.1,0.4,0.32,0.2,0.06000000000000001,0.08,1680.0620262211469,1696.57691334046
2008-02-09,Ghana,Ivory Coast,4.0,2.0,African Cup of Nations,False,H,3,12.0,12.0,1.4,2.8,0.6,1.0,0.4,0.2,0.14,0.28,0.06000000000000001,0.1,1647.0945894858057,1651.4869631752808
2008-02-10,Cameroon,Egypt,0.0,1.0,African Cup of Nations,True,A,3,12.0,13.0,2.8,2.8,1.4,1.0,0.0,0.1,0.28,0.28,0.14,0.1,1691.7729069992133,1725.151976386326
2008-06-07,Portugal,Turkey,2.0,0.0,UEFA Euro,True,H,4,7.0,12.0,0.8,1.6,1.0,0.6,0.2,0.0,0.08,0.16,0.1,0.06000000000000001,1684.085815106366,1660.763972138747
2008-06-07,Switzerland,Czech Republic,0.0,1.0,UEFA Euro,False,A,4,8.0,6.0,1.0,1.2,0.6,1.0,0.0,0.1,0.1,0.12000000000000002,0.06000000000000001,0.1,1518.797533637945,1591.8261454407661
2008-06-08,Germany,Poland,2.0,0.0,UEFA Euro,True,H,4,10.0,6.0,1.8,1.0,0.8,1.8,0.2,0.0,0.18000000000000002,0.1,0.08,0.18,1790.2826516093135,1508.8808511765887
2008-06-08,Austria,Croatia,0.0,1.0,UEFA Euro,False,A,4,5.0,3.0,1.0,1.2,1.2,1.8,0.0,0.1,0.1,0.12000000000000002,0.12000000000000002,0.18,1497.199429069513,1563.9332531841612
2008-06-09,Romania,France,0.0,0.0,UEFA Euro,True,D,4,4.0,13.0,0.8,1.6,1.4,0.4,0.0,0.0,0.08,0.16,0.14,0.04,1572.3319151042529,1837.4354558737014
2008-06-09,Netherlands,Italy,3.0,0.0,UEFA Euro,True,H,4,7.0,13.0,0.8,1.8,0.8,0.2,0.30000000000000004,0.0,0.08,0.18000000000000002,0.08,0.02,1707.377880705658,1826.6008784570984
2008-06-10,Spain,Russia,4.0,1.0,UEFA Euro,True,H,4,9.0,3.0,1.8,0.8,1.0,1.6,0.4,0.1,0.18000000000000002,0.08,0.1,0.16,1663.3284075966858,1464.551229294474
2008-06-10,Greece,Sweden,0.0,2.0,UEFA Euro,True,A,4,10.0,6.0,1.0,0.6,0.6,0.8,0.0,0.2,0.1,0.06000000000000001,0.06000000000000001,0.08,1608.0635084251169,1635.0021364082552
2008-06-11,Czech Republic,Portugal,1.0,3.0,UEFA Euro,True,A,4,6.0,7.0,0.8,0.8,1.0,0.8,0.1,0.30000000000000004,0.08,0.08,0.1,0.08,1623.54008720297,1721.404814232411
2008-06-11,Switzerland,Turkey,1.0,2.0,UEFA Euro,False,A,4,8.0,9.0,0.8,1.0,0.2,1.0,0.1,0.2,0.08,0.1,0.02,0.1,1487.0835918757411,1623.4449730127021
2008-06-12,Austria,Poland,1.0,1.0,UEFA Euro,False,D,4,5.0,6.0,1.0,1.0,1.2,1.4,0.1,0.1,0.1,0.1,0.12000000000000002,0.14,1464.7893352444714,1495.6631262636781
2008-06-12,Croatia,Germany,2.0,1.0,UEFA Euro,True,H,4,5.0,10.0,1.0,1.6,1.4,0.8,0.2,0.1,0.1,0.16,0.14,0.08,1596.3433470092027,1803.500376522224
2008-06-13,Italy,Romania,1.0,1.0,UEFA Euro,True,D,4,10.0,5.0,1.4,0.8,0.8,1.2,0.1,0.1,0.14,0.08,0.08,0.12000000000000002,1773.3893624927373,1598.0462283855918
2008-06-13,Netherlands,France,4.0,1.0,UEFA Euro,True,H,4,10.0,11.0,1.2,1.2,0.4,0.4,0.4,0.1,0.12000000000000002,0.12000000000000002,0.04,0.04,1760.5893966700191,1811.7211425923624
2008-06-14,Sweden,Spain,1.0,2.0,UEFA Euro,True,A,4,8.0,12.0,1.0,2.6,0.8,1.0,0.1,0.2,0.1,0.26,0.08,0.1,1671.9069123543811,1682.6516303414842
2008-06-14,Greece,Russia,0.0,1.0,UEFA Euro,True,A,4,9.0,3.0,0.8,1.0,0.8,2.2,0.0,0.1,0.08,0.1,0.08,0.22000000000000003,1571.158732478991,1445.2280065496757
2008-06-15,Turkey,Czech Republic,3.0,2.0,UEFA Euro,True,H,4,9.0,6.0,1.2,1.0,1.2,1.4,0.30000000000000004,0.2,0.12000000000000002,0.1,0.12000000000000002,0.14,1648.5051368953768,1594.5183581315737
2008-06-15,Switzerland,Portugal,2.0,0.0,UEFA Euro,False,H,4,7.0,7.0,1.0,1.2,0.6,1.0,0.2,0.0,0.1,0.12000000000000002,0.06000000000000001,0.1,1462.0234279930664,1750.4265433038072
2008-06-16,Austria,Germany,0.0,1.0,UEFA Euro,False,A,4,3.0,7.0,0.8,1.4,1.2,1.2,0.0,0.1,0.08,0.14,0.12000000000000002,0.12000000000000002,1468.334485346652,1742.1254637085333
2008-06-16,Poland,Croatia,0.0,1.0,UEFA Euro,True,A,4,4.0,8.0,0.6,1.0,1.4,0.8,0.0,0.1,0.06000000000000001,0.1,0.14,0.08,1492.1179761614976,1657.7182598228935
2008-06-17,France,Italy,0.0,2.0,UEFA Euro,True,A,4,8.0,8.0,0.8,1.4,1.0,1.0,0.0,0.2,0.08,0.14,0.1,0.1,1765.8765176785057,1754.7578312168969
2008-06-17,Netherlands,Romania,2.0,0.0,UEFA Euro,True,H,4,10.0,5.0,1.8,0.8,0.6,1.2,0.2,0.0,0.18000000000000002,0.08,0.06000000000000001,0.12000000000000002,1806.4340215838758,1616.6777596614322
2008-06-18,Russia,Sweden,2.0,0.0,UEFA Euro,True,H,4,6.0,7.0,0.8,1.2,1.6,1.2,0.2,0.0,0.08,0.12000000000000002,0.16,0.12000000000000002,1499.1230890012007,1633.1435495111614
2008-06-18,Greece,Spain,1.0,2.0,UEFA Euro,True,A,4,9.0,12.0,0.6,2.2,0.6,1.2,0.1,0.2,0.06000000000000001,0.22000000000000003,0.06000000000000001,0.12000000000000002,1517.263650027466,1721.4149931847037
2008-06-19,Portugal,Germany,2.0,3.0,UEFA Euro,True,A,4,6.0,9.0,1.2,1.4,1.4,1.0,0.2,0.30000000000000004,0.12000000000000002,0.14,0.14,0.1,1683.2055509798329,1755.8337142794253
2008-06-20,Croatia,Turkey,1.0,1.0,UEFA Euro,True,D,4,11.0,9.0,1.2,1.6,0.6,1.6,0.1,0.1,0.12000000000000002,0.16,0.06000000000000001,0.16,1679.9764438627403,1682.3392248030411
2008-06-21,Netherlands,Russia,1.0,3.0,UEFA Euro,True,A,4,10.0,9.0,1.8,1.2,0.4,1.4,0.1,0.30000000000000004,0.18000000000000002,0.12000000000000002,0.04,0.14,1826.5284813299982,1553.8304313272345
2008-06-22,Spain,Italy,0.0,0.0,UEFA Euro,True,D,4,12.0,8.0,2.0,1.2,1.2,1.0,0.0,0.0,0.2,0.12000000000000002,0.12000000000000002,0.1,1740.288450887139,1796.037480486025
2008-06-25,Germany,Turkey,3.0,2.0,UEFA Euro,True,H,4,12.0,10.0,2.0,1.8,1.0,1.6,0.30000000000000004,0.2,0.2,0.18000000000000002,0.1,0.16,1787.5917915237646,1682.0672037879986
2008-06-26,Russia,Spain,0.0,3.0,UEFA Euro,True,A,4,12.0,10.0,1.8,1.8,1.2,1.2,0.0,0.30000000000000004,0.18000000000000002,0.18,0.12000000000000002,0.12000000000000002,1620.0505670118043,1746.6522722697791
2008-06-29,Germany,Spain,0.0,1.0,UEFA Euro,True,A,4,12.0,13.0,2.0,2.2,1.2,0.6,0.0,0.1,0.2,0.22000000000000003,0.12000000000000002,0.06000000000000001,1815.8031100639498,1772.6893078350051
2010-01-10,Angola,Mali,4.0,4.0,African Cup of Nations,False,D,3,6.0,4.0,1.2,0.4,1.0,1.8,0.4,0.4,0.12000000000000002,0.04,0.1,0.18000000000000002,1485.2644923780906,1536.4555616717169
2010-01-11,Ivory Coast,Burkina Faso,0.0,0.0,African Cup of Nations,True,D,3,9.0,1.0,3.0,0.6,1.8,2.0,0.0,0.0,0.3,0.06000000000000001,0.18,0.2,1621.1077153479787,1346.6108336204322
2010-01-11,Malawi,Algeria,3.0,0.0,African Cup of Nations,True,H,3,1.0,4.0,0.6666666666666666,1.0,2.0,1.8,0.30000000000000004,0.0,0.06666666666666667,0.1,0.20000000000000004,0.18000000000000002,1466.0691901147877,1444.486858957428
2010-01-12,Egypt,Nigeria,3.0,1.0,African Cup of Nations,True,H,3,13.0,7.0,2.2,0.8,0.6,0.6,0.30000000000000004,0.1,0.22000000000000003,0.08,0.06000000000000001,0.06000000000000001,1752.2786307060621,1610.8169856254808
2010-01-12,Mozambique,Benin,2.0,2.0,African Cup of Nations,True,D,3,0.0,0.0,0.2,0.4,2.2,2.6,0.2,0.2,0.02,0.04,0.22000000000000003,0.26,1336.425786032795,1384.5978583325668
2010-01-13,Cameroon,Gabon,0.0,1.0,African Cup of Nations,True,A,3,12.0,5.0,2.4,1.0,0.8,1.4,0.0,0.1,0.24000000000000005,0.1,0.08,0.14,1664.6462526794771,1416.7771292762684
2010-01-13,Zambia,Tunisia,1.0,1.0,African Cup of Nations,True,D,3,7.0,5.0,1.4,1.4,1.6,1.4,0.1,0.1,0.14,0.14,0.16,0.14,1498.4134412770961,1491.4206323861156
2010-01-14,Angola,Malawi,2.0,0.0,African Cup of Nations,False,H,3,6.0,4.0,1.8,1.25,1.6,1.5,0.2,0.0,0.18000000000000002,0.125,0.16,0.15000000000000002,1489.652973968098,1494.208015168707
2010-01-14,Mali,Algeria,0.0,1.0,African Cup of Nations,True,A,3,5.0,4.0,1.2,1.0,1.8,2.0,0.0,0.1,0.12000000000000002,0.1,0.18000000000000002,0.2,1532.0670800817095,1416.3480339035086
2010-01-15,Ivory Coast,Ghana,3.0,1.0,African Cup of Nations,True,H,3,7.0,12.0,2.2,1.8,1.6,0.8,0.30000000000000004,0.1,0.22000000000000003,0.18,0.16,0.08,1601.3543305561786,1677.4738373131079
2010-01-16,Nigeria,Benin,1.0,0.0,African Cup of Nations,True,H,3,4.0,1.0,0.8,0.8,1.2,2.2,0.1,0.0,0.08,0.08,0.12000000000000002,0.22000000000000003,1592.3987271981916,1380.464797915785
2010-01-16,Egypt,Mozambique,2.0,0.0,African Cup of Nations,True,H,3,13.0,1.0,2.2,0.6,0.8,2.4,0.2,0.0,0.22000000000000003,0.06000000000000001,0.08,0.24000000000000005,1770.6968891333513,1340.5588464495768
2010-01-17,Cameroon,Zambia,3.0,2.0,African Cup of Nations,True,H,3,9.0,8.0,1.4,1.4,0.8,1.4,0.30000000000000004,0.2,0.14,0.14,0.08,0.13999999999999999,1616.2616564825164,1497.8097151399907
2010-01-17,Gabon,Tunisia,0.0,0.0,African Cup of Nations,True,D,3,5.0,6.0,0.8,1.6,1.4,1.4,0.0,0.0,0.08,0.16,0.14,0.14,1465.1617254732291,1492.024358523221
2010-01-18,Angola,Algeria,0.0,0.0,African Cup of Nations,False,D,3,8.0,6.0,2.0,1.0,1.4,1.8,0.0,0.0,0.2,0.1,0.14,0.18000000000000002,1520.046265308574,1455.9862295105668
2010-01-18,Mali,Malawi,3.0,1.0,African Cup of Nations,True,H,3,5.0,4.0,1.0,1.0,1.6,1.6,0.30000000000000004,0.1,0.1,0.1,0.16,0.16,1492.4288844746513,1463.814723828231
2010-01-19,Burkina Faso,Ghana,0.0,1.0,African Cup of Nations,True,A,3,2.0,9.0,0.4,1.8,1.6,1.4,0.0,0.1,0.04,0.18,0.16,0.14,1366.3642184122323,1641.0043335799514
2010-01-20,Nigeria,Mozambique,3.0,0.0,African Cup of Nations,True,H,3,7.0,1.0,1.0,0.6,1.0,2.4,0.30000000000000004,0.0,0.1,0.06000000000000001,0.1,0.24000000000000005,1606.0750222960748,1335.905689046134
2010-01-20,Egypt,Benin,2.0,0.0,African Cup of Nations,True,H,3,15.0,1.0,2.4,0.6,0.6,2.0,0.2,0.0,0.24000000000000005,0.06000000000000001,0.06000000000000001,0.2,1775.350046536794,1366.7885028179019
2010-01-21,Cameroon,Tunisia,2.0,2.0,African Cup of Nations,True,D,3,9.0,6.0,1.4,1.2,1.2,1.0,0.2,0.2,0.14,0.12000000000000002,0.12000000000000002,0.1,1636.4123782440918,1489.709463231875
2010-01-21,Gabon,Zambia,1.0,2.0,African Cup of Nations,True,A,3,5.0,5.0,0.6,1.6,1.2,2.0,0.1,0.2,0.06000000000000001,0.16,0.12000000000000002,0.2,1467.4766207645753,1477.6589933784153
2010-01-24,Angola,Ghana,0.0,1.0,African Cup of Nations,False,A,3,6.0,9.0,1.4,1.6,1.2,1.4,0.0,0.1,0.14,0.16,0.12000000000000002,0.14,1514.576717777128,1651.2439449833912
2010-01-24,Ivory Coast,Algeria,2.0,3.0,African Cup of Nations,True,A,3,7.0,4.0,2.2,0.6,1.8,1.6,0.2,0.30000000000000004,0.22000000000000003,0.06000000000000001,0.18,0.16,1637.823834289335,1461.4557770420129
2010-01-25,Zambia,Nigeria,0.0,0.0,African Cup of Nations,True,D,3,5.0,9.0,1.4,1.6,2.2,1.0,0.0,0.0,0.14,0.16,0.22000000000000003,0.1,1506.7800282884382,1616.5350418759313
2010-01-25,Egypt,Cameroon,3.0,1.0,African Cup of Nations,True,H,3,15.0,7.0,2.4,1.2,0.4,1.2,0.30000000000000004,0.1,0.24000000000000005,0.12000000000000002,0.04,0.12000000000000002,1780.5650848453226,1624.447778868696
2010-01-28,Algeria,Egypt,0.0,4.0,African Cup of Nations,True,A,3,7.0,15.0,1.0,2.2,1.6,0.4,0.0,0.4,0.1,0.22000000000000003,0.16,0.04,1505.4986285616415,1797.9243522345812
2010-01-28,Ghana,Nigeria,1.0,0.0,African Cup of Nations,True,H,3,9.0,7.0,1.4,1.2,1.2,1.0,0.1,0.0,0.14,0.12000000000000002,0.12000000000000002,0.1,1670.0163505142534,1607.3611834227106
2010-01-30,Nigeria,Algeria,1.0,0.0,African Cup of Nations,True,H,3,7.0,7.0,1.0,0.8,0.8,1.8,0.1,0.0,0.1,0.08,0.08,0.18000000000000002,1582.713371168161,1496.099388714972
2010-01-31,Ghana,Egypt,0.0,1.0,African Cup of Nations,True,A,3,12.0,15.0,1.6,2.8,1.0,0.4,0.0,0.1,0.16,0.28,0.1,0.04,1694.664162768803,1807.3235920812506
2010-06-11,Uruguay,France,0.0,0.0,FIFA World Cup,True,D,5,8.0,5.0,1.6,0.6,1.2,1.4,0.0,0.0,0.16,0.06000000000000001,0.12000000000000002,0.14,1578.5805482568928,1724.5968684093775
2010-06-11,South Africa,Mexico,1.0,1.0,FIFA World Cup,False,D,5,2.0,10.0,0.6,2.2,1.6,1.0,0.1,0.1,0.06000000000000001,0.22000000000000003,0.16,0.1,1440.969012638944,1691.1276747694758
2010-06-12,Argentina,Nigeria,1.0,0.0,FIFA World Cup,True,H,5,12.0,10.0,2.4,1.0,1.0,0.2,0.1,0.0,0.24000000000000005,0.1,0.1,0.02,1824.3462751791153,1605.3856937537703
2010-06-12,England,United States,1.0,1.0,FIFA World Cup,True,D,5,11.0,1.0,1.2,0.8,0.4,2.2,0.1,0.1,0.12000000000000002,0.08,0.04,0.22000000000000003,1757.5279324485334,1385.8277914745493
2010-06-12,South Korea,Greece,2.0,0.0,FIFA World Cup,True,H,5,6.0,6.0,0.4,0.6,0.4,1.0,0.2,0.0,0.04,0.06000000000000001,0.04,0.1,1503.644291914534,1498.3901923250305
2010-06-13,Algeria,Slovenia,0.0,1.0,FIFA World Cup,True,A,5,7.0,1.0,0.8,0.6,1.4,1.8,0.0,0.1,0.08,0.06000000000000001,0.14,0.18000000000000002,1473.4270661293629,1390.5295157596827
2010-06-13,Germany,Australia,4.0,0.0,FIFA World Cup,True,H,5,9.0,5.0,1.6,1.4,1.4,1.2,0.4,0.0,0.16,0.14,0.14,0.12000000000000002,1770.864772158961,1490.1316081005286
2010-06-13,Serbia,Ghana,0.0,1.0,FIFA World Cup,True,A,5,0.0,9.0,1.2,0.8,4.0,0.8,0.0,0.1,0.12000000000000002,0.08,0.4000000000000001,0.08,1455.4222216020148,1674.0647723844863
2010-06-14,Netherlands,Denmark,2.0,0.0,FIFA World Cup,True,H,5,9.0,5.0,2.0,0.8,1.0,1.6,0.2,0.0,0.2,0.08,0.1,0.16,1760.3083456454283,1620.1359798277554
2010-06-14,Italy,Paraguay,1.0,1.0,FIFA World Cup,True,D,5,6.0,9.0,0.8,2.0,1.0,1.6,0.1,0.1,0.08,0.2,0.1,0.16,1789.673659103385,1570.8939372034224
2010-06-14,Japan,Cameroon,1.0,0.0,FIFA World Cup,True,H,5,8.0,4.0,2.0,1.2,1.2,1.8,0.1,0.0,0.2,0.12000000000000002,0.12000000000000002,0.18000000000000002,1530.7605659242236,1607.0885114794376
2010-06-15,Ivory Coast,Portugal,0.0,0.0,FIFA World Cup,True,D,5,4.0,6.0,1.6,1.6,2.4,1.8,0.0,0.0,0.16,0.16,0.24000000000000005,0.18000000000000002,1593.7809827697065,1651.4474737354935
2010-06-15,New Zealand,Slovakia,1.0,1.0,FIFA World Cup,True,D,5,0.0,0.0,0.6666666666666666,0.0,4.0,0.0,0.1,0.1,0.06666666666666667,0.0,0.4000000000000001,0.0,1412.2608849010353,1500.0
2010-06-15,Brazil,North Korea,2.0,1.0,FIFA World Cup,True,H,5,13.0,1.0,3.0,0.6,0.6,2.0,0.2,0.1,0.30000000000000004,0.06000000000000001,0.06000000000000001,0.2,1822.438534605425,1445.9582365914073
2010-06-16,Honduras,Chile,0.0,1.0,FIFA World Cup,True,A,5,10.0,4.0,1.4,1.0,0.8,2.6,0.0,0.1,0.14,0.1,0.08,0.26000000000000006,1536.1289232106608,1454.494926795755
2010-06-16,South Africa,Uruguay,0.0,3.0,FIFA World Cup,False,A,5,3.0,6.0,0.8,1.4,1.4,1.2,0.0,0.30000000000000004,0.08,0.14,0.14,0.12000000000000002,1471.814927104482,1598.4383891320865
2010-06-16,Spain,Switzerland,0.0,1.0,FIFA World Cup,True,A,5,13.0,7.0,1.6,1.0,0.4,0.6,0.0,0.1,0.16,0.1,0.04,0.06000000000000001,1817.627645739994,1529.2444203170407
2010-06-17,Argentina,South Korea,4.0,1.0,FIFA World Cup,True,H,5,12.0,9.0,1.8,0.6,0.6,0.0,0.4,0.1,0.18000000000000002,0.06000000000000001,0.06000000000000001,0.0,1846.4361180502062,1552.8882238368415
2010-06-17,France,Mexico,0.0,2.0,FIFA World Cup,True,A,5,3.0,8.0,0.4,2.0,1.4,1.0,0.0,0.2,0.04,0.20000000000000004,0.14,0.1,1704.7390275341838,1660.2817603039377
2010-06-17,Greece,Nigeria,2.0,1.0,FIFA World Cup,True,H,5,3.0,7.0,0.4,0.8,1.4,0.4,0.2,0.1,0.04,0.08,0.14,0.04,1449.146260402723,1583.2958508826794
2010-06-18,Slovenia,United States,2.0,2.0,FIFA World Cup,True,D,5,4.0,1.0,0.6,0.8,1.4,2.2,0.2,0.2,0.06000000000000001,0.08,0.14,0.22000000000000003,1452.2380846140481,1425.2978193778476
2010-06-18,Germany,Serbia,0.0,1.0,FIFA World Cup,True,A,5,12.0,0.0,2.2,0.6,1.0,3.4,0.0,0.1,0.22000000000000003,0.06000000000000001,0.1,0.34,1787.440083172273,1433.30085531923
2010-06-18,England,Algeria,0.0,0.0,FIFA World Cup,True,D,5,9.0,4.0,1.2,0.6,0.6,1.6,0.0,0.0,0.12000000000000002,0.06000000000000001,0.06000000000000001,0.16,1718.057904545235,1411.7184972749974
2010-06-19,Cameroon,Denmark,1.0,2.0,FIFA World Cup,True,A,5,4.0,5.0,1.2,0.8,1.8,1.4,0.1,0.2,0.12000000000000002,0.08,0.18000000000000002,0.14,1546.2774072048333,1589.2807678204888
2010-06-19,Ghana,Australia,1.0,1.0,FIFA World Cup,True,D,5,12.0,5.0,0.8,1.4,0.2,1.8,0.1,0.1,0.08,0.14,0.02,0.18000000000000002,1696.186138667271,1473.5562970872165
2010-06-19,Netherlands,Japan,1.0,0.0,FIFA World Cup,True,H,5,12.0,8.0,2.4,1.6,0.8,1.0,0.1,0.0,0.24000000000000005,0.16,0.08,0.1,1791.1635576526949,1591.5716701988279
2010-06-20,Slovakia,Paraguay,0.0,2.0,FIFA World Cup,True,A,5,1.0,7.0,1.0,1.8,1.0,1.8,0.0,0.2,0.1,0.18,0.1,0.18000000000000002,1487.6350658561485,1598.7861713628358
2010-06-20,Brazil,Ivory Coast,3.0,1.0,FIFA World Cup,True,H,5,13.0,5.0,2.8,1.4,0.8,1.6,0.30000000000000004,0.1,0.28,0.14,0.08,0.16,1832.7120676548257,1602.004481148004
2010-06-20,Italy,New Zealand,1.0,1.0,FIFA World Cup,True,D,5,6.0,1.0,0.8,0.75,1.0,3.25,0.1,0.1,0.08,0.07500000000000001,0.1,0.325,1761.7814249439716,1424.6258190448868
2010-06-21,Chile,Switzerland,1.0,0.0,FIFA World Cup,True,H,5,7.0,7.0,1.0,0.8,2.2,0.6,0.1,0.0,0.1,0.08,0.22000000000000003,0.06000000000000001,1516.0314813063226,1613.2691238877753
2010-06-21,Portugal,North Korea,7.0,0.0,FIFA World Cup,True,H,5,7.0,1.0,1.4,0.6,1.2,2.0,0.7000000000000001,0.0,0.14,0.06000000000000001,0.12000000000000002,0.2,1643.223975357196,1435.6847035420067
2010-06-21,Spain,Honduras,2.0,0.0,FIFA World Cup,True,H,5,10.0,7.0,1.2,1.0,0.4,1.0,0.2,0.0,0.12000000000000002,0.1,0.04,0.1,1733.6029421692594,1474.5923687000932
2010-06-22,Greece,Argentina,0.0,2.0,FIFA World Cup,True,A,5,3.0,12.0,0.6,2.4,1.6,0.8,0.0,0.2,0.06000000000000001,0.24000000000000005,0.16,0.08,1517.5465071120007,1862.0163651460762
2010-06-22,Mexico,Uruguay,0.0,1.0,FIFA World Cup,True,A,5,10.0,8.0,2.4,2.0,1.0,1.2,0.0,0.1,0.24000000000000005,0.2,0.1,0.12000000000000002,1716.6449841557028,1630.9819341249931
2010-06-22,Nigeria,South Korea,2.0,2.0,FIFA World Cup,True,D,5,4.0,6.0,0.4,0.6,0.8,0.8,0.2,0.2,0.04,0.06000000000000001,0.08,0.08,1514.8956041734018,1537.3079767409715
2010-06-22,South Africa,France,2.0,1.0,FIFA World Cup,False,H,5,3.0,2.0,0.8,0.2,1.8,1.6,0.2,0.1,0.08,0.02,0.18000000000000002,0.16,1439.2713821115753,1648.3758036824188
2010-06-23,United States,Algeria,1.0,0.0,FIFA World Cup,True,H,5,2.0,4.0,1.0,0.6,2.2,1.6,0.1,0.0,0.1,0.06000000000000001,0.22000000000000003,0.16,1429.1670836539272,1447.0823868581317
2010-06-23,Slovenia,England,0.0,1.0,FIFA World Cup,True,A,5,4.0,7.0,1.0,0.8,1.8,0.6,0.0,0.1,0.1,0.08,0.18000000000000002,0.06000000000000001,1448.3688203379686,1682.6940149621007
2010-06-23,Australia,Serbia,2.0,1.0,FIFA World Cup,True,H,5,5.0,3.0,1.4,0.6,1.8,2.2,0.2,0.1,0.14,0.06000000000000001,0.18000000000000002,0.22000000000000003,1501.827824248152,1521.779809331264
2010-06-23,Ghana,Germany,0.0,1.0,FIFA World Cup,True,A,5,10.0,9.0,0.8,2.0,0.4,1.2,0.0,0.1,0.08,0.2,0.04,0.12000000000000002,1667.9146115063356,1698.9611291602391
2010-06-24,Cameroon,Netherlands,1.0,2.0,FIFA World Cup,True,A,5,4.0,12.0,1.4,2.0,2.0,0.8,0.1,0.2,0.14,0.2,0.2,0.08,1502.4346774000649,1815.231773004819
2010-06-24,Denmark,Japan,1.0,3.0,FIFA World Cup,True,A,5,7.0,5.0,1.2,0.8,1.6,1.0,0.1,0.30000000000000004,0.12000000000000002,0.08,0.16,0.1,1633.1234976252572,1567.5034548467038
2010-06-24,Paraguay,New Zealand,0.0,0.0,FIFA World Cup,True,D,5,7.0,2.0,1.2,0.8,1.8,2.8,0.0,0.0,0.12000000000000002,0.08,0.18000000000000002,0.28,1633.3145055897446,1462.0700795953546
2010-06-24,Slovakia,Italy,3.0,2.0,FIFA World Cup,True,H,5,1.0,7.0,0.5,1.0,1.5,0.6,0.30000000000000004,0.2,0.05,0.1,0.15000000000000002,0.06000000000000001,1453.1067316292397,1724.3371643935038
2010-06-25,Switzerland,Honduras,0.0,0.0,FIFA World Cup,True,D,5,6.0,4.0,0.8,0.8,0.8,1.4,0.0,0.0,0.08,0.08,0.08,0.14,1549.629773380168,1456.21497136864
2010-06-25,Chile,Spain,1.0,2.0,FIFA World Cup,True,A,5,7.0,10.0,0.6,1.2,1.8,0.2,0.1,0.2,0.06000000000000001,0.12000000000000002,0.18000000000000002,0.02,1579.67083181393,1751.9803395007127
2010-06-25,North Korea,Ivory Coast,0.0,3.0,FIFA World Cup,True,A,5,1.0,5.0,0.6,1.2,2.8,1.4,0.0,0.30000000000000004,0.06000000000000001,0.12000000000000002,0.28,0.14,1412.4426224581255,1581.056430416428
2010-06-25,Portugal,Brazil,0.0,0.0,FIFA World Cup,True,D,5,7.0,13.0,2.4,3.2,1.2,1.0,0.0,0.0,0.24000000000000005,0.32,0.12000000000000002,0.1,1666.4660564410772,1853.6601183864018
2010-06-26,Uruguay,South Korea,2.0,1.0,FIFA World Cup,True,H,5,8.0,6.0,1.4,1.0,1.0,1.2,0.2,0.1,0.14,0.1,0.1,0.12000000000000002,1693.0659584852299,1534.0870435525324
2010-06-26,United States,Ghana,1.0,2.0,FIFA World Cup,True,A,5,5.0,7.0,1.0,0.6,1.4,0.6,0.1,0.2,0.1,0.06000000000000001,0.14,0.06000000000000001,1481.7430203986426,1622.3707101503594
2010-06-27,Argentina,Mexico,3.0,1.0,FIFA World Cup,True,H,5,12.0,7.0,2.0,1.2,0.8,1.2,0.30000000000000004,0.1,0.2,0.12000000000000002,0.08,0.12000000000000002,1874.117071939117,1654.560959795466
2010-06-27,Germany,England,4.0,1.0,FIFA World Cup,True,H,5,9.0,9.0,1.6,0.6,0.8,0.2,0.4,0.1,0.16,0.06000000000000001,0.08,0.02,1744.5050305162154,1703.2992992733552
2010-06-28,Brazil,Chile,3.0,0.0,FIFA World Cup,True,H,5,11.0,7.0,2.0,0.8,0.8,1.6,0.30000000000000004,0.0,0.2,0.08,0.08,0.16,1829.0566262002817,1552.617003244564
2010-06-28,Netherlands,Slovakia,2.0,1.0,FIFA World Cup,True,H,5,12.0,4.0,1.6,1.3333333333333333,0.8,1.6666666666666667,0.2,0.1,0.16,0.13333333333333333,0.08,0.16666666666666666,1829.4095186108489,1535.761112857332
2010-06-29,Paraguay,Japan,0.0,0.0,FIFA World Cup,True,D,5,5.0,7.0,0.6,1.2,1.6,1.0,0.0,0.0,0.06000000000000001,0.12000000000000002,0.16,0.1,1610.489499918978,1626.8362289966533
2010-06-29,Spain,Portugal,1.0,0.0,FIFA World Cup,True,H,5,12.0,5.0,1.6,1.8,0.4,1.0,0.1,0.0,0.16,0.18000000000000002,0.04,0.1,1779.0341680700785,1691.0695486271973
2010-07-02,Netherlands,Brazil,2.0,1.0,FIFA World Cup,True,H,5,12.0,13.0,1.6,2.2,1.0,0.4,0.2,0.1,0.16,0.22000000000000003,0.1,0.04,1844.982157127796,1845.976531420296
2010-07-02,Uruguay,Ghana,1.0,1.0,FIFA World Cup,True,D,5,10.0,7.0,1.4,0.8,0.8,0.8,0.1,0.1,0.14,0.08,0.08,0.08,1721.6605464154236,1653.170030622236
2010-07-03,Argentina,Germany,0.0,4.0,FIFA World Cup,True,A,5,12.0,9.0,2.0,1.8,1.0,0.6,0.0,0.4,0.2,0.18,0.1,0.06000000000000001,1896.1479720034974,1788.602697015991
2010-07-03,Paraguay,Spain,0.0,1.0,FIFA World Cup,True,A,5,6.0,12.0,0.6,1.2,1.4,0.4,0.0,0.1,0.06000000000000001,0.12000000000000002,0.14,0.04,1612.8402489980026,1816.638770833398
2010-07-06,Uruguay,Netherlands,2.0,3.0,FIFA World Cup,True,A,5,11.0,15.0,1.4,1.8,0.4,0.6,0.2,0.30000000000000004,0.14,0.18,0.04,0.06000000000000001,1711.9296932533841,1895.1252587009913
2010-07-07,Germany,Spain,0.0,1.0,FIFA World Cup,True,A,5,12.0,12.0,2.6,1.2,0.4,0.4,0.0,0.1,0.26,0.12000000000000002,0.04,0.04,1853.6036333800585,1840.267223617387
2010-07-10,Uruguay,Germany,2.0,3.0,FIFA World Cup,True,A,5,10.0,9.0,1.8,1.8,1.0,0.6,0.2,0.30000000000000004,0.18000000000000002,0.18,0.1,0.06000000000000001,1686.0946217121102,1801.6853118132453
2010-07-11,Netherlands,Spain,0.0,1.0,FIFA World Cup,True,A,5,15.0,15.0,2.0,1.4,1.0,0.2,0.0,0.1,0.2,0.14,0.1,0.02,1920.9603302422652,1892.1855451842
2011-01-07,Qatar,Uzbekistan,0.0,2.0,AFC Asian Cup,False,A,3,3.0,7.0,0.8,2.4,1.2,1.2,0.0,0.2,0.08,0.24000000000000005,0.12000000000000002,0.12000000000000002,1379.9715528219126,1485.8562599701725
2011-01-08,Kuwait,China PR,0.0,2.0,AFC Asian Cup,True,A,3,4.0,5.0,1.0,1.8,2.0,2.0,0.0,0.2,0.1,0.18,0.2,0.2,1470.2562297095087,1456.3740984979281
2011-01-09,Japan,Jordan,1.0,1.0,AFC Asian Cup,True,D,3,8.0,6.0,0.8,0.75,0.4,0.25,0.1,0.1,0.08,0.07500000000000001,0.04,0.025,1624.4854799176287,1538.247384607542
2011-01-09,Saudi Arabia,Syria,1.0,2.0,AFC Asian Cup,True,A,3,12.0,9.0,2.2,1.0,1.0,1.2,0.1,0.2,0.22000000000000003,0.1,0.1,0.12000000000000002,1473.046480281621,1497.2518164299174
2011-01-10,India,Australia,0.0,4.0,AFC Asian Cup,True,A,3,4.0,8.0,0.6,1.6,1.6,1.4,0.0,0.4,0.06000000000000001,0.16,0.16,0.14,1448.518126772866,1554.695993527462
2011-01-10,South Korea,Bahrain,2.0,1.0,AFC Asian Cup,True,H,3,5.0,3.0,1.2,1.6,1.6,3.0,0.2,0.1,0.12000000000000002,0.16,0.16,0.3,1505.4924556223386,1400.8141391142594
2011-01-11,Iraq,Iran,1.0,2.0,AFC Asian Cup,True,A,3,11.0,9.0,1.2,1.4,0.2,0.8,0.1,0.2,0.12000000000000002,0.14,0.02,0.08,1496.5007149940743,1542.2622634256227
2011-01-11,North Korea,United Arab Emirates,0.0,0.0,AFC Asian Cup,True,D,3,1.0,4.0,0.6,0.6,3.0,1.6,0.0,0.0,0.06000000000000001,0.06000000000000001,0.30000000000000004,0.16,1384.966910527093,1459.7468484499873
2011-01-12,Uzbekistan,Kuwait,2.0,1.0,AFC Asian Cup,True,H,3,9.0,3.0,2.4,1.0,0.8,2.4,0.2,0.1,0.24000000000000005,0.1,0.08,0.24000000000000005,1506.9863632187748,1439.0581876275435
2011-01-12,Qatar,China PR,2.0,0.0,AFC Asian Cup,False,H,3,2.0,7.0,0.6,2.0,1.4,1.8,0.2,0.0,0.06000000000000001,0.2,0.14,0.18000000000000002,1358.8414495733102,1487.5721405798934
2011-01-13,Syria,Japan,1.0,2.0,AFC Asian Cup,True,A,3,9.0,8.0,1.2,1.0,1.4,0.6,0.1,0.2,0.12000000000000002,0.1,0.14,0.06000000000000001,1525.1651346539902,1617.188330865758
2011-01-13,Jordan,Saudi Arabia,1.0,0.0,AFC Asian Cup,True,H,3,7.0,9.0,0.8,2.0,0.4,1.2,0.1,0.0,0.08,0.2,0.04,0.12000000000000002,1545.5445336594128,1445.1331620575481
2011-01-14,Australia,South Korea,1.0,1.0,AFC Asian Cup,True,D,3,8.0,7.0,1.6,1.6,1.4,1.8,0.1,0.1,0.16,0.16,0.14,0.18,1575.803001925959,1526.7177182831485
2011-01-14,Bahrain,India,5.0,2.0,AFC Asian Cup,True,H,3,3.0,1.0,1.2,0.0,2.6,2.2,0.5,0.2,0.12000000000000002,0.0,0.26,0.22000000000000003,1379.5888764534495,1427.411118374369
2011-01-15,Iran,North Korea,1.0,0.0,AFC Asian Cup,True,H,3,11.0,1.0,1.6,0.4,0.8,2.8,0.1,0.0,0.16,0.04,0.08,0.28,1568.333585883421,1391.3260344822495
2011-01-15,United Arab Emirates,Iraq,0.0,1.0,AFC Asian Cup,True,A,3,5.0,8.0,0.6,0.8,1.2,0.4,0.0,0.1,0.06000000000000001,0.08,0.12000000000000002,0.04,1453.3877244948308,1470.429392536276
2011-01-16,Qatar,Kuwait,3.0,0.0,AFC Asian Cup,False,H,3,5.0,3.0,1.0,0.8,1.2,2.2,0.30000000000000004,0.0,0.1,0.08,0.12000000000000002,0.22000000000000003,1399.474757366449,1414.849967599849
2011-01-16,China PR,Uzbekistan,2.0,2.0,AFC Asian Cup,True,D,3,7.0,12.0,1.8,2.6,1.6,0.6,0.2,0.2,0.18,0.26,0.16,0.06000000000000001,1446.9388327867546,1531.1945832464694
2011-01-17,Jordan,Syria,2.0,1.0,AFC Asian Cup,True,H,3,9.0,6.0,1.0,1.2,0.4,1.8,0.2,0.1,0.1,0.12000000000000002,0.04,0.18000000000000002,1567.1079112682414,1502.9303162498418
2011-01-17,Saudi Arabia,Japan,0.0,5.0,AFC Asian Cup,True,A,3,6.0,8.0,1.2,1.2,1.4,0.8,0.0,0.5,0.12000000000000002,0.12000000000000002,0.14,0.08,1423.5697844487195,1639.4231492699064
2011-01-18,Australia,Bahrain,1.0,0.0,AFC Asian Cup,True,H,3,8.0,6.0,1.6,1.8,1.4,2.2,0.1,0.0,0.16,0.18,0.14,0.22000000000000003,1571.5926133296264,1413.6922993169644
2011-01-18,South Korea,India,4.0,1.0,AFC Asian Cup,True,H,3,5.0,1.0,1.4,0.4,2.0,2.8,0.4,0.1,0.14,0.04,0.2,0.28,1530.9281068794812,1393.307695510854
2011-01-19,Iraq,North Korea,1.0,0.0,AFC Asian Cup,True,H,3,10.0,1.0,1.0,0.2,0.4,2.6,0.1,0.0,0.1,0.02,0.04,0.26,1498.959075582343,1375.4119681383388
2011-01-19,United Arab Emirates,Iran,0.0,3.0,AFC Asian Cup,True,A,3,4.0,11.0,0.6,1.4,1.4,0.6,0.0,0.30000000000000004,0.06000000000000001,0.14,0.14,0.06000000000000001,1424.8580414487637,1584.2476522273316
2011-01-21,Qatar,Japan,2.0,3.0,AFC Asian Cup,False,A,3,7.0,11.0,1.4,2.2,1.0,0.6,0.2,0.30000000000000004,0.14,0.22000000000000003,0.1,0.06000000000000001,1430.801493772363,1652.8626759675467
2011-01-21,Uzbekistan,Jordan,2.0,1.0,AFC Asian Cup,True,H,3,10.0,9.0,2.0,1.0,1.0,0.6,0.2,0.1,0.2,0.1,0.1,0.06000000000000001,1524.0586984497797,1591.6285508781148
2011-01-22,Australia,Iraq,1.0,0.0,AFC Asian Cup,True,H,3,11.0,10.0,1.8,0.8,0.6,0.4,0.1,0.0,0.18,0.08,0.06000000000000001,0.04,1588.8255316917714,1518.7191751576768
2011-01-22,Iran,South Korea,0.0,1.0,AFC Asian Cup,True,A,3,13.0,8.0,1.6,2.0,0.2,1.4,0.0,0.1,0.16,0.2,0.02,0.14,1601.375456736051,1549.62980866618
2011-01-25,Uzbekistan,Australia,0.0,6.0,AFC Asian Cup,True,A,3,10.0,13.0,1.8,1.8,1.2,0.4,0.0,0.6000000000000001,0.18,0.18,0.12000000000000002,0.04,1559.8206855884484,1612.852903789038
2011-01-25,Japan,South Korea,2.0,2.0,AFC Asian Cup,True,D,3,11.0,10.0,2.2,1.8,0.8,1.0,0.2,0.2,0.22000000000000003,0.18,0.08,0.1,1665.9331940983423,1584.0651407589328
2011-01-28,Uzbekistan,South Korea,2.0,3.0,AFC Asian Cup,True,A,3,10.0,11.0,1.6,2.0,2.0,1.0,0.2,0.30000000000000004,0.16,0.2,0.2,0.1,1534.3646208903288,1591.0062046663884
2011-01-29,Australia,Japan,0.0,1.0,AFC Asian Cup,True,A,3,13.0,11.0,2.6,2.6,0.2,1.2,0.0,0.1,0.26,0.26,0.02,0.12000000000000002,1638.3089684871577,1658.9921301908867
2011-07-01,Argentina,Bolivia,1.0,1.0,Copa América,False,D,4,12.0,3.0,2.0,1.0,1.2,1.4,0.1,0.1,0.2,0.1,0.12000000000000002,0.14,1831.14703563943,1345.5409857343923
2011-07-02,Colombia,Costa Rica,1.0,0.0,Copa América,True,H,4,3.0,3.0,0.8,1.0,2.8,2.4,0.1,0.0,0.08,0.1,0.28,0.24000000000000005,1584.700339622722,1369.6398887539167
2011-07-03,Paraguay,Ecuador,0.0,0.0,Copa América,True,D,4,6.0,0.0,0.6,0.6,0.4,2.0,0.0,0.0,0.06000000000000001,0.06000000000000001,0.04,0.2,1589.2117962140137,1399.1617770424225
2011-07-03,Brazil,Venezuela,0.0,0.0,Copa América,True,D,4,10.0,6.0,1.8,1.2,0.8,1.4,0.0,0.0,0.18000000000000002,0.12000000000000002,0.08,0.14,1795.8334298471007,1237.0745928606689
2011-07-04,Chile,Mexico,2.0,1.0,Copa América,True,H,4,6.0,7.0,0.8,1.4,2.2,1.2,0.2,0.1,0.08,0.14,0.22000000000000003,0.12000000000000002,1535.6970980245499,1632.5300597310857
2011-07-04,Uruguay,Peru,1.0,1.0,Copa América,True,D,4,7.0,4.0,1.6,1.0,1.6,1.8,0.1,0.1,0.16,0.1,0.16,0.18,1652.1417137738783,1468.8721281314108
2011-07-06,Argentina,Colombia,0.0,0.0,Copa América,False,D,4,10.0,6.0,2.0,1.0,1.4,2.2,0.0,0.0,0.2,0.1,0.14,0.22000000000000003,1795.7530129192714,1602.683258811273
2011-07-07,Bolivia,Costa Rica,0.0,2.0,Copa América,True,A,4,4.0,0.0,1.2,0.6,1.4,2.4,0.0,0.2,0.12000000000000002,0.06000000000000001,0.14,0.24000000000000005,1380.9350084545508,1351.6569695653657
2011-07-08,Peru,Mexico,1.0,0.0,Copa América,True,H,4,5.0,4.0,1.2,1.0,1.8,1.4,0.1,0.0,0.12000000000000002,0.1,0.18,0.14,1488.2106015939314,1581.6617166837827
2011-07-08,Uruguay,Chile,1.0,1.0,Copa América,True,D,4,5.0,9.0,1.6,1.0,1.8,1.2,0.1,0.1,0.16,0.1,0.18000000000000002,0.12000000000000002,1632.8032403113577,1586.5654410718528
2011-07-09,Venezuela,Ecuador,1.0,0.0,Copa América,True,H,4,6.0,1.0,1.0,0.6,1.2,1.4,0.1,0.0,0.1,0.06000000000000001,0.12000000000000002,0.14,1273.990557160441,1419.0927513058728
2011-07-09,Brazil,Paraguay,2.0,2.0,Copa América,True,D,4,8.0,6.0,1.4,0.4,0.6,0.2,0.2,0.2,0.14,0.04,0.06000000000000001,0.02,1758.9174655473284,1569.2808219505634
2011-07-10,Colombia,Bolivia,2.0,0.0,Copa América,True,H,4,7.0,3.0,0.8,1.0,1.8,1.6,0.2,0.0,0.08,0.1,0.18,0.16,1622.874443392752,1337.5722059379548
2011-07-11,Argentina,Costa Rica,3.0,0.0,Copa América,False,H,4,8.0,3.0,1.2,1.0,1.2,2.0,0.30000000000000004,0.0,0.12000000000000002,0.1,0.12000000000000002,0.2,1775.5618283377923,1395.0197720819617
2011-07-12,Chile,Peru,1.0,0.0,Copa América,True,H,4,7.0,5.0,1.0,0.8,1.4,1.8,0.1,0.0,0.1,0.08,0.14,0.18,1591.8575581782184,1538.7173943124008
2011-07-12,Uruguay,Mexico,1.0,0.0,Copa América,True,H,4,3.0,3.0,1.4,0.8,1.8,1.4,0.1,0.0,0.14,0.08,0.18000000000000002,0.14,1627.5111232049921,1531.1549239653134
2011-07-13,Brazil,Ecuador,4.0,2.0,Copa América,True,H,4,6.0,1.0,1.2,0.6,0.8,1.4,0.4,0.2,0.12000000000000002,0.06000000000000001,0.08,0.14,1739.0222881897137,1363.2952134750985
2011-07-13,Paraguay,Venezuela,3.0,3.0,Copa América,True,D,4,4.0,8.0,0.4,0.8,0.6,0.8,0.30000000000000004,0.30000000000000004,0.04,0.08,0.06000000000000001,0.08,1589.1759993081782,1329.7880949912153
2011-07-16,Colombia,Peru,0.0,2.0,Copa América,True,A,4,10.0,5.0,1.2,0.8,0.8,1.6,0.0,0.2,0.12000000000000002,0.08,0.08,0.16,1635.8462864151031,1504.7881167369635
2011-07-16,Argentina,Uruguay,1.0,1.0,Copa América,False,D,4,8.0,5.0,1.4,1.4,1.2,1.6,0.1,0.1,0.14,0.14,0.12000000000000002,0.16,1783.6098243689294,1656.6936361614185
2011-07-17,Brazil,Paraguay,0.0,0.0,Copa América,True,D,4,8.0,4.0,2.0,1.0,1.2,1.2,0.0,0.0,0.2,0.1,0.12000000000000002,0.12000000000000002,1747.2731446968637,1563.8518697920806
2011-07-17,Chile,Venezuela,1.0,2.0,Copa América,True,A,4,7.0,6.0,1.0,1.0,1.4,1.4,0.1,0.2,0.1,0.1,0.14,0.14,1625.7868357536556,1355.112224507313
2011-07-19,Peru,Uruguay,0.0,2.0,Copa América,True,A,4,7.0,6.0,0.8,1.2,1.2,1.2,0.0,0.2,0.08,0.12000000000000002,0.12000000000000002,0.12000000000000002,1559.1995988591418,1670.6883849093515
2011-07-20,Paraguay,Venezuela,0.0,0.0,Copa América,True,D,4,4.0,8.0,1.0,1.4,1.2,1.6,0.0,0.0,0.1,0.14,0.12000000000000002,0.16,1583.2037223773018,1421.1989936195023
2011-07-23,Peru,Venezuela,4.0,1.0,Copa América,True,H,4,7.0,9.0,0.8,1.2,0.8,0.8,0.4,0.1,0.08,0.12000000000000002,0.08,0.08,1531.612075382189,1438.606772786101
2011-07-24,Uruguay,Paraguay,3.0,0.0,Copa América,True,H,4,9.0,5.0,1.2,1.0,0.6,1.0,0.30000000000000004,0.0,0.12000000000000002,0.1,0.06000000000000001,0.1,1698.2759083863043,1565.7959432107032
2012-01-21,Equatorial Guinea,Libya,1.0,0.0,African Cup of Nations,False,H,3,0.0,5.0,0.0,0.8,0.0,1.4,0.1,0.0,0.0,0.08,0.0,0.14,1500.0,1525.4820113508608
2012-01-21,Senegal,Zambia,1.0,2.0,African Cup of Nations,True,A,3,2.0,6.0,1.0,1.2,1.8,1.2,0.1,0.2,0.1,0.12000000000000002,0.18000000000000002,0.12000000000000002,1486.2404599896522,1515.9538867416588
2012-01-22,Burkina Faso,Angola,1.0,2.0,African Cup of Nations,True,A,3,2.0,5.0,0.2,1.4,1.4,1.4,0.1,0.2,0.02,0.14,0.14,0.14,1356.1246070087925,1495.8043122462657
2012-01-22,Ivory Coast,Sudan,1.0,0.0,African Cup of Nations,True,H,3,7.0,1.0,1.8,0.2,1.4,2.2,0.1,0.0,0.18000000000000002,0.02,0.14,0.22000000000000003,1608.5321423474604,1422.0559387708067
2012-01-23,Morocco,Tunisia,1.0,2.0,African Cup of Nations,True,A,3,5.0,4.0,1.4,1.0,1.2,1.2,0.1,0.2,0.13999999999999999,0.1,0.12000000000000002,0.12000000000000002,1515.6727721467412,1501.6740626072706
2012-01-23,Gabon,Niger,2.0,0.0,African Cup of Nations,False,H,3,5.0,0.0,0.6,0.0,1.0,0.0,0.2,0.0,0.06000000000000001,0.0,0.1,0.0,1438.3555858545524,1500.0
2012-01-24,Mali,Guinea,1.0,0.0,African Cup of Nations,True,H,3,5.0,4.0,1.4,1.4,1.8,2.6,0.1,0.0,0.14,0.14,0.18000000000000002,0.26,1519.963710366148,1518.7667760015972
2012-01-24,Ghana,Botswana,1.0,0.0,African Cup of Nations,True,H,3,8.0,0.0,1.0,0.0,0.8,0.0,0.1,0.0,0.1,0.0,0.08,0.0,1662.9008837842755,1500.0
2012-01-25,Equatorial Guinea,Senegal,2.0,1.0,African Cup of Nations,False,H,3,3.0,2.0,1.0,1.0,0.0,1.8,0.2,0.1,0.1,0.1,0.0,0.18000000000000002,1532.1963569173854,1458.7998866265666
2012-01-25,Libya,Zambia,2.0,2.0,African Cup of Nations,True,D,3,2.0,8.0,0.4,1.4,1.4,1.2,0.2,0.2,0.04,0.14,0.14,0.12000000000000002,1493.2856544334754,1543.3944601047444
2012-01-26,Ivory Coast,Burkina Faso,2.0,0.0,African Cup of Nations,True,H,3,7.0,1.0,1.4,0.4,1.2,1.8,0.2,0.0,0.14,0.04,0.12000000000000002,0.18000000000000002,1623.8170710853678,1337.575157088374
2012-01-26,Sudan,Angola,2.0,2.0,African Cup of Nations,True,D,3,1.0,8.0,0.2,1.6,2.2,1.2,0.2,0.2,0.02,0.16,0.22000000000000003,0.12000000000000002,1406.771010032899,1514.3537621666842
2012-01-27,Gabon,Morocco,3.0,2.0,African Cup of Nations,False,H,3,8.0,4.0,0.8,1.6,0.4,1.6,0.30000000000000004,0.2,0.08,0.16,0.04,0.16,1473.6232324067082,1484.4646800711985
2012-01-27,Niger,Tunisia,1.0,2.0,African Cup of Nations,True,A,3,0.0,6.0,0.0,1.4,2.0,1.4,0.1,0.2,0.0,0.14,0.2,0.14,1464.7323534478442,1532.8821546828133
2012-01-28,Ghana,Mali,2.0,0.0,African Cup of Nations,True,H,3,8.0,7.0,1.0,1.6,0.8,1.8,0.2,0.0,0.1,0.16,0.08,0.18000000000000002,1679.7823950059235,1549.8603591540773
2012-01-28,Botswana,Guinea,1.0,6.0,African Cup of Nations,True,A,3,0.0,4.0,0.0,1.0,1.0,2.2,0.1,0.6000000000000001,0.0,0.1,0.1,0.22000000000000003,1483.118488778352,1488.870127213668
2012-01-29,Equatorial Guinea,Zambia,0.0,1.0,African Cup of Nations,False,A,3,6.0,8.0,1.5,1.6,0.5,1.4,0.0,0.1,0.15000000000000002,0.16,0.05,0.14,1555.9514194861229,1539.097470356533
2012-01-29,Libya,Senegal,2.0,1.0,African Cup of Nations,True,H,3,2.0,2.0,0.6,1.2,1.6,2.0,0.2,0.1,0.06000000000000001,0.12000000000000002,0.16,0.2,1497.5826441816869,1435.0448240578291
2012-01-30,Ivory Coast,Angola,2.0,0.0,African Cup of Nations,True,H,3,10.0,8.0,1.4,1.2,0.6,0.8,0.2,0.0,0.14,0.12000000000000002,0.06000000000000001,0.08,1633.5019414326107,1505.3502556863002
2012-01-30,Sudan,Burkina Faso,2.0,1.0,African Cup of Nations,True,H,3,1.0,1.0,0.4,0.2,2.4,1.6,0.2,0.1,0.04,0.02,0.24000000000000005,0.16,1415.774516513283,1327.8902867411311
2012-01-31,Gabon,Tunisia,1.0,0.0,African Cup of Nations,False,H,3,10.0,9.0,1.4,1.4,0.8,1.0,0.1,0.0,0.14,0.14,0.08,0.1,1504.5590545309065,1557.071953546348
2012-01-31,Niger,Morocco,0.0,1.0,African Cup of Nations,True,A,3,0.0,3.0,0.5,2.0,2.0,2.2,0.0,0.1,0.05,0.2,0.2,0.22000000000000003,1440.5425545843095,1453.5288579470002
2012-02-01,Ghana,Guinea,1.0,1.0,African Cup of Nations,True,D,3,10.0,7.0,1.2,2.0,0.6,2.0,0.1,0.1,0.12000000000000002,0.20000000000000004,0.06000000000000001,0.2,1699.0592512234057,1518.373536192371
2012-02-01,Botswana,Mali,1.0,2.0,African Cup of Nations,True,A,3,0.0,7.0,0.5,1.6,3.5,1.6,0.1,0.2,0.05,0.16,0.35000000000000003,0.16,1453.615079799649,1530.583502936595
2012-02-04,Zambia,Sudan,3.0,0.0,African Cup of Nations,True,H,3,11.0,4.0,1.4,0.8,0.8,2.0,0.30000000000000004,0.0,0.14,0.08,0.08,0.2,1570.5516168645188,1438.3437933399127
2012-02-04,Equatorial Guinea,Ivory Coast,0.0,3.0,African Cup of Nations,False,A,3,6.0,12.0,1.0,1.8,0.6666666666666666,0.6,0.0,0.30000000000000004,0.10000000000000002,0.18000000000000002,0.06666666666666667,0.06000000000000001,1524.497272978137,1652.9123738419419
2012-02-05,Gabon,Mali,1.0,1.0,African Cup of Nations,False,D,3,10.0,9.0,1.4,1.2,0.8,1.0,0.1,0.1,0.14,0.12000000000000002,0.08,0.1,1539.0591670550339,1554.0441436945048
2012-02-05,Ghana,Tunisia,2.0,1.0,African Cup of Nations,True,H,3,11.0,8.0,1.4,1.2,0.6,1.0,0.2,0.1,0.14,0.12000000000000002,0.06000000000000001,0.1,1684.726970646667,1522.5718410222205
2012-02-08,Mali,Ivory Coast,0.0,1.0,African Cup of Nations,True,A,3,10.0,15.0,1.4,2.2,1.0,0.0,0.0,0.1,0.14,0.22000000000000003,0.1,0.0,1552.7510385201238,1672.3029005041371
2012-02-08,Zambia,Ghana,1.0,0.0,African Cup of Nations,True,H,3,11.0,11.0,1.6,1.4,0.6,0.6,0.1,0.0,0.16,0.14,0.06000000000000001,0.06000000000000001,1589.6567251556594,1701.6606111979836
2012-02-11,Ghana,Mali,0.0,2.0,African Cup of Nations,True,A,3,10.0,7.0,1.2,0.8,0.6,1.0,0.0,0.2,0.12000000000000002,0.08,0.06000000000000001,0.1,1662.311077884878,1532.6849662313566
2012-02-12,Zambia,Ivory Coast,0.0,0.0,African Cup of Nations,True,D,3,13.0,15.0,1.8,1.8,0.6,0.0,0.0,0.0,0.18000000000000002,0.18000000000000002,0.06000000000000001,0.0,1629.006258468765,1692.3689727929043
2012-06-08,Russia,Czech Republic,4.0,1.0,UEFA Euro,True,H,4,9.0,3.0,1.4,0.8,1.6,2.0,0.4,0.1,0.14,0.08,0.16,0.2,1594.0135314465783,1560.6842702239094
2012-06-08,Poland,Greece,1.0,1.0,UEFA Euro,False,D,4,4.0,3.0,0.6,0.6,1.2,1.6,0.1,0.1,0.06000000000000001,0.06000000000000001,0.12000000000000002,0.16,1469.8597921216508,1505.4458003189598
2012-06-09,Netherlands,Denmark,0.0,1.0,UEFA Euro,True,A,4,12.0,4.0,1.8,1.0,1.2,2.2,0.0,0.1,0.18000000000000002,0.1,0.12000000000000002,0.22000000000000003,1866.8287479754904,1573.7907234753077
2012-06-09,Germany,Portugal,1.0,0.0,UEFA Euro,True,H,4,12.0,5.0,2.4,1.8,0.8,0.8,0.1,0.0,0.24000000000000005,0.18000000000000002,0.08,0.08,1835.6382197514772,1653.4649458638778
2012-06-10,Spain,Italy,1.0,1.0,UEFA Euro,True,D,4,15.0,6.0,1.2,1.2,0.2,1.0,0.1,0.1,0.12000000000000002,0.12000000000000002,0.02,0.1,1946.3171274509748,1641.6827831654116
2012-06-10,Republic of Ireland,Croatia,1.0,3.0,UEFA Euro,True,A,4,6.0,11.0,1.2,1.4,1.0,0.8,0.1,0.30000000000000004,0.12000000000000002,0.14,0.1,0.08,1615.072282598199,1680.248464877783
2012-06-11,France,England,1.0,1.0,UEFA Euro,True,D,4,1.0,6.0,0.4,0.6,2.0,1.0,0.1,0.1,0.04,0.06000000000000001,0.2,0.1,1571.4575376610055,1659.2016327735796
2012-06-11,Ukraine,Sweden,2.0,1.0,UEFA Euro,False,H,4,7.0,4.0,1.0,1.0,1.4,1.6,0.2,0.1,0.1,0.1,0.14,0.16,1531.0008010614738,1578.4362071851276
2012-06-12,Poland,Russia,1.0,1.0,UEFA Euro,False,D,4,5.0,12.0,0.8,2.0,1.2,1.0,0.1,0.1,0.08,0.2,0.12000000000000002,0.1,1473.9425156404416,1630.1880857236324
2012-06-12,Greece,Czech Republic,1.0,2.0,UEFA Euro,True,A,4,4.0,3.0,0.8,1.0,1.6,2.4,0.1,0.2,0.08,0.1,0.16,0.24000000000000005,1501.363076800169,1524.5097159468553
2012-06-13,Netherlands,Germany,1.0,2.0,UEFA Euro,True,A,4,9.0,12.0,1.4,2.4,1.2,0.8,0.1,0.2,0.14,0.24000000000000005,0.12000000000000002,0.08,1799.323860133674,1856.396609787147
2012-06-13,Denmark,Portugal,2.0,3.0,UEFA Euro,True,A,4,6.0,5.0,0.8,1.4,1.8,0.4,0.2,0.30000000000000004,0.08,0.14,0.18000000000000002,0.04,1641.295611317124,1632.706555828208
2012-06-14,Spain,Republic of Ireland,4.0,0.0,UEFA Euro,True,H,4,13.0,6.0,1.0,1.4,0.2,1.2,0.4,0.0,0.1,0.14,0.02,0.12000000000000002,1918.1244605317358,1582.4891692368265
2012-06-14,Italy,Croatia,1.0,1.0,UEFA Euro,True,D,4,4.0,13.0,1.0,1.6,1.2,0.6,0.1,0.1,0.1,0.16,0.12000000000000002,0.06000000000000001,1669.8754500846505,1712.8315782391555
2012-06-15,Sweden,England,2.0,3.0,UEFA Euro,True,A,4,3.0,6.0,0.8,0.8,1.6,1.2,0.2,0.30000000000000004,0.08,0.08,0.16,0.12000000000000002,1533.0086862308228,1649.3091471790199
2012-06-15,Ukraine,France,0.0,2.0,UEFA Euro,False,A,4,10.0,2.0,1.4,0.4,0.8,1.4,0.0,0.2,0.14,0.04,0.08,0.14,1576.4283220157786,1581.350023255565
2012-06-16,Poland,Czech Republic,0.0,1.0,UEFA Euro,False,A,4,3.0,6.0,0.6,1.4,1.2,2.2,0.0,0.1,0.06000000000000001,0.14,0.12000000000000002,0.22000000000000003,1490.8089690903123,1561.8487962195934
2012-06-16,Greece,Russia,1.0,0.0,UEFA Euro,True,H,4,4.0,10.0,0.8,2.0,1.6,1.2,0.1,0.0,0.08,0.2,0.16,0.12000000000000002,1464.0239965274309,1613.3216322737617
2012-06-17,Denmark,Germany,1.0,2.0,UEFA Euro,True,A,4,6.0,12.0,1.2,2.0,1.8,0.8,0.1,0.2,0.12000000000000002,0.2,0.18000000000000002,0.08,1600.3069611542555,1889.8843376308776
2012-06-17,Portugal,Netherlands,2.0,1.0,UEFA Euro,True,H,4,7.0,6.0,2.0,1.2,0.8,1.4,0.2,0.1,0.2,0.12000000000000002,0.08,0.14,1673.6952059910764,1765.8361322899436
2012-06-18,Croatia,Spain,0.0,1.0,UEFA Euro,True,A,4,11.0,13.0,1.6,1.6,0.8,0.2,0.0,0.1,0.16,0.16,0.08,0.02,1707.9111175469666,1928.246173595022
2012-06-18,Italy,Republic of Ireland,2.0,0.0,UEFA Euro,True,H,4,4.0,5.0,1.2,1.2,1.4,1.8,0.2,0.0,0.12000000000000002,0.12000000000000002,0.14,0.18000000000000002,1674.7959107768395,1572.3674561735404
2012-06-19,Sweden,France,2.0,0.0,UEFA Euro,True,H,4,3.0,5.0,1.2,0.8,1.8,1.0,0.2,0.0,0.12000000000000002,0.08,0.18000000000000002,0.1,1505.919610156045,1620.7834293591304
2012-06-19,Ukraine,England,0.0,1.0,UEFA Euro,False,A,4,7.0,8.0,0.6,1.2,1.2,1.4,0.0,0.1,0.06000000000000001,0.12000000000000002,0.12000000000000002,0.14,1536.9949159122132,1676.3982232537976
2012-06-21,Czech Republic,Portugal,0.0,1.0,UEFA Euro,True,A,4,6.0,7.0,1.4,1.0,2.2,1.0,0.0,0.1,0.14,0.1,0.22000000000000003,0.1,1593.7821376589277,1724.061426419398
2012-06-22,Germany,Greece,4.0,2.0,UEFA Euro,True,H,4,12.0,7.0,1.6,1.0,1.0,1.2,0.4,0.2,0.16,0.1,0.1,0.12000000000000002,1902.5909295517274,1520.2272583729969
2012-06-23,Spain,France,2.0,0.0,UEFA Euro,True,H,4,13.0,4.0,1.6,0.8,0.2,1.4,0.2,0.0,0.16,0.08,0.02,0.14,1945.8093530666347,1568.020870370552
2012-06-24,England,Italy,0.0,0.0,UEFA Euro,True,D,4,10.0,6.0,1.4,1.4,1.4,1.2,0.0,0.0,0.14,0.14,0.14,0.12000000000000002,1701.1580170197074,1703.3335722062268
2012-06-27,Portugal,Spain,0.0,0.0,UEFA Euro,True,D,4,9.0,13.0,1.2,1.8,1.0,0.2,0.0,0.0,0.12000000000000002,0.18,0.1,0.02,1749.7280391932993,1953.9728118947587
2012-06-28,Germany,Italy,1.0,2.0,UEFA Euro,True,A,4,15.0,6.0,2.4,1.2,1.2,1.0,0.1,0.2,0.24000000000000005,0.12000000000000002,0.12000000000000002,0.1,1910.5633408841688,1703.0831054327064
2012-07-01,Spain,Italy,4.0,0.0,UEFA Euro,True,H,4,11.0,9.0,1.6,1.2,0.2,0.6,0.4,0.0,0.16,0.12000000000000002,0.02,0.06000000000000001,1932.8385148158982,1764.4845898816657
2013-01-19,South Africa,Cape Verde,0.0,0.0,African Cup of Nations,False,D,3,5.0,0.0,1.0,0.0,1.8,0.0,0.0,0.0,0.1,0.0,0.18000000000000002,0.0,1516.1896481329886,1500.0
2013-01-19,Angola,Morocco,0.0,0.0,African Cup of Nations,True,D,3,5.0,3.0,0.8,1.2,1.2,2.0,0.0,0.0,0.08,0.12000000000000002,0.12000000000000002,0.2,1485.939823276969,1482.4080522814788
2013-01-20,Mali,Niger,1.0,0.0,African Cup of Nations,True,H,3,7.0,0.0,1.0,0.3333333333333333,1.0,1.6666666666666667,0.1,0.0,0.1,0.03333333333333333,0.1,0.16666666666666666,1573.3858156766594,1411.663360249831
2013-01-20,Ghana,DR Congo,2.0,2.0,African Cup of Nations,True,D,3,7.0,4.0,1.0,0.6,1.0,1.4,0.2,0.2,0.1,0.06000000000000001,0.1,0.14,1621.6102284395752,1388.8436442137397
2013-01-21,Nigeria,Burkina Faso,1.0,1.0,African Cup of Nations,True,D,3,4.0,1.0,0.8,0.4,1.2,1.4,0.1,0.1,0.08,0.04,0.12000000000000002,0.14,1518.116537361841,1305.3210099145015
2013-01-21,Zambia,Ethiopia,1.0,1.0,African Cup of Nations,True,D,3,11.0,2.0,1.4,0.4,0.4,1.4,0.1,0.1,0.14,0.04,0.04,0.14,1634.417574623548,1394.5286507982212
2013-01-22,Ivory Coast,Togo,2.0,1.0,African Cup of Nations,True,H,3,13.0,0.0,1.6,0.6,0.0,2.2,0.2,0.1,0.16,0.06000000000000001,0.0,0.22000000000000003,1686.9576566381213,1293.4088610388449
2013-01-22,Tunisia,Algeria,1.0,0.0,African Cup of Nations,True,H,3,7.0,1.0,1.4,0.0,1.4,1.4,0.1,0.0,0.14,0.0,0.14,0.14,1505.638200470904,1394.5064501134163
2013-01-23,Morocco,Cape Verde,1.0,1.0,African Cup of Nations,True,D,3,4.0,1.0,0.8,0.0,1.4,0.0,0.1,0.1,0.08,0.0,0.14,0.0,1482.7129993996411,1501.3969156823846
2013-01-23,South Africa,Angola,2.0,0.0,African Cup of Nations,False,H,3,6.0,5.0,0.8,0.8,1.2,1.2,0.2,0.0,0.08,0.08,0.12000000000000002,0.12000000000000002,1514.792732450604,1485.6348761588067
2013-01-24,Ghana,Mali,1.0,0.0,African Cup of Nations,True,H,3,5.0,10.0,1.0,1.2,1.4,0.6,0.1,0.0,0.1,0.12000000000000002,0.14,0.06000000000000001,1604.0616986171233,1590.34974553535
2013-01-24,Niger,DR Congo,0.0,0.0,African Cup of Nations,True,D,3,0.0,5.0,0.25,1.0,1.5,1.6,0.0,0.0,0.025,0.1,0.15000000000000002,0.16,1394.6994303911404,1406.3921740361916
2013-01-25,Burkina Faso,Ethiopia,4.0,0.0,African Cup of Nations,True,H,3,1.0,3.0,0.6,0.4,1.6,1.2,0.4,0.0,0.06000000000000001,0.04,0.16,0.12000000000000002,1321.6970139446396,1412.4768933171551
2013-01-25,Zambia,Nigeria,1.0,1.0,African Cup of Nations,True,D,3,11.0,5.0,1.2,1.0,0.2,1.2,0.1,0.1,0.12000000000000002,0.1,0.02,0.12000000000000002,1616.469332104614,1501.7405333317029
2013-01-26,Ivory Coast,Tunisia,3.0,0.0,African Cup of Nations,True,H,3,13.0,9.0,1.6,1.2,0.2,1.0,0.30000000000000004,0.0,0.16,0.12000000000000002,0.02,0.1,1692.5991670248486,1526.3567122697884
2013-01-26,Algeria,Togo,0.0,2.0,African Cup of Nations,True,A,3,1.0,0.0,0.0,0.8,0.8,2.2,0.0,0.2,0.0,0.08,0.08,0.22000000000000003,1373.7879383145319,1287.7673506521176
2013-01-27,Cape Verde,Angola,2.0,1.0,African Cup of Nations,True,H,3,2.0,5.0,0.5,0.8,0.5,1.4,0.2,0.1,0.05,0.08,0.05,0.14,1499.7851700494705,1458.1466736924908
2013-01-27,South Africa,Morocco,2.0,2.0,African Cup of Nations,False,D,3,8.0,5.0,1.0,1.0,1.0,1.2,0.2,0.2,0.1,0.1,0.1,0.12000000000000002,1542.28093491692,1484.3247450325553
2013-01-28,DR Congo,Mali,1.0,1.0,African Cup of Nations,True,D,3,3.0,7.0,0.6,0.8,1.6,0.6,0.1,0.1,0.06000000000000001,0.08,0.16,0.06000000000000001,1405.3829223948192,1561.5331164048994
2013-01-28,Niger,Ghana,0.0,3.0,African Cup of Nations,True,A,3,1.0,7.0,0.2,1.0,1.2,1.2,0.0,0.30000000000000004,0.02,0.1,0.12000000000000002,0.12000000000000002,1395.7086820325128,1632.8783277475738
2013-01-29,Burkina Faso,Zambia,0.0,0.0,African Cup of Nations,True,D,3,4.0,9.0,1.4,1.2,1.4,0.4,0.0,0.0,0.14,0.12000000000000002,0.14,0.04,1359.3619391575746,1606.9078858955577
2013-01-29,Ethiopia,Nigeria,0.0,2.0,African Cup of Nations,True,A,3,2.0,3.0,0.2,1.0,1.8,1.4,0.0,0.2,0.02,0.1,0.18000000000000002,0.14,1374.81196810422,1511.3019795407592
2013-01-30,Algeria,Ivory Coast,2.0,2.0,African Cup of Nations,True,D,3,1.0,13.0,0.0,1.8,1.0,0.2,0.2,0.2,0.0,0.18000000000000002,0.1,0.02,1336.5084618889405,1709.248300802823
2013-01-30,Togo,Tunisia,1.0,1.0,African Cup of Nations,True,D,3,3.0,6.0,0.8,0.8,1.6,1.4,0.1,0.1,0.08,0.08,0.16,0.14,1325.046827077709,1509.7075784918138
2013-02-02,Ghana,Cape Verde,2.0,0.0,African Cup of Nations,True,H,3,7.0,5.0,1.2,1.0,1.0,0.6666666666666666,0.2,0.0,0.12000000000000002,0.10000000000000002,0.1,0.06666666666666667,1645.0815496435596,1526.2069281646932
2013-02-02,South Africa,Mali,1.0,1.0,African Cup of Nations,False,D,3,8.0,7.0,1.2,0.8,1.2,0.6,0.1,0.1,0.12000000000000002,0.08,0.12000000000000002,0.06000000000000001,1537.3225012719743,1548.8900482876597
2013-02-03,Burkina Faso,Togo,1.0,0.0,African Cup of Nations,True,H,3,5.0,4.0,1.2,0.8,1.0,1.4,0.1,0.0,0.12000000000000002,0.08,0.1,0.14,1377.7290998956466,1339.6425497827101
2013-02-03,Ivory Coast,Nigeria,1.0,2.0,African Cup of Nations,True,A,3,11.0,6.0,1.6,1.4,0.6,1.2,0.1,0.2,0.16,0.14,0.06000000000000001,0.12000000000000002,1685.5325325733177,1530.0875463359066
2013-02-06,Mali,Nigeria,1.0,4.0,African Cup of Nations,True,A,3,8.0,9.0,1.0,1.6,0.6,1.0,0.1,0.4,0.1,0.16,0.06000000000000001,0.1,1547.8915948879148,1572.6804941138694
2013-02-06,Burkina Faso,Ghana,1.0,1.0,African Cup of Nations,True,D,3,8.0,10.0,1.4,1.6,0.6,0.8,0.1,0.1,0.14,0.16,0.06000000000000001,0.08,1404.4535530083626,1665.1997212014796
2013-02-09,Mali,Ghana,3.0,1.0,African Cup of Nations,True,H,3,5.0,11.0,0.8,1.8,1.4,0.6,0.30000000000000004,0.1,0.08,0.18000000000000002,0.14,0.06000000000000001,1520.0284158619181,1646.1365248993234
2013-02-10,Nigeria,Burkina Faso,1.0,0.0,African Cup of Nations,True,H,3,11.0,9.0,2.0,1.4,0.8,0.4,0.1,0.0,0.2,0.14,0.08,0.04,1600.543673139866,1423.516749310519
2014-06-12,Brazil,Croatia,3.0,1.0,FIFA World Cup,False,H,5,6.0,8.0,1.4,1.2,1.2,0.8,0.30000000000000004,0.1,0.14,0.12000000000000002,0.12000000000000002,0.08,1727.9212921116425,1690.3479380753538
2014-06-13,Mexico,Cameroon,1.0,0.0,FIFA World Cup,True,H,5,0.0,1.0,0.4,1.0,1.6,2.0,0.1,0.0,0.04,0.1,0.16,0.2,1501.972411008887,1488.256931794035
2014-06-13,Spain,Netherlands,1.0,5.0,FIFA World Cup,True,A,5,13.0,3.0,2.2,1.0,0.0,1.6,0.1,0.5,0.22000000000000003,0.1,0.0,0.16,1954.8429406180321,1715.469911861622
2014-06-13,Chile,Australia,3.0,1.0,FIFA World Cup,True,H,5,7.0,10.0,1.0,1.8,1.4,0.4,0.30000000000000004,0.1,0.1,0.18000000000000002,0.14,0.04,1559.7000666414663,1610.0927894817382
2014-06-14,Colombia,Greece,3.0,0.0,FIFA World Cup,True,H,5,10.0,4.0,0.8,1.0,0.4,1.8,0.30000000000000004,0.0,0.08,0.1,0.04,0.18,1581.4348042929248,1512.2548470405554
2014-06-14,England,Italy,1.0,2.0,FIFA World Cup,True,A,5,8.0,8.0,1.2,1.0,1.4,1.2,0.1,0.2,0.12000000000000002,0.1,0.14,0.12000000000000002,1701.4084837932278,1742.4801640795317
2014-06-14,Ivory Coast,Japan,2.0,1.0,FIFA World Cup,True,H,5,8.0,13.0,1.6,2.6,1.0,1.0,0.2,0.1,0.16,0.26,0.1,0.1,1642.939584795355,1687.2083091963061
2014-06-14,Uruguay,Costa Rica,1.0,3.0,FIFA World Cup,True,A,5,11.0,3.0,1.6,0.6,0.4,1.8,0.1,0.30000000000000004,0.16,0.06000000000000001,0.04,0.18000000000000002,1723.7221946085638,1386.9717760508247
2014-06-15,Argentina,Bosnia and Herzegovina,2.0,1.0,FIFA World Cup,True,H,5,6.0,0.0,1.0,0.0,1.2,0.0,0.2,0.1,0.1,0.0,0.12000000000000002,0.0,1769.6150756209963,1500.0
2014-06-15,France,Honduras,3.0,0.0,FIFA World Cup,True,H,5,4.0,2.0,0.8,0.4,1.4,1.4,0.30000000000000004,0.0,0.08,0.04,0.14,0.14,1559.857411542428,1469.343596822425
2014-06-15,Switzerland,Ecuador,2.0,1.0,FIFA World Cup,True,H,5,7.0,1.0,0.8,0.6,0.6,1.6,0.2,0.1,0.08,0.06000000000000001,0.06000000000000001,0.16,1536.5011479263828,1355.0443569679485
2014-06-16,Ghana,United States,1.0,2.0,FIFA World Cup,True,A,5,10.0,5.0,1.6,1.0,0.8,1.2,0.1,0.2,0.16,0.1,0.08,0.12000000000000002,1605.701747214595,1450.943699926766
2014-06-16,Iran,Nigeria,0.0,0.0,FIFA World Cup,True,D,5,10.0,13.0,1.2,2.0,0.4,0.6,0.0,0.0,0.12000000000000002,0.2,0.04,0.06000000000000001,1566.9401246432983,1616.4564355415698
2014-06-16,Germany,Portugal,4.0,0.0,FIFA World Cup,True,H,5,12.0,10.0,2.0,1.2,1.2,0.8,0.4,0.0,0.2,0.12000000000000002,0.12000000000000002,0.08,1849.1618564352095,1770.8623362721598
2014-06-17,Belgium,Algeria,2.0,1.0,FIFA World Cup,True,H,5,5.0,2.0,1.2,0.4,1.8,1.2,0.2,0.1,0.12000000000000002,0.04,0.18,0.12000000000000002,1547.6057998984431,1360.2242301184458
2014-06-17,Brazil,Mexico,0.0,0.0,FIFA World Cup,False,D,5,9.0,3.0,1.8,0.6,1.0,1.4,0.0,0.0,0.18000000000000002,0.06000000000000001,0.1,0.14,1772.5350334207037,1549.9996195647416
2014-06-17,Russia,South Korea,1.0,1.0,FIFA World Cup,True,D,5,7.0,11.0,1.6,2.2,1.4,1.2,0.1,0.1,0.16,0.22000000000000003,0.14,0.12000000000000002,1557.1183704281957,1616.1582508926701
2014-06-18,Australia,Netherlands,2.0,3.0,FIFA World Cup,True,A,5,9.0,3.0,1.8,1.4,0.8,1.4,0.2,0.30000000000000004,0.18000000000000002,0.13999999999999999,0.08,0.14,1552.8911238788444,1795.3359378667456
2014-06-18,Cameroon,Croatia,0.0,4.0,FIFA World Cup,True,A,5,0.0,5.0,0.6,1.2,1.8,1.4,0.0,0.4,0.06000000000000001,0.12000000000000002,0.18000000000000002,0.14,1440.2297232381804,1645.7341967662926
2014-06-18,Spain,Chile,0.0,2.0,FIFA World Cup,True,A,5,10.0,10.0,1.6,1.6,1.0,1.0,0.0,0.2,0.16,0.16,0.1,0.1,1874.9769146129086,1616.9017322443601
2014-06-19,Uruguay,England,2.0,1.0,FIFA World Cup,True,H,5,10.0,8.0,1.6,1.2,0.8,1.0,0.2,0.1,0.16,0.12000000000000002,0.08,0.1,1636.3035649924261,1657.2917937716963
2014-06-19,Colombia,Ivory Coast,2.0,1.0,FIFA World Cup,True,H,5,10.0,10.0,1.2,2.0,0.4,1.2,0.2,0.1,0.12000000000000002,0.2,0.04,0.12000000000000002,1621.6085274904372,1699.2761127725744
2014-06-19,Japan,Greece,0.0,0.0,FIFA World Cup,True,D,5,10.0,4.0,2.4,1.0,1.2,2.0,0.0,0.0,0.24000000000000005,0.1,0.12000000000000002,0.2,1630.8717812190866,1472.081123843043
2014-06-20,Italy,Costa Rica,0.0,1.0,FIFA World Cup,True,A,5,10.0,6.0,1.2,1.2,1.2,1.4,0.0,0.1,0.12000000000000002,0.12000000000000002,0.12000000000000002,0.14,1786.5968541010632,1474.3904056669624
2014-06-20,Switzerland,France,2.0,5.0,FIFA World Cup,True,A,5,10.0,7.0,1.0,1.2,0.4,1.0,0.2,0.5,0.1,0.12000000000000002,0.04,0.1,1562.5284645678446,1597.118333448279
2014-06-20,Honduras,Ecuador,1.0,2.0,FIFA World Cup,True,A,5,2.0,1.0,0.4,0.6,1.6,1.6,0.1,0.2,0.04,0.06000000000000001,0.16,0.16,1432.0826749165742,1329.0170403264867
2014-06-21,Argentina,Iran,1.0,0.0,FIFA World Cup,True,H,5,9.0,10.0,1.4,1.2,0.6,0.4,0.1,0.0,0.14,0.12000000000000002,0.06000000000000001,0.04,1787.0944147443915,1574.0182363559222
2014-06-21,Germany,Ghana,2.0,2.0,FIFA World Cup,True,D,5,12.0,7.0,2.6,1.6,1.2,1.2,0.2,0.2,0.26,0.16,0.12000000000000002,0.12000000000000002,1888.0806191693393,1534.7950078024146
2014-06-21,Nigeria,Bosnia and Herzegovina,1.0,0.0,FIFA World Cup,True,H,5,13.0,0.0,1.8,1.0,0.4,2.0,0.1,0.0,0.18,0.1,0.04,0.2,1609.378323828946,1482.5206608766048
2014-06-22,Belgium,Russia,1.0,0.0,FIFA World Cup,True,H,5,8.0,5.0,1.6,1.2,1.6,1.4,0.1,0.0,0.16,0.12000000000000002,0.16,0.14,1572.981862439267,1565.5340430875654
2014-06-22,South Korea,Algeria,2.0,4.0,FIFA World Cup,True,A,5,11.0,1.0,2.2,0.6,1.2,1.6,0.2,0.4,0.22000000000000003,0.06000000000000001,0.12000000000000002,0.16,1607.7425782333005,1334.848167577622
2014-06-22,United States,Portugal,2.0,2.0,FIFA World Cup,True,D,5,8.0,10.0,1.4,1.2,1.2,1.4,0.2,0.2,0.14,0.12000000000000002,0.12000000000000002,0.14,1521.8504393389462,1731.94357353803
2014-06-23,Croatia,Mexico,1.0,3.0,FIFA World Cup,True,A,5,7.0,4.0,1.8,0.4,1.2,0.8,0.1,0.30000000000000004,0.18000000000000002,0.04,0.12000000000000002,0.08,1669.1858982741064,1578.2619007027597
2014-06-23,Netherlands,Chile,2.0,0.0,FIFA World Cup,True,H,5,6.0,10.0,2.0,1.6,1.6,0.8,0.2,0.0,0.2,0.16,0.16,0.08,1815.1870728231759,1698.4434285940395
2014-06-23,Brazil,Cameroon,4.0,1.0,FIFA World Cup,False,H,5,9.0,0.0,1.8,0.4,1.0,2.0,0.4,0.1,0.18000000000000002,0.04,0.1,0.2,1744.2727522826856,1416.7780217303666
2014-06-23,Australia,Spain,0.0,3.0,FIFA World Cup,True,A,5,6.0,7.0,2.0,1.4,1.4,1.4,0.0,0.30000000000000004,0.2,0.14,0.14,0.13999999999999999,1533.039988922414,1793.4352182632292
2014-06-24,Costa Rica,England,0.0,0.0,FIFA World Cup,True,D,5,9.0,7.0,1.2,1.2,1.0,1.2,0.0,0.0,0.12000000000000002,0.12000000000000002,0.1,0.12000000000000002,1560.1712391367573,1604.2750136158252
2014-06-24,Greece,Ivory Coast,2.0,1.0,FIFA World Cup,True,H,5,4.0,7.0,0.8,1.8,1.8,1.4,0.2,0.1,0.08,0.18000000000000002,0.18000000000000002,0.14,1493.4644037529226,1638.281386141261
2014-06-24,Italy,Uruguay,0.0,1.0,FIFA World Cup,True,A,5,7.0,10.0,0.8,1.8,1.4,1.0,0.0,0.1,0.08,0.18000000000000002,0.14,0.1,1700.8160206312682,1689.3203451482973
2014-06-24,Japan,Colombia,1.0,4.0,FIFA World Cup,True,A,5,8.0,10.0,1.4,1.4,1.2,0.6,0.1,0.4,0.14,0.14,0.12000000000000002,0.06000000000000001,1609.488501309207,1682.6032541217505
2014-06-25,Bosnia and Herzegovina,Iran,3.0,1.0,FIFA World Cup,True,H,5,0.0,7.0,0.5,0.8,1.5,0.4,0.30000000000000004,0.1,0.05,0.08,0.15000000000000002,0.04,1450.006704892341,1551.339918111679
2014-06-25,Ecuador,France,0.0,0.0,FIFA World Cup,True,D,5,4.0,9.0,1.0,2.0,1.6,1.2,0.0,0.0,0.1,0.2,0.16,0.12000000000000002,1393.4290869917281,1642.1568326917886
2014-06-25,Honduras,Switzerland,0.0,3.0,FIFA World Cup,True,A,5,1.0,7.0,0.2,1.0,1.6,1.4,0.0,0.30000000000000004,0.02,0.1,0.16,0.13999999999999999,1367.6706282513328,1517.489965324335
2014-06-25,Nigeria,Argentina,2.0,3.0,FIFA World Cup,True,A,5,13.0,11.0,1.6,1.4,0.4,0.4,0.2,0.30000000000000004,0.16,0.14,0.04,0.04,1641.8922798132096,1809.7727329886347
2014-06-26,United States,Germany,0.0,1.0,FIFA World Cup,True,A,5,8.0,10.0,1.6,2.6,1.4,1.4,0.0,0.1,0.16,0.26,0.14,0.14,1548.8695975791795,1849.6518498697517
2014-06-26,Portugal,Ghana,2.0,1.0,FIFA World Cup,True,H,5,8.0,5.0,1.0,1.4,1.4,1.6,0.2,0.1,0.1,0.14,0.14,0.16,1704.9244152977967,1573.2237771020023
2014-06-26,South Korea,Belgium,0.0,1.0,FIFA World Cup,True,A,5,8.0,10.0,1.8,1.4,1.8,1.2,0.0,0.1,0.18000000000000002,0.14,0.18,0.12000000000000002,1524.9512983030902,1621.9101992230424
2014-06-26,Algeria,Russia,1.0,1.0,FIFA World Cup,True,D,5,4.0,5.0,1.4,1.2,1.8,1.0,0.1,0.1,0.14,0.12000000000000002,0.18,0.1,1417.6394475078323,1516.60570630379
2014-06-28,Brazil,Chile,1.0,1.0,FIFA World Cup,False,D,5,11.0,9.0,2.2,1.4,0.8,1.0,0.1,0.1,0.22000000000000003,0.14,0.08,0.1,1757.4518971719374,1664.639194481749
2014-06-28,Colombia,Uruguay,2.0,0.0,FIFA World Cup,True,H,5,12.0,12.0,2.2,1.8,0.8,0.8,0.2,0.0,0.22000000000000003,0.18000000000000002,0.08,0.08,1722.233817209549,1740.9741023887602
2014-06-29,Costa Rica,Greece,1.0,1.0,FIFA World Cup,True,D,5,10.0,7.0,1.2,1.0,0.8,1.6,0.1,0.1,0.12000000000000002,0.1,0.08,0.16,1566.4844087589663,1563.176671635367
2014-06-29,Netherlands,Mexico,2.0,1.0,FIFA World Cup,True,H,5,9.0,7.0,2.4,0.8,1.4,0.6,0.2,0.1,0.24000000000000005,0.08,0.14,0.06000000000000001,1848.9913069354664,1641.0561603741883
2014-06-30,France,Nigeria,2.0,0.0,FIFA World Cup,True,H,5,7.0,10.0,1.6,1.6,1.2,0.8,0.2,0.0,0.16,0.16,0.12000000000000002,0.08,1611.4387950553391,1614.3323673642317
2014-06-30,Germany,Algeria,2.0,1.0,FIFA World Cup,True,H,5,10.0,5.0,2.4,1.6,1.2,1.8,0.2,0.1,0.24000000000000005,0.16,0.12000000000000002,0.18,1864.692174600417,1431.5087404056903
2014-07-01,Argentina,Switzerland,1.0,0.0,FIFA World Cup,True,H,5,13.0,7.0,2.0,1.4,0.8,1.4,0.1,0.0,0.2,0.14,0.08,0.13999999999999999,1837.3326454376127,1547.173167128097
2014-07-01,Belgium,United States,2.0,1.0,FIFA World Cup,True,H,5,12.0,7.0,1.4,1.2,1.0,1.2,0.2,0.1,0.14,0.12000000000000002,0.1,0.12000000000000002,1658.3079859803997,1533.8292728485142
2014-07-04,France,Germany,0.0,1.0,FIFA World Cup,True,A,5,10.0,10.0,2.0,2.0,0.8,1.0,0.0,0.1,0.2,0.2,0.08,0.1,1661.8552039567633,1872.3229506735502
2014-07-04,Brazil,Colombia,2.0,1.0,FIFA World Cup,False,H,5,9.0,12.0,1.6,2.2,0.6,0.8,0.2,0.1,0.16,0.22000000000000003,0.06000000000000001,0.08,1744.4039834609164,1774.9281485822464
2014-07-05,Argentina,Belgium,1.0,0.0,FIFA World Cup,True,H,5,13.0,12.0,1.6,1.2,0.8,0.8,0.1,0.0,0.16,0.12000000000000002,0.08,0.08,1853.1711676149569,1691.1231448775384
2014-07-05,Netherlands,Costa Rica,0.0,0.0,FIFA World Cup,True,D,5,12.0,8.0,2.6,1.0,1.2,1.0,0.0,0.0,0.26,0.1,0.12000000000000002,0.1,1872.1927580240624,1566.008401503408
2014-07-08,Brazil,Germany,1.0,7.0,FIFA World Cup,False,A,5,11.0,13.0,2.0,2.0,0.8,0.6,0.1,0.7000000000000001,0.2,0.2,0.08,0.06000000000000001,1798.7854966703658,1895.2656463858043
2014-07-09,Netherlands,Argentina,0.0,0.0,FIFA World Cup,True,D,5,13.0,15.0,2.4,1.6,0.8,0.6,0.0,0.0,0.24000000000000005,0.16,0.08,0.06000000000000001,1836.8400233622856,1881.4063934477329
2014-07-12,Brazil,Netherlands,0.0,3.0,FIFA World Cup,False,A,5,8.0,11.0,1.6,1.4,2.0,0.6,0.0,0.30000000000000004,0.16,0.14,0.2,0.06000000000000001,1762.3238871885592,1843.2186934593326
2014-07-13,Germany,Argentina,1.0,0.0,FIFA World Cup,True,H,5,13.0,13.0,2.6,1.2,0.8,0.4,0.1,0.0,0.26,0.12000000000000002,0.08,0.04,1931.727255867611,1875.027723350686
2015-01-09,Australia,Kuwait,4.0,1.0,AFC Asian Cup,False,H,3,3.0,0.0,1.8,0.2,2.0,2.6,0.4,0.1,0.18000000000000002,0.02,0.20000000000000004,0.26,1514.7818520334067,1383.5232311939349
2015-01-10,Uzbekistan,North Korea,1.0,0.0,AFC Asian Cup,True,H,3,7.0,1.0,1.6,0.0,2.6,2.4,0.1,0.0,0.16,0.0,0.26000000000000006,0.24000000000000005,1509.212574664047,1355.6518685630053
2015-01-10,Saudi Arabia,China PR,0.0,1.0,AFC Asian Cup,True,A,3,3.0,5.0,0.8,1.2,2.2,1.8,0.0,0.1,0.08,0.12000000000000002,0.22000000000000003,0.18000000000000002,1410.1302577510792,1454.0747175834442
2015-01-10,South Korea,Oman,1.0,0.0,AFC Asian Cup,True,H,3,5.0,6.0,1.6,1.0,2.0,1.0,0.1,0.0,0.16,0.1,0.2,0.1,1488.5535115457328,1452.011877080522
2015-01-11,Iran,Bahrain,2.0,0.0,AFC Asian Cup,True,H,3,4.0,6.0,0.8,1.6,1.0,2.0,0.2,0.0,0.08,0.16,0.1,0.2,1487.1568002186525,1396.4593809548194
2015-01-11,United Arab Emirates,Qatar,4.0,1.0,AFC Asian Cup,True,H,3,4.0,6.0,0.6,1.6,1.6,1.4,0.4,0.1,0.06000000000000001,0.16,0.16,0.14,1407.7302369400443,1417.7309756415675
2015-01-12,Jordan,Iraq,0.0,1.0,AFC Asian Cup,True,A,3,8.0,9.0,1.2,0.8,1.0,0.6,0.0,0.1,0.12000000000000002,0.08,0.1,0.06000000000000001,1555.866563739446,1494.6918030604102
2015-01-12,Japan,Palestine,4.0,0.0,AFC Asian Cup,True,H,3,5.0,0.0,1.0,0.0,1.6,0.0,0.4,0.0,0.1,0.0,0.16,0.0,1569.8579382214086,1500.0
2015-01-13,Kuwait,South Korea,0.0,1.0,AFC Asian Cup,True,A,3,0.0,7.0,0.4,1.4,3.0,1.6,0.0,0.1,0.04,0.14,0.3,0.16,1364.3469012582118,1515.409836261849
2015-01-13,Australia,Oman,4.0,0.0,AFC Asian Cup,False,H,3,3.0,5.0,1.4,0.6,2.2,0.8,0.4,0.0,0.14,0.06000000000000001,0.22000000000000003,0.08,1533.9581819691298,1425.1555523644058
2015-01-14,China PR,Uzbekistan,2.0,1.0,AFC Asian Cup,True,H,3,7.0,7.0,1.0,1.4,1.4,2.4,0.2,0.1,0.1,0.14,0.14,0.24000000000000005,1480.300353615808,1526.7539647380609
2015-01-14,North Korea,Saudi Arabia,1.0,4.0,AFC Asian Cup,True,A,3,1.0,0.0,0.0,0.2,1.2,2.0,0.1,0.4,0.0,0.02,0.12000000000000002,0.2,1338.1104784889915,1383.9046217187154
2015-01-15,Bahrain,United Arab Emirates,1.0,2.0,AFC Asian Cup,True,A,3,3.0,7.0,1.2,1.2,2.2,1.2,0.1,0.2,0.12,0.12000000000000002,0.22000000000000003,0.12000000000000002,1374.117650384076,1438.5935317218057
2015-01-15,Qatar,Iran,0.0,1.0,AFC Asian Cup,True,A,3,6.0,4.0,1.6,0.6,1.8,1.0,0.0,0.1,0.16,0.06000000000000001,0.18000000000000002,0.1,1386.8676808598061,1509.498530789396
2015-01-16,Iraq,Japan,0.0,1.0,AFC Asian Cup,True,A,3,9.0,7.0,0.8,1.4,0.6,1.2,0.0,0.1,0.08,0.14,0.06000000000000001,0.12000000000000002,1529.920137468308,1593.9059132135117
2015-01-16,Palestine,Jordan,1.0,5.0,AFC Asian Cup,True,A,3,0.0,7.0,0.0,1.0,4.0,1.0,0.1,0.5,0.0,0.1,0.4,0.1,1475.952025007897,1520.6382293315482
2015-01-17,Oman,Kuwait,1.0,0.0,AFC Asian Cup,True,H,3,2.0,0.0,0.2,0.4,1.6,2.4,0.1,0.0,0.02,0.04,0.16,0.24000000000000005,1404.25480291995,1346.626500929489
2015-01-17,Equatorial Guinea,Congo,1.0,1.0,African Cup of Nations,False,D,3,6.0,2.0,0.75,0.4,1.25,1.0,0.1,0.1,0.07500000000000001,0.04,0.125,0.1,1505.1067463159418,1415.193952683793
2015-01-17,Australia,South Korea,0.0,1.0,AFC Asian Cup,False,A,3,6.0,7.0,2.2,1.0,2.0,1.2,0.0,0.1,0.22000000000000003,0.1,0.20000000000000004,0.12000000000000002,1554.8589314135857,1533.1302365905717
2015-01-17,Burkina Faso,Gabon,0.0,2.0,African Cup of Nations,True,A,3,8.0,10.0,1.2,1.6,0.4,1.0,0.0,0.2,0.12000000000000002,0.16,0.04,0.1,1407.6039869088152,1540.352272229415
2015-01-18,China PR,North Korea,2.0,1.0,AFC Asian Cup,True,H,3,10.0,1.0,1.4,0.2,1.0,1.4,0.2,0.1,0.14,0.02,0.1,0.14,1514.2877484517246,1312.0419221918485
2015-01-18,Tunisia,Cape Verde,1.0,1.0,African Cup of Nations,True,D,3,4.0,5.0,0.6,0.75,1.4,1.0,0.1,0.1,0.06000000000000001,0.07500000000000001,0.14,0.1,1495.1118557868126,1506.0887566067731
2015-01-18,Uzbekistan,Saudi Arabia,3.0,1.0,AFC Asian Cup,True,H,3,6.0,3.0,1.2,1.0,2.4,2.0,0.30000000000000004,0.1,0.12000000000000002,0.1,0.24000000000000005,0.2,1492.7665699021443,1409.9731780158584
2015-01-18,Zambia,DR Congo,1.0,1.0,African Cup of Nations,True,D,3,7.0,3.0,0.6,0.8,0.4,1.8,0.1,0.1,0.06000000000000001,0.08,0.04,0.18,1588.5407251574857,1418.025990512059
2015-01-19,Algeria,South Africa,3.0,1.0,African Cup of Nations,True,H,3,5.0,9.0,1.8,1.4,1.8,0.8,0.30000000000000004,0.1,0.18,0.14,0.18,0.08,1423.8779643325572,1538.3209546717192
2015-01-19,Ghana,Senegal,1.0,2.0,African Cup of Nations,True,A,3,2.0,1.0,1.2,1.0,2.0,2.0,0.1,0.2,0.12000000000000002,0.1,0.2,0.2,1541.3185329896494,1410.3872011676892
2015-01-19,Iran,United Arab Emirates,1.0,0.0,AFC Asian Cup,True,H,3,7.0,7.0,0.8,1.2,0.8,1.2,0.1,0.0,0.08,0.12000000000000002,0.08,0.12000000000000002,1529.3285917054502,1463.0892783364195
2015-01-19,Qatar,Bahrain,1.0,2.0,AFC Asian Cup,True,A,3,6.0,3.0,1.6,1.4,1.6,1.8,0.1,0.2,0.16,0.13999999999999999,0.16,0.18,1367.037619943752,1349.621903769462
2015-01-20,Mali,Cameroon,1.0,1.0,African Cup of Nations,True,D,3,5.0,0.0,1.2,0.6,1.6,2.6,0.1,0.1,0.12000000000000002,0.06000000000000001,0.16,0.26,1560.4631935466466,1403.5988768411148
2015-01-20,Japan,Jordan,2.0,0.0,AFC Asian Cup,True,H,3,7.0,9.0,1.4,1.8,1.2,1.0,0.2,0.0,0.14,0.18,0.12000000000000002,0.1,1618.4425649131485,1546.800848804047
2015-01-20,Iraq,Palestine,2.0,0.0,AFC Asian Cup,True,H,3,9.0,0.0,0.6,0.5,0.4,4.5,0.2,0.0,0.06000000000000001,0.05,0.04,0.45,1505.383485768671,1449.7894055353981
2015-01-20,Ivory Coast,Guinea,1.0,1.0,African Cup of Nations,True,D,3,4.0,5.0,1.4,1.6,1.8,1.8,0.1,0.1,0.14,0.16,0.18,0.18,1568.5691182588166,1532.7058167691096
2015-01-21,Equatorial Guinea,Burkina Faso,0.0,0.0,African Cup of Nations,False,D,3,7.0,5.0,0.8,0.4,1.2,0.8,0.0,0.0,0.08,0.04,0.12000000000000002,0.08,1497.5118483608583,1388.5393681152498
2015-01-21,Gabon,Congo,0.0,1.0,African Cup of Nations,True,A,3,13.0,2.0,1.8,0.4,0.6,1.0,0.0,0.1,0.18000000000000002,0.04,0.06000000000000001,0.1,1559.4168910229803,1422.7888506388765
2015-01-22,Australia,China PR,2.0,0.0,AFC Asian Cup,False,H,3,6.0,10.0,2.0,1.4,1.6,1.2,0.2,0.0,0.2,0.14,0.16,0.12000000000000002,1522.9851673845444,1528.5618224421873
2015-01-22,Cape Verde,DR Congo,0.0,0.0,African Cup of Nations,True,D,3,6.0,4.0,0.8,1.0,1.0,1.6,0.0,0.0,0.08,0.1,0.1,0.16,1505.1412500406393,1431.6710696040627
2015-01-22,South Korea,Uzbekistan,2.0,0.0,AFC Asian Cup,True,H,3,9.0,6.0,1.0,1.4,1.0,2.4,0.2,0.0,0.1,0.14,0.1,0.24000000000000005,1565.004000619613,1515.7499297682168
2015-01-22,Zambia,Tunisia,1.0,2.0,African Cup of Nations,True,A,3,5.0,5.0,0.6,0.8,0.6,1.4,0.1,0.2,0.06000000000000001,0.08,0.06000000000000001,0.14,1574.895646065482,1496.0593623529464
2015-01-23,Iran,Iraq,3.0,3.0,AFC Asian Cup,True,D,3,9.0,9.0,1.0,0.8,0.8,0.4,0.30000000000000004,0.30000000000000004,0.1,0.08,0.08,0.04,1553.6773352964854,1530.623661408613
2015-01-23,South Africa,Senegal,1.0,1.0,African Cup of Nations,True,D,3,6.0,4.0,1.2,1.2,1.2,1.6,0.1,0.1,0.12000000000000002,0.12000000000000002,0.12000000000000002,0.16,1498.7816861159567,1451.1862810967139
2015-01-23,Ghana,Algeria,1.0,0.0,African Cup of Nations,True,H,3,1.0,7.0,1.2,2.0,2.2,1.6,0.1,0.0,0.12000000000000002,0.2,0.22000000000000003,0.16,1500.5194530606248,1463.4172328883196
2015-01-23,Japan,United Arab Emirates,1.0,1.0,AFC Asian Cup,True,D,3,10.0,6.0,1.6,1.2,0.8,1.4,0.1,0.1,0.16,0.12000000000000002,0.08,0.14,1642.3427308210735,1438.7405347453844
2015-01-24,Cameroon,Guinea,1.0,1.0,African Cup of Nations,True,D,3,1.0,5.0,0.6,1.6,2.4,1.8,0.1,0.1,0.06000000000000001,0.16,0.24000000000000005,0.18,1416.292611590999,1535.791551460621
2015-01-24,Ivory Coast,Mali,1.0,1.0,African Cup of Nations,True,D,3,4.0,6.0,1.2,1.4,1.6,1.6,0.1,0.1,0.12000000000000002,0.14,0.16,0.16,1565.4833835673053,1547.7694587967624
2015-01-25,Equatorial Guinea,Gabon,2.0,0.0,African Cup of Nations,False,H,3,5.0,10.0,0.6,1.4,1.2,0.8,0.2,0.0,0.06000000000000001,0.14,0.12000000000000002,0.08,1488.3992829177723,1518.1922064048117
2015-01-25,Congo,Burkina Faso,2.0,1.0,African Cup of Nations,True,H,3,5.0,5.0,0.4,0.4,0.6,0.8,0.2,0.1,0.04,0.04,0.06000000000000001,0.08,1464.013535257045,1397.6519335583357
2015-01-26,DR Congo,Tunisia,1.0,1.0,African Cup of Nations,True,D,3,5.0,8.0,0.8,1.0,0.8,1.2,0.1,0.1,0.08,0.1,0.08,0.12000000000000002,1437.9220956159893,1532.7521609895166
2015-01-26,South Korea,Iraq,2.0,0.0,AFC Asian Cup,True,H,3,12.0,7.0,1.0,1.2,0.2,1.0,0.2,0.0,0.1,0.12000000000000002,0.02,0.1,1590.77932580967,1532.6113593194068
2015-01-26,Cape Verde,Zambia,0.0,0.0,African Cup of Nations,True,D,3,6.0,4.0,0.8,0.8,1.0,1.0,0.0,0.0,0.08,0.08,0.1,0.1,1498.8902240287127,1538.2028474289118
2015-01-27,South Africa,Ghana,1.0,2.0,African Cup of Nations,True,A,3,6.0,4.0,1.4,1.2,1.4,1.6,0.1,0.2,0.14,0.12000000000000002,0.14,0.16,1494.6974851922396,1527.3279125729216
2015-01-27,Australia,United Arab Emirates,2.0,0.0,AFC Asian Cup,False,H,3,9.0,7.0,2.0,1.4,1.0,1.4,0.2,0.0,0.2,0.14,0.1,0.14,1553.4666531417902,1454.551223100395
2015-01-27,Senegal,Algeria,0.0,2.0,African Cup of Nations,True,A,3,4.0,7.0,1.2,1.8,1.6,1.4,0.0,0.2,0.12000000000000002,0.18000000000000002,0.16,0.14,1455.270482020431,1436.6087733760228
2015-01-28,Cameroon,Ivory Coast,0.0,1.0,African Cup of Nations,True,A,3,2.0,5.0,0.6,1.2,2.2,1.4,0.0,0.1,0.06000000000000001,0.12000000000000002,0.22000000000000003,0.14,1426.2224704873015,1563.955164296158
2015-01-28,Guinea,Mali,1.0,1.0,African Cup of Nations,True,D,3,6.0,6.0,1.8,1.4,1.0,1.6,0.1,0.1,0.18000000000000002,0.14,0.1,0.16,1525.8616925643184,1549.2976780679096
2015-01-30,Iraq,United Arab Emirates,2.0,3.0,AFC Asian Cup,True,A,3,7.0,7.0,1.2,1.4,1.2,1.2,0.2,0.30000000000000004,0.12000000000000002,0.14,0.12000000000000002,0.12000000000000002,1507.5875778911363,1432.8687474625913
2015-01-31,Australia,South Korea,2.0,1.0,AFC Asian Cup,False,H,3,12.0,15.0,2.4,1.4,0.4,0.0,0.2,0.1,0.24000000000000005,0.14,0.04,0.0,1575.1491287795939,1615.8031072379404
2015-01-31,Congo,DR Congo,2.0,4.0,African Cup of Nations,True,A,3,8.0,5.0,0.8,0.6,0.6,0.6,0.2,0.4,0.08,0.06000000000000001,0.06000000000000001,0.06000000000000001,1488.3520949969059,1445.9129271088152
2015-01-31,Equatorial Guinea,Tunisia,2.0,1.0,African Cup of Nations,False,H,3,5.0,6.0,0.6,1.0,1.0,1.4,0.2,0.1,0.06000000000000001,0.1,0.1,0.14,1520.965523759519,1524.7613294966907
2015-02-01,Ivory Coast,Algeria,3.0,1.0,African Cup of Nations,True,H,3,5.0,7.0,1.0,1.4,1.2,1.0,0.30000000000000004,0.1,0.1,0.14,0.12000000000000002,0.1,1582.6485469759984,1468.21860697551
2015-02-01,Ghana,Guinea,3.0,0.0,African Cup of Nations,True,H,3,7.0,7.0,1.4,2.0,1.4,1.0,0.30000000000000004,0.0,0.14,0.2,0.14,0.1,1554.518629962372,1527.8822545862042
2015-02-04,DR Congo,Ivory Coast,1.0,3.0,African Cup of Nations,True,A,3,7.0,8.0,1.4,1.4,1.0,1.0,0.1,0.30000000000000004,0.14,0.14,0.1,0.1,1479.5593021285858,1603.1102913543607
2015-02-05,Equatorial Guinea,Ghana,0.0,3.0,African Cup of Nations,False,A,3,8.0,9.0,1.0,1.6,1.0,1.0,0.0,0.30000000000000004,0.1,0.16,0.1,0.1,1551.2932669337847,1582.223155977912
2015-02-07,Equatorial Guinea,DR Congo,0.0,0.0,African Cup of Nations,False,D,3,8.0,6.0,1.0,1.4,1.0,1.4,0.0,0.0,0.1,0.14,0.1,0.14,1523.9569352854053,1459.7994986815656
2015-02-08,Ivory Coast,Ghana,0.0,0.0,African Cup of Nations,True,D,3,11.0,12.0,1.8,2.0,0.8,0.6,0.0,0.0,0.18000000000000002,0.2,0.08,0.06000000000000001,1622.870094801381,1609.5594876262915
2015-06-11,Chile,Ecuador,2.0,0.0,Copa América,False,H,4,7.0,4.0,1.4,1.0,1.2,1.6,0.2,0.0,0.14,0.1,0.12000000000000002,0.16,1677.68710819277,1424.1471246281776
2015-06-12,Mexico,Bolivia,0.0,0.0,Copa América,True,D,4,7.0,2.0,1.0,0.6,0.8,1.6,0.0,0.0,0.1,0.06000000000000001,0.08,0.16,1617.8547092855922,1324.6003629156037
2015-06-13,Uruguay,Jamaica,1.0,0.0,Copa América,True,H,4,9.0,3.0,1.4,1.0,1.2,3.0,0.1,0.0,0.14,0.10000000000000002,0.12000000000000002,0.3,1688.2797710160628,1482.4527816660404
2015-06-13,Argentina,Paraguay,2.0,2.0,Copa América,True,D,4,10.0,4.0,1.0,1.0,0.6,1.6,0.2,0.2,0.1,0.1,0.06000000000000001,0.16,1833.1157678040208,1540.3496569884437
2015-06-14,Colombia,Venezuela,0.0,1.0,Copa América,True,A,4,12.0,8.0,2.4,1.4,0.8,1.6,0.0,0.1,0.24000000000000005,0.14,0.08,0.16,1720.546635372797,1409.0657646233838
2015-06-14,Brazil,Peru,2.0,1.0,Copa América,True,H,4,7.0,9.0,1.6,1.4,2.6,0.8,0.2,0.1,0.16,0.14,0.26,0.08,1723.759677602547,1561.1530835449062
2015-06-15,Chile,Mexico,3.0,3.0,Copa América,False,D,4,10.0,8.0,1.6,1.0,0.8,0.6,0.30000000000000004,0.30000000000000004,0.16,0.1,0.08,0.06000000000000001,1692.770693025138,1590.3366977657665
2015-06-15,Ecuador,Bolivia,2.0,3.0,Copa América,True,A,4,4.0,3.0,1.0,0.6,1.8,1.4,0.2,0.30000000000000004,0.1,0.06000000000000001,0.18,0.14,1409.0635397958097,1352.1183744354294
2015-06-16,Paraguay,Jamaica,1.0,0.0,Copa América,True,H,4,4.0,3.0,1.0,0.75,1.6,2.5,0.1,0.0,0.1,0.07500000000000001,0.16,0.25,1567.8380325958376,1463.7180701693844
2015-06-16,Argentina,Uruguay,1.0,0.0,Copa América,True,H,4,8.0,9.0,0.8,1.0,0.6,1.2,0.1,0.0,0.08,0.1,0.06000000000000001,0.12000000000000002,1805.627392196627,1707.0144825127188
2015-06-17,Brazil,Colombia,0.0,1.0,Copa América,True,A,4,7.0,9.0,1.2,1.8,2.6,1.0,0.0,0.1,0.12000000000000002,0.18,0.26,0.1,1746.2957720646375,1651.9627857680214
2015-06-18,Peru,Venezuela,1.0,0.0,Copa América,True,H,4,6.0,8.0,1.4,1.4,1.2,1.6,0.1,0.0,0.14,0.14,0.12000000000000002,0.16,1538.6169890828157,1477.6496142281594
2015-06-19,Chile,Bolivia,5.0,0.0,Copa América,False,H,4,8.0,5.0,1.6,0.8,1.2,1.4,0.5,0.0,0.16,0.08,0.12000000000000002,0.14,1681.3077689465467,1398.616346391916
2015-06-19,Mexico,Ecuador,1.0,2.0,Copa América,True,A,4,6.0,4.0,1.4,1.0,1.2,1.6,0.1,0.2,0.14,0.1,0.12000000000000002,0.16,1601.7996218443577,1362.565567839323
2015-06-20,Argentina,Jamaica,1.0,0.0,Copa América,True,H,4,8.0,3.0,0.8,0.6,0.6,2.2,0.1,0.0,0.08,0.06000000000000001,0.06000000000000001,0.22000000000000003,1834.5695191807667,1435.3589089456686
2015-06-20,Uruguay,Paraguay,1.0,1.0,Copa América,True,D,4,9.0,6.0,0.8,0.6,0.8,1.0,0.1,0.1,0.08,0.06000000000000001,0.08,0.1,1678.072355528579,1596.1971938195534
2015-06-21,Colombia,Peru,0.0,0.0,Copa América,True,D,4,9.0,9.0,1.6,1.6,0.8,1.0,0.0,0.0,0.16,0.16,0.08,0.1,1702.5640394303184,1571.6690299349139
2015-06-21,Brazil,Venezuela,2.0,1.0,Copa América,True,H,4,6.0,7.0,1.0,0.8,2.6,1.2,0.2,0.1,0.1,0.08,0.26,0.12000000000000002,1695.6945184023405,1444.5975733760613
2015-06-24,Chile,Uruguay,1.0,0.0,Copa América,False,H,4,8.0,7.0,2.2,0.6,1.2,0.8,0.1,0.0,0.22000000000000003,0.06000000000000001,0.12000000000000002,0.08,1694.443785571792,1668.8168290835374
2015-06-25,Bolivia,Peru,1.0,3.0,Copa América,True,A,4,4.0,7.0,0.6,1.2,2.2,1.0,0.1,0.30000000000000004,0.06000000000000001,0.12000000000000002,0.22000000000000003,0.1,1385.480329766671,1586.0641631383273
2015-06-26,Argentina,Colombia,0.0,0.0,Copa América,True,D,4,8.0,7.0,0.8,0.8,0.6,0.6,0.0,0.0,0.08,0.08,0.06000000000000001,0.06000000000000001,1841.872345943575,1688.168906226905
2015-06-27,Brazil,Paraguay,1.0,1.0,Copa América,True,D,4,6.0,6.0,1.0,0.8,2.6,1.2,0.1,0.1,0.1,0.08,0.26,0.12000000000000002,1710.9509870583452,1605.452720264595
2015-06-29,Chile,Peru,2.0,1.0,Copa América,False,H,4,11.0,10.0,2.4,1.8,0.8,0.8,0.2,0.1,0.24000000000000005,0.18000000000000002,0.08,0.08,1731.4987122085097,1605.2353754789278
2015-06-30,Argentina,Paraguay,6.0,1.0,Copa América,True,H,4,8.0,6.0,0.8,1.0,0.6,1.4,0.6000000000000001,0.1,0.08,0.1,0.06000000000000001,0.14,1825.2472696052166,1617.2386345592988
2015-07-03,Peru,Paraguay,2.0,0.0,Copa América,True,H,4,7.0,6.0,1.2,1.2,1.0,2.0,0.2,0.0,0.12000000000000002,0.12000000000000002,0.1,0.2,1579.164119083522,1598.6835032245297
2015-07-04,Chile,Argentina,0.0,0.0,Copa América,False,D,4,13.0,11.0,2.6,2.0,0.8,0.6,0.0,0.0,0.26,0.2,0.08,0.06000000000000001,1757.5699686039154,1843.8024009399858
2016-06-03,United States,Colombia,0.0,2.0,Copa América,False,A,4,4.0,5.0,1.2,0.4,1.6,0.6,0.0,0.2,0.12000000000000002,0.04,0.16,0.06000000000000001,1501.0141139513753,1704.7939825652634
2016-06-04,Brazil,Ecuador,0.0,0.0,Copa América,True,D,4,7.0,7.0,1.0,1.2,1.4,1.4,0.0,0.0,0.1,0.12000000000000002,0.14,0.14,1699.1650727636413,1426.448094815038
2016-06-04,Costa Rica,Paraguay,0.0,0.0,Copa América,True,D,4,9.0,5.0,1.0,0.8,0.4,2.0,0.0,0.0,0.1,0.08,0.04,0.2,1601.361136165185,1556.4386124589819
2016-06-04,Haiti,Peru,0.0,1.0,Copa América,True,A,4,0.0,10.0,0.6666666666666666,1.4,4.666666666666667,0.6,0.0,0.1,0.06666666666666667,0.14,0.46666666666666673,0.06000000000000001,1409.8581740094014,1621.40900984907
2016-06-05,Jamaica,Venezuela,0.0,1.0,Copa América,True,A,4,3.0,4.0,0.4,0.6,1.8,1.4,0.0,0.1,0.04,0.06000000000000001,0.18,0.14,1428.0560821828603,1429.3411047200566
2016-06-05,Mexico,Uruguay,3.0,1.0,Copa América,True,H,4,5.0,4.0,1.6,0.4,1.6,1.0,0.30000000000000004,0.1,0.16,0.04,0.16,0.1,1537.9170948686426,1631.7619024468197
2016-06-06,Panama,Bolivia,2.0,1.0,Copa América,True,H,4,0.0,4.0,0.0,0.8,0.0,2.4,0.2,0.1,0.0,0.08,0.0,0.24000000000000005,1500.0,1366.3091174260705
2016-06-06,Argentina,Chile,2.0,1.0,Copa América,True,H,4,11.0,11.0,1.6,2.2,0.2,0.8,0.2,0.1,0.16,0.22000000000000003,0.02,0.08,1834.0734822732777,1767.2988872706235
2016-06-07,United States,Costa Rica,4.0,0.0,Copa América,False,H,4,4.0,7.0,1.0,0.4,1.6,0.2,0.4,0.0,0.1,0.04,0.16,0.02,1482.1098015564144,1596.2178690091744
2016-06-07,Colombia,Paraguay,2.0,1.0,Copa América,True,H,4,8.0,3.0,0.6,0.6,0.2,2.0,0.2,0.1,0.06000000000000001,0.06000000000000001,0.02,0.2,1723.6982949602243,1561.5818796149924
2016-06-08,Brazil,Haiti,7.0,1.0,Copa América,True,H,4,8.0,0.0,1.0,0.5,0.8,3.75,0.7000000000000001,0.1,0.1,0.05,0.08,0.37500000000000006,1672.9436943149885,1391.5920482524052
2016-06-08,Ecuador,Peru,2.0,2.0,Copa América,True,D,4,5.0,10.0,0.8,1.4,1.2,0.6,0.2,0.2,0.08,0.14,0.12000000000000002,0.06000000000000001,1452.6694732636909,1639.6751356060663
2016-06-09,Mexico,Jamaica,2.0,0.0,Copa América,True,H,4,5.0,3.0,1.6,0.4,1.6,1.0,0.2,0.0,0.16,0.04,0.16,0.1,1588.4660732815194,1388.2040251951769
2016-06-09,Uruguay,Venezuela,0.0,1.0,Copa América,True,A,4,4.0,6.0,0.6,0.8,1.2,1.4,0.0,0.1,0.06000000000000001,0.08,0.12000000000000002,0.14,1581.212924033943,1469.19316170774
2016-06-10,Argentina,Panama,5.0,0.0,Copa América,True,H,4,11.0,3.0,1.8,2.0,0.4,1.0,0.5,0.0,0.18000000000000002,0.2,0.04,0.1,1866.4790512779193,1525.3254834721458
2016-06-10,Chile,Bolivia,2.0,1.0,Copa América,True,H,4,10.0,4.0,1.8,1.0,0.6,2.4,0.2,0.1,0.18,0.1,0.06000000000000001,0.24000000000000005,1734.8933182659819,1340.9836339539247
2016-06-10,France,Romania,2.0,1.0,UEFA Euro,False,H,4,10.0,5.0,2.0,0.8,0.6,1.4,0.2,0.1,0.2,0.08,0.06000000000000001,0.14,1638.9125082445091,1596.58329991531
2016-06-11,Wales,Slovakia,2.0,1.0,UEFA Euro,True,H,4,6.0,4.0,0.8,1.25,0.8,1.75,0.2,0.1,0.08,0.125,0.08,0.17500000000000002,1552.6101111693492,1520.1884743403848
2016-06-11,United States,Paraguay,1.0,0.0,Copa América,False,H,4,4.0,2.0,1.4,0.6,1.4,2.2,0.1,0.0,0.14,0.06000000000000001,0.14,0.22000000000000003,1534.7941549434104,1539.0000804112283
2016-06-11,Colombia,Costa Rica,2.0,3.0,Copa América,True,A,4,11.0,4.0,1.0,0.2,0.2,1.0,0.2,0.30000000000000004,0.1,0.02,0.02,0.1,1746.2800941639885,1543.5335156221784
2016-06-11,England,Russia,1.0,1.0,UEFA Euro,True,D,4,5.0,3.0,0.6,0.6,0.8,1.0,0.1,0.1,0.06000000000000001,0.06000000000000001,0.08,0.1,1597.9618439936162,1502.736413405932
2016-06-11,Albania,Switzerland,0.0,1.0,UEFA Euro,True,A,4,0.0,7.0,0.0,1.4,0.0,1.4,0.0,0.1,0.0,0.14,0.0,0.13999999999999999,1500.0,1531.3346449507528
2016-06-12,Turkey,Croatia,0.0,1.0,UEFA Euro,True,A,4,7.0,4.0,1.6,1.4,1.8,1.6,0.0,0.1,0.16,0.14,0.18000000000000002,0.16,1653.8558852478134,1606.3916386026779
2016-06-12,Poland,Northern Ireland,1.0,0.0,UEFA Euro,True,H,4,3.0,2.0,0.6,1.0,1.0,2.4,0.1,0.0,0.06000000000000001,0.1,0.1,0.24000000000000005,1458.875627650978,1459.7635072469063
2016-06-12,Ecuador,Haiti,4.0,0.0,Copa América,True,H,4,5.0,0.0,1.2,0.6,1.6,4.4,0.4,0.0,0.12000000000000002,0.06000000000000001,0.16,0.44000000000000006,1472.3358242539332,1378.3711374230184
2016-06-12,Brazil,Peru,0.0,1.0,Copa América,True,A,4,8.0,10.0,2.0,1.8,0.8,1.0,0.0,0.1,0.2,0.18000000000000002,0.08,0.1,1686.1646051443754,1620.008784615824
2016-06-12,Germany,Ukraine,2.0,0.0,UEFA Euro,True,H,4,15.0,4.0,2.4,0.4,0.4,1.4,0.2,0.0,0.24000000000000005,0.04,0.04,0.14,1973.6392114142764,1512.2351221463034
2016-06-13,Belgium,Italy,0.0,2.0,UEFA Euro,True,A,4,12.0,6.0,1.2,0.8,0.6,1.6,0.0,0.2,0.12000000000000002,0.08,0.06000000000000001,0.16,1662.8879190447624,1649.1622633908053
2016-06-13,Republic of Ireland,Sweden,1.0,1.0,UEFA Euro,True,D,4,4.0,3.0,1.0,1.2,2.0,1.8,0.1,0.1,0.1,0.12000000000000002,0.2,0.18000000000000002,1543.829794744153,1558.6821691446232
2016-06-13,Mexico,Venezuela,1.0,1.0,Copa América,True,D,4,8.0,9.0,1.8,0.8,1.2,0.6,0.1,0.1,0.18000000000000002,0.08,0.12000000000000002,0.06000000000000001,1607.6643003131994,1521.6608563963784
2016-06-13,Spain,Czech Republic,1.0,0.0,UEFA Euro,True,H,4,7.0,6.0,1.6,1.2,1.4,1.8,0.1,0.0,0.16,0.12000000000000002,0.13999999999999999,0.18000000000000002,1811.6933551522366,1568.1155248850264
2016-06-13,Uruguay,Jamaica,3.0,0.0,Copa América,True,H,4,1.0,0.0,0.4,0.0,1.4,1.2,0.30000000000000004,0.0,0.04,0.0,0.14,0.12000000000000002,1528.7452293453046,1369.0057981634968
2016-06-14,Portugal,Iceland,1.0,1.0,UEFA Euro,True,D,4,8.0,0.0,1.0,0.0,1.4,0.0,0.1,0.1,0.1,0.0,0.14,0.0,1736.8296594101496,1500.0
2016-06-14,Chile,Panama,4.0,2.0,Copa América,True,H,4,10.0,3.0,1.2,1.0,0.8,3.0,0.4,0.2,0.12000000000000002,0.1,0.08,0.3,1742.4011867884942,1515.4812987116381
2016-06-14,Argentina,Bolivia,3.0,0.0,Copa América,True,H,4,11.0,3.0,2.6,1.2,0.4,2.8,0.30000000000000004,0.0,0.26,0.12000000000000002,0.04,0.28,1876.323236038427,1333.4757654314124
2016-06-14,Austria,Hungary,0.0,2.0,UEFA Euro,True,A,4,2.0,4.0,0.6,0.8,1.2,2.8,0.0,0.2,0.06000000000000001,0.08,0.12000000000000002,0.28,1454.62623477576,1434.2847355517226
2016-06-15,France,Albania,2.0,0.0,UEFA Euro,False,H,4,10.0,0.0,1.8,0.0,0.8,1.0,0.2,0.0,0.18,0.0,0.08,0.1,1674.0631479016217,1463.5977848814098
2016-06-15,Romania,Switzerland,1.0,1.0,UEFA Euro,True,D,4,2.0,9.0,0.4,1.6,1.4,1.4,0.1,0.1,0.04,0.16,0.14,0.13999999999999999,1561.4326602581973,1567.736860069343
2016-06-15,Russia,Slovakia,1.0,2.0,UEFA Euro,True,A,4,3.0,4.0,0.6,1.2,1.0,1.8,0.1,0.2,0.06000000000000001,0.12000000000000002,0.1,0.18,1513.4331312386312,1483.9103560366411
2016-06-16,Ukraine,Northern Ireland,0.0,2.0,UEFA Euro,True,A,4,3.0,1.0,0.4,0.6,1.8,2.2,0.0,0.2,0.04,0.06000000000000001,0.18000000000000002,0.22000000000000003,1506.985780955587,1419.6612865533325
2016-06-16,United States,Ecuador,2.0,1.0,Copa América,False,H,4,6.0,8.0,1.2,2.0,1.0,1.2,0.2,0.1,0.12000000000000002,0.2,0.1,0.12000000000000002,1575.2783563552387,1501.774005311045
2016-06-16,Germany,Poland,0.0,0.0,UEFA Euro,True,D,4,15.0,5.0,2.6,0.6,0.4,0.8,0.0,0.0,0.26,0.06000000000000001,0.04,0.08,1978.8885526049928,1498.9778483445518
2016-06-16,England,Wales,2.0,1.0,UEFA Euro,True,H,4,3.0,8.0,0.6,1.0,1.0,0.8,0.2,0.1,0.06000000000000001,0.1,0.1,0.08,1587.265126160917,1588.888229473093
2016-06-17,Czech Republic,Croatia,2.0,2.0,UEFA Euro,True,D,4,6.0,6.0,0.8,1.4,1.4,1.4,0.2,0.2,0.08,0.14,0.14,0.14,1552.3174702323508,1651.8224187755523
2016-06-17,Italy,Sweden,1.0,0.0,UEFA Euro,True,H,4,6.0,4.0,0.8,1.2,1.4,1.6,0.1,0.0,0.08,0.12000000000000002,0.14,0.16,1690.7416663267065,1556.9732671953743
2016-06-17,Peru,Colombia,0.0,0.0,Copa América,True,D,4,10.0,8.0,1.4,1.2,0.8,0.8,0.0,0.0,0.14,0.12000000000000002,0.08,0.08,1667.5345213736434,1685.2704147568552
2016-06-17,Spain,Turkey,3.0,0.0,UEFA Euro,True,H,4,9.0,7.0,1.8,1.6,1.4,1.6,0.30000000000000004,0.0,0.18000000000000002,0.16,0.13999999999999999,0.16,1827.491409804912,1608.425105074939
2016-06-18,Mexico,Chile,0.0,7.0,Copa América,True,A,4,8.0,10.0,2.0,1.8,1.4,1.2,0.0,0.7000000000000001,0.2,0.18,0.14,0.12000000000000002,1597.960189303115,1759.4503104278142
2016-06-18,Portugal,Austria,0.0,0.0,UEFA Euro,True,D,4,6.0,1.0,1.0,0.4,1.6,1.4,0.0,0.0,0.1,0.04,0.16,0.14,1713.1260041686069,1412.2870053359622
2016-06-18,Belgium,Republic of Ireland,3.0,0.0,UEFA Euro,True,H,4,9.0,2.0,0.8,0.6,0.8,2.2,0.30000000000000004,0.0,0.08,0.06000000000000001,0.08,0.22000000000000003,1621.308516108861,1545.538696693402
2016-06-18,Argentina,Venezuela,4.0,1.0,Copa América,True,H,4,13.0,7.0,3.2,0.8,0.4,0.8,0.4,0.1,0.32,0.08,0.04,0.08,1879.6906373495365,1531.364967406463
2016-06-18,Iceland,Hungary,1.0,1.0,UEFA Euro,True,D,4,1.0,7.0,1.0,1.0,1.0,2.0,0.1,0.1,0.1,0.1,0.1,0.20000000000000004,1523.7036552415427,1476.6239649915203
2016-06-19,France,Switzerland,0.0,0.0,UEFA Euro,False,D,4,10.0,7.0,1.2,1.4,0.4,1.4,0.0,0.0,0.12000000000000002,0.14,0.04,0.13999999999999999,1692.417498540585,1567.011141887097
2016-06-19,Romania,Albania,0.0,1.0,UEFA Euro,True,A,4,3.0,0.0,0.6,0.0,1.2,1.5,0.0,0.1,0.06000000000000001,0.0,0.12000000000000002,0.15000000000000002,1562.1583784404434,1445.2434342424465
2016-06-20,Russia,Wales,0.0,3.0,UEFA Euro,True,A,4,3.0,7.0,0.8,1.0,1.2,1.0,0.0,0.30000000000000004,0.08,0.1,0.12000000000000002,0.1,1470.0423532179093,1548.7013641579529
2016-06-20,Slovakia,England,0.0,0.0,UEFA Euro,True,D,4,6.0,5.0,1.4,1.0,1.8,1.2,0.0,0.0,0.14,0.1,0.18,0.12000000000000002,1527.301134057363,1627.451991476057
2016-06-21,Ukraine,Poland,0.0,1.0,UEFA Euro,True,A,4,3.0,6.0,0.4,0.6,1.6,0.6,0.0,0.1,0.04,0.06000000000000001,0.16,0.06000000000000001,1457.1386625104756,1534.2274765888346
2016-06-21,United States,Argentina,0.0,4.0,Copa América,False,A,4,9.0,13.0,1.6,2.8,1.0,0.4,0.0,0.4,0.16,0.28,0.1,0.04,1606.9398918507293,1889.183918242662
2016-06-21,Northern Ireland,Germany,0.0,1.0,UEFA Euro,True,A,4,4.0,13.0,0.8,2.2,1.4,0.2,0.0,0.1,0.08,0.22000000000000003,0.14,0.02,1469.508404998444,1943.63892436071
2016-06-21,Czech Republic,Turkey,0.0,2.0,UEFA Euro,True,A,4,7.0,4.0,1.0,1.2,1.0,2.0,0.0,0.2,0.1,0.12000000000000002,0.1,0.2,1563.470126925024,1590.7616085656514
2016-06-21,Croatia,Spain,2.0,1.0,UEFA Euro,True,H,4,7.0,9.0,1.8,1.6,1.6,1.4,0.2,0.1,0.18,0.16,0.16,0.13999999999999999,1640.669762082879,1845.1549063141997
2016-06-22,Sweden,Belgium,0.0,1.0,UEFA Euro,True,A,4,4.0,9.0,1.2,1.2,1.4,0.8,0.0,0.1,0.12000000000000002,0.12000000000000002,0.14,0.08,1531.6555063906185,1652.7209064398185
2016-06-22,Italy,Republic of Ireland,0.0,1.0,UEFA Euro,True,A,4,9.0,1.0,1.0,0.4,0.6,2.6,0.0,0.1,0.1,0.04,0.06000000000000001,0.26,1716.0594271314624,1514.1263063624447
2016-06-22,Hungary,Portugal,3.0,3.0,UEFA Euro,True,D,4,7.0,6.0,1.0,1.0,2.0,1.6,0.30000000000000004,0.30000000000000004,0.1,0.1,0.20000000000000004,0.16,1482.011281072231,1685.1549250367298
2016-06-22,Colombia,Chile,0.0,2.0,Copa América,True,A,4,8.0,10.0,1.2,2.8,0.8,1.0,0.0,0.2,0.12000000000000002,0.28,0.08,0.1,1683.2302664033418,1782.0905876708086
2016-06-22,Iceland,Austria,2.0,1.0,UEFA Euro,True,H,4,2.0,2.0,1.0,0.2,1.0,1.0,0.2,0.1,0.1,0.02,0.1,0.1,1518.316339160832,1440.2580844678394
2016-06-25,Croatia,Portugal,0.0,1.0,UEFA Euro,True,A,4,10.0,7.0,2.0,1.6,1.2,1.4,0.0,0.1,0.2,0.16,0.12000000000000002,0.14,1701.824000204256,1664.112163152984
2016-06-25,Switzerland,Poland,1.0,1.0,UEFA Euro,True,D,4,8.0,8.0,1.0,0.6,0.4,0.4,0.1,0.1,0.1,0.06000000000000001,0.04,0.04,1580.8531112158614,1565.4951299892443
2016-06-25,United States,Colombia,0.0,1.0,Copa América,False,A,4,9.0,7.0,1.4,1.2,1.4,1.2,0.0,0.1,0.14,0.12000000000000002,0.14,0.12000000000000002,1593.7755750315553,1654.3144416959335
2016-06-25,Wales,Northern Ireland,1.0,0.0,UEFA Euro,True,H,4,9.0,3.0,1.6,0.6,1.0,1.4,0.1,0.0,0.16,0.06000000000000001,0.1,0.14,1579.7970283482828,1464.6071597167825
2016-06-26,Germany,Slovakia,3.0,0.0,UEFA Euro,True,H,4,13.0,7.0,2.2,1.4,0.2,1.4,0.30000000000000004,0.0,0.22000000000000003,0.14,0.02,0.14,1948.5401696423714,1538.5223372723394
2016-06-26,France,Republic of Ireland,2.0,1.0,UEFA Euro,False,H,4,10.0,4.0,1.2,0.4,0.4,2.0,0.2,0.1,0.12000000000000002,0.04,0.04,0.2,1678.5755292118206,1575.068086457396
2016-06-26,Hungary,Belgium,0.0,4.0,UEFA Euro,True,A,4,8.0,9.0,1.6,1.2,1.4,0.8,0.0,0.4,0.16,0.12000000000000002,0.14,0.08,1503.0540429559767,1679.3207478231054
2016-06-26,Argentina,Chile,0.0,0.0,Copa América,True,D,4,15.0,12.0,3.6,3.2,0.4,1.0,0.0,0.0,0.36,0.32,0.04,0.1,1902.348235061836,1811.0064123782172
2016-06-27,England,Iceland,1.0,2.0,UEFA Euro,True,A,4,6.0,5.0,0.8,1.3333333333333333,0.8,1.0,0.1,0.2,0.08,0.13333333333333333,0.08,0.10000000000000002,1616.2307882610805,1549.4777657996192
2016-06-27,Italy,Spain,2.0,0.0,UEFA Euro,True,H,4,6.0,9.0,0.6,1.6,0.6,0.8,0.2,0.0,0.06000000000000001,0.16,0.06000000000000001,0.08,1655.117647036511,1784.0006681928228
2016-06-30,Poland,Portugal,1.0,1.0,UEFA Euro,True,D,4,8.0,9.0,0.6,1.4,0.4,1.0,0.1,0.1,0.06000000000000001,0.14,0.04,0.1,1567.26213217622,1708.436927855475
2016-07-01,Wales,Belgium,3.0,1.0,UEFA Euro,True,H,4,9.0,9.0,1.4,1.6,0.8,0.6,0.30000000000000004,0.1,0.14,0.16,0.08,0.06000000000000001,1607.0007630535856,1700.6060589181334
2016-07-02,Germany,Italy,1.0,1.0,UEFA Euro,True,D,4,13.0,9.0,1.4,1.0,0.0,0.4,0.1,0.1,0.14,0.1,0.0,0.04,1955.4405137920367,1709.310722773305
2016-07-03,France,Iceland,5.0,2.0,UEFA Euro,False,H,4,10.0,8.0,1.2,1.5,0.6,1.0,0.5,0.2,0.12000000000000002,0.15000000000000002,0.06000000000000001,0.1,1706.9992699607947,1597.0698026638834
2016-07-06,Portugal,Wales,2.0,0.0,UEFA Euro,True,H,4,7.0,12.0,1.2,2.0,1.0,0.8,0.2,0.0,0.12000000000000002,0.2,0.1,0.08,1693.0227174331644,1657.5240798440664
2016-07-07,France,Germany,2.0,0.0,UEFA Euro,False,H,4,13.0,11.0,2.2,1.4,0.8,0.2,0.2,0.0,0.22000000000000003,0.14,0.08,0.02,1734.749254898771,1931.0531478687556
2016-07-10,France,Portugal,0.0,1.0,UEFA Euro,False,A,4,13.0,9.0,2.2,1.4,0.6,0.8,0.0,0.1,0.22000000000000003,0.14,0.06000000000000001,0.08,1795.2166036962747,1728.9499482899726
2017-01-14,Gabon,Guinea-Bissau,1.0,1.0,African Cup of Nations,False,D,3,7.0,0.0,0.8,0.0,0.8,0.0,0.1,0.1,0.08,0.0,0.08,0.0,1485.625965563065,1500.0
2017-01-14,Burkina Faso,Cameroon,1.0,1.0,African Cup of Nations,True,D,3,2.0,2.0,0.4,0.6,1.2,2.2,0.1,0.1,0.04,0.06000000000000001,0.12000000000000002,0.22000000000000003,1373.313373818475,1407.529087807461
2017-01-15,Algeria,Zimbabwe,2.0,2.0,African Cup of Nations,True,D,3,6.0,6.0,1.4,1.4,1.4,2.2,0.2,0.2,0.14,0.14,0.14,0.22000000000000003,1447.7568625971478,1492.603553201156
2017-01-15,Tunisia,Senegal,0.0,2.0,African Cup of Nations,True,A,3,6.0,4.0,1.2,1.0,1.2,1.6,0.0,0.2,0.12000000000000002,0.1,0.12000000000000002,0.16,1494.433586322425,1423.6606484209437
2017-01-16,DR Congo,Morocco,1.0,0.0,African Cup of Nations,True,H,3,6.0,6.0,1.2,1.2,1.2,1.2,0.1,0.0,0.12000000000000002,0.12000000000000002,0.12000000000000002,0.12000000000000002,1465.2771765022496,1489.283178677501
2017-01-16,Ivory Coast,Togo,0.0,0.0,African Cup of Nations,True,D,3,11.0,4.0,1.6,0.8,0.6,1.2,0.0,0.0,0.16,0.08,0.06000000000000001,0.12000000000000002,1621.7213265625944,1312.9180966699942
2017-01-17,Mali,Egypt,0.0,0.0,African Cup of Nations,True,D,3,6.0,15.0,1.4,2.4,1.6,0.2,0.0,0.0,0.14,0.24000000000000005,0.16,0.02,1547.2771160460238,1827.9229824655672
2017-01-17,Ghana,Uganda,1.0,0.0,African Cup of Nations,True,H,3,13.0,9.0,1.8,1.8,0.2,1.4,0.1,0.0,0.18000000000000002,0.18000000000000002,0.02,0.14,1610.708255865078,1408.787083514495
2017-01-18,Gabon,Burkina Faso,1.0,1.0,African Cup of Nations,False,D,3,5.0,2.0,0.8,0.4,1.0,1.2,0.1,0.1,0.08,0.04,0.1,0.12000000000000002,1486.8664118205743,1376.258281850912
2017-01-18,Cameroon,Guinea-Bissau,2.0,1.0,African Cup of Nations,True,H,3,3.0,1.0,0.8,1.0,1.6,1.0,0.2,0.1,0.08,0.1,0.16,0.1,1404.584179775024,1498.7595537424907
2017-01-19,Algeria,Tunisia,1.0,2.0,African Cup of Nations,True,A,3,7.0,5.0,1.6,1.0,1.4,1.4,0.1,0.2,0.16,0.1,0.14,0.14,1451.6078730861113,1458.405703663076
2017-01-19,Senegal,Zimbabwe,2.0,0.0,African Cup of Nations,True,H,3,7.0,7.0,1.2,1.2,1.2,1.6,0.2,0.0,0.12000000000000002,0.12000000000000002,0.12000000000000002,0.16,1459.6885310802927,1488.7525427121925
2017-01-20,Ivory Coast,DR Congo,2.0,2.0,African Cup of Nations,True,D,3,11.0,8.0,1.4,1.4,0.4,1.2,0.2,0.2,0.14,0.14,0.04,0.12000000000000002,1600.3972048628004,1497.3467289895323
2017-01-20,Morocco,Togo,3.0,1.0,African Cup of Nations,True,H,3,6.0,5.0,0.8,0.8,0.8,0.8,0.30000000000000004,0.1,0.08,0.08,0.08,0.08,1457.2136261902183,1334.2422183697881
2017-01-21,Egypt,Uganda,1.0,0.0,African Cup of Nations,True,H,3,13.0,6.0,2.0,1.2,0.2,1.4,0.1,0.0,0.2,0.12000000000000002,0.02,0.14,1807.872339098684,1394.4926696531936
2017-01-21,Ghana,Mali,1.0,0.0,African Cup of Nations,True,H,3,13.0,7.0,1.8,1.2,0.2,0.8,0.1,0.0,0.18000000000000002,0.12000000000000002,0.02,0.08,1625.0026697263793,1567.327759412907
2017-01-22,Guinea-Bissau,Burkina Faso,0.0,2.0,African Cup of Nations,True,A,3,1.0,3.0,1.0,0.6,1.5,1.2,0.0,0.2,0.1,0.06000000000000001,0.15000000000000002,0.12000000000000002,1460.8212684167313,1385.4988656825853
2017-01-22,Gabon,Cameroon,0.0,0.0,African Cup of Nations,False,D,3,5.0,6.0,0.8,1.0,1.0,1.0,0.0,0.0,0.08,0.1,0.1,0.1,1477.625827988901,1442.5224651007834
2017-01-23,Senegal,Algeria,2.0,2.0,African Cup of Nations,True,D,3,10.0,4.0,1.4,1.2,0.8,1.6,0.2,0.2,0.14,0.12000000000000002,0.08,0.16,1492.1922820374573,1422.1947700721637
2017-01-23,Zimbabwe,Tunisia,2.0,4.0,African Cup of Nations,True,A,3,4.0,7.0,0.8,1.2,1.8,1.4,0.2,0.4,0.08,0.12000000000000002,0.18,0.14,1456.248791755028,1487.8188066770238
2017-01-24,Togo,DR Congo,1.0,3.0,African Cup of Nations,True,A,3,5.0,8.0,0.8,1.6,1.0,1.4,0.1,0.30000000000000004,0.08,0.16,0.1,0.14,1314.4381755903837,1505.9927568126147
2017-01-24,Morocco,Ivory Coast,1.0,0.0,African Cup of Nations,True,H,3,6.0,9.0,1.2,1.6,1.0,0.8,0.1,0.0,0.12000000000000002,0.16,0.1,0.08,1477.0176689696227,1591.751177039718
2017-01-25,Uganda,Mali,1.0,1.0,African Cup of Nations,True,D,3,6.0,4.0,1.0,0.6,1.0,0.8,0.1,0.1,0.1,0.06000000000000001,0.1,0.08,1389.40819626073,1542.262565756773
2017-01-25,Egypt,Ghana,1.0,0.0,African Cup of Nations,True,H,3,13.0,13.0,1.8,1.6,0.2,0.0,0.1,0.0,0.18000000000000002,0.16,0.02,0.0,1812.9568124911477,1650.0678633825132
2017-01-28,Burkina Faso,Tunisia,2.0,0.0,African Cup of Nations,True,H,3,6.0,7.0,1.0,1.6,0.8,1.6,0.2,0.0,0.1,0.16,0.08,0.16,1421.902710372739,1515.1003101879494
2017-01-28,Senegal,Cameroon,0.0,0.0,African Cup of Nations,True,D,3,8.0,6.0,1.4,0.8,1.0,0.8,0.0,0.0,0.14,0.08,0.1,0.08,1486.2286805793724,1445.5432611372416
2017-01-29,DR Congo,Ghana,1.0,2.0,African Cup of Nations,True,A,3,8.0,10.0,1.4,1.0,1.2,0.2,0.1,0.2,0.14,0.1,0.12000000000000002,0.02,1520.9470774487036,1633.1855186784458
2017-01-29,Egypt,Morocco,1.0,0.0,African Cup of Nations,True,H,3,13.0,8.0,1.4,1.4,0.0,1.0,0.1,0.0,0.14,0.14,0.0,0.1,1829.8391571952152,1516.5794805050227
2017-02-01,Burkina Faso,Egypt,1.0,1.0,African Cup of Nations,True,D,3,8.0,13.0,1.4,0.8,0.8,0.0,0.1,0.1,0.14,0.08,0.08,0.0,1459.7624210684623,1838.3263828432375
2017-02-02,Cameroon,Ghana,2.0,0.0,African Cup of Nations,True,H,3,6.0,10.0,0.6,0.8,0.6,0.4,0.2,0.0,0.06000000000000001,0.08,0.06000000000000001,0.04,1449.0403521681194,1653.817703204917
2017-02-04,Burkina Faso,Ghana,1.0,0.0,African Cup of Nations,True,H,3,9.0,9.0,1.4,0.8,0.6,0.8,0.1,0.0,0.14,0.08,0.06000000000000001,0.08,1483.6643257650887,1607.9338584038553
2017-02-05,Egypt,Cameroon,1.0,2.0,African Cup of Nations,True,A,3,11.0,9.0,0.8,1.0,0.2,0.4,0.1,0.2,0.08,0.1,0.02,0.04,1814.4244781466111,1494.9241969691811
2018-06-14,Russia,Saudi Arabia,5.0,0.0,FIFA World Cup,False,H,5,2.0,3.0,0.6,1.0,1.6,2.2,0.5,0.0,0.06000000000000001,0.1,0.16,0.22000000000000003,1438.9466890275794,1386.9898181497858
2018-06-15,Egypt,Uruguay,0.0,1.0,FIFA World Cup,True,A,5,10.0,4.0,1.0,1.0,0.6,1.2,0.0,0.1,0.1,0.1,0.06000000000000001,0.12000000000000002,1762.6532948495162,1551.5494563621548
2018-06-15,Morocco,Iran,0.0,1.0,FIFA World Cup,True,A,5,7.0,10.0,1.2,1.6,1.0,1.2,0.0,0.1,0.12000000000000002,0.16,0.1,0.12000000000000002,1508.0922548570002,1551.6896373856916
2018-06-15,Portugal,Spain,3.0,3.0,FIFA World Cup,True,D,5,11.0,9.0,1.6,1.6,0.8,0.8,0.30000000000000004,0.30000000000000004,0.16,0.16,0.08,0.08,1776.4879929558103,1729.8075924560287
2018-06-16,Croatia,Nigeria,2.0,0.0,FIFA World Cup,True,H,5,7.0,7.0,1.2,0.8,1.4,1.0,0.2,0.0,0.12000000000000002,0.08,0.14,0.1,1657.499235501765,1563.9159584628076
2018-06-16,France,Australia,2.0,1.0,FIFA World Cup,True,H,5,10.0,12.0,1.8,2.0,0.8,0.4,0.2,0.1,0.18,0.2,0.08,0.04,1747.6785590304369,1608.64354183995
2018-06-16,Argentina,Iceland,1.0,1.0,FIFA World Cup,True,D,5,13.0,8.0,3.2,1.6,0.2,1.8,0.1,0.1,0.32,0.16,0.02,0.18,1892.067886991777,1569.3198177259071
2018-06-16,Peru,Denmark,0.0,1.0,FIFA World Cup,True,A,5,11.0,6.0,1.2,1.4,0.4,1.8,0.0,0.1,0.12000000000000002,0.14,0.04,0.18000000000000002,1669.5746697271568,1587.6003692334057
2018-06-17,Brazil,Switzerland,1.0,1.0,FIFA World Cup,True,D,5,8.0,6.0,2.0,0.6,0.8,0.6,0.1,0.1,0.2,0.06000000000000001,0.08,0.06000000000000001,1638.638868386556,1579.0861090288859
2018-06-17,Costa Rica,Serbia,0.0,1.0,FIFA World Cup,True,A,5,6.0,3.0,0.8,0.8,1.4,2.4,0.0,0.1,0.08,0.08,0.14,0.24000000000000005,1604.5431950293116,1468.911640051954
2018-06-17,Germany,Mexico,0.0,1.0,FIFA World Cup,True,A,5,8.0,7.0,1.0,1.4,0.6,2.2,0.0,0.1,0.1,0.14,0.06000000000000001,0.22000000000000003,1870.5857990712518,1575.3199120601205
2018-06-18,Sweden,South Korea,1.0,0.0,FIFA World Cup,True,H,5,4.0,12.0,1.0,1.4,1.2,0.4,0.1,0.0,0.1,0.14,0.12000000000000002,0.04,1505.0556650073315,1582.3086941775844
2018-06-18,Belgium,Panama,3.0,0.0,FIFA World Cup,True,H,5,9.0,3.0,1.8,1.3333333333333333,1.0,3.3333333333333335,0.30000000000000004,0.0,0.18000000000000002,0.13333333333333333,0.1,0.3333333333333333,1650.0827421276526,1498.4321750723182
2018-06-18,Tunisia,England,1.0,2.0,FIFA World Cup,True,A,5,6.0,6.0,1.4,0.8,1.8,0.8,0.1,0.2,0.14,0.08,0.18,0.08,1477.240599492226,1568.6387513968164
2018-06-19,Colombia,Japan,1.0,2.0,FIFA World Cup,True,A,5,7.0,10.0,1.0,1.8,1.2,1.0,0.1,0.2,0.1,0.18,0.12000000000000002,0.1,1687.414338136992,1626.5320424660629
2018-06-19,Poland,Senegal,1.0,2.0,FIFA World Cup,True,A,5,9.0,8.0,0.8,1.2,0.4,0.8,0.1,0.2,0.08,0.12000000000000002,0.04,0.08,1582.6763425985305,1482.7315895484946
2018-06-19,Russia,Egypt,3.0,1.0,FIFA World Cup,False,H,5,5.0,7.0,1.6,0.8,1.4,0.8,0.30000000000000004,0.1,0.16,0.08,0.14,0.08,1481.5247385688174,1685.5313205133077
2018-06-20,Iran,Spain,0.0,1.0,FIFA World Cup,True,A,5,13.0,7.0,1.6,1.6,0.6,1.4,0.0,0.1,0.16,0.16,0.06000000000000001,0.14,1595.4481947562654,1736.4853087718616
2018-06-20,Portugal,Morocco,1.0,0.0,FIFA World Cup,True,H,5,11.0,6.0,1.6,0.8,0.8,0.8,0.1,0.0,0.16,0.08,0.08,0.08,1769.8102766399775,1464.3336974864264
2018-06-20,Uruguay,Saudi Arabia,1.0,0.0,FIFA World Cup,True,H,5,6.0,3.0,1.0,1.0,1.0,3.0,0.1,0.0,0.1,0.1,0.1,0.3,1628.6714306983633,1344.4117686085478
2018-06-21,Argentina,Croatia,0.0,3.0,FIFA World Cup,True,A,5,11.0,10.0,2.4,1.4,0.4,0.8,0.0,0.30000000000000004,0.24000000000000005,0.14,0.04,0.08,1855.5628372210383,1694.348039008112
2018-06-21,France,Peru,1.0,0.0,FIFA World Cup,True,H,5,12.0,8.0,2.2,0.8,1.0,0.6,0.1,0.0,0.22000000000000003,0.08,0.1,0.06000000000000001,1778.6736268225977,1607.9917592184497
2018-06-21,Denmark,Australia,1.0,1.0,FIFA World Cup,True,D,5,6.0,9.0,1.2,1.4,1.6,0.8,0.1,0.1,0.12000000000000002,0.14,0.16,0.08,1649.1832797421127,1577.6484740477893
2018-06-22,Brazil,Costa Rica,2.0,0.0,FIFA World Cup,True,H,5,6.0,5.0,1.8,0.6,0.8,1.4,0.2,0.0,0.18000000000000002,0.06000000000000001,0.08,0.14,1630.1514953600688,1535.958849481292
2018-06-22,Nigeria,Iceland,2.0,0.0,FIFA World Cup,True,H,5,4.0,8.0,0.6,1.6,1.4,1.8,0.2,0.0,0.06000000000000001,0.16,0.14,0.18,1527.0671549564606,1605.8248674966458
2018-06-22,Serbia,Switzerland,1.0,2.0,FIFA World Cup,True,A,5,6.0,7.0,1.0,0.8,1.2,0.6,0.1,0.2,0.1,0.08,0.12000000000000002,0.06000000000000001,1537.4959855999737,1587.573482055373
2018-06-23,Germany,Sweden,2.0,1.0,FIFA World Cup,True,H,5,7.0,7.0,1.0,0.8,0.8,0.6,0.2,0.1,0.1,0.08,0.08,0.06000000000000001,1786.0364130050843,1565.9936020932576
2018-06-23,Belgium,Tunisia,5.0,2.0,FIFA World Cup,True,H,5,12.0,6.0,2.4,1.4,0.6,1.8,0.5,0.2,0.24000000000000005,0.14,0.06000000000000001,0.18,1679.5463930004012,1440.0986052331837
2018-06-23,South Korea,Mexico,1.0,2.0,FIFA World Cup,True,A,5,9.0,10.0,1.2,1.4,0.6,1.8,0.1,0.2,0.12000000000000002,0.14,0.06000000000000001,0.18000000000000002,1521.3707570916583,1659.869298126288
2018-06-24,Poland,Colombia,0.0,3.0,FIFA World Cup,True,A,5,6.0,4.0,0.8,0.8,0.8,1.4,0.0,0.30000000000000004,0.08,0.08,0.08,0.14,1518.6771697078966,1628.7412641715696
2018-06-24,Japan,Senegal,2.0,2.0,FIFA World Cup,True,D,5,13.0,11.0,2.0,1.6,0.4,0.6,0.2,0.2,0.2,0.16,0.04,0.06000000000000001,1685.2051164314853,1546.7307624391285
2018-06-24,England,Panama,6.0,1.0,FIFA World Cup,True,H,5,8.0,3.0,1.2,1.0,1.0,3.25,0.6000000000000001,0.1,0.12000000000000002,0.1,0.1,0.325,1605.7807456558587,1468.9685241995696
2018-06-25,Iran,Portugal,1.0,1.0,FIFA World Cup,True,D,5,10.0,11.0,1.2,1.6,0.8,0.8,0.1,0.1,0.12000000000000002,0.16,0.08,0.08,1564.699083574486,1784.5085515588792
2018-06-25,Spain,Morocco,2.0,2.0,FIFA World Cup,True,D,5,7.0,6.0,1.6,0.8,1.4,0.8,0.2,0.2,0.16,0.08,0.14,0.08,1767.234419953641,1449.6354225675248
2018-06-25,Russia,Uruguay,0.0,3.0,FIFA World Cup,False,A,5,7.0,9.0,2.0,1.2,1.4,0.8,0.0,0.30000000000000004,0.2,0.12000000000000002,0.14,0.08,1557.9178917758322,1644.9679345263926
2018-06-25,Saudi Arabia,Egypt,2.0,1.0,FIFA World Cup,True,H,5,3.0,4.0,1.0,0.8,2.2,1.4,0.2,0.1,0.1,0.08,0.22000000000000003,0.14,1328.1152647805186,1609.1381673062929
2018-06-26,Australia,Peru,0.0,2.0,FIFA World Cup,True,A,5,10.0,5.0,1.6,0.6,0.8,0.8,0.0,0.2,0.16,0.06000000000000001,0.08,0.08,1587.800113709728,1580.7526300453517
2018-06-26,Denmark,France,0.0,0.0,FIFA World Cup,True,D,5,7.0,12.0,1.2,2.0,1.2,0.8,0.0,0.0,0.12000000000000002,0.2,0.12000000000000002,0.08,1639.031640080174,1805.9127559956958
2018-06-26,Nigeria,Argentina,1.0,2.0,FIFA World Cup,True,A,5,6.0,8.0,1.0,1.8,1.4,1.0,0.1,0.2,0.1,0.18,0.14,0.1,1588.2110742794914,1783.8953541522465
2018-06-26,Iceland,Croatia,1.0,2.0,FIFA World Cup,True,A,5,7.0,10.0,1.4,1.8,2.0,0.8,0.1,0.2,0.14,0.18000000000000002,0.2,0.08,1544.6809481736148,1766.0155220769038
2018-06-27,Switzerland,Costa Rica,2.0,2.0,FIFA World Cup,True,D,5,7.0,4.0,1.0,0.6,0.8,1.8,0.2,0.2,0.1,0.06000000000000001,0.08,0.18,1630.4162458515914,1499.1916365824886
2018-06-27,South Korea,Germany,2.0,0.0,FIFA World Cup,True,H,5,6.0,7.0,1.2,1.2,1.0,1.0,0.2,0.0,0.12000000000000002,0.12000000000000002,0.1,0.1,1490.3095996471377,1808.019225786195
2018-06-27,Mexico,Sweden,0.0,3.0,FIFA World Cup,True,A,5,10.0,4.0,1.2,0.6,1.8,1.0,0.0,0.30000000000000004,0.12000000000000002,0.06000000000000001,0.18000000000000002,0.1,1690.9304555708086,1544.010789312147
2018-06-27,Serbia,Brazil,0.0,2.0,FIFA World Cup,True,A,5,6.0,8.0,0.8,2.0,1.0,0.6,0.0,0.2,0.08,0.2,0.1,0.06000000000000001,1494.6532218037553,1666.9187082588721
2018-06-28,Japan,Poland,0.0,1.0,FIFA World Cup,True,A,5,11.0,5.0,1.6,0.8,0.8,1.4,0.0,0.1,0.16,0.08,0.08,0.14,1666.2692553534966,1484.0072437460954
2018-06-28,Senegal,Colombia,0.0,1.0,FIFA World Cup,True,A,5,9.0,7.0,1.6,1.0,1.0,0.8,0.0,0.1,0.16,0.1,0.1,0.08,1565.6666235171172,1663.4111901333708
2018-06-28,Panama,Tunisia,1.0,2.0,FIFA World Cup,True,A,5,3.0,6.0,1.0,1.8,3.8,2.4,0.1,0.2,0.1,0.18,0.38,0.24,1437.6991225408383,1419.9715504242254
2018-06-28,England,Belgium,0.0,1.0,FIFA World Cup,True,A,5,10.0,12.0,2.2,2.8,1.0,1.0,0.0,0.1,0.22000000000000003,0.28,0.1,0.1,1637.05014731459,1699.6734478093595
2018-06-30,France,Argentina,4.0,3.0,FIFA World Cup,True,H,5,10.0,8.0,1.0,1.4,0.4,1.0,0.4,0.30000000000000004,0.1,0.14,0.04,0.1,1783.5876648780936,1808.377051321571
2018-06-30,Uruguay,Portugal,2.0,1.0,FIFA World Cup,True,H,5,12.0,11.0,1.6,1.6,0.2,0.8,0.2,0.1,0.16,0.16,0.02,0.08,1682.6961468007,1756.5144099015322
2018-07-01,Russia,Spain,1.0,1.0,FIFA World Cup,False,D,5,6.0,5.0,1.8,1.4,1.8,1.8,0.1,0.1,0.18,0.14,0.18000000000000002,0.18000000000000002,1520.1896795015248,1731.0791462123316
2018-07-01,Croatia,Denmark,1.0,1.0,FIFA World Cup,True,D,5,12.0,5.0,1.8,1.0,0.6,1.2,0.1,0.1,0.18000000000000002,0.1,0.06000000000000001,0.12000000000000002,1787.8710706614363,1661.356731197776
2018-07-02,Belgium,Japan,3.0,2.0,FIFA World Cup,True,H,5,12.0,8.0,2.8,1.4,1.0,1.0,0.30000000000000004,0.2,0.28,0.14,0.1,0.1,1740.7575749788853,1592.2074287830444
2018-07-02,Brazil,Mexico,2.0,0.0,FIFA World Cup,True,H,5,10.0,7.0,2.4,0.8,0.6,2.4,0.2,0.0,0.24000000000000005,0.08,0.06000000000000001,0.24000000000000005,1693.9775380299927,1620.963231606999
2018-07-03,Colombia,England,1.0,1.0,FIFA World Cup,True,D,5,9.0,7.0,1.2,1.8,0.8,1.0,0.1,0.1,0.12000000000000002,0.18000000000000002,0.08,0.1,1699.7043428815475,1595.9660201450642
2018-07-03,Sweden,Switzerland,1.0,0.0,FIFA World Cup,True,H,5,6.0,7.0,1.0,1.2,0.8,1.0,0.1,0.0,0.1,0.12000000000000002,0.08,0.1,1613.9780132759565,1612.381053421913
2018-07-06,Uruguay,France,0.0,2.0,FIFA World Cup,True,A,5,15.0,10.0,2.0,1.4,0.2,1.0,0.0,0.2,0.2,0.14,0.02,0.1,1743.1624316976818,1837.1491029286067
2018-07-06,Brazil,Belgium,1.0,2.0,FIFA World Cup,True,A,5,10.0,12.0,1.4,2.6,0.4,1.4,0.1,0.2,0.14,0.26,0.04,0.14,1733.621935616415,1770.5934966938153
2018-07-07,Sweden,England,0.0,2.0,FIFA World Cup,True,A,5,9.0,7.0,1.2,2.0,0.6,1.2,0.0,0.2,0.12000000000000002,0.2,0.06000000000000001,0.12000000000000002,1663.7481938972978,1610.4667817452757
2018-07-07,Russia,Croatia,2.0,2.0,FIFA World Cup,False,D,5,7.0,10.0,1.8,1.6,1.6,0.6,0.2,0.2,0.18,0.16,0.16,0.06000000000000001,1547.2898734648745,1770.4284069872865
2018-07-10,France,Belgium,1.0,0.0,FIFA World Cup,True,H,5,13.0,15.0,1.8,2.8,0.8,1.0,0.1,0.0,0.18,0.28,0.08,0.1,1873.9438860705259,1815.2928538350768
2018-07-11,Croatia,England,2.0,1.0,FIFA World Cup,True,H,5,11.0,10.0,2.0,2.2,0.8,0.8,0.2,0.1,0.2,0.22000000000000003,0.08,0.08,1742.1071194257493,1668.0750426031377
2018-07-14,Belgium,England,2.0,0.0,FIFA World Cup,True,H,5,12.0,7.0,2.2,2.0,1.2,1.0,0.2,0.0,0.22000000000000003,0.2,0.12000000000000002,0.1,1773.6541418213521,1628.570745706316
2018-07-15,France,Croatia,4.0,2.0,FIFA World Cup,True,H,5,13.0,11.0,1.6,2.0,0.6,1.0,0.4,0.2,0.16,0.2,0.06000000000000001,0.1,1915.5825980842505,1781.611416322571
2019-01-05,United Arab Emirates,Bahrain,1.0,1.0,AFC Asian Cup,False,D,3,7.0,6.0,1.2,1.6,1.4,1.6,0.1,0.1,0.12000000000000002,0.16,0.14,0.16,1469.2228318639359,1381.1244393422658
2019-01-06,Thailand,India,1.0,4.0,AFC Asian Cup,True,A,3,4.0,1.0,0.8,0.6,2.2,3.2,0.1,0.4,0.08,0.06000000000000001,0.22000000000000003,0.32,1348.7990453650755,1374.6059937241553
2019-01-06,Australia,Jordan,0.0,1.0,AFC Asian Cup,True,A,3,7.0,6.0,1.2,1.6,1.2,1.4,0.0,0.1,0.12000000000000002,0.16,0.12000000000000002,0.14,1536.786038360351,1522.9006828961221
2019-01-06,Syria,Palestine,0.0,0.0,AFC Asian Cup,True,D,3,6.0,0.0,1.2,0.3333333333333333,1.8,3.6666666666666665,0.0,0.0,0.12000000000000002,0.03333333333333333,0.18000000000000002,0.3666666666666667,1478.4096766399684,1424.5492298954562
2019-01-07,China PR,Kyrgyzstan,2.0,1.0,AFC Asian Cup,True,H,3,10.0,0.0,1.4,0.0,1.2,0.0,0.2,0.1,0.14,0.0,0.12000000000000002,0.0,1498.0803366849416,1500.0
2019-01-07,South Korea,Philippines,1.0,0.0,AFC Asian Cup,True,H,3,6.0,0.0,1.2,0.0,1.0,0.0,0.1,0.0,0.12000000000000002,0.0,0.1,0.0,1576.4724677270287,1500.0
2019-01-07,Iran,Yemen,5.0,0.0,AFC Asian Cup,True,H,3,8.0,0.0,1.2,0.0,1.0,0.0,0.5,0.0,0.12000000000000002,0.0,0.1,0.0,1592.693225231833,1500.0
2019-01-08,Saudi Arabia,North Korea,4.0,0.0,AFC Asian Cup,True,H,3,6.0,0.0,1.4,0.4,2.2,1.8,0.4,0.0,0.14,0.04,0.22000000000000003,0.18,1411.5630040360224,1297.7678482013857
2019-01-08,Iraq,Vietnam,3.0,2.0,AFC Asian Cup,True,H,3,4.0,4.0,1.4,1.0,1.8,1.75,0.30000000000000004,0.2,0.14,0.1,0.18000000000000002,0.17500000000000002,1471.2334934897917,1455.0833723740873
2019-01-09,Qatar,Lebanon,2.0,0.0,AFC Asian Cup,True,H,3,3.0,2.0,1.4,1.0,2.0,2.3333333333333335,0.2,0.0,0.14,0.10000000000000002,0.2,0.23333333333333336,1335.5350843709482,1457.304211171803
2019-01-09,Japan,Turkmenistan,3.0,2.0,AFC Asian Cup,True,H,3,5.0,1.0,1.4,1.3333333333333333,1.6,2.0,0.30000000000000004,0.2,0.14,0.13333333333333333,0.16,0.20000000000000004,1562.3715070681144,1423.237943008985
2019-01-09,Uzbekistan,Oman,2.0,1.0,AFC Asian Cup,True,H,3,6.0,4.0,1.4,0.2,1.6,1.4,0.2,0.1,0.14,0.02,0.16,0.14,1489.9746045781599,1429.3239122535297
2019-01-10,Bahrain,Thailand,0.0,1.0,AFC Asian Cup,True,A,3,4.0,4.0,0.8,0.8,1.4,2.2,0.0,0.1,0.08,0.08,0.14,0.22000000000000003,1388.5725176461756,1321.0233072936053
2019-01-10,Jordan,Syria,2.0,0.0,AFC Asian Cup,True,H,3,6.0,7.0,1.4,1.2,1.2,1.2,0.2,0.0,0.13999999999999999,0.12000000000000002,0.12000000000000002,0.12000000000000002,1554.099002938343,1473.7958923505403
2019-01-10,United Arab Emirates,India,2.0,0.0,AFC Asian Cup,False,H,3,5.0,3.0,1.0,1.4,1.4,3.4,0.2,0.0,0.1,0.14,0.14,0.34,1461.774753560026,1402.3817317956255
2019-01-11,Kyrgyzstan,South Korea,0.0,1.0,AFC Asian Cup,True,A,3,0.0,6.0,1.0,1.0,2.0,1.0,0.0,0.1,0.1,0.1,0.2,0.1,1469.8342446317547,1599.97391060563
2019-01-11,Philippines,China PR,0.0,3.0,AFC Asian Cup,True,A,3,0.0,12.0,0.0,1.4,1.0,1.0,0.0,0.30000000000000004,0.0,0.14,0.1,0.1,1476.4985571213988,1528.2460920531869
2019-01-11,Palestine,Australia,0.0,3.0,AFC Asian Cup,True,A,3,1.0,4.0,0.25,0.8,2.75,1.4,0.0,0.30000000000000004,0.025,0.08,0.275,0.14,1429.1630141848843,1505.5877183181303
2019-01-12,Vietnam,Iran,0.0,2.0,AFC Asian Cup,True,A,3,4.0,8.0,1.2,2.0,2.0,1.0,0.0,0.2,0.12000000000000002,0.2,0.2,0.1,1426.4768824015382,1614.8740918342148
2019-01-12,Yemen,Iraq,0.0,3.0,AFC Asian Cup,True,A,3,0.0,7.0,0.0,2.0,5.0,2.0,0.0,0.30000000000000004,0.0,0.2,0.5,0.2,1477.819133397618,1499.8399834623408
2019-01-12,Lebanon,Saudi Arabia,0.0,2.0,AFC Asian Cup,True,A,3,2.0,6.0,0.75,1.4,2.25,2.0,0.0,0.2,0.07500000000000001,0.14,0.225,0.2,1417.2001836846887,1432.0740479197816
2019-01-13,North Korea,Qatar,0.0,6.0,AFC Asian Cup,True,A,3,0.0,3.0,0.4,1.2,2.4,2.0,0.0,0.6000000000000001,0.04,0.12000000000000002,0.24000000000000005,0.2,1277.2568043176266,1375.6391118580625
2019-01-13,Oman,Japan,0.0,1.0,AFC Asian Cup,True,A,3,4.0,7.0,0.4,1.8,1.4,1.8,0.0,0.1,0.04,0.18000000000000002,0.14,0.18000000000000002,1404.5083578768413,1580.9612686771989
2019-01-13,Turkmenistan,Uzbekistan,0.0,4.0,AFC Asian Cup,True,A,3,1.0,9.0,1.5,1.4,2.25,1.2,0.0,0.4,0.15000000000000002,0.14,0.22500000000000003,0.12000000000000002,1404.6481813999005,1514.7901589548485
2019-01-14,United Arab Emirates,Thailand,1.0,1.0,AFC Asian Cup,False,D,3,8.0,7.0,1.4,1.0,1.2,1.8,0.1,0.1,0.14,0.1,0.12000000000000002,0.18,1486.6957262112185,1356.7835777835924
2019-01-14,India,Bahrain,0.0,1.0,AFC Asian Cup,True,A,3,3.0,4.0,1.4,0.8,3.2,1.4,0.0,0.1,0.14,0.08,0.32,0.14,1377.460759144433,1352.8122471561885
2019-01-15,Australia,Syria,3.0,2.0,AFC Asian Cup,True,H,3,4.0,4.0,1.0,0.8,1.2,1.4,0.30000000000000004,0.2,0.1,0.08,0.12000000000000002,0.14,1529.0930920297596,1450.6089292897852
2019-01-15,Palestine,Jordan,0.0,0.0,AFC Asian Cup,True,D,3,1.0,9.0,0.2,1.6,2.8,0.8,0.0,0.0,0.02,0.16,0.28,0.08,1405.657640473255,1577.285965999098
2019-01-16,South Korea,China PR,2.0,0.0,AFC Asian Cup,True,H,3,9.0,12.0,1.0,1.8,0.6,1.0,0.2,0.0,0.1,0.18000000000000002,0.06000000000000001,0.1,1619.2343796638027,1553.8106005970114
2019-01-16,Kyrgyzstan,Philippines,3.0,1.0,AFC Asian Cup,True,H,3,0.0,0.0,0.5,0.0,1.5,2.0,0.30000000000000004,0.1,0.05,0.0,0.15000000000000002,0.2,1450.573775573582,1450.9340485775742
2019-01-16,Iran,Iraq,0.0,0.0,AFC Asian Cup,True,D,3,10.0,7.0,1.8,2.2,0.4,2.0,0.0,0.0,0.18,0.22000000000000003,0.04,0.2,1630.0333973757322,1527.9410924594706
2019-01-16,Vietnam,Yemen,2.0,0.0,AFC Asian Cup,True,H,3,1.0,0.0,0.8,0.0,2.4,4.0,0.2,0.0,0.08,0.0,0.24000000000000005,0.4,1411.3175768600208,1449.7180244004883
2019-01-17,Lebanon,North Korea,4.0,1.0,AFC Asian Cup,True,H,3,2.0,0.0,0.6,0.4,2.2,3.4,0.4,0.1,0.06000000000000001,0.04,0.22000000000000003,0.34,1388.4837123363732,1255.5318156332878
2019-01-17,Saudi Arabia,Qatar,0.0,2.0,AFC Asian Cup,True,A,3,9.0,6.0,1.6,2.0,1.4,1.4,0.0,0.2,0.16,0.2,0.13999999999999999,0.14,1460.7905192680971,1397.3641005424013
2019-01-17,Japan,Uzbekistan,2.0,1.0,AFC Asian Cup,True,H,3,7.0,9.0,1.6,2.0,1.6,1.2,0.2,0.1,0.16,0.2,0.16,0.12000000000000002,1596.9126963737172,1535.5860221609864
2019-01-17,Oman,Turkmenistan,3.0,1.0,AFC Asian Cup,True,H,3,3.0,1.0,0.4,1.2,1.6,2.6,0.30000000000000004,0.1,0.04,0.12000000000000002,0.16,0.26,1388.556930180323,1383.8523181937626
2019-01-20,Thailand,China PR,1.0,2.0,AFC Asian Cup,True,A,3,7.0,9.0,1.0,1.4,1.8,1.2,0.1,0.2,0.1,0.14,0.18,0.12000000000000002,1367.5059768863705,1529.393907022856
2019-01-20,Jordan,Vietnam,1.0,1.0,AFC Asian Cup,True,D,3,10.0,3.0,1.6,1.0,0.6,2.2,0.1,0.1,0.16,0.1,0.06000000000000001,0.22000000000000003,1563.5647351908951,1444.61990206409
2019-01-20,Iran,Oman,2.0,0.0,AFC Asian Cup,True,H,3,8.0,6.0,1.6,1.0,0.4,1.6,0.2,0.0,0.16,0.1,0.04,0.16,1621.4632928746314,1418.1507261533193
2019-01-21,Australia,Uzbekistan,0.0,0.0,AFC Asian Cup,True,D,3,7.0,9.0,1.4,2.0,1.2,1.2,0.0,0.0,0.14,0.2,0.12000000000000002,0.12000000000000002,1552.429191231895,1510.8270744602662
2019-01-21,Japan,Saudi Arabia,1.0,0.0,AFC Asian Cup,True,H,3,9.0,9.0,1.6,1.6,1.4,0.8,0.1,0.0,0.16,0.16,0.14,0.08,1621.6716440744374,1425.3738815789523
2019-01-21,United Arab Emirates,Kyrgyzstan,3.0,2.0,AFC Asian Cup,False,H,3,8.0,3.0,1.4,1.3333333333333333,1.2,1.3333333333333333,0.30000000000000004,0.2,0.14,0.13333333333333333,0.12000000000000002,0.13333333333333333,1475.9733271084403,1480.604884034247
2019-01-22,South Korea,Bahrain,2.0,1.0,AFC Asian Cup,True,H,3,12.0,7.0,1.4,1.0,0.4,1.0,0.2,0.1,0.14,0.1,0.04,0.1,1643.6510732379581,1384.9370072742415
2019-01-22,Qatar,Iraq,1.0,0.0,AFC Asian Cup,True,H,3,9.0,7.0,2.2,1.6,0.6,1.4,0.1,0.0,0.22000000000000003,0.16,0.06000000000000001,0.14,1432.7807382315464,1536.5111969605714
2019-01-24,China PR,Iran,0.0,3.0,AFC Asian Cup,True,A,3,9.0,11.0,1.4,2.0,1.2,0.2,0.0,0.30000000000000004,0.14,0.2,0.12000000000000002,0.02,1546.3462489680342,1635.6706748424356
2019-01-24,Vietnam,Japan,0.0,1.0,AFC Asian Cup,True,A,3,4.0,12.0,1.0,1.8,1.6,1.2,0.0,0.1,0.1,0.18000000000000002,0.16,0.12000000000000002,1454.5071349159052,1636.321523233616
2019-01-25,South Korea,Qatar,0.0,1.0,AFC Asian Cup,True,A,3,15.0,12.0,1.6,2.4,0.2,0.4,0.0,0.1,0.16,0.24000000000000005,0.02,0.04,1654.6928815512413,1471.4805732672764
2019-01-25,United Arab Emirates,Australia,1.0,0.0,AFC Asian Cup,False,H,3,11.0,7.0,2.0,1.2,1.2,1.0,0.1,0.0,0.2,0.12000000000000002,0.12000000000000002,0.1,1506.3732241930543,1548.8540459625926
2019-01-28,Iran,Japan,0.0,3.0,AFC Asian Cup,True,A,3,13.0,15.0,2.4,1.6,0.0,0.6,0.0,0.30000000000000004,0.24000000000000005,0.16,0.0,0.06000000000000001,1658.1233448953801,1651.9141454939913
2019-01-29,United Arab Emirates,Qatar,0.0,4.0,AFC Asian Cup,False,A,3,11.0,15.0,1.6,2.4,0.8,0.0,0.0,0.4,0.16,0.24000000000000005,0.08,0.0,1540.0231427111821,1515.9806383281116
2019-02-01,Japan,Qatar,1.0,3.0,AFC Asian Cup,True,A,3,15.0,15.0,1.6,2.8,0.2,0.0,0.1,0.30000000000000004,0.16,0.28,0.02,0.0,1682.4502337955778,1548.053327647143
2019-06-14,Brazil,Bolivia,3.0,0.0,Copa América,False,H,4,10.0,0.0,1.6,0.6,0.6,3.0,0.30000000000000004,0.0,0.16,0.06000000000000001,0.06000000000000001,0.3,1688.9225784751534,1330.108364120303
2019-06-15,Argentina,Colombia,0.0,2.0,Copa América,True,A,4,5.0,10.0,1.2,1.4,1.8,0.6,0.0,0.2,0.12000000000000002,0.14,0.18000000000000002,0.06000000000000001,1754.8156132710578,1685.203581281336
2019-06-15,Venezuela,Peru,0.0,0.0,Copa América,True,D,4,7.0,7.0,1.0,0.6,1.4,0.4,0.0,0.0,0.1,0.06000000000000001,0.14,0.04,1521.8716865133374,1631.7667053947287
2019-06-16,Paraguay,Qatar,2.0,2.0,Copa América,True,D,4,1.0,15.0,0.4,2.2,2.2,0.2,0.2,0.2,0.04,0.22000000000000003,0.22000000000000003,0.02,1498.5158789994,1589.1119337352989
2019-06-16,Uruguay,Ecuador,4.0,0.0,Copa América,True,H,4,12.0,8.0,1.4,1.8,0.6,1.0,0.4,0.0,0.14,0.18,0.06000000000000001,0.1,1706.3676485557626,1470.1124698155543
2019-06-17,Japan,Chile,0.0,4.0,Copa América,True,A,4,12.0,13.0,1.6,3.0,0.8,0.6,0.0,0.4,0.16,0.3,0.08,0.06000000000000001,1641.391627707422,1821.2867604482763
2019-06-18,Bolivia,Peru,1.0,3.0,Copa América,True,A,4,0.0,5.0,0.6,0.4,2.6,0.4,0.1,0.30000000000000004,0.06000000000000001,0.04,0.26000000000000006,0.04,1321.1087263719387,1619.5202844919818
2019-06-18,Brazil,Venezuela,0.0,0.0,Copa América,False,D,4,12.0,8.0,2.0,0.8,0.4,1.0,0.0,0.0,0.2,0.08,0.04,0.1,1697.9222162235176,1534.1181074160843
2019-06-19,Colombia,Qatar,1.0,0.0,Copa América,True,H,4,10.0,13.0,1.6,2.2,0.6,0.6,0.1,0.0,0.16,0.22000000000000003,0.06000000000000001,0.06000000000000001,1733.1124142118515,1578.911818179753
2019-06-19,Argentina,Paraguay,1.0,1.0,Copa América,True,D,4,4.0,2.0,1.2,0.6,2.2,1.4,0.1,0.1,0.12000000000000002,0.06000000000000001,0.22000000000000003,0.14,1706.9067803405424,1508.7159945549458
2019-06-20,Uruguay,Japan,2.0,2.0,Copa América,True,D,4,12.0,9.0,2.0,1.2,0.6,1.4,0.2,0.2,0.2,0.12000000000000002,0.06000000000000001,0.14,1722.7069490378526,1620.4310137041111
2019-06-21,Egypt,Zimbabwe,1.0,0.0,African Cup of Nations,False,H,3,1.0,4.0,0.8,1.2,1.8,2.2,0.1,0.0,0.08,0.12000000000000002,0.18000000000000002,0.22000000000000003,1525.690428050789,1428.9672882441023
2019-06-21,Ecuador,Chile,1.0,2.0,Copa América,True,A,4,5.0,13.0,1.4,3.4,1.6,0.4,0.1,0.2,0.14,0.34,0.16,0.04,1453.7731693334642,1842.2473744515871
2019-06-22,Brazil,Peru,5.0,0.0,Copa América,False,H,4,10.0,7.0,1.6,1.0,0.4,0.6,0.5,0.0,0.16,0.1,0.04,0.06000000000000001,1680.3468900556747,1631.6927163270238
2019-06-22,Bolivia,Venezuela,1.0,3.0,Copa América,True,A,4,0.0,6.0,0.6,0.6,2.6,1.0,0.1,0.30000000000000004,0.06000000000000001,0.06000000000000001,0.26000000000000006,0.1,1308.9362945368966,1551.6934335839271
2019-06-22,Nigeria,Burundi,1.0,0.0,African Cup of Nations,True,H,3,3.0,0.0,1.0,0.0,1.8,0.0,0.1,0.0,0.1,0.0,0.18000000000000002,0.0,1563.729377110167,1500.0
2019-06-22,DR Congo,Uganda,0.0,2.0,African Cup of Nations,True,A,3,8.0,4.0,1.4,0.6,1.0,1.2,0.0,0.2,0.14,0.06000000000000001,0.1,0.12000000000000002,1500.3148929222325,1401.8162921401995
2019-06-22,Guinea,Madagascar,2.0,2.0,African Cup of Nations,True,D,3,4.0,0.0,0.8,0.0,1.4,0.0,0.2,0.2,0.08,0.0,0.14,0.0,1500.1777285706642,1500.0
2019-06-23,Senegal,Tanzania,2.0,0.0,African Cup of Nations,True,H,3,6.0,1.0,1.2,1.0,1.2,2.0,0.2,0.0,0.12000000000000002,0.10000000000000002,0.12000000000000002,0.20000000000000004,1529.3734707689405,1445.0579694397193
2019-06-23,Algeria,Kenya,2.0,0.0,African Cup of Nations,True,H,3,5.0,3.0,1.6,1.0,1.8,2.2,0.2,0.0,0.16,0.1,0.18000000000000002,0.22000000000000003,1428.1583715302486,1382.6674991297405
2019-06-23,Morocco,Namibia,1.0,0.0,African Cup of Nations,True,H,3,4.0,2.0,0.6,1.2,1.0,2.8,0.1,0.0,0.06000000000000001,0.12000000000000002,0.1,0.28,1485.7906963088342,1429.1656140202042
2019-06-23,Colombia,Paraguay,1.0,0.0,Copa América,True,H,4,13.0,3.0,1.6,0.8,0.2,1.2,0.1,0.0,0.16,0.08,0.02,0.12000000000000002,1756.4400163014232,1529.343257031089
2019-06-23,Qatar,Argentina,0.0,2.0,Copa América,True,A,4,10.0,4.0,2.0,1.2,0.8,2.2,0.0,0.2,0.2,0.12000000000000002,0.08,0.22000000000000003,1555.5842160901814,1686.2795178643992
2019-06-24,Ecuador,Japan,1.0,1.0,Copa América,True,D,4,4.0,7.0,1.6,1.4,2.0,1.8,0.1,0.1,0.16,0.14,0.2,0.18000000000000002,1446.0497103052808,1631.8772327239851
2019-06-24,Tunisia,Angola,1.0,1.0,African Cup of Nations,True,D,3,6.0,2.0,1.8,0.6,2.4,1.6,0.1,0.1,0.18,0.06000000000000001,0.24,0.16,1472.5205414533511,1431.7249155772681
2019-06-24,Mali,Mauritania,4.0,1.0,African Cup of Nations,True,H,3,4.0,0.0,0.6,0.0,0.8,0.0,0.4,0.1,0.06000000000000001,0.0,0.08,0.0,1529.8544698773035,1500.0
2019-06-24,Ivory Coast,South Africa,1.0,0.0,African Cup of Nations,True,H,3,6.0,3.0,1.0,1.2,0.8,1.8,0.1,0.0,0.1,0.12000000000000002,0.08,0.18000000000000002,1552.189365504318,1467.5067678027892
2019-06-24,Chile,Uruguay,0.0,1.0,Copa América,True,A,4,13.0,10.0,3.0,2.2,0.2,1.0,0.0,0.1,0.3,0.22000000000000003,0.02,0.1,1849.9708334797706,1711.2607300179786
2019-06-25,Cameroon,Guinea-Bissau,2.0,0.0,African Cup of Nations,True,H,3,11.0,1.0,1.2,0.6666666666666666,0.4,1.6666666666666667,0.2,0.0,0.12000000000000002,0.06666666666666667,0.04,0.16666666666666666,1546.695380266276,1424.4174237265777
2019-06-25,Ghana,Benin,2.0,2.0,African Cup of Nations,True,D,3,6.0,1.0,0.6,0.6,1.0,2.2,0.2,0.2,0.06000000000000001,0.06000000000000001,0.1,0.22000000000000003,1567.6388855023513,1361.5734645093733
2019-06-26,Nigeria,Guinea,1.0,0.0,African Cup of Nations,True,H,3,6.0,4.0,0.8,1.0,1.2,1.6,0.1,0.0,0.08,0.1,0.12000000000000002,0.16,1588.2874366809915,1500.1623822535998
2019-06-26,Uganda,Zimbabwe,1.0,1.0,African Cup of Nations,True,D,3,4.0,4.0,0.6,1.2,1.0,2.0,0.1,0.1,0.06000000000000001,0.12000000000000002,0.1,0.2,1440.100580159845,1407.1097620622268
2019-06-26,Egypt,DR Congo,2.0,0.0,African Cup of Nations,False,H,3,3.0,7.0,0.8,1.4,1.6,1.4,0.2,0.0,0.08,0.14,0.16,0.14,1547.5479542326646,1462.030604902587
2019-06-27,Madagascar,Burundi,1.0,0.0,African Cup of Nations,True,H,3,1.0,0.0,2.0,0.0,2.0,1.0,0.1,0.0,0.2,0.0,0.2,0.1,1500.0153463170643,1475.4419404291755
2019-06-27,Senegal,Algeria,0.0,1.0,African Cup of Nations,True,A,3,8.0,5.0,1.2,1.6,0.8,1.8,0.0,0.1,0.12000000000000002,0.16,0.08,0.18000000000000002,1552.2327187734813,1454.2526675567099
2019-06-27,Kenya,Tanzania,3.0,2.0,African Cup of Nations,True,H,3,3.0,1.0,0.8,0.75,2.2,2.0,0.30000000000000004,0.2,0.08,0.07500000000000001,0.22000000000000003,0.2,1356.5732031032792,1422.1987214351784
2019-06-27,Brazil,Paraguay,0.0,0.0,Copa América,False,D,4,10.0,2.0,2.2,0.8,0.4,1.4,0.0,0.0,0.22000000000000003,0.08,0.04,0.14,1714.7817027743754,1512.307788645799
2019-06-28,Morocco,Ivory Coast,1.0,0.0,African Cup of Nations,True,H,3,4.0,6.0,0.6,0.6,1.0,0.6,0.1,0.0,0.06000000000000001,0.06000000000000001,0.1,0.06000000000000001,1510.944130190028,1575.0187192492729
2019-06-28,South Africa,Namibia,1.0,0.0,African Cup of Nations,True,H,3,2.0,1.0,0.8,0.6,1.6,2.4,0.1,0.0,0.08,0.06000000000000001,0.16,0.24,1444.6774140578343,1404.0121801390103
2019-06-28,Tunisia,Mali,1.0,1.0,African Cup of Nations,True,D,3,4.0,6.0,1.2,1.2,2.2,0.8,0.1,0.1,0.12000000000000002,0.12000000000000002,0.22000000000000003,0.08,1469.0140640893703,1557.2829536597915
2019-06-28,Colombia,Chile,0.0,0.0,Copa América,True,D,4,13.0,10.0,1.2,1.6,0.2,0.4,0.0,0.0,0.12000000000000002,0.16,0.02,0.04,1773.4754846867131,1794.7989017728319
2019-06-28,Venezuela,Argentina,0.0,2.0,Copa América,True,A,4,6.0,7.0,1.0,1.6,1.2,1.6,0.0,0.2,0.1,0.16,0.12000000000000002,0.16,1567.551469779092,1711.9044032254758
2019-06-29,Uruguay,Peru,0.0,0.0,Copa América,True,D,4,10.0,7.0,1.8,1.0,1.0,1.4,0.0,0.0,0.18,0.1,0.1,0.13999999999999999,1766.4326617249174,1597.2579036083232
2019-06-29,Cameroon,Ghana,0.0,0.0,African Cup of Nations,True,D,3,11.0,4.0,1.2,0.8,0.2,1.4,0.0,0.0,0.12000000000000002,0.08,0.02,0.14,1566.5524199809292,1551.6751554704183
2019-06-29,Mauritania,Angola,0.0,0.0,African Cup of Nations,True,D,3,0.0,2.0,1.0,0.4,4.0,1.4,0.0,0.0,0.1,0.04,0.4,0.14,1472.571516217512,1435.231392941249
2019-06-29,Benin,Guinea-Bissau,0.0,0.0,African Cup of Nations,True,D,3,2.0,1.0,0.8,0.5,1.8,1.75,0.0,0.0,0.08,0.05,0.18,0.17500000000000002,1377.5371945413062,1404.5603840119245
2019-06-30,Egypt,Uganda,2.0,0.0,African Cup of Nations,False,H,3,6.0,5.0,1.0,0.8,1.2,0.8,0.2,0.0,0.1,0.08,0.12000000000000002,0.08,1570.3093867880723,1437.260454798524
2019-06-30,Zimbabwe,DR Congo,0.0,4.0,African Cup of Nations,True,A,3,2.0,4.0,1.0,1.2,2.0,1.8,0.0,0.4,0.1,0.12000000000000002,0.2,0.18,1409.9498874235478,1439.2691723471792
2019-06-30,Burundi,Guinea,0.0,2.0,African Cup of Nations,True,A,3,0.0,3.0,0.0,0.8,1.0,1.6,0.0,0.2,0.0,0.08,0.1,0.16,1447.5602477976731,1477.6126207897908
2019-06-30,Madagascar,Nigeria,2.0,0.0,African Cup of Nations,True,H,3,4.0,9.0,1.5,1.0,1.0,0.8,0.2,0.0,0.15000000000000002,0.1,0.1,0.08,1527.8970389485667,1610.8371981448006
2019-07-01,South Africa,Morocco,0.0,1.0,African Cup of Nations,True,A,3,4.0,7.0,0.8,0.8,1.4,0.8,0.0,0.1,0.08,0.08,0.14,0.08,1471.1820423126094,1546.4148925714871
2019-07-01,Namibia,Ivory Coast,1.0,4.0,African Cup of Nations,True,A,3,1.0,5.0,0.4,0.6,1.8,0.8,0.1,0.4,0.04,0.06000000000000001,0.18,0.08,1377.5075518842352,1539.5479568678138
2019-07-01,Kenya,Senegal,0.0,3.0,African Cup of Nations,True,A,3,6.0,7.0,1.4,1.2,2.0,1.0,0.0,0.30000000000000004,0.14,0.12000000000000002,0.2,0.1,1392.1733239168034,1513.98980861859
2019-07-01,Tanzania,Algeria,0.0,3.0,African Cup of Nations,True,A,3,1.0,8.0,1.0,1.6,2.2,1.2,0.0,0.30000000000000004,0.1,0.16,0.22000000000000003,0.12000000000000002,1386.5986006216542,1492.4955777116013
2019-07-02,Angola,Mali,0.0,1.0,African Cup of Nations,True,A,3,3.0,6.0,0.4,1.2,1.0,0.8,0.0,0.1,0.04,0.12000000000000002,0.1,0.08,1438.4432416611533,1549.8210625642348
2019-07-02,Mauritania,Tunisia,0.0,0.0,African Cup of Nations,True,D,3,1.0,5.0,0.5,1.4,2.0,2.0,0.0,0.0,0.05,0.14,0.2,0.2,1469.3596674976077,1476.475955184927
2019-07-02,Benin,Cameroon,0.0,0.0,African Cup of Nations,True,D,3,3.0,11.0,0.8,1.2,1.4,0.2,0.0,0.0,0.08,0.12000000000000002,0.14,0.02,1379.8658703502845,1565.2685982634262
2019-07-02,Guinea-Bissau,Ghana,0.0,2.0,African Cup of Nations,True,A,3,2.0,5.0,0.4,0.8,1.4,1.2,0.0,0.2,0.04,0.08,0.14,0.12000000000000002,1402.2317082029463,1552.9589771879214
2019-07-02,Brazil,Argentina,2.0,0.0,Copa América,False,H,4,8.0,7.0,1.8,1.6,0.4,1.4,0.2,0.0,0.18,0.16,0.04,0.14,1693.7947640854009,1736.1797343632875
2019-07-03,Chile,Peru,0.0,3.0,Copa América,True,A,4,8.0,8.0,1.2,1.0,0.4,1.2,0.0,0.30000000000000004,0.12000000000000002,0.1,0.04,0.12,1792.3470304004786,1615.3287723212773
2019-07-05,Uganda,Senegal,0.0,1.0,African Cup of Nations,True,A,3,5.0,7.0,0.8,1.4,1.0,0.8,0.0,0.1,0.08,0.14,0.1,0.08,1418.2183395394036,1533.8821559469854
2019-07-05,Morocco,Benin,1.0,1.0,African Cup of Nations,True,D,3,10.0,3.0,1.0,0.4,0.6,1.0,0.1,0.1,0.1,0.04,0.06000000000000001,0.1,1570.0184285281957,1394.51044450642
2019-07-06,Egypt,South Africa,0.0,1.0,African Cup of Nations,False,A,3,9.0,4.0,1.4,0.6,1.0,1.0,0.0,0.1,0.14,0.06000000000000001,0.1,0.1,1589.3515020471928,1447.5785063559008
2019-07-06,Nigeria,Cameroon,3.0,2.0,African Cup of Nations,True,H,3,9.0,11.0,1.0,1.2,0.8,0.2,0.30000000000000004,0.2,0.1,0.12000000000000002,0.08,0.02,1573.8085795405107,1550.6240241072906
2019-07-06,Argentina,Chile,2.0,1.0,Copa América,True,H,4,7.0,7.0,1.0,1.2,1.0,1.0,0.2,0.1,0.1,0.12000000000000002,0.1,0.1,1691.3240486686016,1733.5648246375165
2019-07-07,Algeria,Guinea,3.0,0.0,African Cup of Nations,True,H,3,10.0,5.0,1.8,1.0,0.8,1.4,0.30000000000000004,0.0,0.18000000000000002,0.1,0.08,0.14,1513.6247141139538,1505.0241426291743
2019-07-07,Madagascar,DR Congo,2.0,2.0,African Cup of Nations,True,D,3,7.0,6.0,1.6666666666666667,1.6,0.6666666666666666,1.4,0.2,0.2,0.16666666666666666,0.16,0.06666666666666667,0.14,1564.9256575528566,1466.7435341978023
2019-07-07,Brazil,Peru,3.0,1.0,Copa América,False,H,4,11.0,8.0,2.0,1.2,0.0,1.2,0.30000000000000004,0.1,0.2,0.12000000000000002,0.0,0.12,1738.6504497800868,1674.1109780842394
2019-07-08,Mali,Ivory Coast,0.0,1.0,African Cup of Nations,True,A,3,8.0,7.0,1.4,1.4,0.8,1.0,0.0,0.1,0.14,0.14,0.08,0.1,1570.520364894809,1556.489625506679
2019-07-08,Ghana,Tunisia,1.0,1.0,African Cup of Nations,True,D,3,5.0,6.0,0.8,1.2,1.0,1.6,0.1,0.1,0.08,0.12000000000000002,0.1,0.16,1570.7035147707327,1475.8615714260966
2019-07-10,Nigeria,South Africa,2.0,1.0,African Cup of Nations,True,H,3,9.0,6.0,1.2,0.6,1.2,0.8,0.2,0.1,0.12000000000000002,0.06000000000000001,0.12000000000000002,0.08,1601.809630301647,1489.1831173442006
2019-07-10,Senegal,Benin,1.0,0.0,African Cup of Nations,True,H,3,9.0,4.0,1.2,0.6,0.4,1.0,0.1,0.0,0.12000000000000002,0.06000000000000001,0.04,0.1,1554.2482372488378,1408.495236533036
2019-07-11,Ivory Coast,Algeria,1.0,1.0,African Cup of Nations,True,D,3,9.0,13.0,1.2,2.2,0.6,0.4,0.1,0.1,0.12000000000000002,0.22000000000000003,0.06000000000000001,0.04,1587.7004787664466,1542.8822327290563
2019-07-11,Madagascar,Tunisia,0.0,3.0,African Cup of Nations,True,A,3,8.0,7.0,1.75,1.0,1.0,0.8,0.0,0.30000000000000004,0.17500000000000002,0.1,0.1,0.08,1556.6666189277546,1483.8533557703547
2019-07-14,Algeria,Nigeria,2.0,1.0,African Cup of Nations,True,H,3,13.0,12.0,2.0,1.4,0.2,1.0,0.2,0.1,0.2,0.14,0.02,0.1,1546.7308275631838,1622.4115839089318
2019-07-14,Senegal,Tunisia,1.0,0.0,African Cup of Nations,True,H,3,12.0,7.0,1.4,1.2,0.2,0.6,0.1,0.0,0.14,0.12000000000000002,0.02,0.06000000000000001,1572.3526889537,1520.0501003993813
2019-07-17,Tunisia,Nigeria,0.0,1.0,African Cup of Nations,True,A,3,6.0,9.0,1.0,1.4,0.6,1.4,0.0,0.1,0.1,0.14,0.06000000000000001,0.14,1494.5324602616454,1585.9782129227353
2019-07-19,Senegal,Algeria,0.0,1.0,African Cup of Nations,True,A,3,12.0,13.0,1.2,2.0,0.2,0.4,0.0,0.1,0.12000000000000002,0.2,0.02,0.04,1597.870329091436,1583.1641985493802
2021-06-11,Italy,Turkey,3.0,0.0,UEFA Euro,False,H,4,10.0,4.0,1.2,1.0,0.4,1.6,0.30000000000000004,0.0,0.12000000000000002,0.1,0.04,0.16,1733.6980886965862,1627.626007165553
2021-06-12,Denmark,Finland,0.0,1.0,UEFA Euro,False,A,4,6.0,0.0,0.8,0.0,0.8,0.0,0.0,0.1,0.08,0.0,0.08,0.0,1678.7993948719259,1500.0
2021-06-12,Wales,Switzerland,1.0,1.0,UEFA Euro,False,D,4,9.0,6.0,1.6,1.2,1.0,1.2,0.1,0.1,0.16,0.12000000000000002,0.1,0.12000000000000002,1621.5968489872582,1562.6108728005718
2021-06-12,Russia,Belgium,0.0,3.0,UEFA Euro,False,A,4,8.0,12.0,2.2,1.6,1.4,0.8,0.0,0.30000000000000004,0.22000000000000003,0.16,0.14,0.08,1575.6111610264118,1803.9095028799882
2021-06-13,Austria,North Macedonia,3.0,1.0,UEFA Euro,True,H,4,2.0,0.0,0.4,0.0,1.2,0.0,0.30000000000000004,0.1,0.04,0.0,0.12000000000000002,0.0,1409.0966578290522,1500.0
2021-06-13,Netherlands,Ukraine,3.0,2.0,UEFA Euro,False,H,4,11.0,0.0,1.4,0.0,0.2,1.6,0.30000000000000004,0.2,0.14,0.0,0.02,0.16,1881.7829030453447,1425.8710091100659
2021-06-13,England,Croatia,1.0,0.0,UEFA Euro,False,H,4,4.0,8.0,0.8,1.8,1.2,1.8,0.1,0.0,0.08,0.18,0.12000000000000002,0.18,1598.31538464768,1749.9894608748507
2021-06-13,Brazil,Venezuela,3.0,0.0,Copa América,False,H,4,11.0,5.0,2.0,0.8,0.2,1.4,0.30000000000000004,0.0,0.2,0.08,0.02,0.14,1771.3043708447517,1543.2761386412803
2021-06-13,Colombia,Ecuador,1.0,0.0,Copa América,True,H,4,11.0,4.0,1.0,1.4,0.2,1.8,0.1,0.0,0.1,0.14,0.02,0.18,1775.9273560590664,1465.6130392009936
2021-06-14,Paraguay,Bolivia,3.0,1.0,Copa América,True,H,4,3.0,0.0,0.6,0.6,1.0,2.8,0.30000000000000004,0.1,0.06000000000000001,0.06000000000000001,0.1,0.28,1533.2947273347736,1293.0782583417317
2021-06-14,Argentina,Chile,1.0,1.0,Copa América,True,D,4,10.0,4.0,1.4,0.6,0.8,1.4,0.1,0.1,0.14,0.06000000000000001,0.08,0.14,1736.163377189781,1688.7254961163371
2021-06-14,Spain,Sweden,0.0,0.0,UEFA Euro,False,D,4,6.0,9.0,1.4,1.2,1.6,0.8,0.0,0.0,0.14,0.12000000000000002,0.16,0.08,1703.9789522489818,1606.1399330394358
2021-06-14,Poland,Slovakia,1.0,2.0,UEFA Euro,True,A,4,5.0,4.0,0.8,0.8,1.4,1.6,0.1,0.2,0.08,0.08,0.14,0.16,1558.0690703165476,1531.6219931226742
2021-06-14,Scotland,Czech Republic,0.0,2.0,UEFA Euro,False,A,4,4.0,4.0,0.6,0.6,1.6,1.2,0.0,0.2,0.06000000000000001,0.06000000000000001,0.16,0.12000000000000002,1459.9601777933606,1526.6057283251225
2021-06-15,Germany,France,0.0,1.0,UEFA Euro,False,A,4,4.0,13.0,0.6,2.2,1.4,1.0,0.0,0.1,0.06000000000000001,0.22000000000000003,0.14,0.1,1721.856357706304,1947.2045535319708
2021-06-15,Hungary,Portugal,0.0,3.0,UEFA Euro,False,A,4,5.0,8.0,1.2,1.4,2.2,1.2,0.0,0.30000000000000004,0.12000000000000002,0.14,0.22000000000000003,0.12000000000000002,1481.7687318609487,1696.0481250045505
2021-06-16,Russia,Finland,1.0,0.0,UEFA Euro,False,H,4,5.0,3.0,1.2,1.0,2.0,0.0,0.1,0.0,0.12000000000000002,0.1,0.2,0.0,1558.6682489895213,1558.9416692037582
2021-06-16,Turkey,Wales,0.0,2.0,UEFA Euro,True,A,4,3.0,10.0,0.8,1.6,2.0,0.8,0.0,0.2,0.08,0.16,0.20000000000000004,0.08,1599.4722195221236,1614.8703411652925
2021-06-16,Italy,Switzerland,3.0,0.0,UEFA Euro,False,H,4,10.0,6.0,1.4,1.2,0.4,1.2,0.30000000000000004,0.0,0.14,0.12000000000000002,0.04,0.12000000000000002,1761.8518763400155,1569.3373806225375
2021-06-17,Denmark,Belgium,1.0,2.0,UEFA Euro,False,A,4,6.0,12.0,0.6,2.0,0.6,0.8,0.1,0.2,0.06000000000000001,0.2,0.06000000000000001,0.08,1619.8577256681676,1820.8524149168786
2021-06-17,Ukraine,North Macedonia,2.0,1.0,UEFA Euro,True,H,4,0.0,0.0,0.4,1.0,1.8,3.0,0.2,0.1,0.04,0.1,0.18000000000000002,0.30000000000000004,1420.464450572729,1449.7668146299818
2021-06-17,Netherlands,Austria,2.0,0.0,UEFA Euro,False,H,4,11.0,4.0,1.6,0.8,0.6,1.2,0.2,0.0,0.16,0.08,0.06000000000000001,0.12000000000000002,1887.1894615826816,1459.3298431990704
2021-06-17,Colombia,Venezuela,0.0,0.0,Copa América,True,D,4,13.0,5.0,1.0,0.6,0.0,1.2,0.0,0.0,0.1,0.06000000000000001,0.0,0.12000000000000002,1787.4093864696708,1526.3124524977418
2021-06-17,Brazil,Peru,4.0,0.0,Copa América,False,H,4,13.0,7.0,2.6,1.4,0.2,1.8,0.4,0.0,0.26,0.14,0.02,0.18,1788.2680569882903,1641.4570570195744
2021-06-18,Argentina,Uruguay,1.0,0.0,Copa América,True,H,4,10.0,8.0,1.4,1.4,0.8,0.8,0.1,0.0,0.14,0.14,0.08,0.08,1730.7355765427044,1748.3617930119633
2021-06-18,Chile,Bolivia,1.0,0.0,Copa América,True,H,4,2.0,0.0,0.4,0.6,1.4,3.0,0.1,0.0,0.04,0.06000000000000001,0.14,0.30000000000000004,1694.1532967634137,1277.0334470898079
2021-06-18,Croatia,Czech Republic,1.0,1.0,UEFA Euro,True,D,4,5.0,4.0,1.4,0.8,1.8,1.2,0.1,0.1,0.14,0.08,0.18,0.12000000000000002,1693.5581316354078,1559.0256195882982
2021-06-18,England,Scotland,0.0,0.0,UEFA Euro,False,D,4,7.0,4.0,1.0,0.6,1.0,1.6,0.0,0.0,0.1,0.06000000000000001,0.1,0.16,1654.746713887123,1427.5402865301849
2021-06-18,Sweden,Slovakia,1.0,0.0,UEFA Euro,True,H,4,7.0,7.0,1.0,1.0,0.8,1.4,0.1,0.0,0.1,0.1,0.08,0.14,1617.1154671358925,1574.6609580373938
2021-06-19,Spain,Poland,1.0,1.0,UEFA Euro,False,D,4,7.0,4.0,1.4,0.8,1.2,1.6,0.1,0.1,0.14,0.08,0.12000000000000002,0.16,1693.0034181525252,1515.030105401828
2021-06-19,Hungary,France,1.0,1.0,UEFA Euro,False,D,4,5.0,15.0,1.2,2.4,2.2,1.0,0.1,0.1,0.12000000000000002,0.24000000000000005,0.22000000000000003,0.1,1463.7230563696535,1964.3753693872504
2021-06-19,Germany,Portugal,4.0,2.0,UEFA Euro,False,H,4,3.0,8.0,0.4,1.8,1.4,1.2,0.4,0.2,0.04,0.18000000000000002,0.14,0.12000000000000002,1704.6855418510243,1714.0938004958457
2021-06-20,Italy,Wales,1.0,0.0,UEFA Euro,False,H,4,10.0,10.0,1.8,1.4,0.4,0.8,0.1,0.0,0.18000000000000002,0.14,0.04,0.08,1781.7083680384794,1653.0987266838777
2021-06-20,Switzerland,Turkey,3.0,1.0,UEFA Euro,True,H,4,5.0,3.0,1.0,0.4,1.6,1.8,0.30000000000000004,0.1,0.1,0.04,0.16,0.18000000000000002,1549.4808889240735,1561.2438340035385
2021-06-20,Venezuela,Ecuador,2.0,2.0,Copa América,True,D,4,5.0,1.0,0.6,0.6,1.2,2.0,0.2,0.2,0.06000000000000001,0.06000000000000001,0.12000000000000002,0.2,1551.7541093601233,1454.1310087903892
2021-06-20,Colombia,Peru,1.0,2.0,Copa América,True,A,4,11.0,4.0,0.6,0.8,0.0,2.4,0.1,0.2,0.06000000000000001,0.08,0.0,0.24000000000000005,1761.9677296072894,1617.4203193600367
2021-06-21,Argentina,Paraguay,1.0,0.0,Copa América,True,H,4,10.0,6.0,1.2,1.2,0.8,1.0,0.1,0.0,0.12000000000000002,0.12000000000000002,0.08,0.1,1772.7631305201626,1549.3395385866975
2021-06-21,Uruguay,Chile,1.0,1.0,Copa América,True,D,4,8.0,5.0,1.4,0.6,0.6,1.2,0.1,0.1,0.14,0.06000000000000001,0.06000000000000001,0.12000000000000002,1706.3342390345051,1700.8001925985047
2021-06-21,Ukraine,Austria,0.0,1.0,UEFA Euro,True,A,4,3.0,4.0,0.8,0.8,1.8,1.4,0.0,0.1,0.08,0.08,0.18000000000000002,0.14,1463.8300338178449,1453.0501545084505
2021-06-21,Finland,Belgium,0.0,2.0,UEFA Euro,True,A,4,3.0,12.0,0.5,1.8,0.5,0.6,0.0,0.2,0.05,0.18000000000000002,0.05,0.06000000000000001,1518.9101905447853,1839.9891727214117
2021-06-21,Netherlands,North Macedonia,3.0,0.0,UEFA Euro,False,H,4,11.0,0.0,1.6,1.0,0.4,2.5,0.30000000000000004,0.0,0.16,0.1,0.04,0.25,1893.4691502733015,1406.401231384866
2021-06-21,Denmark,Russia,4.0,1.0,UEFA Euro,False,H,4,3.0,5.0,0.6,0.8,1.0,1.8,0.4,0.1,0.06000000000000001,0.08,0.1,0.18000000000000002,1600.7209678636345,1598.6997276484942
2021-06-22,Scotland,Croatia,1.0,3.0,UEFA Euro,False,A,4,2.0,5.0,0.4,1.4,1.6,1.8,0.1,0.30000000000000004,0.04,0.14,0.16,0.18,1450.5132810081393,1678.7998346531028
2021-06-22,England,Czech Republic,1.0,0.0,UEFA Euro,False,H,4,7.0,5.0,0.8,1.0,0.8,1.2,0.1,0.0,0.08,0.1,0.08,0.12000000000000002,1631.7737194091685,1573.7839165706032
2021-06-23,Ecuador,Peru,2.0,2.0,Copa América,True,D,4,2.0,7.0,0.8,1.2,2.0,1.6,0.2,0.2,0.08,0.12000000000000002,0.2,0.16,1465.0835519920054,1673.1639138620797
2021-06-23,Brazil,Colombia,2.0,1.0,Copa América,False,H,4,13.0,8.0,2.4,0.6,0.2,0.4,0.2,0.1,0.24000000000000005,0.06000000000000001,0.02,0.04,1812.304794647828,1706.2241351052464
2021-06-23,Portugal,France,2.0,2.0,UEFA Euro,True,D,4,7.0,13.0,1.6,1.8,1.4,0.6,0.2,0.2,0.16,0.18,0.14,0.06000000000000001,1673.010899367527,1928.6194700470649
2021-06-23,Sweden,Poland,3.0,2.0,UEFA Euro,True,H,4,10.0,4.0,1.0,0.8,0.4,1.6,0.30000000000000004,0.2,0.1,0.08,0.04,0.16,1652.2518936565066,1533.897912149605
2021-06-23,Spain,Slovakia,5.0,0.0,UEFA Euro,False,H,4,7.0,7.0,1.0,0.8,0.8,1.2,0.5,0.0,0.1,0.08,0.08,0.12000000000000002,1674.1356114047483,1539.5245315167797
2021-06-23,Germany,Hungary,2.0,2.0,UEFA Euro,False,D,4,6.0,3.0,1.2,1.0,1.4,2.4,0.2,0.2,0.12000000000000002,0.1,0.14,0.24000000000000005,1745.768442979343,1499.478955709839
2021-06-24,Bolivia,Uruguay,0.0,2.0,Copa América,True,A,4,0.0,6.0,0.6,0.8,2.6,0.8,0.0,0.2,0.06000000000000001,0.08,0.26000000000000006,0.08,1270.3865512547168,1705.69716226973
2021-06-24,Chile,Paraguay,0.0,2.0,Copa América,True,A,4,5.0,5.0,0.8,0.8,1.4,0.8,0.0,0.2,0.08,0.08,0.14,0.08,1701.43726936328,1532.0188473934306
2021-06-26,Italy,Austria,2.0,1.0,UEFA Euro,True,H,4,13.0,7.0,2.0,1.0,0.2,1.0,0.2,0.1,0.2,0.1,0.02,0.1,1807.5428113469384,1494.2908358802422
2021-06-26,Wales,Denmark,0.0,4.0,UEFA Euro,True,A,4,7.0,5.0,1.2,1.2,1.0,1.0,0.0,0.4,0.12000000000000002,0.12000000000000002,0.1,0.1,1627.2642833754187,1640.4882666094056
2021-06-27,Venezuela,Peru,0.0,1.0,Copa América,True,A,4,5.0,7.0,1.0,1.6,1.6,2.0,0.0,0.1,0.1,0.16,0.16,0.2,1540.801566158507,1651.7131615188869
2021-06-27,Brazil,Ecuador,1.0,1.0,Copa América,False,D,4,15.0,3.0,2.8,1.2,0.4,1.6,0.1,0.1,0.28,0.12000000000000002,0.04,0.16,1840.45768133641,1486.5343043351982
2021-06-27,Netherlands,Czech Republic,0.0,2.0,UEFA Euro,True,A,4,13.0,5.0,2.2,1.0,0.4,1.2,0.0,0.2,0.22000000000000003,0.1,0.04,0.12000000000000002,1898.0387346753369,1540.398925489143
2021-06-27,Belgium,Portugal,1.0,0.0,UEFA Euro,True,H,4,12.0,5.0,1.8,1.8,0.4,1.8,0.1,0.0,0.18000000000000002,0.18000000000000002,0.04,0.18,1850.8751779887564,1698.072520952763
2021-06-28,Croatia,Spain,3.0,5.0,UEFA Euro,True,A,4,7.0,7.0,1.6,1.8,1.6,0.8,0.30000000000000004,0.5,0.16,0.18,0.16,0.08,1695.7436529315717,1699.3695009717987
2021-06-28,France,Switzerland,3.0,3.0,UEFA Euro,True,D,4,11.0,5.0,1.8,1.2,1.0,1.6,0.30000000000000004,0.30000000000000004,0.18,0.12000000000000002,0.1,0.16,1903.5578484618288,1590.8346308158712
2021-06-28,Argentina,Bolivia,4.0,1.0,Copa América,True,H,4,10.0,0.0,1.0,0.6,0.8,2.4,0.4,0.1,0.1,0.06000000000000001,0.08,0.24000000000000005,1790.0838217134294,1264.3506202411081
2021-06-28,Uruguay,Paraguay,1.0,0.0,Copa América,True,H,4,8.0,7.0,0.8,1.0,0.4,0.6,0.1,0.0,0.08,0.1,0.04,0.06000000000000001,1711.7330932833386,1590.112036349402
2021-06-29,England,Germany,2.0,0.0,UEFA Euro,False,H,4,7.0,7.0,0.6,1.6,0.8,1.6,0.2,0.0,0.06000000000000001,0.16,0.08,0.16,1665.1587104906287,1721.369528822702
2021-06-29,Sweden,Ukraine,1.0,2.0,UEFA Euro,True,A,4,10.0,3.0,1.0,0.8,0.8,1.6,0.1,0.2,0.1,0.08,0.08,0.16,1679.129586019892,1422.5893524460532
2021-07-02,Switzerland,Spain,1.0,1.0,UEFA Euro,True,D,4,5.0,9.0,1.4,2.4,1.8,1.0,0.1,0.1,0.14,0.24,0.18000000000000002,0.1,1619.4882940117925,1738.9520749433998
2021-07-02,Peru,Paraguay,3.0,3.0,Copa América,True,D,4,7.0,7.0,1.2,1.0,2.0,0.6,0.30000000000000004,0.30000000000000004,0.12000000000000002,0.1,0.2,0.06000000000000001,1679.3607685989516,1563.5689574004136
2021-07-02,Belgium,Italy,1.0,2.0,UEFA Euro,True,A,4,15.0,13.0,2.0,2.0,0.2,0.4,0.1,0.2,0.2,0.2,0.02,0.04,1874.335985599249,1818.8595429264706
2021-07-02,Brazil,Chile,1.0,0.0,Copa América,False,H,4,13.0,5.0,2.6,0.8,0.6,1.2,0.1,0.0,0.26,0.08,0.06000000000000001,0.12000000000000002,1809.6846558161071,1643.3440804073086
2021-07-03,Czech Republic,Denmark,1.0,2.0,UEFA Euro,True,A,4,7.0,7.0,1.0,2.0,0.8,1.0,0.1,0.2,0.1,0.2,0.08,0.1,1611.345149167038,1678.96653404568
2021-07-03,Ukraine,England,0.0,4.0,UEFA Euro,True,A,4,6.0,10.0,1.2,0.8,1.4,0.4,0.0,0.4,0.12000000000000002,0.08,0.14,0.04,1487.7160203565934,1711.5743405900355
2021-07-03,Uruguay,Colombia,0.0,0.0,Copa América,True,D,4,8.0,5.0,0.8,0.6,0.4,0.8,0.0,0.0,0.08,0.06000000000000001,0.04,0.08,1738.2761722323269,1678.0712484166645
2021-07-03,Argentina,Ecuador,3.0,0.0,Copa América,True,H,4,13.0,4.0,1.8,1.2,0.6,1.4,0.30000000000000004,0.0,0.18,0.12000000000000002,0.06000000000000001,0.14,1793.7837389167921,1517.307329855501
2021-07-05,Brazil,Peru,1.0,0.0,Copa América,False,H,4,13.0,8.0,2.2,1.6,0.4,2.0,0.1,0.0,0.22000000000000003,0.16,0.04,0.2,1831.8744427255156,1666.502328929668
2021-07-06,Argentina,Colombia,1.0,1.0,Copa América,True,D,4,13.0,5.0,2.0,0.6,0.4,0.8,0.1,0.1,0.2,0.06000000000000001,0.04,0.08,1807.3172819031668,1684.9340432706383
2021-07-06,Italy,Spain,1.0,1.0,UEFA Euro,True,D,4,15.0,9.0,2.2,2.4,0.4,1.0,0.1,0.1,0.22000000000000003,0.24,0.04,0.1,1865.1927721076802,1725.7158675538528
2021-07-07,England,Denmark,2.0,1.0,UEFA Euro,False,H,4,13.0,9.0,1.6,2.2,0.0,1.0,0.2,0.1,0.16,0.22000000000000003,0.0,0.1,1728.861095457611,1711.2781706587618
2021-07-09,Peru,Colombia,2.0,3.0,Copa América,True,A,4,8.0,3.0,1.6,0.6,1.4,1.0,0.2,0.30000000000000004,0.16,0.06000000000000001,0.14,0.1,1644.2230376898526,1698.4687247007857
2021-07-10,Brazil,Argentina,0.0,1.0,Copa América,False,A,4,13.0,13.0,1.8,2.0,0.4,0.4,0.0,0.1,0.18,0.2,0.04,0.04,1854.153733965331,1793.7826004730193
2021-07-11,England,Italy,1.0,1.0,UEFA Euro,False,D,4,13.0,13.0,1.8,1.8,0.2,0.6,0.1,0.1,0.18,0.18000000000000002,0.02,0.06000000000000001,1766.8385128432317,1849.9453232763865
2022-01-09,Cameroon,Burkina Faso,2.0,1.0,African Cup of Nations,False,H,3,8.0,11.0,1.2,1.4,0.8,0.4,0.2,0.1,0.12000000000000002,0.14,0.08,0.04,1522.6229733461541,1523.9592986665928
2022-01-09,Ethiopia,Cape Verde,0.0,1.0,African Cup of Nations,True,A,3,2.0,6.0,0.2,0.6,1.6,0.8,0.0,0.1,0.02,0.06000000000000001,0.16,0.08,1356.0264013090728,1502.2703357855996
2022-01-10,Senegal,Zimbabwe,1.0,0.0,African Cup of Nations,True,H,3,12.0,1.0,1.2,0.6,0.2,2.4,0.1,0.0,0.12000000000000002,0.06000000000000001,0.02,0.24000000000000005,1566.6012575169398,1382.4755255729247
2022-01-10,Guinea,Malawi,1.0,0.0,African Cup of Nations,True,H,3,4.0,4.0,0.8,1.2,1.8,1.6,0.1,0.0,0.08,0.12000000000000002,0.18000000000000002,0.16,1475.7666240140718,1436.2798979367344
2022-01-10,Morocco,Ghana,1.0,0.0,African Cup of Nations,True,H,3,11.0,6.0,1.2,1.0,0.6,0.8,0.1,0.0,0.12000000000000002,0.1,0.06000000000000001,0.08,1556.0336365015798,1562.7117304264746
2022-01-10,Comoros,Gabon,0.0,1.0,African Cup of Nations,True,A,3,0.0,3.0,0.0,0.4,0.0,1.0,0.0,0.1,0.0,0.04,0.0,0.1,1500.0,1474.6050319524427
2022-01-11,Nigeria,Egypt,1.0,0.0,African Cup of Nations,True,H,3,9.0,9.0,1.4,1.2,1.4,0.6,0.1,0.0,0.14,0.12000000000000002,0.14,0.06000000000000001,1608.2595712453317,1547.746891058893
2022-01-11,Sudan,Guinea-Bissau,0.0,0.0,African Cup of Nations,True,D,3,4.0,1.0,0.8,0.2,2.0,1.6,0.0,0.0,0.08,0.02,0.2,0.16,1419.2386850487721,1384.487170620135
2022-01-11,Algeria,Sierra Leone,0.0,0.0,African Cup of Nations,True,D,3,13.0,4.0,2.0,0.4,0.4,2.2,0.0,0.0,0.2,0.04,0.04,0.22000000000000003,1614.4332701238764,1464.9469141411619
2022-01-12,Tunisia,Mali,0.0,1.0,African Cup of Nations,True,A,3,5.0,8.0,0.8,1.4,0.6,0.8,0.0,0.1,0.08,0.14,0.06000000000000001,0.08,1472.251101939049,1539.3095116350414
2022-01-12,Mauritania,Gambia,0.0,1.0,African Cup of Nations,True,A,3,2.0,0.0,0.3333333333333333,0.0,1.3333333333333333,0.0,0.0,0.1,0.03333333333333333,0.0,0.13333333333333333,0.0,1469.974051256438,1500.0
2022-01-12,Equatorial Guinea,Ivory Coast,0.0,1.0,African Cup of Nations,True,A,3,8.0,10.0,0.8,1.4,0.8,0.6,0.0,0.1,0.08,0.14,0.08,0.06000000000000001,1518.4792574647213,1583.8518839323192
2022-01-13,Cameroon,Ethiopia,4.0,1.0,African Cup of Nations,False,H,3,8.0,2.0,1.2,0.2,0.8,1.6,0.4,0.1,0.12000000000000002,0.02,0.08,0.16,1552.7383603807393,1337.9576552629653
2022-01-13,Cape Verde,Burkina Faso,0.0,1.0,African Cup of Nations,True,A,3,6.0,10.0,0.4,1.4,0.6,0.6,0.0,0.1,0.04,0.14,0.06000000000000001,0.06000000000000001,1520.339081831707,1493.8439116320076
2022-01-14,Senegal,Guinea,0.0,0.0,African Cup of Nations,True,D,3,12.0,7.0,0.8,1.0,0.2,1.2,0.0,0.0,0.08,0.1,0.02,0.12000000000000002,1582.0408233544345,1502.3716707039387
2022-01-14,Malawi,Zimbabwe,2.0,1.0,African Cup of Nations,True,H,3,3.0,1.0,0.8,0.6,1.4,2.2,0.2,0.1,0.08,0.06000000000000001,0.14,0.22000000000000003,1409.6748512468675,1367.03595973543
2022-01-14,Morocco,Comoros,2.0,0.0,African Cup of Nations,True,H,3,13.0,0.0,1.0,0.0,0.2,1.0,0.2,0.0,0.1,0.0,0.02,0.1,1586.610198481634,1467.8111188573403
2022-01-14,Gabon,Ghana,1.0,1.0,African Cup of Nations,True,D,3,6.0,6.0,0.6,1.0,0.8,0.8,0.1,0.1,0.06000000000000001,0.1,0.08,0.08,1506.7939130951024,1532.1351684464205
2022-01-15,Nigeria,Sudan,3.0,1.0,African Cup of Nations,True,H,3,12.0,5.0,1.6,0.8,1.0,1.4,0.30000000000000004,0.1,0.16,0.08,0.1,0.14,1633.0866874423716,1416.247965070104
2022-01-15,Guinea-Bissau,Egypt,0.0,1.0,African Cup of Nations,True,A,3,2.0,9.0,0.0,1.0,1.2,0.4,0.0,0.1,0.0,0.1,0.12000000000000002,0.04,1387.477890598803,1522.919774861853
2022-01-16,Gambia,Mali,1.0,1.0,African Cup of Nations,True,D,3,3.0,10.0,1.0,1.4,0.0,0.6,0.1,0.1,0.1,0.14,0.0,0.06000000000000001,1527.4137865210762,1563.5900689161424
2022-01-16,Tunisia,Mauritania,4.0,0.0,African Cup of Nations,True,H,3,4.0,2.0,0.8,0.25,0.8,1.25,0.4,0.0,0.08,0.025,0.08,0.125,1447.970544657948,1442.560264735362
2022-01-16,Algeria,Equatorial Guinea,0.0,1.0,African Cup of Nations,True,A,3,11.0,7.0,1.4,0.8,0.4,1.0,0.0,0.1,0.14,0.08,0.04,0.1,1602.2672052543583,1494.05829989049
2022-01-16,Ivory Coast,Sierra Leone,2.0,2.0,African Cup of Nations,True,D,3,10.0,5.0,1.4,0.4,0.6,1.4,0.2,0.2,0.14,0.04,0.06000000000000001,0.14,1608.2728415065505,1477.11297901068
2022-01-17,Burkina Faso,Ethiopia,1.0,1.0,African Cup of Nations,True,D,3,10.0,1.0,1.2,0.4,0.6,2.4,0.1,0.1,0.12000000000000002,0.04,0.06000000000000001,0.24000000000000005,1526.1272639889662,1324.4536215156713
2022-01-17,Cameroon,Cape Verde,1.0,1.0,African Cup of Nations,False,D,3,8.0,6.0,1.6,0.4,1.0,0.4,0.1,0.1,0.16,0.04,0.1,0.04,1566.2423941280333,1488.0557294747484
2022-01-18,Malawi,Senegal,0.0,0.0,African Cup of Nations,True,D,3,6.0,10.0,1.2,0.6,1.4,0.2,0.0,0.0,0.12000000000000002,0.06000000000000001,0.14,0.02,1436.0114866669687,1575.2797249780244
2022-01-18,Zimbabwe,Guinea,2.0,1.0,African Cup of Nations,True,H,3,1.0,7.0,0.4,0.6,1.8,0.8,0.2,0.1,0.04,0.06000000000000001,0.18,0.08,1340.6993243153288,1509.1327690803487
2022-01-18,Gabon,Morocco,2.0,2.0,African Cup of Nations,True,D,3,7.0,13.0,0.8,1.2,0.6,0.2,0.2,0.2,0.08,0.12000000000000002,0.06000000000000001,0.02,1508.9781809490148,1606.7341855354823
2022-01-18,Ghana,Comoros,2.0,3.0,African Cup of Nations,True,A,3,6.0,0.0,0.8,0.0,0.6,1.5,0.2,0.30000000000000004,0.08,0.0,0.06000000000000001,0.15000000000000002,1529.950900592508,1447.6871318034919
2022-01-19,Guinea-Bissau,Nigeria,0.0,2.0,African Cup of Nations,True,A,3,2.0,12.0,0.0,1.6,1.0,0.8,0.0,0.2,0.0,0.16,0.1,0.08,1368.6143801470862,1646.4671506494176
2022-01-19,Egypt,Sudan,1.0,0.0,African Cup of Nations,True,H,3,9.0,5.0,1.0,1.0,0.4,1.8,0.1,0.0,0.1,0.1,0.04,0.18000000000000002,1541.7832853135699,1402.8675018630581
2022-01-20,Ivory Coast,Algeria,3.0,1.0,African Cup of Nations,True,H,3,11.0,8.0,1.8,0.8,0.8,0.6,0.30000000000000004,0.1,0.18,0.08,0.08,0.06000000000000001,1597.456589672577,1563.2145287758508
2022-01-20,Sierra Leone,Equatorial Guinea,0.0,1.0,African Cup of Nations,True,A,3,5.0,7.0,0.8,0.6,1.8,1.0,0.0,0.1,0.08,0.06000000000000001,0.18,0.1,1487.9292308446536,1533.1109763689974
2022-01-20,Gambia,Tunisia,1.0,0.0,African Cup of Nations,True,H,3,4.0,6.0,1.0,1.4,0.5,0.6,0.1,0.0,0.1,0.14,0.05,0.06000000000000001,1530.5262577551218,1477.5034212934618
2022-01-20,Mali,Mauritania,2.0,0.0,African Cup of Nations,True,H,3,8.0,2.0,0.8,0.2,0.6,1.8,0.2,0.0,0.08,0.02,0.06000000000000001,0.18,1560.4775976820968,1413.0273880998482
2022-01-23,Nigeria,Tunisia,0.0,1.0,African Cup of Nations,True,A,3,12.0,3.0,1.6,0.8,0.6,0.8,0.0,0.1,0.16,0.08,0.06000000000000001,0.08,1656.5506679834768,1452.046565092198
2022-01-23,Burkina Faso,Gabon,1.0,1.0,African Cup of Nations,True,D,3,8.0,7.0,1.0,1.0,0.8,0.8,0.1,0.1,0.1,0.1,0.08,0.08,1510.4371992058495,1517.2032027038772
2022-01-24,Guinea,Gambia,0.0,1.0,African Cup of Nations,True,A,3,7.0,7.0,0.8,1.0,1.0,0.3333333333333333,0.0,0.1,0.08,0.10000000000000002,0.1,0.03333333333333333,1465.6306124426635,1555.9831139563855
2022-01-24,Cameroon,Comoros,2.0,1.0,African Cup of Nations,False,H,3,8.0,3.0,1.8,1.0,1.2,1.6666666666666667,0.2,0.1,0.18,0.10000000000000002,0.12000000000000002,0.16666666666666666,1559.6029185263826,1484.6605268868311
2022-01-25,Morocco,Malawi,2.0,1.0,African Cup of Nations,True,H,3,11.0,4.0,1.4,0.6,0.6,1.4,0.2,0.1,0.14,0.06000000000000001,0.06000000000000001,0.14,1598.50916378062,1447.4316700976785
2022-01-25,Senegal,Cape Verde,2.0,0.0,African Cup of Nations,True,H,3,8.0,6.0,0.4,0.4,0.2,0.4,0.2,0.0,0.04,0.04,0.02,0.04,1563.8595415473146,1494.6952050763991
2022-01-26,Ivory Coast,Egypt,0.0,0.0,African Cup of Nations,True,D,3,11.0,9.0,1.6,0.8,0.8,0.4,0.0,0.0,0.16,0.08,0.08,0.04,1624.5094286038966,1560.3891351686982
2022-01-26,Mali,Equatorial Guinea,0.0,0.0,African Cup of Nations,True,D,3,10.0,7.0,1.0,0.4,0.4,0.8,0.0,0.0,0.1,0.04,0.04,0.08,1578.4587817297354,1559.2315151705213
2022-01-29,Burkina Faso,Tunisia,1.0,0.0,African Cup of Nations,True,H,3,8.0,6.0,1.0,1.0,0.8,0.6,0.1,0.0,0.1,0.1,0.08,0.06000000000000001,1511.0213490678598,1497.91342281499
2022-01-29,Cameroon,Gambia,2.0,0.0,African Cup of Nations,False,H,3,10.0,10.0,2.2,1.0,1.4,0.25,0.2,0.0,0.22000000000000003,0.1,0.14,0.025,1583.2303987913815,1578.352693366012
2022-01-30,Senegal,Equatorial Guinea,3.0,1.0,African Cup of Nations,True,H,3,8.0,8.0,0.6,0.4,0.2,0.2,0.30000000000000004,0.1,0.06000000000000001,0.04,0.02,0.02,1587.9650721899748,1560.890038051055
2022-01-30,Egypt,Morocco,2.0,1.0,African Cup of Nations,True,H,3,7.0,11.0,0.4,1.6,0.4,0.8,0.2,0.1,0.04,0.16,0.04,0.08,1565.8637126541728,1616.2285176475584
2022-02-02,Burkina Faso,Senegal,1.0,3.0,African Cup of Nations,True,A,3,8.0,11.0,1.0,1.2,0.8,0.2,0.1,0.30000000000000004,0.1,0.12000000000000002,0.08,0.02,1539.8900564335888,1615.6319467768906
2022-02-03,Cameroon,Egypt,0.0,0.0,African Cup of Nations,False,D,3,13.0,10.0,2.2,0.8,0.8,0.4,0.0,0.0,0.22000000000000003,0.08,0.08,0.04,1612.809251517616,1600.1823513776756
2022-02-05,Cameroon,Burkina Faso,3.0,3.0,African Cup of Nations,False,D,3,11.0,8.0,1.8,1.0,0.6,1.0,0.30000000000000004,0.30000000000000004,0.18,0.1,0.06000000000000001,0.1,1611.719437091756,1516.3284632104906
2022-02-06,Senegal,Egypt,0.0,0.0,African Cup of Nations,True,D,3,11.0,11.0,1.6,0.8,0.4,0.2,0.0,0.0,0.16,0.08,0.04,0.02,1639.1935399999886,1601.2721658035357
2022-11-20,Qatar,Ecuador,0.0,2.0,FIFA World Cup,False,A,5,7.0,3.0,1.8,1.0,1.2,1.8,0.0,0.2,0.18000000000000002,0.1,0.12000000000000002,0.18000000000000002,1529.9593307291047,1503.7737868691263
2022-11-21,United States,Wales,1.0,1.0,FIFA World Cup,True,D,5,9.0,4.0,1.4,0.6,1.2,1.6,0.1,0.1,0.14,0.06000000000000001,0.12000000000000002,0.16,1560.6756785904968,1588.7860159391444
2022-11-21,England,Iran,6.0,2.0,FIFA World Cup,True,H,5,13.0,10.0,2.0,1.4,0.4,0.6,0.6000000000000001,0.2,0.2,0.14,0.04,0.06000000000000001,1776.2281355558484,1627.5872565937937
2022-11-21,Senegal,Netherlands,0.0,2.0,FIFA World Cup,True,A,5,11.0,12.0,1.6,2.2,0.4,0.8,0.0,0.2,0.16,0.22000000000000003,0.04,0.08,1635.9320862509433,1827.0925109974419
2022-11-22,Argentina,Saudi Arabia,1.0,2.0,FIFA World Cup,True,A,5,13.0,9.0,2.0,1.6,0.4,0.8,0.1,0.2,0.2,0.16,0.04,0.08,1840.6639661178906,1410.7240024197736
2022-11-22,Mexico,Poland,0.0,0.0,FIFA World Cup,True,D,5,6.0,4.0,0.6,1.0,2.6,1.8,0.0,0.0,0.06000000000000001,0.1,0.26,0.18000000000000002,1581.3188340205768,1507.0202197862195
2022-11-22,Denmark,Tunisia,0.0,0.0,FIFA World Cup,True,D,5,9.0,6.0,2.4,1.0,1.2,0.6,0.0,0.0,0.24000000000000005,0.1,0.12000000000000002,0.06000000000000001,1673.3007532731413,1469.044715449261
2022-11-22,France,Australia,4.0,1.0,FIFA World Cup,True,H,5,9.0,7.0,2.2,1.2,1.6,0.8,0.4,0.1,0.22000000000000003,0.12000000000000002,0.16,0.08,1874.9041852659075,1515.2041274444648
2022-11-23,Belgium,Canada,1.0,0.0,FIFA World Cup,True,H,5,12.0,0.0,1.8,0.0,0.6,1.6666666666666667,0.1,0.0,0.18000000000000002,0.0,0.06000000000000001,0.16666666666666666,1828.0027564180393,1398.0947463784112
2022-11-23,Morocco,Croatia,0.0,0.0,FIFA World Cup,True,D,5,10.0,4.0,1.6,1.8,1.0,2.4,0.0,0.0,0.16,0.18000000000000002,0.1,0.24,1581.9098789240556,1656.1610789599706
2022-11-23,Germany,Japan,1.0,2.0,FIFA World Cup,True,A,5,4.0,5.0,1.2,1.4,1.8,2.0,0.1,0.2,0.12000000000000002,0.14,0.18,0.2,1674.9538987232952,1612.3139038282723
2022-11-23,Spain,Costa Rica,7.0,0.0,FIFA World Cup,True,H,5,9.0,4.0,2.6,1.0,1.2,2.2,0.7000000000000001,0.0,0.26,0.1,0.12000000000000002,0.22000000000000003,1740.9633163851465,1517.226829012167
2022-11-24,Portugal,Ghana,3.0,2.0,FIFA World Cup,True,H,5,4.0,5.0,1.6,1.2,1.8,1.2,0.30000000000000004,0.2,0.16,0.12000000000000002,0.18,0.12000000000000002,1674.6117133422704,1492.9775055091689
2022-11-24,Switzerland,Cameroon,1.0,0.0,FIFA World Cup,True,H,5,6.0,9.0,1.6,1.6,1.8,1.0,0.1,0.0,0.16,0.16,0.18000000000000002,0.1,1632.7245014013395,1603.6836284609612
2022-11-24,Brazil,Serbia,2.0,0.0,FIFA World Cup,True,H,5,10.0,6.0,1.0,0.8,0.6,1.2,0.2,0.0,0.1,0.08,0.06000000000000001,0.12000000000000002,1807.2723683204597,1467.5943920326347
2022-11-24,Uruguay,South Korea,0.0,0.0,FIFA World Cup,True,D,5,8.0,12.0,0.8,1.2,0.4,0.4,0.0,0.0,0.08,0.12000000000000002,0.04,0.04,1731.413377378353,1610.1928164904061
2022-11-25,Wales,Iran,0.0,2.0,FIFA World Cup,True,A,5,5.0,7.0,0.8,1.4,1.4,1.8,0.0,0.2,0.08,0.14,0.14,0.18000000000000002,1584.7494173745615,1597.7622676029146
2022-11-25,England,United States,0.0,0.0,FIFA World Cup,True,D,5,13.0,7.0,3.0,0.8,0.8,1.4,0.0,0.0,0.30000000000000004,0.08,0.08,0.14,1806.0531245467275,1564.7122771550796
2022-11-25,Qatar,Senegal,1.0,3.0,FIFA World Cup,False,A,5,4.0,10.0,1.0,1.6,1.6,0.8,0.1,0.30000000000000004,0.1,0.16,0.16,0.08,1476.1980471438926,1610.9657381166462
2022-11-25,Netherlands,Ecuador,1.0,1.0,FIFA World Cup,True,D,5,12.0,6.0,2.0,1.4,0.8,1.6,0.1,0.1,0.2,0.14,0.08,0.16,1852.058859131739,1557.5350704543384
2022-11-26,Poland,Saudi Arabia,2.0,0.0,FIFA World Cup,True,H,5,5.0,9.0,1.0,1.6,1.2,0.8,0.2,0.0,0.1,0.16,0.12000000000000002,0.08,1517.55258459973,1502.9605791180115
2022-11-26,Argentina,Mexico,2.0,0.0,FIFA World Cup,True,H,5,10.0,7.0,2.0,0.6,0.8,1.2,0.2,0.0,0.2,0.06000000000000001,0.08,0.12000000000000002,1748.4273894196526,1570.7864692070664
2022-11-26,Tunisia,Australia,0.0,1.0,FIFA World Cup,True,A,5,7.0,7.0,1.0,1.4,0.4,1.4,0.0,0.1,0.1,0.14,0.04,0.14,1495.463755387696,1504.0053915278024
2022-11-26,France,Denmark,2.0,1.0,FIFA World Cup,True,H,5,9.0,10.0,2.2,2.2,1.4,0.8,0.2,0.1,0.22000000000000003,0.22000000000000003,0.14,0.08,1886.1029211825698,1646.8817133347063
2022-11-27,Croatia,Canada,4.0,1.0,FIFA World Cup,True,H,5,5.0,0.0,1.4,0.0,1.6,1.5,0.4,0.1,0.14,0.0,0.16,0.15000000000000002,1645.6352350134011,1390.330005831919
2022-11-27,Japan,Costa Rica,0.0,1.0,FIFA World Cup,True,A,5,5.0,4.0,1.2,1.0,2.2,2.8,0.0,0.1,0.12000000000000002,0.1,0.22000000000000003,0.28,1671.2321027630162,1495.6065031587395
2022-11-27,Spain,Germany,1.0,1.0,FIFA World Cup,True,D,5,11.0,4.0,3.8,1.4,1.0,1.8,0.1,0.1,0.38,0.14,0.1,0.18,1762.583642238574,1616.0356997885513
2022-11-27,Belgium,Morocco,0.0,2.0,FIFA World Cup,True,A,5,12.0,8.0,1.4,1.4,0.6,1.0,0.0,0.2,0.14,0.14,0.06000000000000001,0.1,1835.7674969645316,1592.435722870625
2022-11-28,Portugal,Uruguay,2.0,0.0,FIFA World Cup,True,H,5,7.0,9.0,2.0,0.8,1.8,0.2,0.2,0.0,0.2,0.08,0.18,0.02,1700.6193717254466,1714.643358615149
2022-11-28,South Korea,Ghana,2.0,3.0,FIFA World Cup,True,A,5,10.0,2.0,1.0,1.2,0.4,1.8,0.2,0.30000000000000004,0.1,0.12000000000000002,0.04,0.18000000000000002,1626.9628352536101,1466.9698471259926
2022-11-28,Cameroon,Serbia,3.0,3.0,FIFA World Cup,True,D,5,8.0,3.0,1.4,0.6,1.0,1.6,0.30000000000000004,0.30000000000000004,0.14,0.06000000000000001,0.1,0.16,1557.853239973067,1455.1972060565938
2022-11-28,Brazil,Switzerland,1.0,0.0,FIFA World Cup,True,H,5,10.0,8.0,1.0,1.6,0.4,1.6,0.1,0.0,0.1,0.16,0.04,0.16,1819.6695542965006,1678.5548898892337
2022-11-29,Ecuador,Senegal,1.0,2.0,FIFA World Cup,True,A,5,6.0,10.0,1.2,1.8,1.4,1.0,0.1,0.2,0.12000000000000002,0.18000000000000002,0.14,0.1,1592.0285690902062,1642.4886365267232
2022-11-29,Qatar,Netherlands,0.0,2.0,FIFA World Cup,False,A,5,1.0,10.0,0.6,1.6,2.0,0.6,0.0,0.2,0.06000000000000001,0.16,0.2,0.06000000000000001,1444.6751487338156,1817.5653604958711
2022-11-29,Wales,England,0.0,3.0,FIFA World Cup,True,A,5,4.0,11.0,0.6,2.6,1.6,0.8,0.0,0.30000000000000004,0.06000000000000001,0.26,0.16,0.08,1536.6212418748169,1776.005563310072
2022-11-29,Iran,United States,0.0,1.0,FIFA World Cup,True,A,5,9.0,5.0,1.8,0.6,1.8,1.4,0.0,0.1,0.18000000000000002,0.06000000000000001,0.18000000000000002,0.14,1645.8904431026592,1594.7598383917352
2022-11-30,Poland,Argentina,0.0,2.0,FIFA World Cup,True,A,5,5.0,10.0,1.2,1.6,1.2,0.6,0.0,0.2,0.12000000000000002,0.16,0.12000000000000002,0.06000000000000001,1565.4538600620776,1774.8798397550129
2022-11-30,Saudi Arabia,Mexico,1.0,2.0,FIFA World Cup,True,A,5,6.0,4.0,0.8,0.4,1.2,1.6,0.1,0.2,0.08,0.04,0.12000000000000002,0.16,1455.0593036556638,1544.3340188717061
2022-11-30,Australia,Denmark,1.0,0.0,FIFA World Cup,True,H,5,7.0,7.0,1.0,1.6,1.4,1.0,0.1,0.0,0.1,0.16,0.14,0.1,1552.7763988711836,1626.7336823540231
2022-11-30,Tunisia,France,1.0,0.0,FIFA World Cup,True,H,5,4.0,9.0,0.2,2.4,0.6,1.6,0.1,0.0,0.02,0.24000000000000005,0.06000000000000001,0.16,1446.6927480443148,1906.250952163253
2022-12-01,Canada,Morocco,1.0,2.0,FIFA World Cup,True,A,5,0.0,8.0,0.2,1.4,2.0,1.0,0.1,0.2,0.02,0.14,0.2,0.1,1371.6305006041448,1672.6656977558457
2022-12-01,Croatia,Belgium,0.0,0.0,FIFA World Cup,True,D,5,8.0,9.0,2.2,1.0,1.6,0.8,0.0,0.0,0.22000000000000003,0.1,0.16,0.08,1664.3347402411753,1755.537522079311
2022-12-01,Japan,Spain,2.0,1.0,FIFA World Cup,True,H,5,5.0,9.0,1.0,3.0,1.8,1.2,0.2,0.1,0.1,0.3,0.18,0.12000000000000002,1597.910870055358,1742.6614016073863
2022-12-01,Costa Rica,Germany,2.0,4.0,FIFA World Cup,True,A,5,4.0,5.0,0.6,1.6,2.4,1.8,0.2,0.4,0.06000000000000001,0.16,0.24000000000000005,0.18,1568.9277358663978,1635.9579404197389
2022-12-02,Serbia,Switzerland,2.0,3.0,FIFA World Cup,True,A,5,4.0,8.0,1.0,1.6,1.8,1.2,0.2,0.30000000000000004,0.1,0.16,0.18000000000000002,0.12000000000000002,1469.555185522443,1647.8152838860883
2022-12-02,Cameroon,Brazil,1.0,0.0,FIFA World Cup,True,H,5,6.0,12.0,1.6,1.0,1.4,0.2,0.1,0.0,0.16,0.1,0.14,0.02,1543.4952605072178,1850.409160299646
2022-12-02,Ghana,Uruguay,0.0,2.0,FIFA World Cup,True,A,5,4.0,8.0,1.6,0.6,2.0,0.4,0.0,0.2,0.16,0.06000000000000001,0.2,0.04,1538.494300153818,1662.626240029197
2022-12-02,South Korea,Portugal,2.0,1.0,FIFA World Cup,True,H,5,7.0,7.0,1.2,1.8,1.0,1.8,0.2,0.1,0.12000000000000002,0.18000000000000002,0.1,0.18,1555.4383822257848,1752.6364903113986
2022-12-03,Netherlands,United States,3.0,1.0,FIFA World Cup,True,H,5,10.0,5.0,1.6,0.4,0.6,1.2,0.30000000000000004,0.1,0.16,0.04,0.06000000000000001,0.12000000000000002,1828.0309662439472,1652.0654588068026
2022-12-03,Argentina,Australia,2.0,1.0,FIFA World Cup,True,H,5,10.0,7.0,1.4,0.6,0.6,1.0,0.2,0.1,0.14,0.06000000000000001,0.06000000000000001,0.1,1797.9287266638225,1613.2618121702326
2022-12-04,France,Poland,3.0,1.0,FIFA World Cup,True,H,5,8.0,5.0,2.2,1.0,1.6,1.2,0.30000000000000004,0.1,0.22000000000000003,0.1,0.16,0.12000000000000002,1812.8780779981273,1542.404973153268
2022-12-04,England,Senegal,3.0,0.0,FIFA World Cup,True,H,5,11.0,10.0,2.4,1.6,0.8,1.0,0.30000000000000004,0.0,0.24000000000000005,0.16,0.08,0.1,1796.1384920172932,1685.277480581828
2022-12-05,Brazil,South Korea,4.0,1.0,FIFA World Cup,True,H,5,9.0,7.0,0.8,1.2,0.4,1.2,0.4,0.1,0.08,0.12000000000000002,0.04,0.12000000000000002,1765.0040009564204,1631.117437878883
2022-12-05,Japan,Croatia,1.0,1.0,FIFA World Cup,True,D,5,8.0,8.0,1.4,2.0,1.2,1.4,0.1,0.1,0.14,0.2,0.12000000000000002,0.13999999999999999,1667.6150606629965,1677.166485523969
2022-12-06,Morocco,Spain,0.0,0.0,FIFA World Cup,True,D,5,10.0,6.0,1.4,2.2,0.8,1.0,0.0,0.0,0.14,0.22000000000000003,0.08,0.1,1687.6874260161335,1672.9572109997478
2022-12-06,Portugal,Switzerland,6.0,1.0,FIFA World Cup,True,H,5,7.0,8.0,1.6,1.6,1.4,1.4,0.6000000000000001,0.1,0.16,0.16,0.14,0.14,1676.9574346583004,1674.1984489972676
2022-12-09,Croatia,Brazil,1.0,1.0,FIFA World Cup,True,D,5,6.0,9.0,1.6,1.4,1.4,0.6,0.1,0.1,0.16,0.14,0.13999999999999999,0.06000000000000001,1675.7922711703009,1796.6364897473616
2022-12-09,Netherlands,Argentina,2.0,2.0,FIFA World Cup,True,D,5,10.0,12.0,1.6,1.6,0.8,0.6,0.2,0.2,0.16,0.16,0.08,0.06000000000000001,1854.67147625389,1823.60184516627
2022-12-10,Morocco,Portugal,1.0,0.0,FIFA World Cup,True,H,5,8.0,9.0,1.0,2.4,0.6,1.2,0.1,0.0,0.1,0.24000000000000005,0.06000000000000001,0.12000000000000002,1685.5688469034253,1726.5603930505793
2022-12-10,England,France,1.0,2.0,FIFA World Cup,True,A,5,11.0,10.0,2.6,2.4,0.6,1.4,0.1,0.2,0.26000000000000006,0.24000000000000005,0.06000000000000001,0.14,1830.7045865660634,1830.2862879796514
2022-12-13,Argentina,Croatia,3.0,0.0,FIFA World Cup,True,H,5,10.0,7.0,1.8,1.2,1.0,0.6,0.30000000000000004,0.0,0.18,0.12000000000000002,0.1,0.06000000000000001,1828.0612436614056,1692.514205115187
2022-12-14,France,Morocco,2.0,0.0,FIFA World Cup,True,H,5,12.0,11.0,2.2,1.0,1.0,0.2,0.2,0.0,0.22000000000000003,0.1,0.1,0.02,1880.3464859561586,1741.4407840113831
2022-12-17,Croatia,Morocco,2.0,1.0,FIFA World Cup,True,H,5,6.0,10.0,1.2,1.0,1.2,0.6,0.2,0.1,0.12000000000000002,0.1,0.12000000000000002,0.06000000000000001,1661.0880671410416,1710.4297926809584
2022-12-18,Argentina,France,3.0,3.0,FIFA World Cup,True,D,5,13.0,12.0,2.2,1.8,0.6,0.8,0.30000000000000004,0.30000000000000004,0.22000000000000003,0.18000000000000002,0.06000000000000001,0.08,1859.487381635551,1911.3574772865834
2024-01-12,Qatar,Lebanon,3.0,0.0,AFC Asian Cup,False,H,3,0.0,5.0,0.2,1.4,2.0,1.6,0.30000000000000004,0.0,0.02,0.14,0.2,0.16,1434.2095429857395,1407.5330891757822
2024-01-13,Uzbekistan,Syria,0.0,0.0,AFC Asian Cup,True,D,3,7.0,1.0,1.4,0.8,1.0,1.8,0.0,0.0,0.14,0.08,0.1,0.18000000000000002,1514.4022197295685,1427.27283008765
2024-01-13,Ivory Coast,Guinea-Bissau,2.0,0.0,African Cup of Nations,False,H,3,9.0,2.0,1.4,0.0,0.8,1.0,0.2,0.0,0.14,0.0,0.08,0.1,1619.034851118422,1358.530862813027
2024-01-13,China PR,Tajikistan,0.0,0.0,AFC Asian Cup,True,D,3,9.0,0.0,1.4,0.0,1.4,0.0,0.0,0.0,0.14,0.0,0.14,0.0,1523.8935789150896,1500.0
2024-01-13,Australia,India,2.0,0.0,AFC Asian Cup,True,H,3,6.0,3.0,0.8,1.4,1.4,2.6,0.2,0.0,0.08,0.14,0.14,0.26,1587.588693667785,1345.33599902638
2024-01-14,Egypt,Mozambique,2.0,2.0,African Cup of Nations,True,D,3,9.0,1.0,0.6,0.6,0.2,2.6,0.2,0.2,0.06000000000000001,0.06000000000000001,0.02,0.26000000000000006,1604.533619552581,1325.4456694662776
2024-01-14,Ghana,Cape Verde,1.0,2.0,African Cup of Nations,True,A,3,4.0,5.0,1.6,0.4,2.2,0.8,0.1,0.2,0.16,0.04,0.22000000000000003,0.08,1505.6351166015545,1470.589674433739
2024-01-14,Nigeria,Equatorial Guinea,1.0,1.0,African Cup of Nations,True,D,3,12.0,7.0,1.4,0.6,0.4,0.8,0.1,0.1,0.14,0.06000000000000001,0.04,0.08,1610.6838102606848,1533.2231634641391
2024-01-14,United Arab Emirates,Hong Kong,3.0,1.0,AFC Asian Cup,True,H,3,10.0,1.0,1.4,0.6,1.4,2.8,0.30000000000000004,0.1,0.14,0.06000000000000001,0.14,0.28,1507.9504533921506,1353.7482126109956
2024-01-14,Iran,Palestine,4.0,1.0,AFC Asian Cup,True,H,3,6.0,2.0,1.4,0.2,2.0,2.0,0.4,0.1,0.14,0.02,0.20000000000000004,0.2,1588.584822687592,1419.3788712814578
2024-01-14,Japan,Vietnam,4.0,2.0,AFC Asian Cup,True,H,3,8.0,4.0,1.2,1.0,1.0,1.4,0.4,0.2,0.12000000000000002,0.1,0.1,0.14,1668.9892750166646,1438.91451265553
2024-01-15,Indonesia,Iraq,1.0,3.0,AFC Asian Cup,True,A,3,3.0,7.0,0.8,1.6,2.4,1.2,0.1,0.30000000000000004,0.08,0.16,0.24000000000000005,0.12000000000000002,1323.7429178820594,1497.8113619248413
2024-01-15,South Korea,Bahrain,3.0,1.0,AFC Asian Cup,True,H,3,4.0,7.0,1.0,1.0,1.8,1.0,0.30000000000000004,0.1,0.1,0.1,0.18000000000000002,0.1,1599.484949087942,1373.8951989609584
2024-01-15,Malaysia,Jordan,0.0,4.0,AFC Asian Cup,True,A,3,4.0,8.0,0.8,0.8,2.6,0.6,0.0,0.4,0.08,0.08,0.26,0.06000000000000001,1403.5731302231043,1553.6775023390799
2024-01-15,Senegal,Gambia,3.0,0.0,African Cup of Nations,True,H,3,7.0,10.0,1.0,0.8,1.4,0.6,0.30000000000000004,0.0,0.1,0.08,0.14,0.06000000000000001,1650.7113860330578,1548.7738406397775
2024-01-15,Cameroon,Guinea,1.0,1.0,African Cup of Nations,True,D,3,6.0,4.0,1.4,0.4,1.4,1.2,0.1,0.1,0.14,0.04,0.14,0.12000000000000002,1628.9004198504433,1443.261033033037
2024-01-15,Algeria,Angola,1.0,1.0,African Cup of Nations,True,D,3,7.0,2.0,0.8,0.4,1.0,1.2,0.1,0.1,0.08,0.04,0.1,0.12000000000000002,1536.161689844531,1417.743939330579
2024-01-16,Mali,South Africa,2.0,0.0,African Cup of Nations,True,H,3,8.0,6.0,0.8,0.6,0.4,0.8,0.2,0.0,0.08,0.06000000000000001,0.04,0.08,1576.8002588492018,1468.5811637369159
2024-01-16,Tunisia,Namibia,0.0,1.0,African Cup of Nations,True,A,3,7.0,1.0,0.4,0.4,0.4,1.6,0.0,0.1,0.04,0.04,0.04,0.16,1540.0656222094406,1360.56588324537
2024-01-16,Saudi Arabia,Oman,2.0,1.0,AFC Asian Cup,True,H,3,3.0,6.0,0.6,1.0,1.6,1.2,0.2,0.1,0.06000000000000001,0.1,0.16,0.12000000000000002,1417.6314855030166,1403.9433441855151
2024-01-16,Thailand,Kyrgyzstan,2.0,0.0,AFC Asian Cup,True,H,3,4.0,3.0,0.8,1.5,2.2,1.75,0.2,0.0,0.08,0.15000000000000002,0.22000000000000003,0.17500000000000002,1350.5536349411923,1450.2049869496332
2024-01-16,Burkina Faso,Mauritania,1.0,0.0,African Cup of Nations,True,H,3,6.0,2.0,1.4,0.0,1.6,1.4,0.1,0.0,0.14,0.0,0.16,0.14,1524.3642718412852,1395.0462040522095
2024-01-17,Lebanon,China PR,0.0,0.0,AFC Asian Cup,True,D,3,4.0,7.0,1.0,1.0,1.8,1.2,0.0,0.0,0.1,0.1,0.18000000000000002,0.12000000000000002,1379.8320035190616,1521.8336878507725
2024-01-17,Qatar,Tajikistan,1.0,0.0,AFC Asian Cup,False,H,3,3.0,1.0,0.8,0.0,1.8,0.0,0.1,0.0,0.08,0.0,0.18000000000000002,0.0,1461.91062864246,1502.059891064317
2024-01-17,Morocco,Tanzania,3.0,0.0,African Cup of Nations,True,H,3,7.0,1.0,0.8,0.8,1.0,2.2,0.30000000000000004,0.0,0.08,0.08,0.1,0.22000000000000003,1653.3763040718559,1365.4694642193017
2024-01-17,DR Congo,Zambia,1.0,1.0,African Cup of Nations,True,D,3,4.0,4.0,1.4,0.6,1.6,0.8,0.1,0.1,0.14,0.06000000000000001,0.16,0.08,1475.0025728229043,1534.822735672025
2024-01-18,Egypt,Ghana,2.0,2.0,African Cup of Nations,True,D,3,7.0,3.0,0.8,1.6,0.6,2.4,0.2,0.2,0.08,0.16,0.06000000000000001,0.24000000000000005,1584.5576303135283,1472.6192712166207
2024-01-18,Equatorial Guinea,Guinea-Bissau,4.0,2.0,African Cup of Nations,True,H,3,8.0,1.0,0.8,0.0,0.8,1.4,0.4,0.2,0.08,0.0,0.08,0.14,1539.8029927189664,1347.5815858225617
2024-01-18,Ivory Coast,Nigeria,0.0,1.0,African Cup of Nations,False,A,3,11.0,10.0,1.6,1.4,0.6,0.6,0.0,0.1,0.16,0.14,0.06000000000000001,0.06000000000000001,1629.9841281088873,1604.1039810058576
2024-01-18,India,Uzbekistan,0.0,3.0,AFC Asian Cup,True,A,3,3.0,8.0,1.0,1.4,2.0,0.6,0.0,0.30000000000000004,0.1,0.14,0.2,0.06000000000000001,1333.4147570401453,1507.0327088109664
2024-01-18,Syria,Australia,0.0,1.0,AFC Asian Cup,True,A,3,2.0,9.0,0.6,1.2,1.4,1.2,0.0,0.1,0.06000000000000001,0.12000000000000002,0.14,0.12000000000000002,1434.642341006252,1599.5099356540197
2024-01-18,Palestine,United Arab Emirates,1.0,1.0,AFC Asian Cup,True,D,3,2.0,10.0,0.2,1.6,1.8,1.6,0.1,0.1,0.02,0.16,0.18000000000000002,0.16,1402.9341664484355,1525.4460376135564
2024-01-19,Hong Kong,Iran,0.0,1.0,AFC Asian Cup,True,A,3,1.0,6.0,0.6,1.6,2.8,2.2,0.0,0.1,0.06000000000000001,0.16,0.28,0.22000000000000003,1336.2526283895897,1605.0295275206142
2024-01-19,Iraq,Japan,2.0,1.0,AFC Asian Cup,True,H,3,10.0,10.0,1.8,1.8,0.8,1.2,0.2,0.1,0.18000000000000002,0.18,0.08,0.12000000000000002,1513.9240465142302,1681.594338562192
2024-01-19,Vietnam,Indonesia,0.0,1.0,AFC Asian Cup,True,A,3,4.0,3.0,1.0,1.0,1.6,2.0,0.0,0.1,0.1,0.1,0.16,0.2,1426.3094491100026,1307.6302332926705
2024-01-19,Cape Verde,Mozambique,3.0,0.0,African Cup of Nations,True,H,3,7.0,2.0,0.8,1.0,1.0,2.4,0.30000000000000004,0.0,0.08,0.1,0.1,0.24000000000000005,1503.6055198186727,1345.4216587053304
2024-01-19,Senegal,Cameroon,3.0,1.0,African Cup of Nations,True,H,3,9.0,6.0,1.6,1.6,1.4,1.6,0.30000000000000004,0.1,0.16,0.16,0.14,0.16,1672.1535555833018,1614.2402855580401
2024-01-19,Guinea,Gambia,1.0,0.0,African Cup of Nations,True,H,3,5.0,7.0,0.6,0.6,0.8,1.2,0.1,0.0,0.06000000000000001,0.06000000000000001,0.08,0.12000000000000002,1457.9211673254401,1527.3316710895335
2024-01-20,Tunisia,Mali,1.0,1.0,African Cup of Nations,True,D,3,4.0,11.0,0.2,1.2,0.6,0.2,0.1,0.1,0.02,0.12000000000000002,0.06000000000000001,0.02,1495.812503013085,1597.7467826406557
2024-01-20,Mauritania,Angola,2.0,3.0,African Cup of Nations,True,A,3,1.0,3.0,0.0,0.6,1.6,1.0,0.2,0.30000000000000004,0.0,0.06000000000000001,0.16,0.1,1375.7238316947294,1427.590583427089
2024-01-20,Bahrain,Malaysia,1.0,0.0,AFC Asian Cup,True,H,3,4.0,1.0,0.8,0.4,1.4,3.4,0.1,0.0,0.08,0.04,0.14,0.33999999999999997,1361.0311450111572,1385.7837505478717
2024-01-20,Jordan,South Korea,2.0,2.0,AFC Asian Cup,True,D,3,11.0,7.0,1.6,1.6,0.2,1.8,0.2,0.2,0.16,0.16,0.02,0.18000000000000002,1571.4668820143124,1612.3490030377432
2024-01-20,Algeria,Burkina Faso,2.0,2.0,African Cup of Nations,True,D,3,5.0,8.0,0.6,1.4,1.0,1.4,0.2,0.2,0.06000000000000001,0.14,0.1,0.14,1526.315045748021,1543.6866441987654
2024-01-21,Oman,Thailand,0.0,0.0,AFC Asian Cup,True,D,3,3.0,7.0,1.0,1.2,1.6,1.4,0.0,0.0,0.1,0.12000000000000002,0.16,0.14,1375.1246621756868,1388.9297848499987
2024-01-21,Kyrgyzstan,Saudi Arabia,0.0,2.0,AFC Asian Cup,True,A,3,3.0,6.0,1.2,1.0,1.8,1.4,0.0,0.2,0.12000000000000002,0.1,0.18000000000000002,0.14,1411.8288370408268,1446.450167512845
2024-01-21,South Africa,Namibia,4.0,0.0,African Cup of Nations,True,H,3,6.0,4.0,0.6,0.6,1.0,1.4,0.4,0.0,0.06000000000000001,0.06000000000000001,0.1,0.14,1447.634639945462,1404.8190024417256
2024-01-21,Morocco,DR Congo,1.0,1.0,African Cup of Nations,True,D,3,7.0,5.0,1.0,1.4,0.8,1.4,0.1,0.1,0.1,0.14,0.08,0.14,1662.9835887659142,1480.1174178739057
2024-01-21,Zambia,Tanzania,1.0,1.0,African Cup of Nations,True,D,3,4.0,1.0,0.6,0.6,0.8,2.4,0.1,0.1,0.06000000000000001,0.06000000000000001,0.08,0.24000000000000005,1529.7078906210236,1355.8621795252434
2024-01-22,Mozambique,Ghana,2.0,2.0,African Cup of Nations,True,D,3,2.0,4.0,0.8,1.6,2.4,2.2,0.2,0.2,0.08,0.16,0.24000000000000005,0.22000000000000003,1328.2087826265376,1481.9636957244486
2024-01-22,Cape Verde,Egypt,2.0,2.0,African Cup of Nations,True,D,3,7.0,7.0,1.2,1.2,1.0,1.0,0.2,0.2,0.12000000000000002,0.12000000000000002,0.1,0.1,1520.8183958974655,1575.2132058057005
2024-01-22,Ivory Coast,Equatorial Guinea,0.0,4.0,African Cup of Nations,False,A,3,8.0,8.0,1.4,1.4,0.8,1.2,0.0,0.4,0.14,0.14,0.08,0.12000000000000002,1597.7535805350203,1554.714258887565
2024-01-22,Tajikistan,Lebanon,2.0,1.0,AFC Asian Cup,True,H,3,1.0,4.0,0.0,0.8,0.5,1.6,0.2,0.1,0.0,0.08,0.05,0.16,1468.608474645677,1391.453402116773
2024-01-22,Qatar,China PR,1.0,0.0,AFC Asian Cup,False,H,3,6.0,5.0,1.0,0.4,1.4,1.2,0.1,0.0,0.1,0.04,0.14,0.12000000000000002,1495.3620450611002,1510.212289253061
2024-01-22,Guinea-Bissau,Nigeria,0.0,1.0,African Cup of Nations,True,A,3,1.0,10.0,0.4,1.4,1.8,0.6,0.0,0.1,0.04,0.14,0.18,0.06000000000000001,1332.6703196539631,1636.3345285797245
2024-01-23,Australia,Uzbekistan,1.0,1.0,AFC Asian Cup,True,D,3,12.0,8.0,1.2,1.6,0.4,0.4,0.1,0.1,0.12000000000000002,0.16,0.04,0.04,1616.2544402701453,1523.1759749311339
2024-01-23,Syria,India,1.0,0.0,AFC Asian Cup,True,H,3,2.0,3.0,0.4,0.8,1.2,1.8,0.1,0.0,0.04,0.08,0.12000000000000002,0.18000000000000002,1417.8978363901265,1317.2714909199779
2024-01-23,Hong Kong,Palestine,0.0,3.0,AFC Asian Cup,True,A,3,1.0,3.0,0.6,0.4,2.6,1.6,0.0,0.30000000000000004,0.06000000000000001,0.04,0.26000000000000006,0.16,1325.7232022921437,1413.095011645954
2024-01-23,Iran,United Arab Emirates,2.0,1.0,AFC Asian Cup,True,H,3,9.0,10.0,1.8,1.6,1.6,1.6,0.2,0.1,0.18,0.16,0.16,0.16,1615.5589536180603,1515.285192416038
2024-01-23,Gambia,Cameroon,2.0,3.0,African Cup of Nations,True,A,3,6.0,5.0,0.4,1.2,1.2,1.6,0.2,0.30000000000000004,0.04,0.12000000000000002,0.12000000000000002,0.16,1491.4167693735558,1589.1951143707695
2024-01-23,Guinea,Senegal,0.0,2.0,African Cup of Nations,True,A,3,5.0,12.0,0.6,2.2,0.8,1.2,0.0,0.2,0.06000000000000001,0.22000000000000003,0.08,0.12000000000000002,1493.8360690414179,1697.1987267705724
2024-01-23,Angola,Burkina Faso,2.0,0.0,African Cup of Nations,True,H,3,6.0,8.0,1.0,1.6,1.0,1.6,0.2,0.0,0.1,0.16,0.1,0.16,1453.1450234982801,1542.187908524779
2024-01-23,Mauritania,Algeria,1.0,0.0,African Cup of Nations,True,H,3,0.0,3.0,0.4,0.8,2.2,1.4,0.1,0.0,0.04,0.08,0.22000000000000003,0.14,1350.1693916235383,1527.8137814220074
2024-01-24,Zambia,Morocco,0.0,1.0,African Cup of Nations,True,A,3,4.0,7.0,0.8,1.2,1.0,1.0,0.0,0.1,0.08,0.12000000000000002,0.1,0.1,1515.835690785439,1648.5064404281893
2024-01-24,Tanzania,DR Congo,0.0,0.0,African Cup of Nations,True,D,3,1.0,6.0,0.6,1.6,2.4,1.2,0.0,0.0,0.06000000000000001,0.16,0.24000000000000005,0.12000000000000002,1369.7343793608281,1494.5945662116305
2024-01-24,South Africa,Tunisia,0.0,0.0,African Cup of Nations,True,D,3,6.0,5.0,1.2,0.4,1.0,0.6,0.0,0.0,0.12000000000000002,0.04,0.1,0.06000000000000001,1473.9562423945783,1504.3700744197872
2024-01-24,Japan,Indonesia,3.0,1.0,AFC Asian Cup,True,H,3,7.0,6.0,1.6,1.0,1.4,1.4,0.30000000000000004,0.1,0.16,0.1,0.14,0.14,1638.144781558319,1347.4970169639364
2024-01-24,Namibia,Mali,0.0,0.0,African Cup of Nations,True,D,3,3.0,9.0,0.4,1.2,2.0,0.4,0.0,0.0,0.04,0.12000000000000002,0.2,0.04,1378.4973999926092,1589.1892112339535
2024-01-24,Iraq,Vietnam,3.0,2.0,AFC Asian Cup,True,H,3,10.0,4.0,1.6,1.0,0.6,1.4,0.30000000000000004,0.2,0.16,0.1,0.06000000000000001,0.14,1557.3736035181032,1386.4426654387366
2024-01-25,Saudi Arabia,Thailand,0.0,0.0,AFC Asian Cup,True,D,3,9.0,8.0,1.4,1.0,1.2,0.6,0.0,0.0,0.14,0.1,0.12000000000000002,0.06000000000000001,1473.4705772203188,1387.7383816738784
2024-01-25,Jordan,Bahrain,0.0,1.0,AFC Asian Cup,True,A,3,9.0,6.0,1.8,0.8,0.6,1.2,0.0,0.1,0.18,0.08,0.06000000000000001,0.12000000000000002,1574.9807257227376,1393.1648480120036
2024-01-25,South Korea,Malaysia,3.0,3.0,AFC Asian Cup,True,D,3,7.0,0.0,2.0,0.2,2.2,3.4,0.30000000000000004,0.30000000000000004,0.2,0.02,0.22000000000000003,0.33999999999999997,1608.835159329318,1353.6500475470252
2024-01-25,Kyrgyzstan,Oman,1.0,1.0,AFC Asian Cup,True,D,3,3.0,4.0,1.0,0.8,1.8,1.2,0.1,0.1,0.1,0.08,0.18000000000000002,0.12000000000000002,1384.808427333353,1376.316065351807
2024-01-27,Nigeria,Cameroon,2.0,0.0,African Cup of Nations,True,H,3,10.0,8.0,1.0,1.8,0.4,1.8,0.2,0.0,0.1,0.18000000000000002,0.04,0.18000000000000002,1645.2322663779369,1610.9683086218022
2024-01-27,Angola,Namibia,3.0,0.0,African Cup of Nations,True,H,3,8.0,4.0,1.2,0.4,0.8,1.8,0.30000000000000004,0.0,0.12000000000000002,0.04,0.08,0.18,1490.66957724022,1394.7454594349124
2024-01-28,Australia,Indonesia,4.0,0.0,AFC Asian Cup,True,H,3,10.0,3.0,1.2,0.8,0.6,1.8,0.4,0.0,0.12000000000000002,0.08,0.06000000000000001,0.18000000000000002,1608.4043112505906,1338.0163627593145
2024-01-28,Tajikistan,United Arab Emirates,1.0,1.0,AFC Asian Cup,True,D,3,4.0,7.0,0.6666666666666666,1.2,0.6666666666666666,1.6,0.1,0.1,0.06666666666666667,0.12000000000000002,0.06666666666666667,0.16,1492.0537663738546,1493.7108710597493
2024-01-28,Egypt,DR Congo,1.0,1.0,African Cup of Nations,True,D,3,5.0,7.0,1.2,1.6,1.2,0.8,0.1,0.1,0.12000000000000002,0.16,0.12000000000000002,0.08,1570.554382909084,1484.254624442962
2024-01-28,Equatorial Guinea,Guinea,0.0,1.0,African Cup of Nations,True,A,3,8.0,4.0,2.0,0.6,1.2,1.2,0.0,0.1,0.2,0.06000000000000001,0.12000000000000002,0.12000000000000002,1588.4116790022347,1479.6318134465614
2024-01-29,Iraq,Jordan,2.0,3.0,AFC Asian Cup,True,A,3,10.0,6.0,1.6,1.4,1.0,0.8,0.2,0.30000000000000004,0.16,0.14,0.1,0.08,1573.7000367471946,1530.5732490396388
2024-01-29,Qatar,Palestine,2.0,1.0,AFC Asian Cup,False,H,3,9.0,5.0,1.2,1.0,1.0,1.6,0.2,0.1,0.12000000000000002,0.1,0.1,0.16,1526.643537921725,1435.7058350355187
2024-01-29,Cape Verde,Mauritania,1.0,0.0,African Cup of Nations,True,H,3,8.0,3.0,1.6,0.6,1.2,2.0,0.1,0.0,0.16,0.06000000000000001,0.12000000000000002,0.2,1525.4772187940819,1394.2981545622529
2024-01-29,Ivory Coast,Senegal,1.0,1.0,African Cup of Nations,False,D,3,7.0,12.0,1.0,2.0,1.2,1.0,0.1,0.1,0.1,0.2,0.12000000000000002,0.1,1564.0561604203506,1711.402982365429
2024-01-30,Morocco,South Africa,0.0,2.0,African Cup of Nations,True,A,3,7.0,7.0,1.2,1.2,1.0,0.8,0.0,0.2,0.12000000000000002,0.12000000000000002,0.1,0.08,1667.5768651053268,1476.5756962899989
2024-01-30,Mali,Burkina Faso,2.0,1.0,African Cup of Nations,True,H,3,9.0,5.0,1.0,1.4,0.2,2.0,0.2,0.1,0.1,0.14,0.02,0.2,1572.9411517916503,1504.6633547828392
2024-01-30,Uzbekistan,Thailand,2.0,1.0,AFC Asian Cup,True,H,3,6.0,6.0,1.0,0.8,0.6,0.6,0.2,0.1,0.1,0.08,0.06000000000000001,0.06000000000000001,1531.0261039506886,1394.9944177894386
2024-01-30,Saudi Arabia,South Korea,1.0,1.0,AFC Asian Cup,True,D,3,7.0,8.0,1.0,2.2,1.0,2.2,0.1,0.1,0.1,0.22000000000000003,0.1,0.22000000000000003,1466.2145411047586,1590.061171024827
2024-01-31,Bahrain,Japan,1.0,3.0,AFC Asian Cup,True,A,3,9.0,10.0,1.0,2.2,1.0,1.4,0.1,0.30000000000000004,0.1,0.22000000000000003,0.1,0.14,1437.5723246951025,1647.625435762941
2024-01-31,Iran,Syria,1.0,1.0,AFC Asian Cup,True,D,3,12.0,4.0,1.8,0.6,0.6,1.2,0.1,0.1,0.18,0.06000000000000001,0.06000000000000001,0.12000000000000002,1637.133274974349,1439.4441226435229
2024-02-02,Australia,South Korea,1.0,2.0,AFC Asian Cup,True,A,3,10.0,6.0,1.8,2.0,0.6,2.2,0.1,0.2,0.18,0.2,0.06000000000000001,0.22000000000000003,1618.8534666942408,1579.7984276597624
2024-02-02,Tajikistan,Jordan,0.0,1.0,AFC Asian Cup,True,A,3,5.0,8.0,0.75,2.0,0.75,1.2,0.0,0.1,0.07500000000000001,0.2,0.07500000000000001,0.12000000000000002,1492.1968512093943,1564.2781066294642
2024-02-02,DR Congo,Guinea,3.0,1.0,African Cup of Nations,True,H,3,5.0,7.0,1.0,0.6,1.0,0.8,0.30000000000000004,0.1,0.1,0.06000000000000001,0.1,0.08,1491.5567826845136,1518.7292791884427
2024-02-02,Nigeria,Angola,1.0,0.0,African Cup of Nations,True,H,3,10.0,10.0,1.0,1.8,0.4,0.8,0.1,0.0,0.1,0.18000000000000002,0.04,0.08,1672.283232841132,1512.5910538495186
2024-02-03,Ivory Coast,Mali,2.0,1.0,African Cup of Nations,False,H,3,5.0,9.0,0.6,1.0,1.2,0.4,0.2,0.1,0.06000000000000001,0.1,0.12000000000000002,0.04,1576.0674811089802,1597.1203139263037
2024-02-03,Cape Verde,South Africa,0.0,0.0,African Cup of Nations,True,D,3,10.0,7.0,1.6,1.4,1.0,0.8,0.0,0.0,0.16,0.14,0.1,0.08,1544.659524503121,1521.585580859302
2024-02-03,Qatar,Uzbekistan,1.0,1.0,AFC Asian Cup,False,D,3,12.0,9.0,1.4,1.2,0.6,0.4,0.1,0.1,0.14,0.12000000000000002,0.06000000000000001,0.04,1548.9658762045613,1549.8457324091032
2024-02-03,Iran,Japan,2.0,1.0,AFC Asian Cup,True,H,3,10.0,10.0,1.6,2.4,0.8,1.4,0.2,0.1,0.16,0.24000000000000005,0.08,0.14,1621.6946477814258,1661.4163876823122
2024-02-06,Jordan,South Korea,2.0,0.0,AFC Asian Cup,True,H,3,10.0,9.0,2.0,2.2,1.0,1.6,0.2,0.0,0.2,0.22000000000000003,0.1,0.16,1588.141898093592,1613.1565783130607
2024-02-07,Qatar,Iran,3.0,2.0,AFC Asian Cup,False,H,3,13.0,13.0,1.6,2.0,0.4,0.8,0.30000000000000004,0.2,0.16,0.2,0.04,0.08,1549.0418489339227,1655.1096324043303
2024-02-07,Ivory Coast,DR Congo,1.0,0.0,African Cup of Nations,False,H,3,7.0,7.0,1.0,1.2,1.4,0.8,0.1,0.0,0.1,0.12000000000000002,0.14,0.08,1607.8831071937625,1523.8982725920027
2024-02-07,Nigeria,South Africa,1.0,1.0,African Cup of Nations,True,D,3,13.0,8.0,1.2,1.2,0.2,0.4,0.1,0.1,0.12000000000000002,0.12000000000000002,0.02,0.04,1689.3897293438815,1523.5750213113733
2024-02-10,Qatar,Jordan,3.0,1.0,AFC Asian Cup,False,H,3,13.0,10.0,1.6,1.6,0.8,1.0,0.30000000000000004,0.1,0.16,0.16,0.08,0.1,1587.9261696262886,1620.2981147579735
2024-02-10,South Africa,DR Congo,0.0,0.0,African Cup of Nations,True,D,3,9.0,6.0,1.4,1.0,0.2,0.8,0.0,0.0,0.14,0.1,0.02,0.08,1536.8962516173704,1501.0120840757752
2024-02-11,Ivory Coast,Nigeria,2.0,1.0,African Cup of Nations,False,H,3,7.0,13.0,0.8,1.2,1.4,0.2,0.2,0.1,0.08,0.12000000000000002,0.14,0.02,1630.76929570999,1676.0684990378845
2024-06-14,Germany,Scotland,5.0,1.0,UEFA Euro,False,H,4,5.0,2.0,1.6,0.4,1.8,1.8,0.5,0.1,0.16,0.04,0.18,0.18000000000000002,1676.4294474621684,1433.5694627296705
2024-06-15,Hungary,Switzerland,1.0,3.0,UEFA Euro,True,A,4,3.0,7.0,1.2,1.2,2.6,2.0,0.1,0.30000000000000004,0.12000000000000002,0.12000000000000002,0.26,0.2,1523.87786986648,1624.5954906049888
2024-06-15,Spain,Croatia,3.0,0.0,UEFA Euro,True,H,4,6.0,6.0,2.0,0.8,0.8,1.2,0.30000000000000004,0.0,0.2,0.08,0.08,0.12000000000000002,1675.075790112456,1718.141555750144
2024-06-15,Italy,Albania,2.0,1.0,UEFA Euro,True,H,4,11.0,3.0,1.4,0.3333333333333333,0.8,1.0,0.2,0.1,0.14,0.03333333333333333,0.08,0.10000000000000002,1840.5557005637697,1498.2176965536396
2024-06-16,Slovenia,Denmark,1.0,1.0,UEFA Euro,True,D,4,4.0,4.0,0.8,0.8,1.4,1.2,0.1,0.1,0.08,0.08,0.14,0.12000000000000002,1427.763536026714,1566.2482690549741
2024-06-16,Serbia,England,0.0,1.0,UEFA Euro,True,A,4,1.0,10.0,1.2,2.6,2.4,0.8,0.0,0.1,0.12000000000000002,0.26000000000000006,0.24000000000000005,0.08,1443.1720204112637,1780.6443885895562
2024-06-16,Poland,Netherlands,1.0,2.0,UEFA Euro,True,A,4,4.0,11.0,1.0,2.0,1.6,0.8,0.1,0.2,0.1,0.2,0.16,0.08,1524.9967631717439,1850.2120777587545
2024-06-17,Belgium,Slovakia,0.0,1.0,UEFA Euro,True,A,4,7.0,4.0,0.6,0.4,0.8,2.0,0.0,0.1,0.06000000000000001,0.04,0.08,0.2,1742.7057767965173,1514.2906419497292
2024-06-17,Austria,France,0.0,1.0,UEFA Euro,True,A,4,6.0,10.0,1.2,2.0,1.4,1.2,0.0,0.1,0.12000000000000002,0.2,0.14,0.12000000000000002,1482.9741043007098,1903.9477400779058
2024-06-17,Romania,Ukraine,3.0,0.0,UEFA Euro,True,H,4,2.0,6.0,0.6,1.2,1.4,2.0,0.30000000000000004,0.0,0.06000000000000001,0.12000000000000002,0.14,0.2,1509.1841161292502,1470.4292654890178
2024-06-18,Turkey,Georgia,3.0,1.0,UEFA Euro,True,H,4,3.0,0.0,0.6,0.0,2.2,0.0,0.30000000000000004,0.1,0.06000000000000001,0.0,0.22000000000000003,0.0,1519.8900921117408,1500.0
2024-06-18,Portugal,Czech Republic,2.0,1.0,UEFA Euro,True,H,4,9.0,7.0,2.4,1.2,1.2,0.8,0.2,0.1,0.24000000000000005,0.12000000000000002,0.12000000000000002,0.08,1670.6884559426214,1579.0335125539561
2024-06-19,Germany,Hungary,2.0,0.0,UEFA Euro,False,H,4,7.0,2.0,2.2,0.8,1.6,2.6,0.2,0.0,0.22000000000000003,0.08,0.16,0.26,1692.2799576290106,1495.159161499745
2024-06-19,Scotland,Switzerland,1.0,1.0,UEFA Euro,True,D,4,1.0,9.0,0.4,1.6,2.6,2.0,0.1,0.1,0.04,0.16,0.26,0.2,1417.7189525628282,1653.3141989717237
2024-06-19,Croatia,Albania,2.0,2.0,UEFA Euro,True,D,4,5.0,3.0,0.8,0.5,1.8,1.25,0.2,0.2,0.08,0.05,0.18000000000000002,0.125,1673.2086640604812,1488.4322207540113
2024-06-20,Argentina,Canada,2.0,0.0,Copa América,True,H,4,11.0,0.0,2.4,0.4,1.2,2.2,0.2,0.0,0.24000000000000005,0.04,0.12000000000000002,0.22000000000000003,1866.8971188442285,1356.608772343857
2024-06-20,Denmark,England,1.0,1.0,UEFA Euro,True,D,4,2.0,10.0,0.6,1.6,1.2,0.4,0.1,0.1,0.06000000000000001,0.16,0.12000000000000002,0.04,1551.0985566584986,1790.6729751297516
2024-06-20,Slovenia,Serbia,1.0,1.0,UEFA Euro,True,D,4,5.0,1.0,1.0,1.0,1.4,2.2,0.1,0.1,0.1,0.1,0.14,0.22000000000000003,1442.9132484231895,1433.1434338710683
2024-06-20,Spain,Italy,1.0,0.0,UEFA Euro,True,H,4,8.0,11.0,2.4,1.6,0.6,1.0,0.1,0.0,0.24000000000000005,0.16,0.06000000000000001,0.1,1720.0086818021189,1850.341176363398
2024-06-21,Poland,Austria,1.0,3.0,UEFA Euro,True,A,4,4.0,6.0,0.8,1.0,1.4,1.2,0.1,0.30000000000000004,0.08,0.1,0.14,0.12000000000000002,1514.3327554958353,1476.4611683485496
2024-06-21,Netherlands,France,0.0,0.0,UEFA Euro,True,D,4,11.0,13.0,2.0,2.2,1.0,1.0,0.0,0.0,0.2,0.22000000000000003,0.1,0.1,1860.876085434663,1910.460676030066
2024-06-21,Slovakia,Ukraine,1.0,2.0,UEFA Euro,True,A,4,6.0,6.0,0.6,0.8,2.0,2.0,0.1,0.2,0.06000000000000001,0.08,0.2,0.2,1577.3567066871085,1434.8726689842285
2024-06-21,Peru,Chile,0.0,0.0,Copa América,True,D,4,5.0,5.0,1.6,0.6,1.8,1.0,0.0,0.0,0.16,0.06000000000000001,0.18000000000000002,0.1,1610.4180460659322,1621.1542934979002
2024-06-22,Mexico,Jamaica,1.0,0.0,Copa América,True,H,4,4.0,0.0,0.4,0.0,1.6,1.6,0.1,0.0,0.04,0.0,0.16,0.16,1581.7618370243533,1346.2015711466465
2024-06-22,Ecuador,Venezuela,1.0,2.0,Copa América,True,A,4,5.0,2.0,1.0,0.4,1.4,1.6,0.1,0.2,0.1,0.04,0.14,0.16,1549.2397250351014,1513.1539590784423
2024-06-22,Georgia,Czech Republic,1.0,1.0,UEFA Euro,True,D,4,0.0,4.0,1.0,1.0,3.0,1.2,0.1,0.1,0.1,0.1,0.30000000000000004,0.12000000000000002,1462.2874331067853,1549.3475209867274
2024-06-22,Belgium,Romania,2.0,0.0,UEFA Euro,True,H,4,4.0,4.0,0.4,1.0,1.0,1.2,0.2,0.0,0.04,0.1,0.1,0.12000000000000002,1679.639712059138,1544.7407126340395
2024-06-22,Turkey,Portugal,0.0,3.0,UEFA Euro,True,A,4,6.0,9.0,1.2,2.2,1.8,1.0,0.0,0.30000000000000004,0.12000000000000002,0.22000000000000003,0.18000000000000002,0.1,1557.6026590049555,1700.3744475098501
2024-06-23,Germany,Switzerland,1.0,1.0,UEFA Euro,False,D,4,10.0,7.0,2.6,1.6,1.2,2.2,0.1,0.1,0.26,0.16,0.12000000000000002,0.22000000000000003,1711.7432669809239,1629.702948473417
2024-06-23,Scotland,Hungary,0.0,1.0,UEFA Euro,True,A,4,2.0,2.0,0.6,0.8,2.2,2.2,0.0,0.1,0.06000000000000001,0.08,0.22000000000000003,0.22000000000000003,1441.3302030611349,1475.6958521478318
2024-06-23,United States,Bolivia,2.0,0.0,Copa América,False,H,4,5.0,0.0,0.6,0.6,1.0,2.6,0.2,0.0,0.06000000000000001,0.06000000000000001,0.1,0.26,1625.4249487968598,1260.6507030377454
2024-06-23,Uruguay,Panama,3.0,1.0,Copa América,True,H,4,8.0,0.0,0.6,0.8,0.4,4.0,0.30000000000000004,0.1,0.06000000000000001,0.08,0.04,0.4,1695.4854235814605,1385.1501315117125
2024-06-24,Colombia,Paraguay,2.0,1.0,Copa América,True,H,4,5.0,7.0,1.2,1.6,1.4,1.2,0.2,0.1,0.12000000000000002,0.16,0.14,0.12000000000000002,1732.2737163247061,1576.4273970696972
2024-06-24,Albania,Spain,0.0,1.0,UEFA Euro,True,A,4,4.0,8.0,0.8,1.2,1.4,0.6,0.0,0.1,0.08,0.12000000000000002,0.14,0.06000000000000001,1507.903349428339,1774.347407736601
2024-06-24,Croatia,Italy,1.0,1.0,UEFA Euro,True,D,4,5.0,8.0,1.0,1.2,2.0,1.0,0.1,0.1,0.1,0.12000000000000002,0.2,0.1,1653.7375353861535,1796.0024504289158
2024-06-24,Brazil,Costa Rica,0.0,0.0,Copa América,True,D,4,10.0,4.0,1.6,1.0,0.6,3.0,0.0,0.0,0.16,0.1,0.06000000000000001,0.3,1779.9145558024754,1528.4562288239683
2024-06-25,Chile,Argentina,0.0,1.0,Copa América,True,A,4,5.0,11.0,0.4,2.4,0.8,1.2,0.0,0.1,0.04,0.24000000000000005,0.08,0.12000000000000002,1619.9186306184538,1870.923738278107
2024-06-25,Peru,Canada,0.0,1.0,Copa América,True,A,4,5.0,0.0,1.2,0.4,1.4,2.2,0.0,0.1,0.12000000000000002,0.04,0.14,0.22000000000000003,1611.6537089453786,1352.5821529099785
2024-06-25,France,Poland,1.0,1.0,UEFA Euro,True,D,4,11.0,3.0,1.6,1.0,0.8,2.0,0.1,0.1,0.16,0.1,0.08,0.2,1904.7904834169358,1469.9898147854292
2024-06-25,England,Slovenia,0.0,0.0,UEFA Euro,True,D,4,10.0,6.0,1.8,1.0,0.6,1.0,0.0,0.0,0.18000000000000002,0.1,0.06000000000000001,0.1,1766.7652461617251,1441.7887533279365
2024-06-25,Denmark,Serbia,0.0,0.0,UEFA Euro,True,D,4,3.0,2.0,0.6,1.2,1.0,2.0,0.0,0.0,0.06000000000000001,0.12000000000000002,0.1,0.2,1575.0062856265251,1434.2679289663213
2024-06-25,Netherlands,Austria,2.0,3.0,UEFA Euro,True,A,4,11.0,6.0,1.8,1.0,0.8,1.2,0.2,0.30000000000000004,0.18000000000000002,0.1,0.08,0.12000000000000002,1866.5462780477933,1520.8041090589556
2024-06-26,Ecuador,Jamaica,3.0,1.0,Copa América,True,H,4,4.0,0.0,1.0,0.0,1.6,1.6,0.30000000000000004,0.1,0.1,0.0,0.16,0.16,1505.1000725870217,1329.810197440485
2024-06-26,Czech Republic,Turkey,1.0,2.0,UEFA Euro,True,A,4,4.0,3.0,1.0,0.8,1.2,2.4,0.1,0.2,0.1,0.08,0.12000000000000002,0.24000000000000005,1539.5290039909876,1533.1731490487407
2024-06-26,Venezuela,Mexico,1.0,0.0,Copa América,True,H,4,5.0,7.0,0.8,0.6,1.4,1.0,0.1,0.0,0.08,0.06000000000000001,0.14,0.1,1557.293611526522,1598.153210730515
2024-06-26,Ukraine,Belgium,0.0,0.0,UEFA Euro,True,D,4,6.0,7.0,0.8,0.6,2.0,0.6,0.0,0.0,0.08,0.06000000000000001,0.2,0.06000000000000001,1490.4150412387635,1704.844979624381
2024-06-26,Slovakia,Romania,1.0,1.0,UEFA Euro,True,D,4,6.0,4.0,0.8,1.0,1.8,1.2,0.1,0.1,0.08,0.1,0.18,0.12000000000000002,1521.8143344325736,1519.5354450687964
2024-06-26,Georgia,Portugal,2.0,0.0,UEFA Euro,True,H,4,1.0,9.0,1.0,2.4,2.0,1.0,0.2,0.0,0.1,0.24000000000000005,0.2,0.1,1472.1059501025252,1724.803957466065
2024-06-27,Uruguay,Bolivia,5.0,0.0,Copa América,True,H,4,8.0,0.0,1.0,0.4,0.6,2.4,0.5,0.0,0.1,0.04,0.06000000000000001,0.24000000000000005,1706.9662666481047,1251.9214748295078
2024-06-27,United States,Panama,1.0,2.0,Copa América,False,A,4,8.0,0.0,1.0,1.0,0.8,3.6,0.1,0.2,0.1,0.1,0.08,0.36000000000000004,1634.1541770050974,1373.6692884450683
2024-06-28,Colombia,Costa Rica,3.0,0.0,Copa América,True,H,4,8.0,5.0,1.4,1.0,1.2,2.6,0.30000000000000004,0.0,0.14,0.1,0.12000000000000002,0.26,1755.4450740516147,1553.2254288207193
2024-06-28,Paraguay,Brazil,1.0,4.0,Copa América,True,A,4,4.0,8.0,1.2,1.2,1.4,0.6,0.1,0.4,0.12000000000000002,0.12000000000000002,0.14,0.06000000000000001,1553.2560393427887,1755.1453558057244
2024-06-29,Switzerland,Italy,2.0,0.0,UEFA Euro,True,H,4,8.0,6.0,1.8,1.0,2.2,1.0,0.2,0.0,0.18000000000000002,0.1,0.22000000000000003,0.1,1638.9764692779618,1780.4815020550413
2024-06-29,Germany,Denmark,2.0,0.0,UEFA Euro,False,H,4,11.0,3.0,2.6,0.6,1.0,1.0,0.2,0.0,0.26,0.06000000000000001,0.1,0.1,1702.4697461763792,1559.6348812038657
2024-06-29,Argentina,Peru,2.0,0.0,Copa América,True,H,4,11.0,2.0,2.2,1.0,1.0,1.6,0.2,0.0,0.22000000000000003,0.1,0.1,0.16,1886.186735330937,1546.3514147208339
2024-06-29,Canada,Chile,0.0,0.0,Copa América,True,D,4,3.0,2.0,0.6,0.2,1.8,1.0,0.0,0.0,0.06000000000000001,0.02,0.18,0.1,1417.8844471345233,1604.655633565624
2024-06-30,Jamaica,Venezuela,0.0,3.0,Copa América,True,A,4,0.0,8.0,0.2,1.0,2.0,0.8,0.0,0.30000000000000004,0.02,0.1,0.2,0.08,1308.4369270271668,1601.9761791036567
2024-06-30,Mexico,Ecuador,0.0,0.0,Copa América,True,D,4,7.0,7.0,0.6,1.6,0.8,1.2,0.0,0.0,0.06000000000000001,0.16,0.08,0.12000000000000002,1553.4706431533803,1526.4733430003398
2024-06-30,Spain,Georgia,4.0,1.0,UEFA Euro,True,H,4,10.0,4.0,1.2,1.3333333333333333,0.4,1.3333333333333333,0.4,0.1,0.12000000000000002,0.13333333333333333,0.04,0.13333333333333333,1788.5427666853984,1536.9629524915006
2024-06-30,England,Slovakia,2.0,1.0,UEFA Euro,True,H,4,8.0,4.0,1.2,0.6,0.6,1.8,0.2,0.1,0.12000000000000002,0.06000000000000001,0.06000000000000001,0.18,1737.4419665348591,1521.5519713612066
2024-07-01,France,Belgium,1.0,0.0,UEFA Euro,True,H,4,9.0,5.0,1.4,0.4,0.8,0.6,0.1,0.0,0.14,0.04,0.08,0.06000000000000001,1870.8428162923674,1682.8785470654382
2024-07-01,Portugal,Slovenia,0.0,0.0,UEFA Euro,True,D,4,9.0,4.0,2.2,0.8,1.0,1.0,0.0,0.0,0.22000000000000003,0.08,0.1,0.1,1659.9469550770896,1471.1120329548025
2024-07-01,United States,Uruguay,0.0,1.0,Copa América,False,A,4,7.0,10.0,1.0,2.0,1.0,0.6,0.0,0.1,0.1,0.2,0.1,0.06000000000000001,1568.754525242977,1712.3980422770694
2024-07-01,Bolivia,Panama,1.0,3.0,Copa América,True,A,4,0.0,3.0,0.2,1.0,2.8,3.0,0.1,0.30000000000000004,0.02,0.1,0.28,0.30000000000000004,1246.489699200543,1439.0689402071887
2024-07-02,Romania,Netherlands,0.0,3.0,UEFA Euro,True,A,4,5.0,8.0,1.0,1.8,1.0,1.4,0.0,0.30000000000000004,0.1,0.18000000000000002,0.1,0.14,1519.7978081401634,1796.164695173625
2024-07-02,Austria,Turkey,1.0,2.0,UEFA Euro,True,A,4,9.0,6.0,1.6,1.2,1.2,2.0,0.1,0.2,0.16,0.12000000000000002,0.12000000000000002,0.2,1591.185691933124,1573.9048122740887
2024-07-02,Brazil,Colombia,1.0,1.0,Copa América,True,D,4,8.0,11.0,1.8,1.8,0.8,0.8,0.1,0.1,0.18,0.18000000000000002,0.08,0.08,1774.2072367859796,1774.4793587425352
2024-07-02,Costa Rica,Paraguay,2.0,1.0,Copa América,True,H,4,4.0,4.0,0.6,1.4,2.8,2.0,0.2,0.1,0.06000000000000001,0.14,0.28,0.2,1534.1911441297989,1534.1941583625335
2024-07-04,Argentina,Ecuador,1.0,1.0,Copa América,True,D,4,13.0,5.0,2.2,1.2,0.6,1.2,0.1,0.1,0.22000000000000003,0.12000000000000002,0.06000000000000001,0.12000000000000002,1896.0966174583916,1529.575281402998
2024-07-05,Venezuela,Canada,1.0,1.0,Copa América,True,D,4,10.0,4.0,1.6,0.6,0.8,1.6,0.1,0.1,0.16,0.06000000000000001,0.08,0.16,1614.4409002514153,1437.5303217624905
2024-07-05,Germany,Spain,1.0,2.0,UEFA Euro,False,A,4,13.0,13.0,2.8,1.8,0.8,0.2,0.1,0.2,0.28,0.18000000000000002,0.08,0.02,1726.8930949885685,1803.7649449770126
2024-07-05,Portugal,France,0.0,0.0,UEFA Euro,True,D,4,7.0,9.0,1.0,1.2,0.8,0.8,0.0,0.0,0.1,0.12000000000000002,0.08,0.08,1640.1213248622873,1891.092893220524
2024-07-06,England,Switzerland,1.0,1.0,UEFA Euro,True,D,4,8.0,8.0,1.0,1.6,0.8,1.8,0.1,0.1,0.1,0.16,0.08,0.18000000000000002,1755.3584034893543,1694.4230418754423
2024-07-06,Netherlands,Turkey,2.0,1.0,UEFA Euro,True,H,4,8.0,9.0,1.8,1.6,1.2,1.8,0.2,0.1,0.18000000000000002,0.16,0.12000000000000002,0.18000000000000002,1809.7053285773814,1615.8927080505005
2024-07-06,Uruguay,Brazil,0.0,0.0,Copa América,True,D,4,12.0,9.0,2.2,2.0,0.6,0.8,0.0,0.0,0.22000000000000003,0.2,0.06000000000000001,0.08,1736.7424813220932,1774.2385659776053
2024-07-06,Colombia,Panama,5.0,0.0,Copa América,True,H,4,11.0,6.0,2.0,1.6,1.0,2.6,0.5,0.0,0.2,0.16,0.1,0.26000000000000006,1774.4480295509095,1458.9198687091239
2024-07-09,Spain,France,2.0,1.0,UEFA Euro,True,H,4,15.0,9.0,2.2,0.6,0.4,0.2,0.2,0.1,0.22000000000000003,0.06000000000000001,0.04,0.02,1835.0563900698598,1866.358274997006
2024-07-09,Argentina,Canada,2.0,0.0,Copa América,True,H,4,11.0,5.0,1.8,0.6,0.8,1.0,0.2,0.0,0.18000000000000002,0.06000000000000001,0.08,0.1,1864.7479414804627,1456.3028623796606
2024-07-10,Uruguay,Colombia,0.0,1.0,Copa América,True,A,4,13.0,13.0,2.2,2.8,0.2,0.8,0.0,0.1,0.22000000000000003,0.28,0.02,0.08,1741.0426953332474,1785.6380532467542
2024-07-10,Netherlands,England,1.0,2.0,UEFA Euro,True,A,4,10.0,9.0,1.8,1.0,1.0,0.6,0.1,0.2,0.18000000000000002,0.1,0.1,0.06000000000000001,1829.450479296257,1748.414018857898
2024-07-13,Canada,Uruguay,2.0,2.0,Copa América,True,D,4,5.0,10.0,0.4,1.8,1.0,0.4,0.2,0.2,0.04,0.18,0.1,0.04,1449.3452202558144,1706.148914407739
2024-07-14,Spain,England,2.0,1.0,UEFA Euro,True,H,4,15.0,9.0,2.0,1.2,0.6,0.8,0.2,0.1,0.2,0.12000000000000002,0.06000000000000001,0.08,1878.6504337951283,1797.578105171192
2024-07-14,Argentina,Colombia,1.0,0.0,Copa América,True,H,4,13.0,13.0,1.6,2.4,0.2,0.4,0.1,0.0,0.16,0.24000000000000005,0.02,0.04,1871.705583604309,1820.5318341722625
2025-12-21,Morocco,Comoros,2.0,0.0,African Cup of Nations,False,H,3,7.0,3.0,1.2,1.0,1.0,1.75,0.2,0.0,0.12000000000000002,0.1,0.1,0.17500000000000002,1622.5669805360237,1461.0330466218322
2025-12-22,Mali,Zambia,1.0,1.0,African Cup of Nations,True,D,3,8.0,3.0,1.2,0.6,0.8,1.0,0.1,0.1,0.12000000000000002,0.06000000000000001,0.08,0.1,1565.3046878415214,1496.7652661083016
2025-12-22,South Africa,Angola,2.0,1.0,African Cup of Nations,True,H,3,7.0,10.0,0.6,1.8,0.2,0.8,0.2,0.1,0.06000000000000001,0.18000000000000002,0.02,0.08,1533.8087342788338,1495.4845573467692
2025-12-22,Egypt,Zimbabwe,2.0,1.0,African Cup of Nations,True,H,3,5.0,4.0,1.4,0.8,1.4,1.8,0.2,0.1,0.14,0.08,0.14,0.18,1563.2522246675326,1384.201480953014
2025-12-23,Nigeria,Tanzania,2.0,1.0,African Cup of Nations,True,H,3,10.0,2.0,1.2,0.6,0.6,2.0,0.2,0.1,0.12000000000000002,0.06000000000000001,0.06000000000000001,0.20000000000000004,1642.1790657550023,1380.0743211294966
2025-12-23,Tunisia,Uganda,3.0,1.0,African Cup of Nations,True,H,3,5.0,5.0,0.4,0.8,0.6,1.0,0.30000000000000004,0.1,0.04,0.08,0.06000000000000001,0.1,1501.7506205243667,1397.8522582375513
2025-12-23,DR Congo,Benin,1.0,0.0,African Cup of Nations,True,H,3,6.0,4.0,0.8,0.6,0.6,0.8,0.1,0.0,0.08,0.06000000000000001,0.06000000000000001,0.08,1504.0996014143118,1390.3907848281738
2025-12-23,Senegal,Botswana,3.0,0.0,African Cup of Nations,True,H,3,10.0,0.0,1.8,0.6666666666666666,1.0,3.0,0.30000000000000004,0.0,0.18000000000000002,0.06666666666666667,0.1,0.30000000000000004,1699.3916616767992,1430.1544390417394
2025-12-24,Burkina Faso,Equatorial Guinea,2.0,1.0,African Cup of Nations,True,H,3,5.0,7.0,1.4,2.0,1.8,1.4,0.2,0.1,0.14,0.2,0.18000000000000002,0.14,1480.4841926481859,1549.3142132603534
2025-12-24,Algeria,Sudan,3.0,0.0,African Cup of Nations,True,H,3,2.0,4.0,0.8,0.6,1.6,1.6,0.30000000000000004,0.0,0.08,0.06000000000000001,0.16,0.16,1483.6850184832929,1384.2616520079298
2025-12-24,Ivory Coast,Mozambique,1.0,0.0,African Cup of Nations,True,H,3,10.0,2.0,1.2,0.8,1.4,2.4,0.1,0.0,0.12000000000000002,0.08,0.14,0.24000000000000005,1664.6587289928725,1340.6812664425984
2025-12-24,Cameroon,Gabon,1.0,0.0,African Cup of Nations,True,H,3,7.0,7.0,1.2,1.0,1.6,0.8,0.1,0.0,0.12000000000000002,0.1,0.16,0.08,1583.917342158607,1516.619052841867
2025-12-26,Egypt,South Africa,1.0,0.0,African Cup of Nations,True,H,3,7.0,9.0,1.8,1.0,1.6,0.4,0.1,0.0,0.18,0.1,0.16,0.04,1579.0291420946178,1560.5129151658866
2025-12-26,Angola,Zimbabwe,1.0,1.0,African Cup of Nations,True,D,3,9.0,3.0,1.8,0.8,1.0,2.0,0.1,0.1,0.18000000000000002,0.08,0.1,0.2,1468.7803764597163,1368.4245635259288
2025-12-26,Zambia,Comoros,0.0,0.0,African Cup of Nations,True,D,3,4.0,3.0,0.6,0.8,0.8,1.8,0.0,0.0,0.06000000000000001,0.08,0.08,0.18,1502.607840827616,1444.0559090749932
2025-12-26,Morocco,Mali,1.0,1.0,African Cup of Nations,False,D,3,10.0,6.0,1.4,1.0,0.6,1.0,0.1,0.1,0.14,0.1,0.06000000000000001,0.1,1639.5441180828627,1559.462113122207
2025-12-27,Uganda,Tanzania,1.0,1.0,African Cup of Nations,True,D,3,4.0,2.0,0.8,0.4,1.4,1.8,0.1,0.1,0.08,0.04,0.14,0.18000000000000002,1376.5653701380872,1369.2072851935955
2025-12-27,Nigeria,Tunisia,3.0,2.0,African Cup of Nations,True,H,3,10.0,8.0,1.4,1.0,0.8,0.6,0.30000000000000004,0.2,0.14,0.1,0.08,0.06000000000000001,1653.0461016909035,1523.0375086238307
2025-12-27,Benin,Botswana,1.0,0.0,African Cup of Nations,True,H,3,3.0,0.0,0.2,0.5,0.6,3.0,0.1,0.0,0.02,0.05,0.06000000000000001,0.30000000000000004,1369.8730311338818,1419.647998007636
2025-12-27,Senegal,DR Congo,1.0,1.0,African Cup of Nations,True,D,3,13.0,8.0,2.4,1.0,0.4,0.6,0.1,0.1,0.24000000000000005,0.1,0.04,0.06000000000000001,1709.8981027109025,1524.6173551086038
2025-12-28,Equatorial Guinea,Sudan,0.0,1.0,African Cup of Nations,True,A,3,7.0,1.0,2.0,0.2,1.2,2.0,0.0,0.1,0.2,0.02,0.12000000000000002,0.20000000000000004,1513.447501869152,1362.6196473589919
2025-12-28,Algeria,Burkina Faso,1.0,0.0,African Cup of Nations,True,H,3,5.0,7.0,1.4,1.2,1.4,1.4,0.1,0.0,0.14,0.12000000000000002,0.14,0.14,1505.3270231322308,1516.3509040393874
2025-12-28,Gabon,Mozambique,2.0,3.0,African Cup of Nations,True,A,3,6.0,2.0,1.0,0.8,1.0,2.2,0.2,0.30000000000000004,0.1,0.08,0.1,0.22000000000000003,1492.3584529576697,1332.633737412937
2025-12-28,Ivory Coast,Cameroon,1.0,1.0,African Cup of Nations,True,D,3,13.0,7.0,1.4,1.2,0.6,1.6,0.1,0.1,0.14,0.12000000000000002,0.06000000000000001,0.16,1672.7062580225338,1608.1779420428043
2025-12-29,Zimbabwe,South Africa,2.0,3.0,African Cup of Nations,True,A,3,4.0,6.0,1.0,0.6,1.4,0.6,0.2,0.30000000000000004,0.1,0.06000000000000001,0.14,0.06000000000000001,1376.856767794073,1532.110222755727
2025-12-29,Angola,Egypt,0.0,0.0,African Cup of Nations,True,D,3,7.0,9.0,1.4,1.6,0.8,1.2,0.0,0.0,0.14,0.16,0.08,0.12000000000000002,1460.348172191572,1607.4318345047775
2025-12-29,Morocco,Zambia,3.0,0.0,African Cup of Nations,False,H,3,8.0,4.0,1.0,0.6,0.8,0.8,0.30000000000000004,0.0,0.1,0.06000000000000001,0.08,0.08,1632.7491908943196,1497.5993861634324
2025-12-29,Comoros,Mali,0.0,0.0,African Cup of Nations,True,D,3,4.0,6.0,0.8,1.0,1.6,1.0,0.0,0.0,0.08,0.1,0.16,0.1,1449.0643637391768,1566.2570403107502
2025-12-30,Uganda,Nigeria,1.0,3.0,African Cup of Nations,True,A,3,2.0,10.0,0.6,1.6,1.6,1.2,0.1,0.30000000000000004,0.06000000000000001,0.16,0.16,0.12000000000000002,1375.9301169831695,1672.3164394252317
2025-12-30,Tanzania,Tunisia,1.0,1.0,African Cup of Nations,True,D,3,3.0,5.0,0.6,1.2,1.4,1.2,0.1,0.1,0.06000000000000001,0.12000000000000002,0.14,0.12000000000000002,1369.8425383485132,1503.7671708895025
2025-12-30,Benin,Senegal,0.0,3.0,African Cup of Nations,True,A,3,5.0,11.0,0.4,2.0,0.6,0.6,0.0,0.30000000000000004,0.04,0.2,0.06000000000000001,0.06000000000000001,1404.1417824298792,1695.2615527068674
2025-12-30,Botswana,DR Congo,0.0,3.0,African Cup of Nations,True,A,3,0.0,8.0,0.4,1.0,2.6,0.6,0.0,0.30000000000000004,0.04,0.1,0.26000000000000006,0.06000000000000001,1385.3792467116386,1539.253905112639
2025-12-31,Equatorial Guinea,Algeria,1.0,3.0,African Cup of Nations,True,A,3,6.0,8.0,1.8,1.4,1.2,0.8,0.1,0.30000000000000004,0.18,0.14,0.12000000000000002,0.08,1471.1848044924147,1536.27858222132
2025-12-31,Sudan,Burkina Faso,0.0,2.0,African Cup of Nations,True,A,3,4.0,4.0,0.4,1.0,1.4,1.6,0.0,0.2,0.04,0.1,0.14,0.16,1404.882344735729,1485.3993449502982
2025-12-31,Gabon,Ivory Coast,2.0,3.0,African Cup of Nations,True,A,3,3.0,13.0,1.2,1.4,1.6,0.6,0.2,0.30000000000000004,0.12000000000000002,0.14,0.16,0.06000000000000001,1449.4626590616467,1667.197629599537
2025-12-31,Mozambique,Cameroon,1.0,2.0,African Cup of Nations,True,A,3,5.0,7.0,1.4,1.2,2.0,1.6,0.1,0.2,0.14,0.12000000000000002,0.2,0.16,1375.52953130896,1613.686570465801
2026-01-03,Senegal,Sudan,3.0,1.0,African Cup of Nations,True,H,3,11.0,3.0,2.0,0.4,0.4,1.8,0.30000000000000004,0.1,0.2,0.04,0.04,0.18000000000000002,1704.7205376521551,1381.7128954157567
2026-01-03,Mali,Tunisia,1.0,1.0,African Cup of Nations,True,D,3,6.0,6.0,1.0,1.4,1.0,1.2,0.1,0.1,0.1,0.14,0.1,0.12000000000000002,1556.504890812565,1492.7438206894576
2026-01-04,South Africa,Cameroon,1.0,2.0,African Cup of Nations,True,A,3,8.0,10.0,1.2,1.4,1.0,1.2,0.1,0.2,0.12000000000000002,0.14,0.1,0.12000000000000002,1549.5309022064382,1625.8346309870456
2026-01-04,Morocco,Tanzania,1.0,0.0,African Cup of Nations,False,H,3,10.0,4.0,1.4,0.8,0.6,1.0,0.1,0.0,0.14,0.08,0.06000000000000001,0.1,1651.6344529238725,1380.8658885485581
2026-01-05,Egypt,Benin,3.0,1.0,African Cup of Nations,True,H,3,9.0,4.0,1.2,0.4,0.8,1.2,0.30000000000000004,0.1,0.12000000000000002,0.04,0.08,0.12000000000000002,1595.4396000821432,1394.6827974845914
2026-01-05,Nigeria,Mozambique,4.0,0.0,African Cup of Nations,True,H,3,10.0,4.0,2.0,1.2,1.4,2.0,0.4,0.0,0.2,0.12000000000000002,0.14,0.2,1681.5363670052132,1363.3814707877154
2026-01-06,Algeria,DR Congo,1.0,0.0,African Cup of Nations,True,H,3,10.0,8.0,1.8,1.0,0.8,0.4,0.1,0.0,0.18000000000000002,0.1,0.08,0.04,1560.722788288661,1556.7728700638136
2026-01-06,Ivory Coast,Burkina Faso,3.0,0.0,African Cup of Nations,True,H,3,13.0,6.0,1.6,1.0,0.8,1.2,0.30000000000000004,0.0,0.16,0.1,0.08,0.12000000000000002,1680.5245315600773,1508.5687942702705
2026-01-09,Mali,Senegal,0.0,1.0,African Cup of Nations,True,A,3,4.0,11.0,0.8,2.2,1.0,0.6,0.0,0.1,0.08,0.22000000000000003,0.1,0.06000000000000001,1551.0603038807756,1712.807047535163
2026-01-09,Morocco,Cameroon,2.0,0.0,African Cup of Nations,False,H,3,10.0,10.0,1.4,1.2,0.6,1.0,0.2,0.0,0.14,0.12000000000000002,0.06000000000000001,0.1,1662.064714821026,1649.349961736241
2026-01-10,Algeria,Nigeria,0.0,2.0,African Cup of Nations,True,A,3,12.0,12.0,1.6,2.6,0.4,1.2,0.0,0.2,0.16,0.26,0.04,0.12000000000000002,1590.3817396260827,1689.8203274813013
2026-01-10,Egypt,Ivory Coast,3.0,2.0,African Cup of Nations,True,H,3,11.0,13.0,1.4,2.0,0.6,0.8,0.30000000000000004,0.2,0.14,0.2,0.06000000000000001,0.08,1609.80712650504,1696.7809534345317
2026-01-14,Senegal,Egypt,1.0,0.0,African Cup of Nations,True,H,3,13.0,13.0,2.2,1.8,0.4,0.8,0.1,0.0,0.22000000000000003,0.18000000000000002,0.04,0.08,1729.7692762299782,1647.1640142356814
2026-01-14,Morocco,Nigeria,0.0,0.0,African Cup of Nations,False,D,3,13.0,15.0,1.8,2.8,0.2,0.8,0.0,0.0,0.18000000000000002,0.28,0.02,0.08,1690.967324642605,1711.4611198401403
2026-01-17,Egypt,Nigeria,0.0,0.0,African Cup of Nations,True,D,3,10.0,13.0,1.4,2.4,0.8,0.6,0.0,0.0,0.14,0.24000000000000005,0.08,0.06000000000000001,1624.165296614793,1709.6935927795869
2026-01-18,Morocco,Senegal,3.0,0.0,African Cup of Nations,False,H,3,11.0,13.0,1.4,1.8,0.2,0.4,0.30000000000000004,0.0,0.14,0.18000000000000002,0.02,0.04,1692.7348517031585,1752.7679938508666
2026-06-11,Mexico,South Africa,,,FIFA World Cup,False,D,5,7.0,7.0,0.6,1.2,0.8,1.2,,,0.06000000000000001,0.12000000000000002,0.08,0.12000000000000002,1550.3687047507221,1526.0155714572427
2026-06-11,South Korea,Czech Republic,,,FIFA World Cup,True,D,5,6.0,4.0,1.6,1.2,1.8,1.4,,,0.16,0.12000000000000002,0.18000000000000002,0.14,1581.0003616486792,1498.7973407656395
2026-06-12,Canada,Bosnia and Herzegovina,,,FIFA World Cup,False,D,5,6.0,3.0,0.8,1.3333333333333333,1.0,1.3333333333333333,,,0.08,0.13333333333333333,0.1,0.13333333333333333,1474.4902426249744,1514.1898227853676
2026-06-12,United States,Paraguay,,,FIFA World Cup,False,D,5,6.0,1.0,1.0,1.2,1.2,2.4,,,0.1,0.12000000000000002,0.12000000000000002,0.24000000000000005,1544.4100861979532,1494.1938113361655
2026-06-13,Australia,Turkey,,,FIFA World Cup,True,D,5,10.0,9.0,1.8,1.6,0.6,1.6,,,0.18,0.16,0.06000000000000001,0.16,1585.4953160409425,1596.1475573316247
2026-06-13,Haiti,Scotland,,,FIFA World Cup,True,D,5,0.0,2.0,0.4,0.6,4.6,2.0,,,0.04,0.06000000000000001,0.4600000000000001,0.2,1348.9329563659066,1405.2738419577702
2026-06-13,Brazil,Morocco,,,FIFA World Cup,True,D,5,7.0,13.0,1.2,1.8,0.6,0.0,,,0.12000000000000002,0.18000000000000002,0.06000000000000001,0.0,1769.9383519664511,1727.8675504241594
2026-06-13,Qatar,Switzerland,,,FIFA World Cup,True,D,5,13.0,9.0,2.0,1.6,1.0,0.8,,,0.2,0.16,0.1,0.08,1620.7133272638926,1701.3674265068985
2026-06-14,Germany,Curaçao,,,FIFA World Cup,True,D,5,10.0,0.0,2.2,0.0,0.8,0.0,,,0.22000000000000003,0.0,0.08,0.0,1695.6016498957213,1500.0
2026-06-14,Ivory Coast,Ecuador,,,FIFA World Cup,True,D,5,10.0,5.0,2.0,1.2,1.2,1.2,,,0.2,0.12000000000000002,0.12000000000000002,0.12000000000000002,1659.4240657038904,1560.9239573809268
2026-06-14,Netherlands,Japan,,,FIFA World Cup,True,D,5,7.0,9.0,1.6,2.4,1.2,1.6,,,0.16,0.24000000000000005,0.12000000000000002,0.16,1780.2863929829632,1628.0014030594077
2026-06-14,Sweden,Tunisia,,,FIFA World Cup,True,D,5,7.0,6.0,1.0,1.4,1.2,1.2,,,0.1,0.14,0.12000000000000002,0.12000000000000002,1614.0029181093519,1498.188407621247
2026-06-15,Belgium,Egypt,,,FIFA World Cup,True,D,5,5.0,8.0,0.4,1.2,0.4,0.8,,,0.04,0.12000000000000002,0.04,0.08,1662.6284701372815,1631.4047542484677
2026-06-15,Iran,New Zealand,,,FIFA World Cup,True,D,5,10.0,3.0,1.6,0.4,1.2,1.8,,,0.16,0.04,0.12000000000000002,0.18000000000000002,1616.2253117119644,1484.8950852661212
2026-06-15,Spain,Cape Verde,,,FIFA World Cup,True,D,5,15.0,11.0,2.2,1.6,0.8,0.6,,,0.22000000000000003,0.16,0.08,0.06000000000000001,1909.4824348441005,1542.6700840510496
2026-06-15,Saudi Arabia,Uruguay,,,FIFA World Cup,True,D,5,8.0,8.0,1.2,1.6,0.8,0.6,,,0.12000000000000002,0.16,0.08,0.06000000000000001,1476.4772844698232,1681.0038920385791
2026-06-16,Austria,Jordan,,,FIFA World Cup,True,D,5,6.0,9.0,1.6,1.4,1.6,1.2,,,0.16,0.14,0.16,0.12000000000000002,1549.1977961567122,1587.5109571203695
2026-06-16,France,Senegal,,,FIFA World Cup,True,D,5,6.0,12.0,0.6,1.6,0.6,0.8,,,0.06000000000000001,0.16,0.06000000000000001,0.08,1822.7642312717376,1717.6352951298657
2026-06-16,Iraq,Norway,,,FIFA World Cup,True,D,5,9.0,7.0,2.0,0.6,1.6,0.6,,,0.2,0.06000000000000001,0.16,0.06000000000000001,1539.9951791573692,1566.4878085568907
2026-06-16,Argentina,Algeria,,,FIFA World Cup,True,D,5,13.0,12.0,1.4,1.6,0.2,0.6,,,0.14,0.16,0.02,0.06000000000000001,1905.8562261852517,1568.7409472672437
2026-06-17,Ghana,Panama,,,FIFA World Cup,True,D,5,5.0,6.0,1.6,1.4,2.0,2.4,,,0.16,0.14,0.2,0.24000000000000005,1469.4912119083879,1447.7298450132791
2026-06-17,England,Croatia,,,FIFA World Cup,True,D,5,8.0,5.0,1.2,1.0,1.0,2.0,,,0.12000000000000002,0.1,0.1,0.2,1766.7461041222198,1669.258483760028
2026-06-17,Portugal,DR Congo,,,FIFA World Cup,True,D,5,8.0,8.0,1.0,1.0,0.6,0.4,,,0.1,0.1,0.06000000000000001,0.04,1664.8559430858054,1527.1139187263918
2026-06-17,Uzbekistan,Colombia,,,FIFA World Cup,True,D,5,9.0,10.0,1.4,2.0,0.6,0.4,,,0.14,0.2,0.06000000000000001,0.04,1549.7697596797418,1786.3811915913197
2026-06-18,Czech Republic,South Africa,,,FIFA World Cup,True,D,5,2.0,7.0,,,,,,,,,,,1510.4113956020078,1529.5145406046533
2026-06-18,Mexico,South Korea,,,FIFA World Cup,False,D,5,8.0,6.0,,,,,,,,,,,1546.8697356033115,1569.386306812311
2026-06-18,Switzerland,Bosnia and Herzegovina,,,FIFA World Cup,True,D,5,7.0,4.0,,,,,,,,,,,1689.964469738428,1508.5013294897149
2026-06-18,Canada,Qatar,,,FIFA World Cup,False,D,5,4.0,11.0,,,,,,,,,,,1480.178735920627,1632.116284032363
2026-06-19,United States,Australia,,,FIFA World Cup,False,D,5,4.0,8.0,,,,,,,,,,,1537.233288526353,1587.027816631569
2026-06-19,Turkey,Paraguay,,,FIFA World Cup,True,D,5,7.0,2.0,,,,,,,,,,,1594.6150567409982,1501.3706090077658
2026-06-19,Scotland,Morocco,,,FIFA World Cup,True,D,5,2.0,11.0,,,,,,,,,,,1397.2360687748535,1733.8926064028658
2026-06-19,Brazil,Haiti,,,FIFA World Cup,True,D,5,7.0,1.0,,,,,,,,,,,1763.9132959877447,1356.9707295488233
2026-06-20,Germany,Ivory Coast,,,FIFA World Cup,True,D,5,8.0,8.0,,,,,,,,,,,1670.092142144792,1645.6167185958434
2026-06-20,Ecuador,Curaçao,,,FIFA World Cup,True,D,5,6.0,1.0,,,,,,,,,,,1574.7313044889738,1525.5095077509293
2026-06-20,Netherlands,Sweden,,,FIFA World Cup,True,D,5,7.0,8.0,,,,,,,,,,,1759.6742021686614,1597.9269394644418
2026-06-20,Tunisia,Japan,,,FIFA World Cup,True,D,5,6.0,7.0,,,,,,,,,,,1514.264386266157,1648.6135938737095
2026-06-21,Uruguay,Cape Verde,,,FIFA World Cup,True,D,5,6.0,9.0,,,,,,,,,,,1654.5567965212872,1581.8720753638424
2026-06-21,Belgium,Iran,,,FIFA World Cup,True,D,5,5.0,8.0,,,,,,,,,,,1658.1470743158861,1598.1768987685452
2026-06-21,New Zealand,Egypt,,,FIFA World Cup,True,D,5,4.0,8.0,,,,,,,,,,,1502.9434982095404,1635.886150069863
2026-06-21,Spain,Saudi Arabia,,,FIFA World Cup,True,D,5,13.0,9.0,,,,,,,,,,,1870.2804435313076,1502.9243799871151
2026-06-22,Argentina,Austria,,,FIFA World Cup,True,D,5,11.0,7.0,,,,,,,,,,,1868.4145145932757,1554.6892618147403
2026-06-22,Jordan,Algeria,,,FIFA World Cup,True,D,5,10.0,10.0,,,,,,,,,,,1582.0194914623414,1606.1826588592196
2026-06-22,France,Iraq,,,FIFA World Cup,True,D,5,6.0,10.0,,,,,,,,,,,1808.0803901201534,1543.8004028864389
2026-06-22,Norway,Senegal,,,FIFA World Cup,True,D,5,5.0,10.0,,,,,,,,,,,1562.682584827821,1732.3191362814498
2026-06-23,Portugal,Uzbekistan,,,FIFA World Cup,True,D,5,6.0,9.0,,,,,,,,,,,1646.0104288560422,1579.37894417002
2026-06-23,Colombia,DR Congo,,,FIFA World Cup,True,D,5,8.0,8.0,,,,,,,,,,,1756.7720071010415,1545.959432956155
2026-06-23,England,Ghana,,,FIFA World Cup,True,D,5,8.0,3.0,,,,,,,,,,,1753.073462435951,1466.363588340921
2026-06-23,Panama,Croatia,,,FIFA World Cup,True,D,5,7.0,6.0,,,,,,,,,,,1450.857468580746,1682.9311254462968
2026-06-24,Scotland,Brazil,,,FIFA World Cup,True,D,5,3.0,7.0,,,,,,,,,,,1434.648753377536,1722.679274511555
2026-06-24,Bosnia and Herzegovina,Qatar,,,FIFA World Cup,True,D,5,5.0,9.0,,,,,,,,,,,1532.4747165325239,1611.5456138166933
2026-06-24,Morocco,Haiti,,,FIFA World Cup,True,D,5,9.0,2.0,,,,,,,,,,,1696.4799218001833,1398.2047510250131
2026-06-24,South Africa,South Korea,,,FIFA World Cup,True,D,5,5.0,6.0,,,,,,,,,,,1526.7681440887895,1566.1504407502462
2026-06-24,Mexico,Czech Republic,,,FIFA World Cup,False,D,5,6.0,3.0,,,,,,,,,,,1550.1056016653763,1513.1577921178716
2026-06-24,Canada,Switzerland,,,FIFA World Cup,False,D,5,4.0,7.0,,,,,,,,,,,1500.7494061362968,1665.991082695619
2026-06-25,United States,Turkey,,,FIFA World Cup,False,D,5,5.0,8.0,,,,,,,,,,,1544.3506320881995,1581.5092599401432
2026-06-25,Paraguay,Australia,,,FIFA World Cup,True,D,5,2.0,6.0,,,,,,,,,,,1514.4764058086207,1579.9104730697225
2026-06-25,Curaçao,Ivory Coast,,,FIFA World Cup,True,D,5,2.0,8.0,,,,,,,,,,,1532.5460798636661,1649.133200109408
2026-06-25,Ecuador,Germany,,,FIFA World Cup,True,D,5,7.0,6.0,,,,,,,,,,,1567.694732376237,1666.5756606312273
2026-06-25,Japan,Sweden,,,FIFA World Cup,True,D,5,8.0,8.0,,,,,,,,,,,1630.1885156620617,1619.6566188955385
2026-06-25,Tunisia,Netherlands,,,FIFA World Cup,True,D,5,4.0,8.0,,,,,,,,,,,1532.689464477805,1737.9445227375647
2026-06-26,Norway,France,,,FIFA World Cup,True,D,5,6.0,6.0,,,,,,,,,,,1585.3240325470513,1776.0071435485359
2026-06-26,Egypt,Iran,,,FIFA World Cup,True,D,5,6.0,6.0,,,,,,,,,,,1617.6362646518794,1606.7225999917614
2026-06-26,New Zealand,Belgium,,,FIFA World Cup,True,D,5,5.0,6.0,,,,,,,,,,,1521.193383627524,1649.60137309267
2026-06-26,Cape Verde,Saudi Arabia,,,FIFA World Cup,True,D,5,7.0,7.0,,,,,,,,,,,1592.1822723151424,1542.1564812852844
2026-06-26,Uruguay,Spain,,,FIFA World Cup,True,D,5,4.0,11.0,,,,,,,,,,,1644.2465995699872,1831.0483422331383
2026-06-26,Senegal,Iraq,,,FIFA World Cup,True,D,5,8.0,8.0,,,,,,,,,,,1709.6776885622196,1575.8736494580564
2026-06-27,DR Congo,Uzbekistan,,,FIFA World Cup,True,D,5,6.0,7.0,,,,,,,,,,,1573.051811011903,1588.8521285311344
2026-06-27,Colombia,Portugal,,,FIFA World Cup,True,D,5,8.0,4.0,,,,,,,,,,,1729.6796290452935,1636.5372444949278
2026-06-27,Panama,England,,,FIFA World Cup,True,D,5,8.0,6.0,,,,,,,,,,,1480.0393425391549,1719.1784830933043
2026-06-27,Algeria,Austria,,,FIFA World Cup,True,D,5,8.0,8.0,,,,,,,,,,,1602.7108951614232,1590.5764024873542
2026-06-27,Jordan,Argentina,,,FIFA World Cup,True,D,5,8.0,9.0,,,,,,,,,,,1585.4912551601378,1832.5273739206618
2026-06-27,Croatia,Ghana,,,FIFA World Cup,True,D,5,4.0,4.0,,,,,,,,,,,1653.749251487888,1500.2585676835677
