date,home_team,away_team,home_score,away_score,tournament,neutral,result,TournamentImportance,HomeForm,AwayForm,HomeGoalsFor,AwayGoalsFor,HomeGoalsAgainst,AwayGoalsAgainst,HomeXG,AwayXG,HomeXGFor,AwayXGFor,HomeXGAgainst,AwayXGAgainst,HomeStrength,AwayStrength
1930-07-13,Belgium,United States,0.0,3.0,FIFA World Cup,True,A,5,0.0,0.0,0.0,0.0,0.0,0.0,0.0,0.30000000000000004,0.0,0.0,0.0,0.0,1500.0,1500.0
1930-07-13,France,Mexico,4.0,1.0,FIFA World Cup,True,H,5,0.0,0.0,0.0,0.0,0.0,0.0,0.4,0.1,0.0,0.0,0.0,0.0,1500.0,1500.0
1930-07-14,Brazil,Yugoslavia,1.0,2.0,FIFA World Cup,True,A,5,0.0,0.0,0.0,0.0,0.0,0.0,0.1,0.2,0.0,0.0,0.0,0.0,1500.0,1500.0
1930-07-14,Peru,Romania,1.0,3.0,FIFA World Cup,True,A,5,0.0,0.0,0.0,0.0,0.0,0.0,0.1,0.30000000000000004,0.0,0.0,0.0,0.0,1500.0,1500.0
1930-07-15,Argentina,France,1.0,0.0,FIFA World Cup,True,H,5,0.0,3.0,0.0,4.0,0.0,1.0,0.1,0.0,0.0,0.4,0.0,0.1,1500.0,1587.5
1930-07-16,Chile,Mexico,3.0,0.0,FIFA World Cup,True,H,5,0.0,0.0,0.0,1.0,0.0,4.0,0.30000000000000004,0.0,0.0,0.1,0.0,0.4,1500.0,1412.5
1930-07-17,Bolivia,Yugoslavia,0.0,4.0,FIFA World Cup,True,A,5,0.0,3.0,0.0,2.0,0.0,1.0,0.0,0.4,0.0,0.2,0.0,0.1,1500.0,1550.0
1930-07-17,Paraguay,United States,0.0,3.0,FIFA World Cup,True,A,5,0.0,3.0,0.0,3.0,0.0,0.0,0.0,0.30000000000000004,0.0,0.30000000000000004,0.0,0.0,1500.0,1587.5
1930-07-18,Uruguay,Peru,1.0,0.0,FIFA World Cup,False,H,5,0.0,0.0,0.0,1.0,0.0,3.0,0.1,0.0,0.0,0.1,0.0,0.30000000000000004,1500.0,1425.0
1930-07-19,Argentina,Mexico,6.0,3.0,FIFA World Cup,True,H,5,3.0,0.0,1.0,0.5,0.0,3.5,0.6000000000000001,0.30000000000000004,0.1,0.05,0.0,0.35000000000000003,1562.3326217078607,1346.5820879887563
1930-07-19,Chile,France,1.0,0.0,FIFA World Cup,True,H,5,3.0,3.0,3.0,2.0,0.0,1.0,0.1,0.0,0.30000000000000004,0.2,0.0,0.1,1565.9179120112437,1525.1673782921393
1930-07-20,Belgium,Paraguay,0.0,1.0,FIFA World Cup,True,A,5,0.0,0.0,0.0,0.0,3.0,3.0,0.0,0.1,0.0,0.0,0.30000000000000004,0.30000000000000004,1412.5,1434.0820879887563
1930-07-20,Bolivia,Brazil,0.0,4.0,FIFA World Cup,True,A,5,0.0,0.0,0.0,1.0,4.0,2.0,0.0,0.4,0.0,0.1,0.4,0.2,1414.2926234816764,1450.0
1930-07-21,Uruguay,Romania,4.0,0.0,FIFA World Cup,False,H,5,3.0,3.0,1.0,3.0,0.0,1.0,0.4,0.0,0.1,0.30000000000000004,0.0,0.1,1526.7492710244333,1575.0
1930-07-22,Argentina,Chile,3.0,1.0,FIFA World Cup,True,H,5,6.0,6.0,3.5,2.0,1.5,0.0,0.30000000000000004,0.1,0.35000000000000003,0.2,0.15000000000000002,0.0,1601.549250178243,1610.0801837977845
1930-07-26,Argentina,United States,6.0,1.0,FIFA World Cup,True,H,5,9.0,6.0,3.3333333333333335,3.0,1.3333333333333333,0.0,0.6000000000000001,0.1,0.3333333333333334,0.30000000000000004,0.13333333333333333,0.0,1678.3904302324718,1653.4179120112437
1930-07-27,Uruguay,Yugoslavia,6.0,1.0,FIFA World Cup,False,H,5,6.0,6.0,2.5,3.0,0.0,0.5,0.6000000000000001,0.1,0.25,0.30000000000000004,0.0,0.05,1611.96381073952,1635.7073765183236
1930-07-30,Uruguay,Argentina,4.0,2.0,FIFA World Cup,False,H,5,9.0,12.0,3.6666666666666665,4.0,0.3333333333333333,1.25,0.4,0.2,0.3666666666666667,0.4000000000000001,0.03333333333333333,0.125,1690.361223401437,1771.215113966332
1934-05-27,Netherlands,Switzerland,2.0,3.0,FIFA World Cup,True,A,5,0.0,0.0,0.0,0.0,0.0,0.0,0.2,0.30000000000000004,0.0,0.0,0.0,0.0,1500.0,1500.0
1934-05-27,Italy,United States,7.0,1.0,FIFA World Cup,False,H,5,0.0,6.0,0.0,2.3333333333333335,0.0,2.0,0.7000000000000001,0.1,0.0,0.23333333333333336,0.0,0.20000000000000004,1500.0,1560.5932282773836
1934-05-27,Egypt,Hungary,2.0,4.0,FIFA World Cup,True,A,5,0.0,0.0,0.0,0.0,0.0,0.0,0.2,0.4,0.0,0.0,0.0,0.0,1500.0,1500.0
1934-05-27,Czechoslovakia,Romania,2.0,1.0,FIFA World Cup,True,H,5,0.0,3.0,0.0,1.5,0.0,2.5,0.2,0.1,0.0,0.15000000000000002,0.0,0.25,1500.0,1461.200923122951
1934-05-27,Belgium,Germany,2.0,5.0,FIFA World Cup,True,A,5,0.0,0.0,0.0,0.0,2.0,0.0,0.2,0.5,0.0,0.0,0.2,0.0,1365.601923383381,1500.0
1934-05-27,Brazil,Spain,1.0,3.0,FIFA World Cup,True,A,5,3.0,0.0,2.5,0.0,1.0,0.0,0.1,0.30000000000000004,0.25,0.0,0.1,0.0,1539.7586237503492,1500.0
1934-05-27,Austria,France,3.0,2.0,FIFA World Cup,True,H,5,0.0,3.0,0.0,1.3333333333333333,0.0,1.0,0.30000000000000004,0.2,0.0,0.13333333333333333,0.0,0.10000000000000002,1500.0,1481.0051065055986
1934-05-27,Argentina,Sweden,2.0,3.0,FIFA World Cup,True,A,5,12.0,0.0,3.6,0.0,1.8,0.0,0.2,0.30000000000000004,0.36000000000000004,0.0,0.18000000000000002,0.0,1679.0697989067196,1500.0
1934-05-31,Austria,Hungary,2.0,1.0,FIFA World Cup,True,H,5,3.0,3.0,3.0,4.0,2.0,2.0,0.2,0.1,0.30000000000000004,0.4,0.2,0.2,1547.2691353917935,1575.0
1934-05-31,Czechoslovakia,Switzerland,3.0,2.0,FIFA World Cup,True,H,5,3.0,3.0,2.0,3.0,1.0,2.0,0.30000000000000004,0.2,0.2,0.30000000000000004,0.1,0.2,1544.4394595921408,1550.0
1934-05-31,Germany,Sweden,2.0,1.0,FIFA World Cup,True,H,5,3.0,3.0,5.0,3.0,2.0,2.0,0.2,0.1,0.5,0.30000000000000004,0.2,0.2,1555.2454775208787,1573.7072634410993
1934-05-31,Italy,Spain,1.0,1.0,FIFA World Cup,False,D,5,3.0,3.0,7.0,3.0,1.0,1.0,0.1,0.1,0.7000000000000001,0.30000000000000004,0.1,0.1,1588.706207561951,1583.5453203100617
1934-06-01,Italy,Spain,1.0,0.0,FIFA World Cup,False,H,5,4.0,4.0,4.0,2.0,1.0,1.0,0.1,0.0,0.4,0.2,0.1,0.1,1574.0181649605433,1584.2879770672382
1934-06-03,Italy,Austria,1.0,0.0,FIFA World Cup,False,H,5,7.0,6.0,3.0,2.5,0.6666666666666666,1.5,0.1,0.0,0.30000000000000004,0.25,0.06666666666666667,0.15000000000000002,1611.384599781843,1601.2514746086576
1934-06-03,Czechoslovakia,Germany,3.0,1.0,FIFA World Cup,True,H,5,6.0,6.0,2.5,3.5,1.5,1.5,0.30000000000000004,0.1,0.25,0.35,0.15000000000000002,0.15000000000000002,1595.2396173653362,1607.8998442916527
1934-06-07,Austria,Germany,2.0,3.0,FIFA World Cup,True,A,5,6.0,6.0,1.6666666666666667,2.6666666666666665,1.3333333333333333,2.0,0.2,0.30000000000000004,0.16666666666666666,0.26666666666666666,0.13333333333333333,0.20000000000000004,1552.7093352033783,1530.1681235807825
1934-06-10,Italy,Czechoslovakia,2.0,1.0,FIFA World Cup,False,H,5,10.0,9.0,2.5,2.6666666666666665,0.5,1.3333333333333333,0.2,0.1,0.25,0.26666666666666666,0.05,0.13333333333333333,1646.045525844594,1672.9713380762064
1938-06-04,Germany,Switzerland,1.0,1.0,FIFA World Cup,True,D,5,9.0,3.0,2.75,2.5,2.0,2.5,0.1,0.1,0.275,0.25,0.2,0.25,1583.4075208152044,1499.1998422268045
1938-06-05,Brazil,Poland,6.0,5.0,FIFA World Cup,True,H,5,3.0,0.0,2.0,0.0,1.6666666666666667,0.0,0.6000000000000001,0.5,0.20000000000000004,0.0,0.16666666666666666,0.0,1456.2133034402875,1500.0
1938-06-05,Cuba,Romania,3.0,3.0,FIFA World Cup,True,D,5,0.0,3.0,0.0,1.3333333333333333,0.0,2.3333333333333335,0.30000000000000004,0.30000000000000004,0.0,0.13333333333333333,0.0,0.23333333333333336,1500.0,1416.7614635308103
1938-06-05,Czechoslovakia,Netherlands,3.0,0.0,FIFA World Cup,True,H,5,9.0,0.0,2.25,2.0,1.5,3.0,0.30000000000000004,0.0,0.22500000000000003,0.2,0.15000000000000002,0.30000000000000004,1619.104141305567,1450.0
1938-06-05,France,Belgium,3.0,1.0,FIFA World Cup,False,H,5,3.0,0.0,1.5,0.6666666666666666,1.5,3.0,0.30000000000000004,0.1,0.15000000000000002,0.06666666666666667,0.15000000000000002,0.3,1433.7359711138051,1310.3564458625024
1938-06-05,Hungary,Indonesia,6.0,0.0,FIFA World Cup,True,H,5,3.0,0.0,2.5,0.0,2.0,0.0,0.6000000000000001,0.0,0.25,0.0,0.2,0.0,1521.0176607831359,1500.0
1938-06-05,Italy,Norway,2.0,1.0,FIFA World Cup,True,H,5,13.0,0.0,2.4,0.0,0.6,0.0,0.2,0.1,0.24000000000000005,0.0,0.06000000000000001,0.0,1685.6816757633705,1500.0
1938-06-09,Cuba,Romania,2.0,1.0,FIFA World Cup,True,H,5,1.0,4.0,3.0,1.75,3.0,2.5,0.2,0.1,0.30000000000000004,0.17500000000000002,0.30000000000000004,0.25,1488.2450608883198,1428.5164026424904
1938-06-09,Germany,Switzerland,2.0,4.0,FIFA World Cup,True,A,5,10.0,4.0,2.4,2.0,1.8,2.0,0.2,0.4,0.24000000000000005,0.20000000000000004,0.18000000000000002,0.20000000000000004,1571.5209063833656,1511.0864566586433
1938-06-12,Brazil,Czechoslovakia,1.0,1.0,FIFA World Cup,True,D,5,6.0,12.0,3.0,2.4,2.5,1.2,0.1,0.1,0.30000000000000004,0.24000000000000005,0.25,0.12000000000000002,1512.4815641919754,1667.0882720267598
1938-06-12,Cuba,Sweden,0.0,8.0,FIFA World Cup,True,A,5,4.0,3.0,2.5,2.0,2.0,2.0,0.0,0.8,0.25,0.2,0.2,0.2,1529.7331054910169,1521.0528966703253
1938-06-12,France,Italy,1.0,3.0,FIFA World Cup,False,A,5,6.0,13.0,1.8,1.4,1.4,0.6,0.1,0.30000000000000004,0.18000000000000002,0.14,0.14,0.06000000000000001,1466.2187221269917,1711.2434863186586
1938-06-12,Hungary,Switzerland,2.0,0.0,FIFA World Cup,True,H,5,6.0,7.0,3.6666666666666665,2.5,1.3333333333333333,2.0,0.2,0.0,0.3666666666666667,0.25,0.13333333333333333,0.2,1614.9756601413558,1599.0022802223639
1938-06-14,Brazil,Czechoslovakia,2.0,1.0,FIFA World Cup,True,H,5,7.0,10.0,2.6,2.2,2.2,1.2,0.2,0.1,0.26,0.22000000000000003,0.22000000000000003,0.12000000000000002,1533.3703286889795,1646.1995075297557
1938-06-16,Brazil,Italy,1.0,2.0,FIFA World Cup,True,A,5,10.0,15.0,2.8,1.8,2.0,0.6,0.1,0.2,0.28,0.18000000000000002,0.2,0.06000000000000001,1599.0600382403557,1740.6673365543934
1938-06-16,Hungary,Sweden,5.0,1.0,FIFA World Cup,True,H,5,9.0,6.0,3.25,4.0,1.0,1.3333333333333333,0.5,0.1,0.325,0.4000000000000001,0.1,0.13333333333333333,1686.5299563038034,1623.5507419173182
1938-06-19,Hungary,Italy,2.0,4.0,FIFA World Cup,True,A,5,12.0,15.0,3.6,2.0,1.0,0.8,0.2,0.4,0.36,0.2,0.1,0.08,1768.5990458437102,1771.346599707607
1938-06-19,Brazil,Sweden,4.0,2.0,FIFA World Cup,True,H,5,7.0,6.0,2.2,3.25,2.4,2.25,0.4,0.2,0.22000000000000003,0.325,0.24000000000000005,0.225,1568.380775087142,1541.4816523774114
1950-06-24,Brazil,Mexico,4.0,0.0,FIFA World Cup,False,H,5,10.0,0.0,2.8,1.3333333333333333,2.2,4.333333333333333,0.4,0.0,0.28,0.13333333333333333,0.22000000000000003,0.4333333333333334,1637.585706896466,1307.3654595183739
1950-06-25,Switzerland,Yugoslavia,0.0,3.0,FIFA World Cup,True,A,5,7.0,6.0,2.0,2.3333333333333335,2.0,2.3333333333333335,0.0,0.30000000000000004,0.2,0.23333333333333336,0.2,0.23333333333333336,1527.4479840599163,1528.8840479294142
1950-06-25,Italy,Sweden,2.0,3.0,FIFA World Cup,True,A,5,15.0,6.0,2.6,3.0,1.2,2.6,0.2,0.30000000000000004,0.26,0.3,0.12000000000000002,0.26,1845.7535048928426,1472.2767205680873
1950-06-25,Spain,United States,3.0,1.0,FIFA World Cup,True,H,5,4.0,6.0,1.3333333333333333,2.0,1.0,3.25,0.30000000000000004,0.1,0.13333333333333333,0.2,0.10000000000000002,0.32500000000000007,1532.8104625910303,1443.327788855952
1950-06-25,Chile,England,0.0,2.0,FIFA World Cup,True,A,5,6.0,0.0,1.6666666666666667,0.0,1.0,0.0,0.0,0.2,0.16666666666666666,0.0,0.10000000000000002,0.0,1533.2390037435557,1500.0
1950-06-28,Brazil,Switzerland,2.0,2.0,FIFA World Cup,False,D,5,10.0,4.0,2.4,1.4,1.2,2.2,0.2,0.2,0.24000000000000005,0.14,0.12000000000000002,0.22000000000000003,1653.0894624331809,1440.3096478567172
1950-06-28,Mexico,Yugoslavia,1.0,4.0,FIFA World Cup,True,A,5,0.0,9.0,1.0,2.5,4.25,1.75,0.1,0.4,0.1,0.25,0.42500000000000004,0.17500000000000002,1281.3641426972697,1616.0223841326133
1950-06-29,Chile,Spain,0.0,2.0,FIFA World Cup,True,A,5,6.0,7.0,1.25,1.75,1.25,1.0,0.0,0.2,0.125,0.17500000000000002,0.125,0.1,1451.085598932605,1588.9101429112222
1950-06-29,England,United States,0.0,1.0,FIFA World Cup,True,A,5,3.0,6.0,2.0,1.8,0.0,3.2,0.0,0.1,0.2,0.18000000000000002,0.0,0.32,1582.1534048109506,1387.22810853576
1950-06-29,Paraguay,Sweden,2.0,2.0,FIFA World Cup,True,D,5,3.0,6.0,0.5,3.0,1.5,2.6,0.2,0.2,0.05,0.3,0.15000000000000002,0.26,1480.9801646053752,1561.842712263216
1950-07-01,Brazil,Yugoslavia,2.0,0.0,FIFA World Cup,False,H,5,10.0,12.0,2.6,2.8,1.4,1.6,0.2,0.0,0.26,0.28,0.14,0.16,1617.2684184919917,1638.2726345587819
1950-07-02,England,Spain,0.0,1.0,FIFA World Cup,True,A,5,3.0,10.0,1.0,1.8,0.5,0.8,0.0,0.1,0.1,0.18000000000000002,0.05,0.08,1506.7159679145398,1635.6265902236244
1950-07-02,Mexico,Switzerland,1.0,2.0,FIFA World Cup,True,A,5,0.0,5.0,1.0,1.4,4.2,2.0,0.1,0.2,0.1,0.14,0.42000000000000004,0.2,1259.1138922711011,1467.601400393945
1950-07-02,Italy,Paraguay,2.0,0.0,FIFA World Cup,True,H,5,12.0,4.0,2.6,1.0,1.6,1.6666666666666667,0.2,0.0,0.26,0.10000000000000002,0.16,0.16666666666666666,1756.1875131977138,1492.4115553859372
1950-07-02,Chile,United States,5.0,2.0,FIFA World Cup,True,H,5,6.0,6.0,1.0,1.4,1.4,3.2,0.5,0.2,0.1,0.14,0.14,0.32,1404.369151620203,1462.6655454321708
1950-07-02,Bolivia,Uruguay,0.0,8.0,FIFA World Cup,True,A,5,0.0,12.0,0.0,3.75,4.0,0.75,0.0,0.8,0.0,0.37500000000000006,0.4,0.07500000000000001,1324.5339997313272,1761.2323820544527
1950-07-09,Brazil,Sweden,7.0,1.0,FIFA World Cup,False,H,5,10.0,7.0,2.6,3.2,1.2,2.6,0.7000000000000001,0.1,0.26,0.32,0.12000000000000002,0.26,1675.5037080095706,1550.411321482654
1950-07-09,Spain,Uruguay,2.0,2.0,FIFA World Cup,True,D,5,10.0,15.0,1.4,4.6,0.6,0.6,0.2,0.2,0.14,0.4600000000000001,0.06000000000000001,0.06000000000000001,1667.8817736243225,1776.2111346893842
1950-07-13,Brazil,Spain,6.0,1.0,FIFA World Cup,False,H,5,13.0,10.0,3.8,1.6,1.0,0.8,0.6000000000000001,0.1,0.38,0.16,0.1,0.08,1718.4804133813518,1682.9853226116109
1950-07-13,Sweden,Uruguay,2.0,3.0,FIFA World Cup,True,A,5,4.0,13.0,1.8,4.8,4.0,1.0,0.2,0.30000000000000004,0.18000000000000002,0.4800000000000001,0.4,0.1,1484.9366736348265,1761.1075857020958
1950-07-16,Spain,Sweden,1.0,3.0,FIFA World Cup,True,A,5,10.0,4.0,1.8,2.0,1.8,3.6,0.1,0.30000000000000004,0.18000000000000002,0.2,0.18000000000000002,0.36000000000000004,1593.1662351952477,1467.9950134659757
1950-07-16,Brazil,Uruguay,1.0,2.0,FIFA World Cup,False,A,5,13.0,13.0,4.2,4.6,0.8,1.4,0.1,0.2,0.42000000000000004,0.4600000000000001,0.08,0.14,1781.3455785425515,1778.0492458709468
1954-06-16,France,Yugoslavia,0.0,1.0,FIFA World Cup,True,A,5,3.0,9.0,1.2,2.4,1.8,1.8,0.0,0.1,0.12000000000000002,0.24000000000000005,0.18000000000000002,0.18000000000000002,1420.8249968015984,1558.7440257645485
1954-06-16,Czechoslovakia,Uruguay,0.0,2.0,FIFA World Cup,True,A,5,7.0,13.0,1.8,3.8,1.2,1.4,0.0,0.2,0.18000000000000002,0.38,0.12000000000000002,0.14,1580.5097979783795,1828.5236120421707
1954-06-16,Austria,Scotland,1.0,0.0,FIFA World Cup,True,H,5,6.0,0.0,1.75,0.0,1.75,0.0,0.1,0.0,0.17500000000000002,0.0,0.17500000000000002,0.0,1499.4699379689564,1500.0
1954-06-16,Brazil,Mexico,5.0,0.0,FIFA World Cup,True,H,5,10.0,0.0,3.6,1.0,1.2,3.8,0.5,0.0,0.36000000000000004,0.1,0.12000000000000002,0.38,1716.903095944619,1235.9690490817093
1954-06-17,Belgium,England,4.0,4.0,FIFA World Cup,True,D,5,0.0,3.0,0.75,0.6666666666666666,3.0,0.6666666666666666,0.4,0.4,0.07500000000000001,0.06666666666666667,0.30000000000000004,0.06666666666666667,1260.924230811665,1474.4607845138416
1954-06-17,Germany,Turkey,4.0,1.0,FIFA World Cup,True,H,5,7.0,0.0,1.8,0.0,2.2,0.0,0.4,0.1,0.18000000000000002,0.0,0.22000000000000003,0.0,1483.605082819645,1500.0
1954-06-17,Hungary,South Korea,9.0,0.0,FIFA World Cup,True,H,5,9.0,0.0,3.2,0.0,1.4,0.0,0.9,0.0,0.32,0.0,0.14,0.0,1694.1921406584747,1500.0
1954-06-17,Switzerland,Italy,2.0,1.0,FIFA World Cup,False,H,5,7.0,12.0,1.6,2.6,2.0,1.4,0.2,0.1,0.16,0.26,0.2,0.14,1490.7462435833368,1783.1417362713285
1954-06-19,Scotland,Uruguay,0.0,7.0,FIFA World Cup,True,A,5,0.0,13.0,0.0,3.4,1.0,1.0,0.0,0.7000000000000001,0.0,0.34,0.1,0.1,1449.9237180009939,1857.5426224060266
1954-06-19,Austria,Czechoslovakia,5.0,0.0,FIFA World Cup,True,H,5,9.0,4.0,1.6,1.2,1.4,1.4,0.5,0.0,0.16,0.12000000000000002,0.14,0.14,1549.5462199679623,1551.4907876145237
1954-06-19,Brazil,Yugoslavia,1.0,1.0,FIFA World Cup,True,D,5,12.0,9.0,4.2,1.8,0.8,1.8,0.1,0.1,0.42000000000000004,0.18000000000000002,0.08,0.18000000000000002,1728.7133909105296,1589.8766614527765
1954-06-19,France,Mexico,3.0,2.0,FIFA World Cup,True,H,5,3.0,0.0,1.2,1.0,1.8,4.2,0.30000000000000004,0.2,0.12000000000000002,0.1,0.18000000000000002,0.42000000000000004,1389.6923611133705,1224.1587541157987
1954-06-20,South Korea,Turkey,0.0,7.0,FIFA World Cup,True,A,5,0.0,0.0,0.0,1.0,9.0,4.0,0.0,0.7000000000000001,0.0,0.1,0.9,0.4,1450.7183038792516,1408.3740800716366
1954-06-20,Switzerland,England,0.0,2.0,FIFA World Cup,False,A,5,7.0,4.0,1.2,1.5,1.8,1.5,0.0,0.2,0.12000000000000002,0.15000000000000002,0.18000000000000002,0.15000000000000002,1565.912843984251,1447.092665639273
1954-06-20,Belgium,Italy,1.0,4.0,FIFA World Cup,True,A,5,1.0,9.0,1.4,2.2,3.2,1.6,0.1,0.4,0.14,0.22000000000000003,0.32,0.16,1288.2923496862336,1698.8094352394144
1954-06-20,Germany,Hungary,3.0,8.0,FIFA World Cup,True,A,5,7.0,12.0,2.2,4.8,2.2,1.0,0.30000000000000004,0.8,0.22000000000000003,0.4800000000000001,0.22000000000000003,0.1,1575.2310027480084,1743.4738367792231
1954-06-23,Germany,Turkey,7.0,2.0,FIFA World Cup,True,H,5,7.0,3.0,2.6,4.0,3.2,2.0,0.7000000000000001,0.2,0.26,0.4,0.32,0.2,1520.1944317013813,1520.5017391881515
1954-06-23,Switzerland,Italy,4.0,1.0,FIFA World Cup,False,H,5,7.0,9.0,1.2,2.6,1.8,1.6,0.4,0.1,0.12000000000000002,0.26,0.18000000000000002,0.16,1449.0684776087369,1713.8643463534156
1954-06-26,England,Uruguay,2.0,4.0,FIFA World Cup,True,A,5,7.0,13.0,1.6,3.2,1.2,1.0,0.2,0.4,0.16,0.32,0.12000000000000002,0.1,1546.78675886125,1875.0124053562897
1954-06-26,Switzerland,Austria,5.0,7.0,FIFA World Cup,False,A,5,10.0,9.0,2.0,2.0,1.4,1.0,0.5,0.7000000000000001,0.2,0.2,0.14,0.1,1575.2158006157797,1650.1059056832476
1954-06-27,Brazil,Hungary,2.0,4.0,FIFA World Cup,True,A,5,10.0,12.0,4.0,5.2,1.0,1.6,0.2,0.4,0.4,0.52,0.1,0.16,1709.7328771723528,1798.5104078258503
1954-06-27,Germany,Yugoslavia,2.0,0.0,FIFA World Cup,True,H,5,7.0,10.0,3.4,1.8,3.2,0.8,0.2,0.0,0.34,0.18000000000000002,0.32,0.08,1620.2828818830656,1608.8571751909533
1954-06-30,Austria,Germany,1.0,6.0,FIFA World Cup,True,A,5,9.0,9.0,3.0,3.6,1.8,3.0,0.1,0.6000000000000001,0.3,0.36000000000000004,0.18,0.3,1709.1853843736442,1692.8173335770757
1954-06-30,Hungary,Uruguay,4.0,2.0,FIFA World Cup,True,H,5,12.0,15.0,5.6,3.6,2.0,1.0,0.4,0.2,0.56,0.36000000000000004,0.2,0.1,1854.752711527484,1894.709019788935
1954-07-03,Austria,Uruguay,3.0,1.0,FIFA World Cup,True,H,5,9.0,12.0,3.2,3.4,2.8,1.4,0.30000000000000004,0.1,0.32,0.34,0.28,0.14,1604.4777629142804,1811.1215825613579
1954-07-04,Germany,Hungary,3.0,2.0,FIFA World Cup,True,H,5,12.0,12.0,4.4,5.4,2.4,2.2,0.30000000000000004,0.2,0.44000000000000006,0.54,0.24000000000000005,0.22000000000000003,1797.5249550364395,1938.3401487550611
1956-09-01,Hong Kong,Israel,2.0,3.0,AFC Asian Cup,False,A,3,0.0,0.0,0.0,0.0,0.0,0.0,0.2,0.30000000000000004,0.0,0.0,0.0,0.0,1500.0,1500.0
1956-09-06,Hong Kong,South Korea,2.0,2.0,AFC Asian Cup,False,D,3,0.0,0.0,2.0,0.0,3.0,8.0,0.2,0.2,0.2,0.0,0.30000000000000004,0.8,1461.5961000118268,1338.5906447627367
1956-09-08,Israel,South Korea,1.0,2.0,AFC Asian Cup,True,A,3,3.0,1.0,3.0,0.6666666666666666,2.0,6.0,0.1,0.2,0.30000000000000004,0.06666666666666667,0.2,0.6,1530.0,1348.789202205947
1956-09-09,Hong Kong,Vietnam Republic,2.0,2.0,AFC Asian Cup,False,D,3,1.0,0.0,2.0,0.0,2.5,0.0,0.2,0.2,0.2,0.0,0.25,0.0,1444.611133350415,1500.0
1956-09-12,Israel,Vietnam Republic,2.0,1.0,AFC Asian Cup,True,H,3,3.0,1.0,2.0,2.0,2.0,2.0,0.2,0.1,0.2,0.2,0.2,0.2,1485.6327535577882,1495.2574507629406
1956-09-15,South Korea,Vietnam Republic,5.0,3.0,AFC Asian Cup,True,H,3,4.0,1.0,1.0,1.5,4.75,2.0,0.5,0.30000000000000004,0.1,0.15000000000000002,0.47500000000000003,0.2,1393.1564486481589,1464.4266001239075
1957-02-10,Sudan,Egypt,1.0,2.0,African Cup of Nations,False,A,3,0.0,0.0,0.0,2.0,0.0,4.0,0.1,0.2,0.0,0.2,0.0,0.4,1500.0,1425.0
1957-02-16,Egypt,Ethiopia,4.0,0.0,African Cup of Nations,True,H,3,3.0,0.0,2.0,0.0,2.5,0.0,0.4,0.0,0.2,0.0,0.25,0.0,1461.3772694271256,1500.0
1958-06-08,Sweden,Mexico,3.0,0.0,FIFA World Cup,False,H,5,7.0,0.0,2.2,0.8,3.0,3.6,0.30000000000000004,0.0,0.22000000000000003,0.08,0.30000000000000004,0.36,1568.9040158129696,1196.3283156220882
1958-06-08,Argentina,Germany,1.0,3.0,FIFA World Cup,True,A,5,9.0,12.0,3.8,4.2,2.4,2.6,0.1,0.30000000000000004,0.38000000000000006,0.42000000000000004,0.24000000000000005,0.26,1605.3625354656206,1866.748634552781
1958-06-08,Austria,Brazil,0.0,3.0,FIFA World Cup,True,A,5,12.0,7.0,3.4,3.0,2.4,1.6,0.0,0.30000000000000004,0.34,0.3,0.24000000000000005,0.16,1719.4765119239771,1653.490573470719
1958-06-08,Czechoslovakia,Northern Ireland,0.0,1.0,FIFA World Cup,True,A,5,4.0,0.0,1.0,0.0,2.0,0.0,0.0,0.1,0.1,0.0,0.2,0.0,1450.9311018992385,1500.0
1958-06-08,England,Russia,2.0,2.0,FIFA World Cup,True,D,5,4.0,0.0,1.6,0.0,2.0,0.0,0.2,0.2,0.16,0.0,0.2,0.0,1527.0901444286048,1500.0
1958-06-08,France,Paraguay,7.0,3.0,FIFA World Cup,True,H,5,6.0,4.0,1.8,0.75,2.0,1.75,0.7000000000000001,0.30000000000000004,0.18000000000000002,0.07500000000000001,0.2,0.17500000000000002,1417.522799607081,1465.4573323123225
1958-06-08,Hungary,Wales,1.0,1.0,FIFA World Cup,True,D,5,12.0,0.0,5.4,0.0,2.0,0.0,0.1,0.1,0.54,0.0,0.2,0.0,1869.1164692387197,1500.0
1958-06-08,Scotland,Yugoslavia,1.0,1.0,FIFA World Cup,True,D,5,0.0,7.0,0.0,1.2,4.0,1.2,0.1,0.1,0.0,0.12000000000000002,0.4,0.12000000000000002,1432.4539350507307,1536.3227234969431
1958-06-11,Paraguay,Scotland,3.0,2.0,FIFA World Cup,True,H,5,4.0,1.0,1.2,0.3333333333333333,2.8,3.0,0.30000000000000004,0.2,0.12000000000000002,0.03333333333333333,0.28,0.30000000000000004,1351.7475422899329,1446.9718911149685
1958-06-11,Mexico,Wales,1.0,1.0,FIFA World Cup,True,D,5,0.0,1.0,0.8,1.0,3.4,1.0,0.1,0.1,0.08,0.1,0.34,0.1,1177.9837960530617,1539.329083860575
1958-06-11,France,Yugoslavia,2.0,3.0,FIFA World Cup,True,A,5,9.0,5.0,2.8,0.6,2.0,1.2,0.2,0.30000000000000004,0.28,0.06000000000000001,0.2,0.12000000000000002,1531.2325896294706,1521.8047674327054
1958-06-11,Argentina,Northern Ireland,3.0,1.0,FIFA World Cup,True,H,5,6.0,3.0,2.8,1.0,2.4,0.0,0.30000000000000004,0.1,0.28,0.1,0.24000000000000005,0.0,1578.10279125799,1542.9849973100565
1958-06-11,Brazil,England,0.0,0.0,FIFA World Cup,True,D,5,7.0,5.0,2.4,2.0,1.4,2.2,0.0,0.0,0.24000000000000005,0.2,0.14,0.22000000000000003,1757.4118493074907,1523.1994406876038
1958-06-11,Austria,Russia,0.0,2.0,FIFA World Cup,True,A,5,9.0,1.0,3.2,2.0,3.0,2.0,0.0,0.2,0.32,0.2,0.30000000000000004,0.2,1615.5552360872055,1503.890703741001
1958-06-11,Czechoslovakia,Germany,2.0,2.0,FIFA World Cup,True,D,5,1.0,15.0,0.4,4.2,2.2,1.2,0.2,0.2,0.04,0.42000000000000004,0.22000000000000003,0.12000000000000002,1407.946104589182,1894.0083787604115
1958-06-12,Sweden,Hungary,2.0,1.0,FIFA World Cup,False,H,5,7.0,10.0,2.2,3.8,2.6,2.2,0.2,0.1,0.22000000000000003,0.38,0.26,0.22000000000000003,1579.7159253074963,1829.7873853781446
1958-06-15,Paraguay,Yugoslavia,3.0,3.0,FIFA World Cup,True,D,5,7.0,8.0,1.8,1.2,2.6,1.2,0.30000000000000004,0.30000000000000004,0.18000000000000002,0.12000000000000002,0.26,0.12000000000000002,1415.1182950354394,1573.1612071967704
1958-06-15,Hungary,Mexico,4.0,0.0,FIFA World Cup,True,H,5,7.0,1.0,2.4,0.8,2.0,2.8,0.4,0.0,0.24000000000000005,0.08,0.2,0.28,1748.9492453538087,1216.878897161513
1958-06-15,Sweden,Wales,0.0,0.0,FIFA World Cup,False,D,5,9.0,2.0,2.2,1.0,2.4,1.0,0.0,0.0,0.22000000000000003,0.1,0.24000000000000005,0.1,1650.0630072693214,1500.433982752124
1958-06-15,Germany,Northern Ireland,2.0,2.0,FIFA World Cup,True,D,5,13.0,3.0,3.2,1.0,1.2,1.5,0.2,0.2,0.32,0.1,0.12000000000000002,0.15000000000000002,1849.751616973701,1475.540070997644
1958-06-15,Brazil,Russia,2.0,0.0,FIFA World Cup,True,H,5,8.0,4.0,2.2,2.0,1.0,1.0,0.2,0.0,0.22000000000000003,0.2,0.1,0.1,1728.0277570299647,1602.1983765543127
1958-06-15,Argentina,Czechoslovakia,1.0,6.0,FIFA World Cup,True,A,5,6.0,1.0,2.8,0.6,2.4,2.4,0.1,0.6000000000000001,0.28,0.06000000000000001,0.24000000000000005,0.24,1645.5477175704025,1452.2028663758924
1958-06-15,France,Scotland,2.0,1.0,FIFA World Cup,True,H,5,6.0,1.0,2.6,0.75,2.4,3.0,0.2,0.1,0.26,0.07500000000000001,0.24000000000000005,0.30000000000000004,1479.8761498654055,1383.601138369462
1958-06-15,Austria,England,2.0,2.0,FIFA World Cup,True,D,5,6.0,6.0,2.2,2.0,3.4,2.0,0.2,0.2,0.22000000000000003,0.2,0.34,0.2,1517.2475632738938,1552.5835329651297
1958-06-17,Czechoslovakia,Northern Ireland,1.0,2.0,FIFA World Cup,True,A,5,4.0,4.0,1.6,1.3333333333333333,2.2,1.6666666666666667,0.1,0.2,0.16,0.13333333333333333,0.22000000000000003,0.16666666666666666,1602.739808468169,1515.1455238364138
1958-06-17,England,Russia,0.0,1.0,FIFA World Cup,True,A,5,6.0,4.0,1.6,1.3333333333333333,1.6,1.3333333333333333,0.0,0.1,0.16,0.13333333333333333,0.16,0.13333333333333333,1547.515739738249,1553.232416963903
1958-06-17,Hungary,Wales,1.0,2.0,FIFA World Cup,True,A,5,7.0,3.0,2.4,0.6666666666666666,1.6,0.6666666666666666,0.1,0.2,0.24000000000000005,0.06666666666666667,0.16,0.06666666666666667,1757.8824905964639,1520.7279097141165
1958-06-19,Brazil,Wales,1.0,0.0,FIFA World Cup,True,H,5,8.0,6.0,1.6,1.0,1.0,0.75,0.1,0.0,0.16,0.1,0.1,0.07500000000000001,1776.9937166203745,1600.3878014716822
1958-06-19,France,Northern Ireland,4.0,0.0,FIFA World Cup,True,H,5,9.0,7.0,2.8,1.5,2.0,1.5,0.4,0.0,0.28,0.15000000000000002,0.2,0.15000000000000002,1516.3651210871049,1577.4908878586248
1958-06-19,Germany,Yugoslavia,1.0,0.0,FIFA World Cup,True,H,5,11.0,6.0,3.2,1.6,1.6,1.8,0.1,0.0,0.32,0.16,0.16,0.18000000000000002,1810.1461641349313,1551.8659358516004
1958-06-19,Sweden,Russia,2.0,0.0,FIFA World Cup,False,H,5,10.0,7.0,2.0,1.25,1.0,1.0,0.2,0.0,0.2,0.125,0.1,0.1,1619.2643493852747,1602.409795214018
1958-06-24,Brazil,France,5.0,2.0,FIFA World Cup,True,H,5,10.0,12.0,1.6,3.6,0.8,1.8,0.5,0.2,0.16,0.36000000000000004,0.08,0.18000000000000002,1803.5622424990165,1633.7792288345338
1958-06-24,Sweden,Germany,3.0,1.0,FIFA World Cup,False,H,5,13.0,11.0,2.0,2.2,0.4,1.4,0.30000000000000004,0.1,0.2,0.22000000000000003,0.04,0.14,1669.9492729390379,1828.5867088616512
1958-06-28,France,Germany,6.0,3.0,FIFA World Cup,True,H,5,9.0,8.0,3.4,1.8,2.4,1.6,0.6000000000000001,0.30000000000000004,0.34,0.18000000000000002,0.24000000000000005,0.16,1585.9310789710423,1721.5388201627102
1958-06-29,Sweden,Brazil,2.0,5.0,FIFA World Cup,False,A,5,13.0,13.0,2.0,2.2,0.4,0.4,0.2,0.5,0.2,0.22000000000000003,0.04,0.04,1757.4883519754035,1851.410392362508
1959-05-22,Egypt,Ethiopia,4.0,0.0,African Cup of Nations,True,H,3,6.0,0.0,2.6666666666666665,0.0,1.6666666666666667,4.0,0.4,0.0,0.26666666666666666,0.0,0.16666666666666666,0.4,1528.019838942863,1433.3574304842625
1959-05-25,Ethiopia,Sudan,0.0,1.0,African Cup of Nations,True,A,3,0.0,0.0,0.0,1.0,4.0,2.0,0.0,0.1,0.0,0.1,0.4,0.2,1389.3121908770677,1456.0495626146599
1959-05-29,Egypt,Sudan,2.0,1.0,African Cup of Nations,True,H,3,9.0,3.0,3.0,1.0,1.25,1.0,0.2,0.1,0.30000000000000004,0.1,0.125,0.1,1572.065078550058,1480.3568376866524
1960-07-06,Czechoslovakia,Russia,0.0,3.0,UEFA Euro,True,A,4,4.0,7.0,1.8,1.0,2.2,1.2,0.0,0.30000000000000004,0.18000000000000002,0.1,0.22000000000000003,0.12000000000000002,1540.394444445958,1531.0452917858504
1960-07-06,France,Yugoslavia,4.0,5.0,UEFA Euro,False,A,4,9.0,5.0,3.2,1.4,2.4,1.8,0.4,0.5,0.32,0.14,0.24000000000000005,0.18000000000000002,1705.9485147059213,1533.4253911248804
1960-07-09,France,Czechoslovakia,0.0,2.0,UEFA Euro,False,A,4,9.0,4.0,3.6,1.8,2.8,1.8,0.0,0.2,0.36000000000000004,0.18000000000000002,0.28,0.18000000000000002,1639.7398684768755,1468.5112672470686
1960-07-10,Russia,Yugoslavia,2.0,1.0,UEFA Euro,True,H,4,9.0,8.0,1.2,2.4,0.8,2.2,0.2,0.1,0.12000000000000002,0.24000000000000005,0.08,0.22000000000000003,1602.9284689847398,1591.8017365876622
1960-10-14,South Korea,Vietnam Republic,5.0,1.0,AFC Asian Cup,False,H,3,7.0,1.0,1.8,2.0,4.4,3.0,0.5,0.1,0.18,0.20000000000000004,0.44000000000000006,0.3,1447.2600541669556,1410.3229946051108
1960-10-16,Taiwan,Vietnam Republic,2.0,0.0,AFC Asian Cup,True,H,3,0.0,1.0,0.0,1.75,0.0,3.5,0.2,0.0,0.0,0.17500000000000002,0.0,0.35,1500.0,1356.6778747355247
1960-10-17,South Korea,Israel,3.0,0.0,AFC Asian Cup,False,H,3,10.0,6.0,2.8,2.0,2.8,1.6666666666666667,0.30000000000000004,0.0,0.27999999999999997,0.20000000000000004,0.28,0.16666666666666666,1484.7648053076014,1516.4636041968213
1960-10-19,Israel,Vietnam Republic,5.0,1.0,AFC Asian Cup,True,H,3,6.0,1.0,1.5,1.4,2.0,3.2,0.5,0.1,0.15000000000000002,0.14,0.2,0.32,1459.1869356067568,1329.255117874518
1960-10-21,South Korea,Taiwan,1.0,0.0,AFC Asian Cup,False,H,3,13.0,3.0,3.4,2.0,1.4,0.0,0.1,0.0,0.34,0.2,0.14,0.0,1527.0749356997208,1527.4227568610067
1960-10-23,Israel,Taiwan,1.0,0.0,AFC Asian Cup,True,H,3,9.0,3.0,2.2,1.0,1.8,0.5,0.1,0.0,0.22000000000000003,0.1,0.18000000000000002,0.05,1497.7391746103035,1497.3927235777523
1962-01-14,Ethiopia,Tunisia,4.0,2.0,African Cup of Nations,False,H,3,0.0,0.0,0.0,0.0,3.0,0.0,0.4,0.2,0.0,0.0,0.3,0.0,1365.0049158050751,1500.0
1962-01-18,Egypt,Uganda,2.0,1.0,African Cup of Nations,True,H,3,12.0,0.0,2.8,0.0,1.2,0.0,0.2,0.1,0.28,0.0,0.12000000000000002,0.0,1594.3252762983827,1500.0
1962-01-20,Tunisia,Uganda,3.0,0.0,African Cup of Nations,True,H,3,0.0,0.0,2.0,1.0,4.0,2.0,0.30000000000000004,0.0,0.2,0.1,0.4,0.2,1438.3451846705602,1477.950321270603
1962-01-21,Ethiopia,Egypt,4.0,2.0,African Cup of Nations,False,H,3,3.0,15.0,1.0,2.8,2.75,0.6,0.4,0.2,0.1,0.28,0.275,0.06000000000000001,1414.5222273177453,1616.3749550277798
1962-05-30,Argentina,Bulgaria,1.0,0.0,FIFA World Cup,True,H,5,3.0,0.0,1.8,0.0,3.4,0.0,0.1,0.0,0.18000000000000002,0.0,0.34,0.0,1495.010775478126,1500.0
1962-05-30,Brazil,Mexico,2.0,0.0,FIFA World Cup,True,H,5,13.0,1.0,2.6,0.6,0.8,3.2,0.2,0.0,0.26,0.06000000000000001,0.08,0.32,1915.8164052386708,1207.9456519188577
1962-05-30,Chile,Switzerland,3.0,1.0,FIFA World Cup,False,H,5,6.0,9.0,1.4,2.6,1.8,2.4,0.30000000000000004,0.1,0.13999999999999999,0.26,0.18000000000000002,0.24000000000000005,1506.414574421738,1494.804811787762
1962-05-30,Colombia,Uruguay,1.0,2.0,FIFA World Cup,True,A,5,0.0,9.0,0.0,3.2,0.0,1.8,0.1,0.2,0.0,0.32,0.0,0.18000000000000002,1500.0,1696.1228335516612
1962-05-31,Czechoslovakia,Spain,1.0,0.0,FIFA World Cup,True,H,5,7.0,7.0,2.2,1.4,1.6,2.2,0.1,0.0,0.22000000000000003,0.14,0.16,0.22000000000000003,1555.8991106699461,1492.2572328482538
1962-05-31,England,Hungary,1.0,2.0,FIFA World Cup,True,A,5,3.0,4.0,1.2,1.8,1.8,1.6,0.1,0.2,0.12000000000000002,0.18,0.18,0.16,1498.338361488134,1678.2225988388982
1962-05-31,Germany,Italy,0.0,0.0,FIFA World Cup,True,D,5,5.0,6.0,1.8,2.0,2.6,2.0,0.0,0.0,0.18000000000000002,0.2,0.26000000000000006,0.2,1601.5213844278314,1570.1597754360755
1962-05-31,Russia,Yugoslavia,2.0,0.0,FIFA World Cup,True,H,5,9.0,7.0,1.2,2.4,1.0,2.4,0.2,0.0,0.12000000000000002,0.24000000000000005,0.1,0.24000000000000005,1641.6478943417785,1553.0823112306234
1962-06-02,Uruguay,Yugoslavia,1.0,3.0,FIFA World Cup,True,A,5,9.0,4.0,3.2,1.8,2.0,2.4,0.1,0.30000000000000004,0.32,0.18,0.2,0.24000000000000005,1720.5578870976476,1496.7971103172686
1962-06-02,Brazil,Czechoslovakia,0.0,0.0,FIFA World Cup,True,D,5,15.0,9.0,3.0,2.0,0.8,1.2,0.0,0.0,0.3,0.2,0.08,0.12000000000000002,1918.323065784866,1596.8413883225455
1962-06-02,Argentina,England,1.0,3.0,FIFA World Cup,True,A,5,6.0,3.0,1.6,1.0,2.6,1.4,0.1,0.30000000000000004,0.16,0.1,0.26000000000000006,0.14,1545.7287332535006,1472.1363812352824
1962-06-02,Chile,Italy,2.0,0.0,FIFA World Cup,False,H,5,6.0,7.0,1.8,1.6,2.0,1.4,0.2,0.0,0.18,0.16,0.2,0.14,1558.1175832910537,1574.660855555516
1962-06-03,Bulgaria,Hungary,1.0,6.0,FIFA World Cup,True,A,5,0.0,7.0,0.0,1.8,1.0,1.2,0.1,0.6000000000000001,0.0,0.18,0.1,0.12000000000000002,1449.2820422246255,1704.4245790917498
1962-06-03,Colombia,Russia,4.0,4.0,FIFA World Cup,True,D,5,0.0,12.0,1.0,1.6,2.0,0.6,0.4,0.4,0.1,0.16,0.2,0.06000000000000001,1475.5649464540136,1697.9330952551334
1962-06-03,Germany,Switzerland,2.0,1.0,FIFA World Cup,True,H,5,5.0,6.0,1.4,2.4,2.2,2.8,0.2,0.1,0.14,0.24,0.22000000000000003,0.28,1597.020304308391,1422.3100481297906
1962-06-03,Mexico,Spain,0.0,1.0,FIFA World Cup,True,A,5,1.0,4.0,0.6,1.0,2.6,2.4,0.0,0.1,0.06000000000000001,0.1,0.26,0.24000000000000005,1205.4389913726625,1451.3149551956544
1962-06-06,Chile,Germany,0.0,2.0,FIFA World Cup,False,A,5,9.0,7.0,2.0,1.4,1.4,2.0,0.0,0.2,0.2,0.14,0.14,0.20000000000000004,1615.4406841323098,1623.8022688868414
1962-06-06,Russia,Uruguay,2.0,1.0,FIFA World Cup,True,H,5,10.0,6.0,2.2,2.0,1.4,2.6,0.2,0.1,0.22000000000000003,0.2,0.14,0.26,1669.6871990832985,1602.9848219194623
1962-06-06,Argentina,Hungary,0.0,0.0,FIFA World Cup,True,D,5,6.0,9.0,1.4,2.8,2.6,1.2,0.0,0.0,0.14,0.28,0.26000000000000006,0.12000000000000002,1455.0759422482058,1741.8520737016268
1962-06-06,Brazil,Spain,2.0,1.0,FIFA World Cup,True,H,5,13.0,4.0,2.6,1.0,0.8,2.4,0.2,0.1,0.26,0.1,0.08,0.24000000000000005,1881.903344077794,1470.8537084386455
1962-06-07,Bulgaria,England,0.0,0.0,FIFA World Cup,True,D,5,0.0,5.0,0.5,1.2,3.5,1.2,0.0,0.0,0.05,0.12000000000000002,0.35000000000000003,0.12000000000000002,1411.8545476147488,1562.7891722405773
1962-06-07,Colombia,Yugoslavia,0.0,5.0,FIFA World Cup,True,A,5,1.0,6.0,2.5,1.8,3.0,2.0,0.0,0.5,0.25,0.18,0.30000000000000004,0.2,1503.8108426258484,1614.3701754954536
1962-06-07,Czechoslovakia,Mexico,1.0,3.0,FIFA World Cup,True,A,5,7.0,1.0,0.8,0.2,1.0,2.2,0.1,0.30000000000000004,0.08,0.02,0.1,0.22000000000000003,1633.2611100296176,1185.9002381296714
1962-06-07,Italy,Switzerland,3.0,0.0,FIFA World Cup,True,H,5,4.0,3.0,1.2,2.2,1.8,3.0,0.30000000000000004,0.0,0.12000000000000002,0.22000000000000003,0.18,0.30000000000000004,1496.092399591568,1395.5280835513402
1962-06-10,Czechoslovakia,Hungary,1.0,0.0,FIFA World Cup,True,H,5,7.0,10.0,0.8,2.6,1.2,0.8,0.1,0.0,0.08,0.26,0.12000000000000002,0.08,1493.873699629017,1707.9519417056326
1962-06-10,Germany,Yugoslavia,0.0,1.0,FIFA World Cup,True,A,5,7.0,9.0,1.6,2.8,2.0,1.8,0.0,0.1,0.16,0.28,0.20000000000000004,0.18,1696.997624126772,1683.580942347133
1962-06-10,Brazil,England,3.0,1.0,FIFA World Cup,True,H,5,13.0,5.0,2.8,1.2,1.0,1.2,0.30000000000000004,0.1,0.27999999999999997,0.12000000000000002,0.1,0.12000000000000002,1890.4820769959383,1542.3385467224036
1962-06-10,Chile,Russia,2.0,1.0,FIFA World Cup,False,H,5,9.0,13.0,2.0,2.6,1.4,1.2,0.2,0.1,0.2,0.26,0.14,0.12000000000000002,1521.1052490311185,1710.2041790797628
1962-06-13,Czechoslovakia,Yugoslavia,3.0,1.0,FIFA World Cup,True,H,5,10.0,9.0,1.0,2.0,0.6,1.0,0.30000000000000004,0.1,0.1,0.2,0.06000000000000001,0.1,1571.2963713084366,1735.5107988788916
1962-06-13,Chile,Brazil,2.0,4.0,FIFA World Cup,False,A,5,12.0,13.0,2.4,2.4,1.2,0.8,0.2,0.4,0.24000000000000005,0.24000000000000005,0.12000000000000002,0.08,1583.6537297540422,1908.2984334474777
1962-06-16,Chile,Yugoslavia,1.0,0.0,FIFA World Cup,False,H,5,9.0,9.0,1.8,2.0,1.6,1.2,0.1,0.0,0.18000000000000002,0.2,0.16,0.12000000000000002,1551.3559367395894,1627.4856249538243
1962-06-17,Brazil,Czechoslovakia,3.0,1.0,FIFA World Cup,True,H,5,13.0,10.0,2.2,1.2,0.8,0.8,0.30000000000000004,0.1,0.22000000000000003,0.12000000000000002,0.08,0.08,1928.3504392308341,1679.321545233504
1963-11-24,Egypt,Nigeria,6.0,3.0,African Cup of Nations,True,H,3,12.0,0.0,2.8,0.0,1.2,0.0,0.6000000000000001,0.30000000000000004,0.28,0.0,0.12000000000000002,0.0,1547.8230118129031,1500.0
1963-11-24,Ghana,Tunisia,1.0,1.0,African Cup of Nations,False,D,3,0.0,3.0,0.0,2.5,0.0,2.0,0.1,0.1,0.0,0.25,0.0,0.2,1500.0,1496.8040158178799
1963-11-26,Egypt,Sudan,2.0,2.0,African Cup of Nations,True,D,3,12.0,3.0,3.2,1.0,1.8,1.3333333333333333,0.2,0.2,0.32,0.10000000000000002,0.18000000000000002,0.13333333333333333,1593.1419076421366,1458.0966399383276
1963-11-26,Ghana,Ethiopia,2.0,0.0,African Cup of Nations,False,H,3,1.0,6.0,1.0,1.6,1.0,2.6,0.2,0.0,0.1,0.16,0.1,0.26,1491.3424529500096,1472.3488806107762
1963-11-28,Ethiopia,Tunisia,4.0,2.0,African Cup of Nations,True,H,3,6.0,4.0,1.6,2.0,2.2,1.6666666666666667,0.4,0.2,0.16,0.20000000000000004,0.22000000000000003,0.16666666666666666,1429.8064881520147,1497.0799714919256
1963-11-28,Nigeria,Sudan,0.0,4.0,African Cup of Nations,True,A,3,0.0,4.0,3.0,1.25,6.0,1.5,0.0,0.4,0.30000000000000004,0.125,0.6000000000000001,0.15000000000000002,1454.6811041707665,1469.203589593279
1963-11-30,Egypt,Ethiopia,3.0,0.0,African Cup of Nations,True,H,3,10.0,9.0,2.8,2.4,2.2,1.8,0.30000000000000004,0.0,0.28,0.24000000000000005,0.22000000000000003,0.18,1582.0349579871852,1483.4124929970856
1963-12-01,Ghana,Sudan,3.0,0.0,African Cup of Nations,False,H,3,4.0,7.0,1.5,1.8,0.5,1.2,0.30000000000000004,0.0,0.15000000000000002,0.18,0.05,0.12000000000000002,1521.5059768931822,1526.6971047851757
1964-05-26,Israel,Hong Kong,1.0,0.0,AFC Asian Cup,False,H,3,9.0,2.0,1.8,2.0,1.4,2.3333333333333335,0.1,0.0,0.18,0.20000000000000004,0.14,0.23333333333333336,1527.709259633356,1440.7801290892571
1964-05-27,India,South Korea,2.0,0.0,AFC Asian Cup,True,H,3,0.0,15.0,0.0,3.2,0.0,1.0,0.2,0.0,0.0,0.32,0.0,0.1,1500.0,1548.698719962264
1964-05-29,Israel,India,2.0,0.0,AFC Asian Cup,False,H,3,12.0,3.0,1.8,2.0,1.0,0.0,0.2,0.0,0.18,0.2,0.1,0.0,1542.9645078097649,1551.2664935535686
1964-05-30,Hong Kong,South Korea,0.0,1.0,AFC Asian Cup,True,A,3,2.0,12.0,1.5,2.8,2.0,1.2,0.0,0.1,0.15000000000000002,0.28,0.2,0.12000000000000002,1418.1333894039672,1497.4322264086954
1964-06-02,Hong Kong,India,1.0,3.0,AFC Asian Cup,True,A,3,2.0,3.0,1.2,1.0,1.8,1.0,0.1,0.30000000000000004,0.12000000000000002,0.1,0.18000000000000002,0.1,1394.8641289695906,1505.1914215484019
1964-06-03,Israel,South Korea,2.0,1.0,AFC Asian Cup,False,H,3,12.0,12.0,1.8,2.0,0.8,0.6,0.2,0.1,0.18,0.2,0.08,0.06000000000000001,1576.3560408328824,1520.701486843072
1964-06-17,Denmark,Russia,0.0,3.0,UEFA Euro,True,A,4,0.0,10.0,0.0,2.2,0.0,1.6,0.0,0.30000000000000004,0.0,0.22000000000000003,0.0,0.16,1500.0,1635.393491858592
1964-06-17,Spain,Hungary,2.0,1.0,UEFA Euro,False,H,4,3.0,7.0,0.8,1.8,2.4,1.0,0.2,0.1,0.08,0.18000000000000002,0.24000000000000005,0.1,1462.2749755205011,1630.529270026213
1964-06-20,Hungary,Denmark,3.0,1.0,UEFA Euro,True,H,4,7.0,0.0,1.8,0.0,1.0,3.0,0.30000000000000004,0.1,0.18000000000000002,0.0,0.1,0.30000000000000004,1572.5428457762555,1455.9767354809617
1964-06-21,Spain,Russia,2.0,1.0,UEFA Euro,False,H,4,6.0,10.0,1.0,2.4,1.4,1.4,0.2,0.1,0.1,0.24000000000000005,0.14,0.14,1510.0334886802368,1679.4167563776302
1965-11-12,Tunisia,Ethiopia,4.0,0.0,African Cup of Nations,False,H,3,4.0,9.0,2.0,2.4,2.25,2.2,0.4,0.0,0.2,0.24000000000000005,0.225,0.22000000000000003,1443.4739666468547,1445.4272848502749
1965-11-12,DR Congo,Ghana,2.0,5.0,African Cup of Nations,True,A,3,0.0,7.0,0.0,2.0,0.0,0.3333333333333333,0.2,0.5,0.0,0.20000000000000004,0.0,0.03333333333333333,1500.0,1560.0249970745908
1965-11-14,DR Congo,Ivory Coast,0.0,3.0,African Cup of Nations,True,A,3,0.0,0.0,2.0,0.0,5.0,0.0,0.0,0.30000000000000004,0.2,0.0,0.5,0.0,1456.4810280052782,1500.0
1965-11-14,Tunisia,Senegal,0.0,0.0,African Cup of Nations,False,D,3,7.0,0.0,2.4,0.0,1.8,0.0,0.0,0.0,0.24000000000000005,0.0,0.18,0.0,1486.9775089029345,1500.0
1965-11-19,Ethiopia,Senegal,1.0,5.0,African Cup of Nations,True,A,3,6.0,1.0,1.6,0.0,2.6,0.0,0.1,0.5,0.16,0.0,0.26,0.0,1385.0899623010207,1498.876074007873
1965-11-19,Ghana,Ivory Coast,4.0,1.0,African Cup of Nations,True,H,3,10.0,3.0,2.75,3.0,0.75,0.0,0.4,0.1,0.275,0.30000000000000004,0.07500000000000001,0.0,1603.5439690693127,1545.9581493350472
1965-11-21,Tunisia,Ghana,2.0,3.0,African Cup of Nations,False,A,3,8.0,13.0,2.0,3.0,1.0,0.8,0.2,0.30000000000000004,0.2,0.3,0.1,0.08,1479.6203223652863,1647.4211564804434
1965-11-21,Ivory Coast,Senegal,1.0,0.0,African Cup of Nations,True,H,3,3.0,4.0,2.0,2.5,2.0,0.5,0.1,0.0,0.2,0.25,0.2,0.05,1502.0809619239164,1539.8995673960308
1966-07-11,England,Uruguay,0.0,0.0,FIFA World Cup,False,D,5,4.0,3.0,1.0,1.4,1.4,2.6,0.0,0.0,0.1,0.14,0.14,0.26,1524.5221902708643,1562.467841922998
1966-07-12,Brazil,Bulgaria,2.0,0.0,FIFA World Cup,True,H,5,13.0,1.0,2.4,0.3333333333333333,1.0,2.3333333333333335,0.2,0.0,0.24000000000000005,0.03333333333333333,0.1,0.23333333333333336,1957.2329328363212,1432.3051731329224
1966-07-12,Germany,Switzerland,5.0,0.0,FIFA World Cup,True,H,5,7.0,3.0,1.4,2.2,1.6,3.2,0.5,0.0,0.14,0.22000000000000003,0.16,0.32,1645.0677675950135,1332.6703665690975
1966-07-12,North Korea,Russia,0.0,3.0,FIFA World Cup,True,A,5,0.0,7.0,0.0,2.2,0.0,1.8,0.0,0.30000000000000004,0.0,0.22000000000000003,0.0,0.18,1500.0,1621.326786770807
1966-07-13,France,Mexico,1.0,1.0,FIFA World Cup,True,D,5,6.0,4.0,3.2,0.8,3.0,1.8,0.1,0.1,0.32,0.08,0.3,0.18,1540.5547923914387,1325.287648530272
1966-07-13,Hungary,Portugal,1.0,3.0,FIFA World Cup,True,A,5,7.0,0.0,2.0,0.0,1.0,0.0,0.1,0.30000000000000004,0.20000000000000004,0.0,0.1,0.0,1613.1353734961401,1500.0
1966-07-13,Argentina,Spain,2.0,1.0,FIFA World Cup,True,H,5,7.0,9.0,1.2,1.2,2.0,1.0,0.2,0.1,0.12000000000000002,0.12000000000000002,0.20000000000000004,0.1,1488.9760742442,1557.9170104809932
1966-07-13,Chile,Italy,0.0,2.0,FIFA World Cup,True,A,5,9.0,7.0,1.4,1.6,1.4,1.4,0.0,0.2,0.14,0.16,0.14,0.14,1597.926117603667,1558.9501165738106
1966-07-15,Brazil,Hungary,1.0,3.0,FIFA World Cup,True,A,5,15.0,4.0,2.8,1.0,1.0,1.4,0.1,0.30000000000000004,0.28,0.1,0.1,0.14,1964.2010195844548,1514.541236631489
1966-07-15,Chile,North Korea,1.0,1.0,FIFA World Cup,True,D,5,6.0,0.0,1.0,0.0,1.8,3.0,0.1,0.1,0.1,0.0,0.18,0.30000000000000004,1514.5475893372288,1441.8712734056728
1966-07-15,France,Uruguay,1.0,2.0,FIFA World Cup,True,A,5,4.0,4.0,2.6,1.0,3.2,1.8,0.1,0.2,0.26,0.1,0.32,0.18000000000000002,1513.0127146490906,1557.0286331873262
1966-07-15,Spain,Switzerland,2.0,1.0,FIFA World Cup,True,H,5,9.0,0.0,1.4,1.4,1.2,4.0,0.2,0.1,0.14,0.13999999999999999,0.12000000000000002,0.4,1498.123807508997,1304.2588378309981
1966-07-16,Argentina,Germany,0.0,0.0,FIFA World Cup,True,D,5,7.0,10.0,1.0,1.8,2.0,0.4,0.0,0.0,0.1,0.18,0.20000000000000004,0.04,1548.769277216196,1673.4792963331129
1966-07-16,Bulgaria,Portugal,0.0,3.0,FIFA World Cup,True,A,5,1.0,3.0,0.25,3.0,2.25,1.0,0.0,0.30000000000000004,0.025,0.30000000000000004,0.22500000000000003,0.1,1425.3370863847888,1598.594136864651
1966-07-16,England,Mexico,2.0,0.0,FIFA World Cup,False,H,5,5.0,4.0,1.0,0.8,1.2,1.8,0.2,0.0,0.1,0.08,0.12000000000000002,0.18,1515.6856158115381,1352.82972627262
1966-07-16,Italy,Russia,0.0,1.0,FIFA World Cup,True,A,5,7.0,9.0,1.2,2.0,1.2,1.0,0.0,0.1,0.12000000000000002,0.2,0.12000000000000002,0.1,1642.328644840249,1679.4555133651343
1966-07-19,Italy,North Korea,0.0,1.0,FIFA World Cup,True,A,5,7.0,1.0,1.0,0.5,0.6,2.0,0.0,0.1,0.1,0.05,0.06000000000000001,0.2,1597.651385997066,1452.1803121746186
1966-07-19,Mexico,Uruguay,0.0,0.0,FIFA World Cup,True,D,5,4.0,7.0,0.8,1.2,1.4,1.4,0.0,0.0,0.08,0.12000000000000002,0.14,0.14,1310.6180922293822,1600.7279058802687
1966-07-19,Argentina,Switzerland,2.0,0.0,FIFA World Cup,True,H,5,8.0,0.0,0.8,0.6,0.8,3.0,0.2,0.0,0.08,0.06000000000000001,0.08,0.3,1565.983467024321,1279.5830009368815
1966-07-19,Brazil,Portugal,1.0,3.0,FIFA World Cup,True,A,5,12.0,6.0,2.6,3.0,1.4,0.5,0.1,0.30000000000000004,0.26,0.30000000000000004,0.14,0.05,1824.6838419076269,1645.7501975635753
1966-07-20,Bulgaria,Hungary,1.0,3.0,FIFA World Cup,True,A,5,1.0,6.0,0.2,1.6,2.4,1.6,0.1,0.30000000000000004,0.02,0.16,0.24000000000000005,0.16,1378.1810256858646,1654.058414308317
1966-07-20,Chile,Russia,1.0,2.0,FIFA World Cup,True,A,5,7.0,9.0,1.2,1.8,1.6,0.8,0.1,0.2,0.12000000000000002,0.18000000000000002,0.16,0.08,1504.238550568283,1724.1327722083172
1966-07-20,England,France,2.0,0.0,FIFA World Cup,False,H,5,8.0,4.0,1.2,2.4,0.8,2.6,0.2,0.0,0.12000000000000002,0.24000000000000005,0.08,0.26,1542.7571433087035,1469.3134419561482
1966-07-20,Germany,Spain,2.0,1.0,FIFA World Cup,True,H,5,10.0,9.0,1.8,1.6,0.4,1.4,0.2,0.1,0.18,0.16,0.04,0.14,1656.265106524988,1522.7996444031137
1966-07-23,England,Argentina,1.0,0.0,FIFA World Cup,False,H,5,8.0,8.0,1.0,1.0,0.6,0.8,0.1,0.0,0.1,0.1,0.06000000000000001,0.08,1583.1449055317873,1590.1771171928385
1966-07-23,Germany,Uruguay,4.0,0.0,FIFA World Cup,True,H,5,10.0,5.0,1.8,0.8,0.4,1.2,0.4,0.0,0.18,0.08,0.04,0.12000000000000002,1687.9500420262311,1566.5702393614886
1966-07-23,Hungary,Russia,1.0,2.0,FIFA World Cup,True,A,5,9.0,12.0,2.2,2.0,1.6,0.6,0.1,0.2,0.22000000000000003,0.2,0.16,0.06000000000000001,1679.506588395864,1746.130258051802
1966-07-23,North Korea,Portugal,3.0,5.0,FIFA World Cup,True,A,5,4.0,9.0,0.6666666666666666,3.0,1.3333333333333333,0.6666666666666666,0.30000000000000004,0.5,0.06666666666666667,0.30000000000000004,0.13333333333333333,0.06666666666666667,1521.9720215490875,1756.288304740754
1966-07-25,Germany,Russia,2.0,1.0,FIFA World Cup,True,H,5,10.0,12.0,2.2,1.8,0.4,0.8,0.2,0.1,0.22000000000000003,0.18000000000000002,0.04,0.08,1754.3693332503558,1786.658157996724
1966-07-26,England,Portugal,2.0,1.0,FIFA World Cup,False,H,5,10.0,12.0,1.2,3.5,0.6,1.25,0.2,0.1,0.12000000000000002,0.35000000000000003,0.06000000000000001,0.125,1620.0761955062221,1787.1974900496652
1966-07-28,Portugal,Russia,2.0,1.0,FIFA World Cup,True,H,5,12.0,12.0,3.0,1.8,1.4,0.8,0.2,0.1,0.30000000000000004,0.18000000000000002,0.14,0.08,1714.8447339019508,1732.0247542672391
1966-07-30,England,Germany,4.0,2.0,FIFA World Cup,False,H,5,13.0,13.0,1.4,2.6,0.2,0.4,0.4,0.2,0.14,0.26,0.02,0.04,1679.6173206613366,1809.0027369798406
1968-01-12,Algeria,Ivory Coast,0.0,3.0,African Cup of Nations,True,A,3,0.0,6.0,0.0,1.6666666666666667,0.0,1.3333333333333333,0.0,0.30000000000000004,0.0,0.16666666666666666,0.0,0.13333333333333333,1500.0,1535.3336465050875
1968-01-12,Congo,DR Congo,0.0,3.0,African Cup of Nations,True,A,3,0.0,0.0,0.0,1.0,0.0,4.0,0.0,0.30000000000000004,0.0,0.1,0.0,0.4,1500.0,1410.522878670231
1968-01-12,Ethiopia,Uganda,2.0,1.0,African Cup of Nations,False,H,3,3.0,0.0,1.0,0.5,3.2,2.5,0.2,0.1,0.1,0.05,0.32,0.25,1344.066468912863,1419.4914901232833
1968-01-12,Ghana,Senegal,2.0,2.0,African Cup of Nations,True,D,3,15.0,4.0,3.4,1.6666666666666667,1.0,0.6666666666666666,0.2,0.2,0.34,0.16666666666666666,0.1,0.06666666666666667,1663.9625946212698,1506.6468828148597
1968-01-14,Algeria,Uganda,4.0,0.0,African Cup of Nations,True,H,3,0.0,0.0,0.0,0.6666666666666666,3.0,2.3333333333333335,0.4,0.0,0.0,0.06666666666666667,0.30000000000000004,0.23333333333333336,1452.8208354442997,1383.079188924147
1968-01-14,Congo,Senegal,1.0,2.0,African Cup of Nations,True,A,3,0.0,5.0,0.0,1.75,3.0,1.0,0.1,0.2,0.0,0.175,0.30000000000000004,0.1,1434.2705619532483,1519.3725984048117
1968-01-14,DR Congo,Ghana,1.0,2.0,African Cup of Nations,True,A,3,3.0,13.0,1.6666666666666667,3.4,2.6666666666666665,1.4,0.1,0.2,0.16666666666666666,0.34,0.26666666666666666,0.14,1476.2523167169827,1651.2368790313178
1968-01-14,Ethiopia,Ivory Coast,1.0,0.0,African Cup of Nations,False,H,3,6.0,9.0,1.4,2.0,3.0,1.0,0.1,0.0,0.14,0.2,0.3,0.1,1371.9480264063077,1582.5128110607877
1968-01-16,Ivory Coast,Uganda,2.0,1.0,African Cup of Nations,True,H,3,9.0,0.0,1.6,0.5,1.0,2.75,0.2,0.1,0.16,0.05,0.1,0.275,1536.272504132561,1334.9639453137208
1968-01-16,Ethiopia,Algeria,3.0,1.0,African Cup of Nations,False,H,3,6.0,3.0,0.8,2.0,2.6,1.5,0.30000000000000004,0.1,0.08,0.2,0.26,0.15000000000000002,1411.1852224681595,1500.9360790547262
1968-01-16,Congo,Ghana,1.0,3.0,African Cup of Nations,True,A,3,0.0,13.0,0.5,3.2,2.5,1.6,0.1,0.30000000000000004,0.05,0.32,0.25,0.16,1411.4753464552286,1667.2874864191613
1968-01-16,DR Congo,Senegal,2.0,1.0,African Cup of Nations,True,H,3,3.0,8.0,1.5,1.8,2.5,1.0,0.2,0.1,0.15000000000000002,0.18,0.25,0.1,1460.2017093291392,1542.1678139028313
1968-01-19,Ethiopia,DR Congo,2.0,3.0,African Cup of Nations,False,A,3,9.0,6.0,1.4,1.6,2.2,2.2,0.2,0.30000000000000004,0.14,0.16,0.22000000000000003,0.22000000000000003,1454.8581341243028,1497.1507859167755
1968-01-19,Ghana,Ivory Coast,4.0,3.0,African Cup of Nations,True,H,3,13.0,9.0,2.8,1.4,1.4,1.2,0.4,0.30000000000000004,0.28,0.14,0.14,0.12000000000000002,1684.0771518393792,1550.6053530301842
1968-01-21,DR Congo,Ghana,1.0,0.0,African Cup of Nations,True,H,3,9.0,13.0,1.8,2.8,1.6,1.8,0.1,0.0,0.18000000000000002,0.28,0.16,0.18000000000000002,1523.5168758504863,1703.0876394049483
1968-01-21,Ethiopia,Ivory Coast,0.0,1.0,African Cup of Nations,False,A,3,9.0,9.0,1.8,1.8,2.0,1.2,0.0,0.1,0.18000000000000002,0.18000000000000002,0.2,0.12000000000000002,1419.9206026968277,1531.5948654646152
1968-05-10,Iran,Hong Kong,2.0,0.0,AFC Asian Cup,False,H,3,0.0,2.0,0.0,1.0,0.0,1.8,0.2,0.0,0.0,0.1,0.0,0.18000000000000002,1500.0,1363.6920733864652
1968-05-11,Myanmar,Taiwan,1.0,1.0,AFC Asian Cup,True,D,3,0.0,3.0,0.0,0.6666666666666666,0.0,0.6666666666666666,0.1,0.1,0.0,0.06666666666666667,0.0,0.06666666666666667,1500.0,1467.4226385547
1968-05-12,Hong Kong,Israel,1.0,6.0,AFC Asian Cup,True,A,3,1.0,15.0,0.6,2.2,1.8,0.4,0.1,0.6000000000000001,0.06000000000000001,0.22000000000000003,0.18000000000000002,0.04,1335.4934310401886,1593.7481897758985
1968-05-13,Iran,Taiwan,4.0,0.0,AFC Asian Cup,False,H,3,3.0,4.0,2.0,0.75,0.0,0.75,0.4,0.0,0.2,0.07500000000000001,0.0,0.07500000000000001,1518.3772719577114,1470.2273791992432
1968-05-14,Myanmar,Israel,1.0,0.0,AFC Asian Cup,True,H,3,1.0,15.0,1.0,2.4,1.0,0.4,0.1,0.0,0.1,0.24000000000000005,0.1,0.04,1497.1952593554568,1615.8794896703043
1968-05-15,Hong Kong,Taiwan,1.0,1.0,AFC Asian Cup,True,D,3,0.0,4.0,0.4,0.6,2.6,1.4,0.1,0.1,0.04,0.06000000000000001,0.26000000000000006,0.14,1313.3621311457828,1418.489742428023
1968-05-16,Iran,Myanmar,3.0,1.0,AFC Asian Cup,False,H,3,6.0,4.0,3.0,1.0,0.0,0.5,0.30000000000000004,0.1,0.30000000000000004,0.1,0.0,0.05,1554.2382845962113,1537.0624291750566
1968-05-17,Israel,Taiwan,4.0,1.0,AFC Asian Cup,True,H,3,12.0,2.0,2.2,0.4,0.6,1.6,0.4,0.1,0.22000000000000003,0.04,0.06000000000000001,0.16,1576.0123198507044,1409.6795422684238
1968-05-18,Myanmar,Hong Kong,2.0,0.0,AFC Asian Cup,True,H,3,4.0,1.0,1.0,0.6,1.3333333333333333,2.6,0.2,0.0,0.10000000000000002,0.06000000000000001,0.13333333333333333,0.26000000000000006,1494.2852425341523,1322.172331305382
1968-05-19,Iran,Israel,2.0,1.0,AFC Asian Cup,False,H,3,9.0,12.0,3.0,2.8,0.3333333333333333,0.8,0.2,0.1,0.30000000000000004,0.28,0.03333333333333333,0.08,1584.6120088371238,1605.1373598839164
1968-06-05,England,Yugoslavia,0.0,1.0,UEFA Euro,True,A,4,15.0,9.0,2.2,2.0,0.6,1.0,0.0,0.1,0.22000000000000003,0.2,0.06000000000000001,0.1,1760.9455902366647,1566.7017216517
1968-06-05,Italy,Russia,0.0,0.0,UEFA Euro,False,D,4,6.0,9.0,1.0,1.4,0.8,1.2,0.0,0.0,0.1,0.14,0.08,0.12000000000000002,1527.8596766225971,1679.5543637252
1968-06-08,England,Russia,2.0,0.0,UEFA Euro,True,H,4,12.0,7.0,1.8,1.2,0.8,1.2,0.2,0.0,0.18,0.12000000000000002,0.08,0.12000000000000002,1700.6538455559066,1663.1210620315237
1968-06-08,Italy,Yugoslavia,1.0,1.0,UEFA Euro,False,D,4,7.0,9.0,1.0,1.6,0.4,0.8,0.1,0.1,0.1,0.16,0.04,0.08,1533.7677137665198,1626.993466332458
1968-06-10,Italy,Yugoslavia,2.0,0.0,UEFA Euro,False,H,4,5.0,7.0,0.6,0.8,0.6,1.0,0.2,0.0,0.06000000000000001,0.08,0.06000000000000001,0.1,1532.9878985259209,1616.5108334032882
1970-02-06,Cameroon,Ivory Coast,3.0,2.0,African Cup of Nations,True,H,3,0.0,9.0,0.0,1.8,0.0,1.2,0.30000000000000004,0.2,0.0,0.18000000000000002,0.0,0.12000000000000002,1500.0,1552.2710372972917
1970-02-06,Sudan,Ethiopia,3.0,0.0,African Cup of Nations,False,H,3,7.0,9.0,1.6,1.6,1.4,1.2,0.30000000000000004,0.0,0.16,0.16,0.14,0.12000000000000002,1473.412746627337,1390.928260374165
1970-02-07,DR Congo,Ghana,0.0,2.0,African Cup of Nations,True,A,3,12.0,10.0,2.0,2.2,1.0,1.6,0.0,0.2,0.2,0.22000000000000003,0.1,0.16,1567.774743032826,1658.8297722226084
1970-02-07,Egypt,Guinea,4.0,1.0,African Cup of Nations,True,H,3,10.0,0.0,3.0,0.0,2.0,0.0,0.4,0.1,0.30000000000000004,0.0,0.2,0.0,1620.0201661339959,1500.0
1970-02-08,Sudan,Ivory Coast,0.0,1.0,African Cup of Nations,False,A,3,7.0,6.0,2.0,1.6,1.4,1.8,0.0,0.1,0.2,0.16,0.14,0.18000000000000002,1500.622004612503,1517.7913410073502
1970-02-08,Cameroon,Ethiopia,3.0,2.0,African Cup of Nations,True,H,3,3.0,6.0,3.0,1.2,2.0,1.6,0.30000000000000004,0.2,0.30000000000000004,0.12000000000000002,0.2,0.16,1534.4796962899413,1350.663247040059
1970-02-09,DR Congo,Guinea,2.0,2.0,African Cup of Nations,True,D,3,9.0,0.0,1.4,1.0,1.4,4.0,0.2,0.2,0.14,0.1,0.14,0.4,1534.3054352433514,1464.9473503317104
1970-02-09,Egypt,Ghana,1.0,1.0,African Cup of Nations,True,D,3,10.0,12.0,3.4,2.2,2.0,1.2,0.1,0.1,0.34,0.22000000000000003,0.2,0.12000000000000002,1655.0728158022855,1692.299080012083
1970-02-10,Ethiopia,Ivory Coast,1.0,6.0,African Cup of Nations,True,A,3,3.0,9.0,1.4,1.8,2.2,1.6,0.1,0.6000000000000001,0.14,0.18000000000000002,0.22000000000000003,0.16,1335.2032576105169,1546.3100269596769
1970-02-10,Sudan,Cameroon,2.0,1.0,African Cup of Nations,False,H,3,7.0,6.0,1.8,3.0,1.2,2.0,0.2,0.1,0.18000000000000002,0.30000000000000004,0.12000000000000002,0.2,1463.6023223085397,1549.9396857194836
1970-02-11,DR Congo,Egypt,0.0,1.0,African Cup of Nations,True,A,3,10.0,11.0,1.6,3.2,1.4,1.4,0.0,0.1,0.16,0.32,0.14,0.14,1528.3948839152213,1658.2749454886307
1970-02-11,Ghana,Guinea,1.0,1.0,African Cup of Nations,True,D,3,10.0,1.0,2.0,1.5,1.2,3.0,0.1,0.1,0.2,0.15000000000000002,0.12000000000000002,0.30000000000000004,1689.096950325738,1470.8579016598405
1970-02-14,Sudan,Egypt,2.0,1.0,African Cup of Nations,False,H,3,9.0,11.0,1.8,2.2,1.0,0.8,0.2,0.1,0.18000000000000002,0.22000000000000003,0.1,0.08,1492.423203165253,1677.554963138835
1970-02-14,Ghana,Ivory Coast,2.0,1.0,African Cup of Nations,True,H,3,8.0,9.0,1.6,2.6,1.2,1.6,0.2,0.1,0.16,0.26000000000000006,0.12000000000000002,0.16,1672.393795137565,1573.763300543455
1970-02-16,Egypt,Ivory Coast,3.0,1.0,African Cup of Nations,True,H,3,10.0,9.0,2.0,2.2,0.8,1.2,0.30000000000000004,0.1,0.2,0.22000000000000003,0.08,0.12000000000000002,1632.9282176216952,1552.058107648235
1970-02-16,Sudan,Ghana,1.0,0.0,African Cup of Nations,False,H,3,9.0,8.0,1.4,1.2,1.2,0.8,0.1,0.0,0.14,0.12000000000000002,0.12000000000000002,0.08,1529.6304061237734,1694.098988032785
1970-05-31,Mexico,Russia,0.0,0.0,FIFA World Cup,False,D,5,5.0,4.0,0.8,0.8,1.0,1.4,0.0,0.0,0.08,0.08,0.1,0.14,1344.7757587481624,1609.577647400235
1970-06-02,Bulgaria,Peru,2.0,3.0,FIFA World Cup,True,A,5,1.0,0.0,0.4,0.5,2.8,2.0,0.2,0.30000000000000004,0.04,0.05,0.28,0.2,1352.7328515983177,1385.6287823785428
1970-06-02,England,Romania,1.0,0.0,FIFA World Cup,True,H,5,12.0,4.0,1.8,1.6,0.8,2.4,0.1,0.0,0.18,0.16,0.08,0.24000000000000005,1754.1972601871953,1387.0283580397934
1970-06-02,Israel,Uruguay,0.0,2.0,FIFA World Cup,True,A,5,9.0,5.0,2.6,0.6,1.2,1.4,0.0,0.2,0.26,0.06000000000000001,0.12000000000000002,0.14,1573.3671175452203,1500.150948137364
1970-06-03,Italy,Sweden,1.0,0.0,FIFA World Cup,True,H,5,5.0,10.0,0.6,1.8,0.6,1.4,0.1,0.0,0.06000000000000001,0.18000000000000002,0.06000000000000001,0.13999999999999999,1590.1445415430744,1668.4578028795659
1970-06-03,Germany,Morocco,2.0,1.0,FIFA World Cup,True,H,5,10.0,0.0,2.0,0.0,1.2,0.0,0.2,0.1,0.2,0.0,0.12000000000000002,0.0,1707.2959721145733,1500.0
1970-06-03,Brazil,Czechoslovakia,4.0,1.0,FIFA World Cup,True,H,5,9.0,7.0,2.2,1.2,1.8,1.4,0.4,0.1,0.22000000000000003,0.12000000000000002,0.18000000000000002,0.14,1714.145734730448,1650.4390516280168
1970-06-03,Belgium,El Salvador,3.0,0.0,FIFA World Cup,True,H,5,1.0,0.0,1.6,0.0,3.4,0.0,0.30000000000000004,0.0,0.16,0.0,0.34,0.0,1273.2374385722323,1500.0
1970-06-06,Belgium,Russia,1.0,4.0,FIFA World Cup,True,A,5,4.0,2.0,2.2,0.4,3.2,1.2,0.1,0.4,0.22000000000000003,0.04,0.32,0.12000000000000002,1410.9158958522312,1577.4602408523785
1970-06-06,Czechoslovakia,Romania,1.0,2.0,FIFA World Cup,True,A,5,6.0,1.0,1.4,1.0,2.2,2.4,0.1,0.2,0.14,0.1,0.22000000000000003,0.24000000000000005,1578.8058505022464,1376.2501029664438
1970-06-06,Italy,Uruguay,0.0,0.0,FIFA World Cup,True,D,5,8.0,8.0,0.8,0.8,0.4,1.0,0.0,0.0,0.08,0.08,0.04,0.1,1651.227659175692,1590.7260531690297
1970-06-06,Morocco,Peru,0.0,3.0,FIFA World Cup,True,A,5,0.0,3.0,1.0,1.3333333333333333,2.0,2.0,0.0,0.30000000000000004,0.1,0.13333333333333333,0.2,0.20000000000000004,1476.7329236255546,1430.9087734545974
1970-06-07,Israel,Sweden,1.0,1.0,FIFA World Cup,True,D,5,6.0,7.0,2.2,1.4,1.4,1.4,0.1,0.1,0.22000000000000003,0.14,0.14,0.13999999999999999,1482.7920125135545,1607.3746852469483
1970-06-07,Mexico,El Salvador,4.0,0.0,FIFA World Cup,False,H,5,6.0,0.0,0.8,0.0,0.8,3.0,0.4,0.0,0.08,0.0,0.08,0.30000000000000004,1366.860640644211,1362.3215427200012
1970-06-07,Brazil,England,1.0,0.0,FIFA World Cup,True,H,5,9.0,12.0,2.2,1.8,1.6,0.8,0.1,0.0,0.22000000000000003,0.18,0.16,0.08,1785.7789358562186,1764.9755152605449
1970-06-07,Bulgaria,Germany,2.0,5.0,FIFA World Cup,True,A,5,1.0,12.0,0.6,2.4,2.2,1.4,0.2,0.5,0.06000000000000001,0.24000000000000005,0.22000000000000003,0.14,1307.452860522263,1730.5630484890187
1970-06-10,Brazil,Romania,3.0,2.0,FIFA World Cup,True,H,5,9.0,4.0,1.8,1.4,1.4,1.8,0.30000000000000004,0.2,0.18,0.14,0.14,0.18000000000000002,1832.788655764064,1452.4923101100758
1970-06-10,El Salvador,Russia,0.0,2.0,FIFA World Cup,True,A,5,0.0,5.0,0.0,1.0,3.5,1.0,0.0,0.2,0.0,0.1,0.35000000000000003,0.1,1263.6279257970023,1625.9592660521987
1970-06-10,Germany,Peru,3.0,1.0,FIFA World Cup,True,H,5,12.0,6.0,3.0,1.75,1.6,1.5,0.30000000000000004,0.1,0.3,0.17500000000000002,0.16,0.15000000000000002,1744.6499634035547,1529.8829114931814
1970-06-10,Sweden,Uruguay,1.0,0.0,FIFA World Cup,True,H,5,7.0,8.0,1.6,0.8,1.6,1.0,0.1,0.0,0.16,0.08,0.16,0.1,1590.1766518162424,1599.3459798467213
1970-06-11,Bulgaria,Morocco,1.0,1.0,FIFA World Cup,True,D,5,0.0,0.0,1.0,0.5,3.2,2.5,0.1,0.1,0.1,0.05,0.32,0.25,1293.365945607727,1377.7587855869706
1970-06-11,Czechoslovakia,England,0.0,1.0,FIFA World Cup,True,A,5,6.0,9.0,1.4,1.4,2.0,0.8,0.0,0.1,0.14,0.14,0.2,0.08,1502.5636433586144,1717.9657953526994
1970-06-11,Israel,Italy,0.0,0.0,FIFA World Cup,True,D,5,4.0,9.0,1.2,0.8,1.4,0.2,0.0,0.0,0.12000000000000002,0.08,0.14,0.02,1499.9900459442604,1642.6077324980004
1970-06-11,Mexico,Belgium,1.0,0.0,FIFA World Cup,False,H,5,6.0,4.0,1.0,2.0,0.6,3.0,0.1,0.0,0.1,0.2,0.06000000000000001,0.3,1437.6481627409314,1362.416870652411
1970-06-14,Mexico,Italy,1.0,4.0,FIFA World Cup,False,A,5,8.0,9.0,1.0,0.8,0.4,0.2,0.1,0.4,0.1,0.08,0.04,0.02,1464.371353867207,1623.1634398645886
1970-06-14,Russia,Uruguay,0.0,1.0,FIFA World Cup,True,A,5,8.0,5.0,1.2,0.4,0.6,1.0,0.0,0.1,0.12000000000000002,0.04,0.06000000000000001,0.1,1642.5327494405615,1548.026713748617
1970-06-14,Brazil,Peru,4.0,2.0,FIFA World Cup,True,H,5,9.0,6.0,2.0,1.6,1.8,1.8,0.4,0.2,0.2,0.16,0.18000000000000002,0.18000000000000002,1842.8614556857235,1496.1207709156452
1970-06-14,England,Germany,2.0,3.0,FIFA World Cup,True,A,5,9.0,12.0,0.8,2.8,0.4,1.8,0.2,0.30000000000000004,0.08,0.28,0.04,0.18,1740.410186617503,1778.412103981091
1970-06-17,Germany,Italy,3.0,4.0,FIFA World Cup,True,A,5,12.0,11.0,3.0,1.4,2.0,0.2,0.30000000000000004,0.4,0.3,0.14,0.2,0.02,1822.9648939229367,1673.242406036421
1970-06-17,Brazil,Uruguay,3.0,1.0,FIFA World Cup,True,H,5,12.0,7.0,2.6,0.6,1.6,1.0,0.30000000000000004,0.1,0.26,0.06000000000000001,0.16,0.1,1860.8049888474116,1611.3014322945721
1970-06-20,Germany,Uruguay,1.0,0.0,FIFA World Cup,True,H,5,12.0,7.0,3.2,0.8,2.0,0.8,0.1,0.0,0.32,0.08,0.2,0.08,1752.6597335213462,1582.4826074010034
1970-06-21,Brazil,Italy,4.0,1.0,FIFA World Cup,True,H,5,15.0,11.0,3.0,1.8,1.2,0.8,0.4,0.1,0.30000000000000004,0.18,0.12000000000000002,0.08,1889.6238137409803,1743.5475664380115
1972-02-23,Cameroon,Kenya,2.0,1.0,African Cup of Nations,False,H,3,6.0,0.0,2.3333333333333335,0.0,2.0,0.0,0.2,0.1,0.23333333333333336,0.0,0.20000000000000004,0.0,1512.6344728629065,1500.0
1972-02-24,Mali,Togo,3.0,3.0,African Cup of Nations,True,D,3,0.0,0.0,0.0,0.0,0.0,0.0,0.30000000000000004,0.30000000000000004,0.0,0.0,0.0,0.0,1500.0,1500.0
1972-02-25,Congo,Morocco,1.0,1.0,African Cup of Nations,True,D,3,0.0,1.0,0.6666666666666666,0.6666666666666666,2.6666666666666665,2.0,0.1,0.1,0.06666666666666667,0.06666666666666667,0.26666666666666666,0.20000000000000004,1394.6856810350107,1365.8470334675887
1972-02-25,Sudan,DR Congo,1.0,1.0,African Cup of Nations,True,D,3,12.0,7.0,1.6,1.2,0.6,1.4,0.1,0.1,0.16,0.12000000000000002,0.06000000000000001,0.14,1565.1340504407729,1509.1148662650169
1972-02-26,Kenya,Mali,1.0,1.0,African Cup of Nations,True,D,3,0.0,1.0,1.0,3.0,2.0,3.0,0.1,0.1,0.1,0.30000000000000004,0.2,0.30000000000000004,1471.0904674439037,1500.0
1972-02-26,Cameroon,Togo,2.0,0.0,African Cup of Nations,False,H,3,9.0,1.0,2.25,3.0,1.75,3.0,0.2,0.0,0.22500000000000003,0.30000000000000004,0.17500000000000002,0.30000000000000004,1533.2358066120185,1500.0
1972-02-27,Congo,DR Congo,0.0,2.0,African Cup of Nations,True,A,3,1.0,5.0,0.75,0.8,2.25,1.2,0.0,0.2,0.07500000000000001,0.08,0.22500000000000003,0.12000000000000002,1392.2012550776622,1513.9104660670712
1972-02-27,Morocco,Sudan,1.0,1.0,African Cup of Nations,True,D,3,2.0,10.0,0.75,1.2,1.75,0.8,0.1,0.1,0.07500000000000001,0.12000000000000002,0.17500000000000002,0.08,1368.3314594249373,1560.3384506387185
1972-02-28,Cameroon,Mali,1.0,1.0,African Cup of Nations,False,D,3,12.0,2.0,2.2,2.0,1.4,2.0,0.1,0.1,0.22000000000000003,0.2,0.14,0.2,1561.7780087785084,1497.5094954204521
1972-02-28,Kenya,Togo,1.0,1.0,African Cup of Nations,True,D,3,1.0,1.0,1.0,1.5,1.5,2.5,0.1,0.1,0.1,0.15000000000000002,0.15000000000000002,0.25,1473.5809720234515,1459.2916325594715
1972-02-29,Congo,Sudan,4.0,2.0,African Cup of Nations,True,H,3,1.0,11.0,0.6,1.4,2.2,0.8,0.4,0.2,0.06000000000000001,0.14,0.22000000000000003,0.08,1362.3504158790747,1545.2635517805927
1972-02-29,Morocco,DR Congo,1.0,1.0,African Cup of Nations,True,D,3,3.0,5.0,0.8,1.0,1.6,1.2,0.1,0.1,0.08,0.1,0.16,0.12000000000000002,1383.4063582830631,1543.7613052656586
1972-03-02,Cameroon,Congo,0.0,1.0,African Cup of Nations,False,A,3,10.0,4.0,1.8,1.4,1.2,2.0,0.0,0.1,0.18000000000000002,0.14,0.12000000000000002,0.2,1548.5641748437563,1429.0708044447151
1972-03-02,Mali,DR Congo,4.0,3.0,African Cup of Nations,True,H,3,3.0,6.0,1.6666666666666667,1.2,1.6666666666666667,1.0,0.4,0.30000000000000004,0.16666666666666666,0.12000000000000002,0.16666666666666666,0.1,1502.9964440801848,1530.8211828571184
1972-03-04,Cameroon,DR Congo,5.0,2.0,African Cup of Nations,False,H,3,7.0,5.0,1.2,1.4,1.0,1.4,0.5,0.2,0.12000000000000002,0.14,0.1,0.14,1501.7864376177745,1498.4237251729148
1972-03-05,Congo,Mali,3.0,2.0,African Cup of Nations,True,H,3,7.0,6.0,1.4,2.25,1.6,2.0,0.30000000000000004,0.2,0.14,0.22500000000000003,0.16,0.2,1469.000235119125,1535.3939017643884
1972-05-07,Iran,Cambodia,2.0,0.0,AFC Asian Cup,True,H,3,12.0,0.0,2.75,0.0,0.5,0.0,0.2,0.0,0.275,0.0,0.05,0.0,1607.8668542349787,1500.0
1972-05-07,South Korea,Iraq,0.0,0.0,AFC Asian Cup,True,D,3,9.0,0.0,1.2,0.0,0.8,0.0,0.0,0.0,0.12000000000000002,0.0,0.08,0.0,1495.466401338618,1500.0
1972-05-08,Thailand,Kuwait,0.0,2.0,AFC Asian Cup,False,A,3,0.0,0.0,0.0,0.0,0.0,0.0,0.0,0.2,0.0,0.0,0.0,0.0,1500.0,1500.0
1972-05-09,Iran,Iraq,3.0,0.0,AFC Asian Cup,True,H,3,15.0,1.0,2.6,0.0,0.4,0.0,0.30000000000000004,0.0,0.26,0.0,0.04,0.0,1639.328120028714,1499.608559840482
1972-05-10,Cambodia,South Korea,1.0,4.0,AFC Asian Cup,True,A,3,0.0,7.0,0.0,0.6,2.0,0.8,0.1,0.4,0.0,0.06000000000000001,0.2,0.08,1468.5387342062647,1495.857841498136
1972-05-11,Thailand,Iraq,1.0,1.0,AFC Asian Cup,False,D,3,0.0,1.0,0.0,0.0,2.0,1.5,0.1,0.1,0.0,0.0,0.2,0.15000000000000002,1442.3941500177402,1467.1521672630824
1972-05-12,South Korea,Kuwait,1.0,2.0,AFC Asian Cup,True,A,3,7.0,3.0,1.2,2.0,1.0,0.0,0.1,0.2,0.12000000000000002,0.2,0.1,0.0,1544.2382159049216,1545.0
1972-05-13,Thailand,Iran,2.0,3.0,AFC Asian Cup,False,A,3,1.0,15.0,0.5,2.8,1.5,0.4,0.2,0.30000000000000004,0.05,0.28,0.15000000000000002,0.04,1435.9969332643298,1671.7845126061136
1972-05-14,Cambodia,Kuwait,4.0,0.0,AFC Asian Cup,True,H,3,0.0,6.0,0.5,2.0,3.0,0.5,0.4,0.0,0.05,0.2,0.30000000000000004,0.05,1420.158359799479,1574.9342223791048
1972-05-16,Iran,Cambodia,2.0,1.0,AFC Asian Cup,True,H,3,15.0,3.0,2.6,1.6666666666666667,0.8,2.0,0.2,0.1,0.26000000000000006,0.16666666666666666,0.08,0.20000000000000004,1684.0652574431,1505.248985730384
1972-05-17,Thailand,South Korea,1.0,1.0,AFC Asian Cup,False,D,3,1.0,7.0,1.0,1.4,2.0,1.0,0.1,0.1,0.10000000000000002,0.14,0.20000000000000004,0.1,1417.1591496774904,1514.3039935258168
1972-05-19,Iran,South Korea,2.0,1.0,AFC Asian Cup,True,H,3,15.0,5.0,2.4,1.4,0.8,1.2,0.2,0.1,0.24000000000000005,0.14,0.08,0.12000000000000002,1699.8578750820736,1506.127800387266
1972-05-19,Thailand,Cambodia,2.0,2.0,AFC Asian Cup,False,D,3,2.0,3.0,1.0,1.5,1.75,2.0,0.2,0.2,0.1,0.15000000000000002,0.17500000000000002,0.2,1416.9126212272665,1489.4563680914105
1972-06-14,Belgium,Germany,1.0,2.0,UEFA Euro,False,A,4,4.0,12.0,1.8,3.0,2.6,1.8,0.1,0.2,0.18000000000000002,0.30000000000000004,0.26,0.18,1323.0774300130329,1779.9564866150024
1972-06-14,Hungary,Russia,0.0,1.0,UEFA Euro,True,A,4,9.0,7.0,2.2,1.2,1.6,0.8,0.0,0.1,0.22000000000000003,0.12000000000000002,0.16,0.08,1638.978688450942,1579.2580308946065
1972-06-17,Belgium,Hungary,2.0,1.0,UEFA Euro,False,H,4,3.0,6.0,1.2,1.6,2.2,1.6,0.2,0.1,0.12000000000000002,0.16,0.22000000000000003,0.16,1313.9884325175226,1592.17001855491
1972-06-18,Germany,Russia,3.0,0.0,UEFA Euro,True,H,4,12.0,10.0,2.4,1.4,1.6,0.4,0.30000000000000004,0.0,0.24000000000000005,0.14,0.16,0.04,1785.3350462259164,1626.0667007906384
1974-03-01,Egypt,Uganda,2.0,1.0,African Cup of Nations,False,H,3,10.0,0.0,2.0,0.6,1.0,2.6,0.2,0.1,0.2,0.06000000000000001,0.1,0.26,1667.6390376473605,1320.6310964160975
1974-03-02,Ivory Coast,Zambia,0.0,1.0,African Cup of Nations,True,A,3,6.0,0.0,2.2,0.0,1.8,0.0,0.0,0.1,0.22000000000000003,0.0,0.18000000000000002,0.0,1517.3472876225696,1500.0
1974-03-03,Congo,Mauritius,2.0,0.0,African Cup of Nations,True,H,3,10.0,0.0,1.8,0.0,1.4,0.0,0.2,0.0,0.18000000000000002,0.0,0.14,0.0,1504.6643454400971,1500.0
1974-03-03,Guinea,DR Congo,1.0,2.0,African Cup of Nations,True,A,3,2.0,5.0,1.3333333333333333,1.8,2.3333333333333335,2.2,0.1,0.2,0.13333333333333333,0.18000000000000002,0.23333333333333336,0.22000000000000003,1487.5610568480135,1446.4318391897007
1974-03-04,Egypt,Zambia,3.0,1.0,African Cup of Nations,False,H,3,10.0,3.0,1.6,1.0,1.0,0.0,0.30000000000000004,0.1,0.16,0.1,0.1,0.0,1671.8920946530802,1531.4966417400956
1974-03-04,Ivory Coast,Uganda,2.0,2.0,African Cup of Nations,True,D,3,6.0,0.0,1.8,0.6,1.4,2.6,0.2,0.2,0.18000000000000002,0.06000000000000001,0.14,0.26,1485.850645882474,1313.4633986730285
1974-03-05,Congo,DR Congo,2.0,1.0,African Cup of Nations,True,H,3,12.0,7.0,2.0,2.0,1.2,2.2,0.2,0.1,0.2,0.2,0.12000000000000002,0.22000000000000003,1549.0602537912623,1479.9667244712741
1974-03-05,Guinea,Mauritius,2.0,1.0,African Cup of Nations,True,H,3,2.0,0.0,1.25,0.0,2.25,2.0,0.2,0.1,0.125,0.0,0.225,0.2,1454.02617156644,1455.6040916488348
1974-03-06,Uganda,Zambia,0.0,1.0,African Cup of Nations,True,A,3,1.0,3.0,1.0,1.0,2.4,1.5,0.0,0.1,0.1,0.1,0.24000000000000005,0.15000000000000002,1327.23639981809,1503.7516030278014
1974-03-06,Egypt,Ivory Coast,2.0,0.0,African Cup of Nations,False,H,3,12.0,4.0,2.0,2.0,1.0,1.8,0.2,0.0,0.2,0.2,0.1,0.18000000000000002,1689.9276442374742,1472.0776447374126
1974-03-07,Congo,Guinea,1.0,1.0,African Cup of Nations,True,D,3,15.0,5.0,2.4,1.4,1.0,2.0,0.1,0.1,0.24000000000000005,0.14,0.1,0.2,1573.1716626180444,1484.162419201917
1974-03-07,Mauritius,DR Congo,1.0,4.0,African Cup of Nations,True,A,3,0.0,4.0,0.5,1.8,2.0,2.6,0.1,0.4,0.05,0.18000000000000002,0.2,0.26,1425.467844013358,1455.855315644492
1974-03-09,Congo,Zambia,2.0,4.0,African Cup of Nations,True,A,3,13.0,6.0,1.8,1.0,0.8,1.0,0.2,0.4,0.18000000000000002,0.10000000000000002,0.08,0.10000000000000002,1565.649831048524,1519.6988318342383
1974-03-09,Egypt,DR Congo,2.0,3.0,African Cup of Nations,False,A,3,12.0,6.0,2.2,2.4,1.0,2.6,0.2,0.30000000000000004,0.22000000000000003,0.24000000000000005,0.1,0.26,1702.372394899345,1503.7752242296401
1974-03-11,Egypt,Congo,4.0,0.0,African Cup of Nations,False,H,3,12.0,10.0,2.4,2.0,1.2,1.6,0.4,0.0,0.24000000000000005,0.2,0.12000000000000002,0.16,1651.4934516129063,1514.7326995251597
1974-03-12,DR Congo,Zambia,2.0,2.0,African Cup of Nations,True,D,3,9.0,9.0,2.4,1.75,2.2,1.25,0.2,0.2,0.24000000000000005,0.17500000000000002,0.22000000000000003,0.125,1549.271414219547,1570.6159633576026
1974-03-14,DR Congo,Zambia,2.0,0.0,African Cup of Nations,True,H,3,10.0,10.0,2.4,1.8,1.6,1.4,0.2,0.0,0.24000000000000005,0.18,0.16,0.14,1551.1121355741814,1568.7752420029683
1974-06-13,Brazil,Yugoslavia,0.0,0.0,FIFA World Cup,True,D,5,15.0,4.0,3.0,0.6,1.2,1.4,0.0,0.0,0.30000000000000004,0.06000000000000001,0.12000000000000002,0.14,1942.3598812849648,1542.3585161359383
1974-06-14,German DR,Australia,2.0,0.0,FIFA World Cup,True,H,5,0.0,0.0,0.0,0.0,0.0,0.0,0.2,0.0,0.0,0.0,0.0,0.0,1500.0,1500.0
1974-06-14,Germany,Chile,1.0,0.0,FIFA World Cup,False,H,5,12.0,4.0,2.4,1.0,1.4,1.8,0.1,0.0,0.24000000000000005,0.1,0.14,0.18,1825.319860439215,1482.241064724798
1974-06-14,DR Congo,Scotland,0.0,2.0,FIFA World Cup,True,A,5,10.0,1.0,2.4,0.8,1.4,2.8,0.0,0.2,0.24000000000000005,0.08,0.14,0.28,1598.397899499486,1347.1121671477626
1974-06-15,Italy,Haiti,3.0,1.0,FIFA World Cup,True,H,5,8.0,0.0,1.8,0.0,1.6,0.0,0.30000000000000004,0.1,0.18,0.0,0.16,0.0,1690.811498894027,1500.0
1974-06-15,Poland,Argentina,3.0,2.0,FIFA World Cup,True,H,5,0.0,8.0,5.0,0.8,6.0,0.4,0.30000000000000004,0.2,0.5,0.08,0.6000000000000001,0.04,1443.7317392483121,1539.165238759319
1974-06-15,Sweden,Bulgaria,0.0,0.0,FIFA World Cup,True,D,5,7.0,1.0,1.4,1.2,1.6,3.0,0.0,0.0,0.14,0.12000000000000002,0.16,0.30000000000000004,1641.4959179143466,1305.277697727109
1974-06-15,Uruguay,Netherlands,0.0,2.0,FIFA World Cup,True,A,5,4.0,0.0,0.4,1.0,1.0,3.0,0.0,0.2,0.04,0.1,0.1,0.30000000000000004,1555.1858543073472,1402.0158692788073
1974-06-18,Chile,German DR,1.0,1.0,FIFA World Cup,True,D,5,4.0,3.0,0.6,2.0,1.2,0.0,0.1,0.1,0.06000000000000001,0.2,0.12000000000000002,0.0,1470.0549268140533,1575.0
1974-06-18,Germany,Australia,3.0,0.0,FIFA World Cup,False,H,5,12.0,0.0,2.0,0.0,1.0,2.0,0.30000000000000004,0.0,0.2,0.0,0.1,0.2,1832.558703595513,1425.0
1974-06-18,Scotland,Brazil,0.0,0.0,FIFA World Cup,True,D,5,4.0,13.0,1.2,2.8,2.6,1.2,0.0,0.0,0.12000000000000002,0.28,0.26,0.12000000000000002,1468.5314387789108,1901.4507254303844
1974-06-18,Yugoslavia,DR Congo,9.0,0.0,FIFA World Cup,True,H,5,5.0,10.0,0.4,2.2,0.8,1.4,0.9,0.0,0.04,0.22000000000000003,0.08,0.14,1583.2676719905187,1476.9786278683378
1974-06-19,Netherlands,Sweden,0.0,0.0,FIFA World Cup,True,D,5,3.0,5.0,1.3333333333333333,0.8,2.0,1.4,0.0,0.0,0.13333333333333333,0.08,0.20000000000000004,0.13999999999999999,1508.0925638177566,1604.1110216098598
1974-06-19,Haiti,Poland,0.0,7.0,FIFA World Cup,True,A,5,0.0,3.0,1.0,4.0,3.0,4.0,0.0,0.7000000000000001,0.1,0.4,0.30000000000000004,0.4,1462.494008877251,1507.1304342770861
1974-06-19,Argentina,Italy,1.0,1.0,FIFA World Cup,True,D,5,7.0,10.0,1.2,2.4,1.0,1.8,0.1,0.1,0.12000000000000002,0.24000000000000005,0.1,0.18000000000000002,1475.766543730545,1728.317490016776
1974-06-19,Bulgaria,Uruguay,1.0,1.0,FIFA World Cup,True,D,5,2.0,3.0,1.2,0.4,2.4,1.4,0.1,0.1,0.12000000000000002,0.04,0.24000000000000005,0.14,1342.6625940315957,1449.1091597683978
1974-06-22,Australia,Chile,0.0,0.0,FIFA World Cup,True,D,5,0.0,2.0,0.0,0.6,2.5,1.4,0.0,0.0,0.0,0.06000000000000001,0.25,0.14,1409.7091046514104,1484.7145862751124
1974-06-22,DR Congo,Brazil,0.0,3.0,FIFA World Cup,True,A,5,7.0,11.0,1.4,2.2,3.0,0.8,0.0,0.30000000000000004,0.14,0.22000000000000003,0.3,0.08,1406.6511179852873,1859.0922260287857
1974-06-22,Germany,German DR,0.0,1.0,FIFA World Cup,False,A,5,15.0,4.0,2.0,1.5,0.2,0.5,0.0,0.1,0.2,0.15000000000000002,0.02,0.05,1841.4993043832549,1560.3403405389408
1974-06-22,Scotland,Yugoslavia,1.0,1.0,FIFA World Cup,True,D,5,5.0,8.0,1.2,2.2,1.2,0.6,0.1,0.1,0.12000000000000002,0.22000000000000003,0.12000000000000002,0.06000000000000001,1510.8899381805095,1653.5951818735691
1974-06-23,Argentina,Haiti,4.0,1.0,FIFA World Cup,True,H,5,5.0,0.0,1.0,0.5,1.0,5.0,0.4,0.1,0.1,0.05,0.1,0.5,1506.8248023112392,1375.2711839401097
1974-06-23,Bulgaria,Netherlands,1.0,4.0,FIFA World Cup,True,A,5,3.0,4.0,1.2,1.0,2.0,1.5,0.1,0.4,0.12000000000000002,0.1,0.2,0.15000000000000002,1357.5195095671515,1521.5693606696198
1974-06-23,Poland,Italy,2.0,1.0,FIFA World Cup,True,H,5,6.0,10.0,5.0,2.6,2.6666666666666665,2.0,0.2,0.1,0.5,0.26,0.26666666666666666,0.2,1594.3532592142274,1697.2592314360818
1974-06-23,Sweden,Uruguay,3.0,0.0,FIFA World Cup,True,H,5,6.0,4.0,0.4,0.6,0.4,1.4,0.30000000000000004,0.0,0.04,0.06000000000000001,0.04,0.14,1590.6342247579967,1434.252244232842
1974-06-26,Sweden,Poland,0.0,1.0,FIFA World Cup,True,A,5,9.0,9.0,1.0,4.25,0.2,2.25,0.0,0.1,0.1,0.42500000000000004,0.02,0.22500000000000003,1641.2106163314972,1658.7442348441416
1974-06-26,Netherlands,Argentina,4.0,0.0,FIFA World Cup,True,H,5,7.0,7.0,1.6,1.8,1.4,1.2,0.4,0.0,0.16,0.18,0.14,0.12000000000000002,1570.5734093176352,1562.6911614220135
1974-06-26,Germany,Yugoslavia,2.0,0.0,FIFA World Cup,False,H,5,12.0,6.0,1.8,2.2,0.4,0.8,0.2,0.0,0.18000000000000002,0.22000000000000003,0.04,0.08,1751.527213798761,1634.1401954023595
1974-06-26,Brazil,German DR,1.0,0.0,FIFA World Cup,True,H,5,11.0,7.0,2.0,1.3333333333333333,0.4,0.3333333333333333,0.1,0.0,0.2,0.13333333333333333,0.04,0.03333333333333333,1871.1413101306316,1643.7988953413778
1974-06-30,Argentina,Brazil,1.0,2.0,FIFA World Cup,True,A,5,4.0,11.0,1.4,1.6,2.0,0.2,0.1,0.2,0.14,0.16,0.2,0.02,1464.9594655852673,1892.4119550168498
1974-06-30,German DR,Netherlands,0.0,2.0,FIFA World Cup,True,A,5,7.0,10.0,1.0,2.0,0.5,0.8,0.0,0.2,0.1,0.2,0.05,0.08,1622.5282504551597,1668.3051051543814
1974-06-30,Germany,Sweden,4.0,2.0,FIFA World Cup,False,H,5,12.0,8.0,1.8,0.8,0.2,0.2,0.4,0.2,0.18000000000000002,0.08,0.02,0.02,1784.8964086408891,1593.7317669459808
1974-06-30,Poland,Yugoslavia,2.0,1.0,FIFA World Cup,True,H,5,12.0,5.0,3.6,2.0,1.8,1.0,0.2,0.1,0.36,0.2,0.18000000000000002,0.1,1706.223084229658,1583.558081238343
1974-07-03,Argentina,German DR,1.0,1.0,FIFA World Cup,True,D,5,4.0,7.0,1.6,0.8,2.2,0.8,0.1,0.1,0.16,0.08,0.22000000000000003,0.08,1457.0928854967276,1557.353191751497
1974-07-03,Germany,Poland,1.0,0.0,FIFA World Cup,False,H,5,12.0,15.0,2.0,3.0,0.6,0.8,0.1,0.0,0.2,0.30000000000000004,0.06000000000000001,0.08,1808.538726253371,1739.2688357130373
1974-07-03,Netherlands,Brazil,2.0,0.0,FIFA World Cup,True,H,5,13.0,11.0,2.4,1.2,0.2,0.2,0.2,0.0,0.24000000000000005,0.12000000000000002,0.02,0.02,1733.4801638580443,1900.2785351053894
1974-07-03,Sweden,Yugoslavia,2.0,1.0,FIFA World Cup,True,H,5,5.0,5.0,1.0,2.2,1.0,1.0,0.2,0.1,0.1,0.22000000000000003,0.1,0.1,1556.2829268534272,1550.5123297549637
1974-07-06,Brazil,Poland,0.0,1.0,FIFA World Cup,True,A,5,10.0,12.0,1.2,2.4,0.6,0.6,0.0,0.1,0.12000000000000002,0.24000000000000005,0.06000000000000001,0.06000000000000001,1791.8052008099057,1699.1075544561918
1974-07-07,Germany,Netherlands,2.0,1.0,FIFA World Cup,False,H,5,12.0,13.0,2.0,2.4,0.6,0.2,0.2,0.1,0.2,0.24000000000000005,0.06000000000000001,0.02,1835.939245285142,1841.953498153528
1976-02-29,Egypt,Guinea,1.0,1.0,African Cup of Nations,True,D,3,12.0,6.0,2.6,1.4,1.0,1.4,0.1,0.1,0.26,0.14,0.1,0.14,1675.9456907175643,1491.6842507714373
1976-02-29,Ethiopia,Uganda,2.0,0.0,African Cup of Nations,False,H,3,0.0,1.0,1.0,0.8,3.2,2.2,0.2,0.0,0.1,0.08,0.32000000000000006,0.22000000000000003,1307.7499840267387,1311.289171011653
1976-03-01,Morocco,Sudan,2.0,2.0,African Cup of Nations,True,D,3,4.0,8.0,0.8,1.4,1.4,1.4,0.2,0.2,0.08,0.14,0.14,0.14,1396.3464806916033,1478.5431632149523
1976-03-01,Nigeria,DR Congo,4.0,2.0,African Cup of Nations,True,H,3,0.0,4.0,1.5,0.8,5.0,3.2,0.4,0.2,0.15000000000000002,0.08,0.5,0.32,1397.1875889788698,1394.6020338834414
1976-03-03,Ethiopia,Guinea,1.0,2.0,African Cup of Nations,False,A,3,3.0,6.0,1.0,1.2,2.6,1.2,0.1,0.2,0.1,0.12000000000000002,0.26000000000000006,0.12000000000000002,1340.5677534749796,1506.2536408920816
1976-03-03,Egypt,Uganda,2.0,1.0,African Cup of Nations,True,H,3,10.0,1.0,2.4,0.8,1.0,1.8,0.2,0.1,0.24000000000000005,0.08,0.1,0.18,1661.37630059692,1265.8307899118624
1976-03-04,Morocco,DR Congo,1.0,0.0,African Cup of Nations,True,H,3,5.0,3.0,1.2,0.8,1.2,3.6,0.1,0.0,0.12000000000000002,0.08,0.12000000000000002,0.36,1403.3143958224528,1349.936909861434
1976-03-04,Nigeria,Sudan,1.0,0.0,African Cup of Nations,True,H,3,3.0,6.0,2.3333333333333335,1.4,4.0,1.6,0.1,0.0,0.23333333333333336,0.14,0.4000000000000001,0.16,1441.8527130008772,1471.575248084103
1976-03-05,Ethiopia,Egypt,1.0,1.0,African Cup of Nations,False,D,3,3.0,10.0,1.2,2.2,2.8,1.0,0.1,0.1,0.12000000000000002,0.22000000000000003,0.28,0.1,1316.1729051701338,1666.9593378008851
1976-03-05,Guinea,Uganda,2.0,1.0,African Cup of Nations,True,H,3,8.0,1.0,1.4,0.8,1.2,1.8,0.2,0.1,0.14,0.08,0.12000000000000002,0.18,1522.9413421209592,1260.2477527078972
1976-03-06,Morocco,Nigeria,3.0,1.0,African Cup of Nations,True,H,3,7.0,6.0,1.2,2.0,1.0,3.0,0.30000000000000004,0.1,0.12000000000000002,0.2,0.1,0.30000000000000004,1428.741336049653,1474.4129203882012
1976-03-06,Sudan,DR Congo,1.0,1.0,African Cup of Nations,True,D,3,3.0,0.0,1.2,0.4,1.8,3.8,0.1,0.1,0.12000000000000002,0.04,0.18,0.38,1439.015040696779,1324.5099696342338
1976-03-09,Egypt,Morocco,1.0,2.0,African Cup of Nations,True,A,3,8.0,9.0,2.0,1.6,1.2,1.0,0.1,0.2,0.2,0.16,0.12000000000000002,0.1,1643.9908894248958,1479.622899617128
1976-03-09,Guinea,Nigeria,1.0,1.0,African Cup of Nations,True,D,3,11.0,6.0,1.6,1.8,1.0,3.0,0.1,0.1,0.16,0.18000000000000002,0.1,0.30000000000000004,1533.7782466258996,1423.5313568207262
1976-03-11,Egypt,Guinea,2.0,4.0,African Cup of Nations,True,A,3,8.0,9.0,1.8,1.4,1.0,1.0,0.2,0.4,0.18,0.14,0.1,0.1,1600.770133288277,1524.5659044415936
1976-03-11,Morocco,Nigeria,2.0,1.0,African Cup of Nations,True,H,3,11.0,7.0,1.8,1.4,1.0,2.0,0.2,0.1,0.18000000000000002,0.14,0.1,0.2,1522.8436557537468,1432.743699005032
1976-03-14,Egypt,Nigeria,2.0,3.0,African Cup of Nations,True,A,3,5.0,7.0,1.4,1.6,1.8,1.6,0.2,0.30000000000000004,0.14,0.16,0.18,0.16,1546.0554153092617,1410.3537200761855
1976-03-14,Guinea,Morocco,1.0,1.0,African Cup of Nations,True,D,3,11.0,13.0,2.0,2.0,1.2,1.0,0.1,0.1,0.2,0.2,0.12000000000000002,0.1,1579.280622420609,1545.2336346825934
1976-06-03,Kuwait,Malaysia,2.0,0.0,AFC Asian Cup,True,H,3,6.0,0.0,1.3333333333333333,0.0,1.6666666666666667,0.0,0.2,0.0,0.13333333333333333,0.0,0.16666666666666666,0.0,1489.8435964481996,1500.0
1976-06-04,Iran,Iraq,2.0,0.0,AFC Asian Cup,False,H,3,15.0,2.0,2.4,0.3333333333333333,0.8,1.3333333333333333,0.2,0.0,0.24000000000000005,0.03333333333333333,0.08,0.13333333333333333,1714.6720387431058,1465.017999342044
1976-06-05,China PR,Malaysia,1.0,1.0,AFC Asian Cup,True,D,3,0.0,0.0,0.0,0.0,0.0,2.0,0.1,0.1,0.0,0.0,0.0,0.2,1500.0,1453.6849130086666
1976-06-06,Iraq,Yemen DPR,1.0,0.0,AFC Asian Cup,True,H,3,2.0,0.0,0.25,0.0,1.5,0.0,0.1,0.0,0.025,0.0,0.15000000000000002,0.0,1447.7388019797763,1500.0
1976-06-07,China PR,Kuwait,0.0,1.0,AFC Asian Cup,True,A,3,1.0,9.0,1.0,1.5,1.0,1.25,0.0,0.1,0.1,0.15000000000000002,0.1,0.125,1496.0243556167964,1536.158683439533
1976-06-08,Iran,Yemen DPR,8.0,0.0,AFC Asian Cup,False,H,3,15.0,0.0,2.4,0.0,0.8,1.0,0.8,0.0,0.24000000000000005,0.0,0.08,0.1,1725.2802139853673,1465.5211343613485
1976-06-11,Iran,China PR,2.0,0.0,AFC Asian Cup,False,H,3,15.0,1.0,3.4,0.5,0.8,1.0,0.2,0.0,0.34,0.05,0.08,0.1,1738.7146431174158,1469.4744995405924
1976-06-11,Iraq,Kuwait,2.0,3.0,AFC Asian Cup,True,A,3,5.0,12.0,0.4,1.4,1.2,1.0,0.2,0.30000000000000004,0.04,0.14,0.12000000000000002,0.1,1482.2176676184279,1562.708539515737
1976-06-13,Iran,Kuwait,1.0,0.0,AFC Asian Cup,False,H,3,15.0,12.0,3.2,1.6,0.4,1.4,0.1,0.0,0.32,0.16,0.04,0.14,1748.3123617274355,1585.8801280153048
1976-06-13,China PR,Iraq,1.0,0.0,AFC Asian Cup,True,H,3,1.0,4.0,0.3333333333333333,0.8,1.3333333333333333,1.8,0.1,0.0,0.03333333333333333,0.08,0.13333333333333333,0.18000000000000002,1453.7150565745317,1459.04607911886
1976-06-16,Czechoslovakia,Netherlands,3.0,1.0,UEFA Euro,True,H,4,3.0,12.0,1.2,2.6,2.2,0.6,0.30000000000000004,0.1,0.12000000000000002,0.26,0.22000000000000003,0.06000000000000001,1480.1192520938107,1791.0880640318283
1976-06-17,Yugoslavia,Germany,2.0,4.0,UEFA Euro,False,A,4,4.0,12.0,2.4,1.8,1.4,0.8,0.2,0.4,0.24,0.18,0.14,0.08,1501.342709078024,1872.7341521396293
1976-06-19,Yugoslavia,Netherlands,2.0,3.0,UEFA Euro,False,A,4,1.0,9.0,1.0,2.0,2.2,1.0,0.2,0.30000000000000004,0.1,0.2,0.22000000000000003,0.1,1480.5439075244353,1688.2556083504537
1976-06-20,Czechoslovakia,Germany,2.0,2.0,UEFA Euro,True,D,4,3.0,15.0,1.2,2.6,2.2,1.0,0.2,0.2,0.12000000000000002,0.26,0.22000000000000003,0.1,1582.9517077751852,1885.3902225424374
1978-03-05,Nigeria,Burkina Faso,4.0,2.0,African Cup of Nations,True,H,3,7.0,0.0,1.4,0.0,1.6,0.0,0.4,0.2,0.14,0.0,0.16,0.0,1451.5095467116078,1500.0
1978-03-05,Ghana,Zambia,2.0,1.0,African Cup of Nations,False,H,3,8.0,7.0,1.2,1.6,0.8,1.8,0.2,0.1,0.12000000000000002,0.16,0.08,0.18000000000000002,1650.8712338363177,1521.4894780776638
1978-03-06,Congo,Uganda,1.0,3.0,African Cup of Nations,True,A,3,7.0,1.0,1.4,0.8,2.0,1.8,0.1,0.30000000000000004,0.14,0.08,0.2,0.18,1477.201776017779,1249.410848202957
1978-03-06,Morocco,Tunisia,1.0,1.0,African Cup of Nations,True,D,3,13.0,5.0,1.8,1.8,0.8,1.6,0.1,0.1,0.18000000000000002,0.18,0.08,0.16,1548.164113420854,1455.401515867039
1978-03-08,Burkina Faso,Zambia,0.0,2.0,African Cup of Nations,True,A,3,0.0,7.0,2.0,1.6,4.0,1.6,0.0,0.2,0.2,0.16,0.4,0.16,1448.7599603398842,1502.171908023371
1978-03-08,Ghana,Nigeria,1.0,1.0,African Cup of Nations,False,D,3,8.0,7.0,1.2,2.0,1.0,2.0,0.1,0.1,0.12000000000000002,0.2,0.1,0.2,1663.5160641961797,1502.7495863717236
1978-03-09,Congo,Morocco,0.0,1.0,African Cup of Nations,True,A,3,4.0,11.0,1.2,1.8,2.6,1.0,0.0,0.1,0.12000000000000002,0.18000000000000002,0.26,0.1,1406.30647264594,1540.339397145016
1978-03-09,Tunisia,Uganda,3.0,1.0,African Cup of Nations,True,H,3,5.0,3.0,1.8,1.0,1.6,1.6,0.30000000000000004,0.1,0.18,0.1,0.16,0.16,1463.226232142877,1320.3061515747959
1978-03-10,Nigeria,Zambia,0.0,0.0,African Cup of Nations,True,D,3,8.0,7.0,2.0,1.8,1.6,1.6,0.0,0.0,0.2,0.18,0.16,0.16,1515.718617176067,1540.307958649793
1978-03-10,Ghana,Burkina Faso,3.0,0.0,African Cup of Nations,False,H,3,8.0,0.0,1.2,1.0,1.0,3.0,0.30000000000000004,0.0,0.12000000000000002,0.1,0.1,0.30000000000000004,1644.4518223637565,1410.6239097134624
1978-03-11,Congo,Tunisia,0.0,0.0,African Cup of Nations,True,D,3,1.0,8.0,0.8,2.0,2.6,1.0,0.0,0.0,0.08,0.2,0.26,0.1,1387.3379101090575,1490.6931370224177
1978-03-11,Morocco,Uganda,0.0,3.0,African Cup of Nations,True,A,3,11.0,3.0,1.4,1.2,0.8,2.0,0.0,0.30000000000000004,0.14,0.12000000000000002,0.08,0.2,1559.3079596818984,1292.8392466952553
1978-03-14,Ghana,Tunisia,1.0,0.0,African Cup of Nations,False,H,3,10.0,6.0,1.6,1.2,0.8,1.0,0.1,0.0,0.16,0.12000000000000002,0.08,0.1,1657.857769285202,1482.0229866449706
1978-03-14,Nigeria,Uganda,1.0,2.0,African Cup of Nations,True,A,3,8.0,6.0,1.8,1.8,1.4,1.6,0.1,0.2,0.18000000000000002,0.18000000000000002,0.14,0.16,1517.8382936688038,1379.2100130154845
1978-03-16,Ghana,Uganda,2.0,0.0,African Cup of Nations,False,H,3,10.0,9.0,1.4,2.0,0.6,1.4,0.2,0.0,0.14,0.2,0.06000000000000001,0.14,1668.0391120998036,1420.5829125494254
1978-06-01,Germany,Poland,0.0,0.0,FIFA World Cup,True,D,5,13.0,12.0,2.6,1.2,1.4,0.6,0.0,0.0,0.26,0.12000000000000002,0.14,0.06000000000000001,1857.3253426908407,1762.1400364790309
1978-06-02,Argentina,Hungary,2.0,1.0,FIFA World Cup,False,H,5,5.0,6.0,1.4,1.6,1.8,1.4,0.2,0.1,0.14,0.16,0.18,0.14,1471.133899631541,1525.5935501382621
1978-06-02,France,Italy,1.0,2.0,FIFA World Cup,True,A,5,1.0,7.0,1.2,2.0,2.4,2.2,0.1,0.2,0.12000000000000002,0.2,0.24,0.22000000000000003,1409.9355390998055,1632.8682558061676
1978-06-02,Mexico,Tunisia,1.0,3.0,FIFA World Cup,True,A,5,8.0,5.0,1.2,1.2,0.8,1.2,0.1,0.30000000000000004,0.12000000000000002,0.12000000000000002,0.08,0.12000000000000002,1391.5381358148782,1466.0298551233523
1978-06-03,Peru,Scotland,3.0,1.0,FIFA World Cup,True,H,5,6.0,5.0,1.8,1.2,2.0,1.2,0.30000000000000004,0.1,0.18000000000000002,0.12000000000000002,0.2,0.12000000000000002,1478.1772377539571,1530.344924651719
1978-06-03,Iran,Netherlands,0.0,3.0,FIFA World Cup,True,A,5,15.0,9.0,3.0,1.8,0.2,1.4,0.0,0.30000000000000004,0.3,0.18000000000000002,0.02,0.14,1759.1626318656843,1706.8351107522763
1978-06-03,Austria,Spain,2.0,1.0,FIFA World Cup,True,H,5,4.0,9.0,1.2,1.6,2.8,1.4,0.2,0.1,0.12000000000000002,0.16,0.28,0.14,1522.3153565007744,1491.1147089018705
1978-06-03,Brazil,Sweden,1.0,1.0,FIFA World Cup,True,D,5,9.0,7.0,1.2,1.4,0.8,1.2,0.1,0.1,0.12000000000000002,0.14,0.08,0.12000000000000002,1728.7727187870667,1605.452547530367
1978-06-06,Argentina,France,2.0,1.0,FIFA World Cup,False,H,5,7.0,1.0,1.6,0.6,1.8,1.8,0.2,0.1,0.16,0.06000000000000001,0.18,0.18,1514.6173934985343,1388.2367035303416
1978-06-06,Germany,Mexico,6.0,0.0,FIFA World Cup,True,H,5,11.0,7.0,1.8,1.4,1.0,1.4,0.6000000000000001,0.0,0.18,0.14,0.1,0.14,1843.9598069891554,1332.3765137866023
1978-06-06,Hungary,Italy,1.0,3.0,FIFA World Cup,True,A,5,3.0,7.0,1.2,1.6,1.6,1.8,0.1,0.30000000000000004,0.12000000000000002,0.16,0.16,0.18,1467.8197392986835,1654.5670913756314
1978-06-06,Poland,Tunisia,1.0,0.0,FIFA World Cup,True,H,5,10.0,8.0,0.8,1.4,0.4,0.8,0.1,0.0,0.08,0.14,0.04,0.08,1775.5055721807162,1525.191477151628
1978-06-07,Austria,Sweden,1.0,0.0,FIFA World Cup,True,H,5,7.0,7.0,1.4,1.6,1.8,1.4,0.1,0.0,0.14,0.16,0.18000000000000002,0.14,1567.8372538243048,1622.490188010591
1978-06-07,Brazil,Spain,0.0,0.0,FIFA World Cup,True,D,5,7.0,6.0,0.8,1.4,1.0,1.6,0.0,0.0,0.08,0.14,0.1,0.16,1711.7350783068425,1445.59281157834
1978-06-07,Iran,Scotland,1.0,1.0,FIFA World Cup,True,D,5,12.0,5.0,2.6,1.0,0.6,1.2,0.1,0.1,0.26,0.1,0.06000000000000001,0.12000000000000002,1658.5829433621211,1444.1674974173193
1978-06-07,Netherlands,Peru,0.0,0.0,FIFA World Cup,True,D,5,9.0,9.0,2.0,2.4,1.4,2.0,0.0,0.0,0.2,0.24000000000000005,0.14,0.2,1807.4147992558394,1564.354664988357
1978-06-10,France,Hungary,3.0,1.0,FIFA World Cup,True,H,5,1.0,0.0,0.8,0.8,1.8,2.0,0.30000000000000004,0.1,0.08,0.08,0.18,0.2,1355.6624719450915,1429.651850153753
1978-06-10,Mexico,Poland,1.0,3.0,FIFA World Cup,True,A,5,6.0,10.0,1.4,0.8,2.6,0.4,0.1,0.30000000000000004,0.14,0.08,0.26000000000000006,0.04,1322.3809890734171,1794.6458061685155
1978-06-10,Argentina,Italy,0.0,1.0,FIFA World Cup,False,A,5,7.0,10.0,1.2,2.0,1.8,1.2,0.0,0.1,0.12000000000000002,0.2,0.18,0.12000000000000002,1535.9808952580004,1692.734980520562
1978-06-10,Germany,Tunisia,0.0,0.0,FIFA World Cup,True,D,5,11.0,7.0,2.8,1.2,1.0,0.8,0.0,0.0,0.28,0.12000000000000002,0.1,0.08,1853.9553317023406,1506.0512431638288
1978-06-11,Spain,Sweden,1.0,0.0,FIFA World Cup,True,H,5,4.0,4.0,1.0,1.0,1.4,1.6,0.1,0.0,0.1,0.1,0.14,0.16,1477.823242389958,1564.68923615013
1978-06-11,Austria,Brazil,0.0,1.0,FIFA World Cup,True,A,5,7.0,5.0,1.0,0.6,1.6,1.0,0.0,0.1,0.1,0.06000000000000001,0.16,0.1,1625.6382056847658,1679.5046474952244
1978-06-11,Iran,Peru,1.0,4.0,FIFA World Cup,True,A,5,10.0,7.0,2.4,1.8,0.8,1.6,0.1,0.4,0.24000000000000005,0.18000000000000002,0.08,0.16,1631.1263593474414,1594.5598257882918
1978-06-11,Netherlands,Scotland,2.0,3.0,FIFA World Cup,True,A,5,7.0,6.0,1.6,1.0,1.4,1.0,0.2,0.30000000000000004,0.16,0.1,0.14,0.1,1777.2096384559045,1471.624081431999
1978-06-14,Germany,Italy,0.0,0.0,FIFA World Cup,True,D,5,9.0,10.0,2.4,1.6,0.8,1.0,0.0,0.0,0.24000000000000005,0.16,0.08,0.1,1815.8473370401005,1721.5917811399192
1978-06-14,Brazil,Peru,3.0,0.0,FIFA World Cup,True,H,5,5.0,7.0,0.4,2.0,0.8,1.8,0.30000000000000004,0.0,0.04,0.2,0.08,0.18000000000000002,1721.8141646619179,1691.2350805141114
1978-06-14,Argentina,Poland,2.0,0.0,FIFA World Cup,False,H,5,7.0,10.0,1.2,1.0,1.2,0.4,0.2,0.0,0.12000000000000002,0.1,0.12000000000000002,0.04,1494.0765848604005,1803.9287294589012
1978-06-14,Austria,Netherlands,1.0,5.0,FIFA World Cup,True,A,5,7.0,7.0,1.0,1.8,1.2,1.6,0.1,0.5,0.1,0.18000000000000002,0.12000000000000002,0.16,1583.3286885180723,1691.9000497639581
1978-06-18,Argentina,Brazil,0.0,0.0,FIFA World Cup,False,D,5,10.0,8.0,1.4,1.0,0.8,0.4,0.0,0.0,0.14,0.1,0.08,0.04,1609.568477717748,1801.6327918498102
1978-06-18,Austria,Italy,0.0,1.0,FIFA World Cup,True,A,5,7.0,10.0,1.2,1.4,1.8,0.8,0.0,0.1,0.12000000000000002,0.14,0.18,0.08,1513.5990707767442,1734.8329871875949
1978-06-18,Germany,Netherlands,2.0,2.0,FIFA World Cup,True,D,5,7.0,10.0,1.6,2.6,0.4,1.2,0.2,0.2,0.16,0.26,0.04,0.12000000000000002,1802.6061309924248,1761.6296675052865
1978-06-18,Peru,Poland,0.0,1.0,FIFA World Cup,True,A,5,7.0,10.0,1.8,1.0,1.8,0.6,0.0,0.1,0.18000000000000002,0.1,0.18000000000000002,0.06000000000000001,1611.416453326219,1675.506639233327
1978-06-21,Italy,Netherlands,1.0,2.0,FIFA World Cup,True,A,5,13.0,8.0,1.4,2.4,0.4,1.2,0.1,0.2,0.14,0.24000000000000005,0.04,0.12000000000000002,1756.6984334309766,1767.4994639692584
1978-06-21,Brazil,Poland,3.0,1.0,FIFA World Cup,True,H,5,9.0,10.0,1.0,1.0,0.2,0.6,0.30000000000000004,0.1,0.1,0.1,0.02,0.06000000000000001,1776.5017945047323,1716.386532024248
1978-06-21,Argentina,Peru,6.0,0.0,FIFA World Cup,False,H,5,10.0,7.0,1.2,1.4,0.6,1.2,0.6000000000000001,0.0,0.12000000000000002,0.14,0.06000000000000001,0.12000000000000002,1622.515967770199,1570.536560535298
1978-06-21,Austria,Germany,3.0,2.0,FIFA World Cup,True,H,5,6.0,7.0,0.8,1.6,1.6,0.4,0.30000000000000004,0.2,0.08,0.16,0.16,0.04,1491.7336245333624,1796.736334528453
1978-06-24,Brazil,Italy,2.0,1.0,FIFA World Cup,True,H,5,11.0,10.0,1.4,1.2,0.2,0.6,0.2,0.1,0.14,0.12000000000000002,0.02,0.06000000000000001,1838.6528402032068,1708.2523261180816
1978-06-25,Argentina,Netherlands,3.0,1.0,FIFA World Cup,False,H,5,10.0,8.0,2.0,2.2,0.4,1.4,0.30000000000000004,0.1,0.2,0.22000000000000003,0.04,0.14,1681.3646190713462,1815.9455712821534
1980-03-08,Egypt,Ivory Coast,2.0,1.0,African Cup of Nations,True,H,3,4.0,1.0,1.6,0.8,2.2,2.0,0.2,0.1,0.16,0.08,0.22000000000000003,0.2,1504.8995886738394,1452.0975866180572
1980-03-08,Nigeria,Tanzania,3.0,1.0,African Cup of Nations,False,H,3,8.0,0.0,1.8,0.0,1.4,0.0,0.30000000000000004,0.1,0.18000000000000002,0.0,0.14,0.0,1476.465394134863,1500.0
1980-03-09,Guinea,Morocco,1.0,1.0,African Cup of Nations,True,D,3,11.0,8.0,2.0,1.0,1.2,1.2,0.1,0.1,0.2,0.1,0.12000000000000002,0.12000000000000002,1576.3501436823485,1472.9371933616692
1980-03-09,Algeria,Ghana,0.0,0.0,African Cup of Nations,True,D,3,3.0,13.0,1.6666666666666667,1.8,2.0,0.4,0.0,0.0,0.16666666666666666,0.18000000000000002,0.20000000000000004,0.04,1444.563364322182,1678.7662538272766
1980-03-12,Egypt,Tanzania,2.0,1.0,African Cup of Nations,True,H,3,4.0,0.0,1.6,1.0,2.2,3.0,0.2,0.1,0.16,0.1,0.22000000000000003,0.30000000000000004,1530.3750777368246,1451.9564418045532
1980-03-12,Nigeria,Ivory Coast,0.0,0.0,African Cup of Nations,False,D,3,8.0,1.0,1.8,0.8,1.2,2.0,0.0,0.0,0.18000000000000002,0.08,0.12000000000000002,0.2,1511.71843164097,1426.622097555072
1980-03-13,Algeria,Morocco,1.0,0.0,African Cup of Nations,True,H,3,4.0,6.0,1.25,0.8,1.5,1.2,0.1,0.0,0.125,0.08,0.15000000000000002,0.12000000000000002,1462.193281609194,1481.6119114562773
1980-03-13,Ghana,Guinea,1.0,0.0,African Cup of Nations,True,H,3,11.0,9.0,1.4,1.8,0.2,1.2,0.1,0.0,0.14,0.18,0.02,0.12000000000000002,1661.1363365402647,1567.6754255877404
1980-03-15,Ivory Coast,Tanzania,1.0,1.0,African Cup of Nations,True,D,3,2.0,0.0,0.6,1.0,1.4,2.5,0.1,0.1,0.06000000000000001,0.1,0.14,0.25,1433.8264180722908,1428.6149635152904
1980-03-15,Nigeria,Egypt,1.0,0.0,African Cup of Nations,False,H,3,6.0,6.0,1.0,1.8,0.8,2.2,0.1,0.0,0.1,0.18,0.08,0.22000000000000003,1497.0940180124896,1553.7165560260873
1980-03-16,Algeria,Guinea,3.0,2.0,African Cup of Nations,True,H,3,7.0,6.0,1.2,1.4,1.2,1.2,0.30000000000000004,0.2,0.12000000000000002,0.14,0.12000000000000002,0.12000000000000002,1493.868277119297,1545.5563076042474
1980-03-16,Ghana,Morocco,0.0,1.0,African Cup of Nations,True,A,3,13.0,5.0,1.4,0.6,0.0,1.2,0.0,0.1,0.14,0.06000000000000001,0.0,0.12000000000000002,1683.2554545237576,1449.9369159461742
1980-03-19,Algeria,Egypt,2.0,2.0,African Cup of Nations,True,D,3,10.0,6.0,1.8,1.6,1.0,2.0,0.2,0.2,0.18000000000000002,0.16,0.1,0.2,1528.2987427361954,1518.8702038641763
1980-03-19,Nigeria,Morocco,1.0,0.0,African Cup of Nations,False,H,3,8.0,7.0,1.0,0.6,0.6,1.0,0.1,0.0,0.1,0.06000000000000001,0.06000000000000001,0.1,1523.367847477138,1497.5167686405277
1980-03-21,Egypt,Morocco,0.0,2.0,African Cup of Nations,True,A,3,7.0,4.0,1.6,0.4,1.6,1.2,0.0,0.2,0.16,0.04,0.16,0.12000000000000002,1519.684129559784,1469.7448201184216
1980-03-22,Nigeria,Algeria,3.0,0.0,African Cup of Nations,False,H,3,10.0,8.0,1.2,1.4,0.6,1.4,0.30000000000000004,0.0,0.12000000000000002,0.14,0.06000000000000001,0.14,1542.9525835154413,1527.4848170405878
1980-06-11,Czechoslovakia,Germany,0.0,1.0,UEFA Euro,True,A,4,4.0,6.0,1.4,2.0,2.0,1.0,0.0,0.1,0.14,0.2,0.2,0.1,1611.016587626782,1711.4688433541085
1980-06-11,Netherlands,Greece,1.0,0.0,UEFA Euro,True,H,4,7.0,0.0,2.4,0.0,2.0,0.0,0.1,0.0,0.24,0.0,0.2,0.0,1713.2647317145197,1500.0
1980-06-12,Belgium,England,1.0,1.0,UEFA Euro,True,D,4,6.0,9.0,1.4,1.2,1.6,0.8,0.1,0.1,0.14,0.12000000000000002,0.16,0.08,1372.874877246679,1695.8573966756574
1980-06-12,Italy,Spain,0.0,0.0,UEFA Euro,False,D,4,7.0,7.0,0.8,1.0,0.8,1.0,0.0,0.0,0.08,0.1,0.08,0.1,1676.184263879184,1540.070135631823
1980-06-14,Germany,Netherlands,3.0,2.0,UEFA Euro,True,H,4,6.0,10.0,1.0,2.2,1.0,1.4,0.30000000000000004,0.2,0.1,0.22000000000000003,0.1,0.14,1740.2156789341361,1731.392164608259
1980-06-14,Greece,Czechoslovakia,1.0,3.0,UEFA Euro,True,A,4,0.0,4.0,0.0,1.2,1.0,1.4,0.1,0.30000000000000004,0.0,0.12000000000000002,0.1,0.14,1481.8725671062607,1582.2697520467543
1980-06-15,Italy,England,1.0,0.0,UEFA Euro,False,H,4,5.0,7.0,0.6,1.0,0.8,1.0,0.1,0.0,0.06000000000000001,0.1,0.08,0.1,1652.534124009854,1666.6407590508509
1980-06-15,Belgium,Spain,2.0,1.0,UEFA Euro,True,H,4,4.0,5.0,1.0,0.6,1.8,0.8,0.2,0.1,0.1,0.06000000000000001,0.18,0.08,1402.0915148714855,1554.9854701895438
1980-06-17,Greece,Germany,0.0,0.0,UEFA Euro,True,D,4,0.0,8.0,0.5,1.6,2.0,1.4,0.0,0.0,0.05,0.16,0.2,0.14,1438.7435556676032,1779.2000526440413
1980-06-17,Netherlands,Czechoslovakia,1.0,1.0,UEFA Euro,True,D,4,7.0,7.0,1.6,1.6,1.8,1.2,0.1,0.1,0.16,0.16,0.18000000000000002,0.12000000000000002,1692.4077908983538,1625.3987634854118
1980-06-18,Italy,Belgium,0.0,0.0,UEFA Euro,False,D,4,7.0,7.0,0.8,1.2,0.8,1.2,0.0,0.0,0.08,0.12000000000000002,0.08,0.12000000000000002,1682.8419413230133,1458.6394203806829
1980-06-18,Spain,England,1.0,2.0,UEFA Euro,True,A,4,5.0,4.0,0.6,0.8,0.8,1.2,0.1,0.2,0.06000000000000001,0.08,0.08,0.12000000000000002,1498.4375646803464,1625.0175645394636
1980-06-21,Italy,Czechoslovakia,1.0,1.0,UEFA Euro,False,D,4,5.0,8.0,0.6,1.8,0.8,1.2,0.1,0.1,0.06000000000000001,0.18000000000000002,0.08,0.12000000000000002,1653.5599490414431,1633.0192082602575
1980-06-22,Belgium,Germany,1.0,2.0,UEFA Euro,True,A,4,8.0,8.0,1.2,1.6,1.0,1.4,0.1,0.2,0.12000000000000002,0.16,0.1,0.14,1481.3795007748374,1749.0789304849814
1980-09-15,Kuwait,United Arab Emirates,1.0,1.0,AFC Asian Cup,False,D,3,9.0,0.0,1.2,0.0,1.4,0.0,0.1,0.1,0.12000000000000002,0.0,0.14,0.0,1568.965868855157,1500.0
1980-09-16,North Korea,Bangladesh,3.0,2.0,AFC Asian Cup,True,H,3,4.0,0.0,1.25,0.0,2.25,0.0,0.30000000000000004,0.2,0.125,0.0,0.225,0.0,1491.0628362401762,1500.0
1980-09-16,Malaysia,South Korea,1.0,1.0,AFC Asian Cup,True,D,3,1.0,5.0,0.5,1.4,1.5,1.2,0.1,0.1,0.05,0.14,0.15000000000000002,0.12000000000000002,1457.6605573918703,1491.3136367262339
1980-09-17,Iran,Syria,0.0,0.0,AFC Asian Cup,True,D,3,7.0,0.0,1.0,0.0,1.6,0.0,0.0,0.0,0.1,0.0,0.16,0.0,1534.4511046216219,1500.0
1980-09-17,Qatar,United Arab Emirates,2.0,1.0,AFC Asian Cup,True,H,3,0.0,1.0,0.0,1.0,0.0,1.0,0.2,0.1,0.0,0.1,0.0,0.1,1500.0,1505.8779920200152
1980-09-18,North Korea,China PR,2.0,1.0,AFC Asian Cup,True,H,3,7.0,4.0,1.6,0.5,2.2,1.0,0.2,0.1,0.16,0.05,0.22000000000000003,0.1,1521.8343628304328,1484.1753379419033
1980-09-18,Kuwait,Malaysia,3.0,1.0,AFC Asian Cup,False,H,3,10.0,2.0,1.4,0.6666666666666666,0.8,1.3333333333333333,0.30000000000000004,0.1,0.14,0.06666666666666667,0.08,0.13333333333333333,1555.427076868293,1460.5573441739798
1980-09-19,Bangladesh,Syria,0.0,1.0,AFC Asian Cup,True,A,3,0.0,1.0,2.0,0.0,3.0,0.0,0.0,0.1,0.2,0.0,0.30000000000000004,0.0,1469.2284734097434,1502.9650360956743
1980-09-19,Qatar,South Korea,0.0,2.0,AFC Asian Cup,True,A,3,3.0,5.0,2.0,1.6,1.0,1.4,0.0,0.2,0.2,0.16,0.1,0.14,1530.507498211238,1488.4168499441244
1980-09-20,China PR,Iran,2.0,2.0,AFC Asian Cup,True,D,3,4.0,5.0,0.6,0.6,1.2,1.6,0.2,0.2,0.06000000000000001,0.06000000000000001,0.12000000000000002,0.16,1457.4144045332391,1531.4860685259475
1980-09-20,United Arab Emirates,Malaysia,0.0,2.0,AFC Asian Cup,True,A,3,1.0,2.0,1.0,0.75,1.5,1.75,0.0,0.2,0.1,0.07500000000000001,0.15000000000000002,0.17500000000000002,1475.3704938087772,1427.5483644831766
1980-09-21,Kuwait,South Korea,0.0,3.0,AFC Asian Cup,False,A,3,10.0,5.0,1.6,1.2,1.0,1.2,0.0,0.30000000000000004,0.16,0.12000000000000002,0.1,0.12000000000000002,1577.5387180467299,1538.8419335376768
1980-09-22,Bangladesh,Iran,0.0,7.0,AFC Asian Cup,True,A,3,0.0,3.0,1.0,0.8,2.0,2.0,0.0,0.7000000000000001,0.1,0.08,0.2,0.2,1442.1324013475196,1525.1853791318035
1980-09-23,Syria,China PR,1.0,0.0,AFC Asian Cup,True,H,3,4.0,4.0,0.5,0.8,0.0,1.4,0.1,0.0,0.05,0.08,0.0,0.14,1530.0611081578982,1463.7150939273831
1980-09-23,Malaysia,Qatar,1.0,1.0,AFC Asian Cup,True,D,3,5.0,3.0,1.0,1.0,1.4,1.5,0.1,0.1,0.1,0.1,0.14,0.15000000000000002,1478.7034844678967,1480.0824146176856
1980-09-24,Iran,North Korea,3.0,2.0,AFC Asian Cup,True,H,3,6.0,10.0,2.2,2.0,1.4,1.8,0.30000000000000004,0.2,0.22000000000000003,0.2,0.14,0.18,1571.109729681332,1548.595296239097
1980-09-24,South Korea,United Arab Emirates,4.0,1.0,AFC Asian Cup,True,H,3,8.0,1.0,1.6,0.6666666666666666,0.8,1.6666666666666667,0.4,0.1,0.16,0.06666666666666667,0.08,0.16666666666666666,1597.1652345297405,1424.215373824057
1980-09-25,China PR,Bangladesh,6.0,0.0,AFC Asian Cup,True,H,3,4.0,0.0,0.8,0.6666666666666666,1.4,3.6666666666666665,0.6000000000000001,0.0,0.08,0.06666666666666667,0.14,0.3666666666666667,1439.375236179257,1396.208050797991
1980-09-25,Kuwait,Qatar,4.0,0.0,AFC Asian Cup,False,H,3,7.0,4.0,1.4,1.0,1.6,1.3333333333333333,0.4,0.0,0.14,0.10000000000000002,0.16,0.13333333333333333,1505.127280749846,1479.9633488425904
1980-09-26,Syria,North Korea,1.0,2.0,AFC Asian Cup,True,A,3,7.0,9.0,0.6666666666666666,2.2,0.0,2.2,0.1,0.2,0.06666666666666667,0.22000000000000003,0.0,0.22000000000000003,1554.4009659060243,1520.5366320597645
1980-09-28,South Korea,North Korea,2.0,1.0,AFC Asian Cup,True,H,3,10.0,9.0,2.2,2.4,0.8,2.4,0.2,0.1,0.22000000000000003,0.24000000000000005,0.08,0.24000000000000005,1625.4954363454433,1553.4514888834076
1980-09-28,Kuwait,Iran,2.0,1.0,AFC Asian Cup,False,H,3,7.0,8.0,1.6,2.6,1.2,1.6,0.2,0.1,0.16,0.26,0.12000000000000002,0.16,1544.4011875523927,1599.1683938606645
1980-09-29,Iran,North Korea,3.0,0.0,AFC Asian Cup,True,H,3,8.0,9.0,2.6,2.0,1.2,1.8,0.30000000000000004,0.0,0.26,0.2,0.12000000000000002,0.18000000000000002,1564.478196373632,1529.584610697454
1980-09-30,Kuwait,South Korea,3.0,0.0,AFC Asian Cup,False,H,3,10.0,13.0,2.0,2.4,1.2,0.6,0.30000000000000004,0.0,0.2,0.24000000000000005,0.12000000000000002,0.06000000000000001,1570.5173922933714,1649.3623145313968
1982-03-05,Cameroon,Tunisia,1.0,1.0,African Cup of Nations,True,D,3,10.0,5.0,2.0,0.6,1.0,0.6,0.1,0.1,0.2,0.06000000000000001,0.1,0.06000000000000001,1539.1126378217164,1544.1592378260689
1982-03-05,Libya,Ghana,2.0,2.0,African Cup of Nations,False,D,3,0.0,10.0,0.0,0.8,0.0,0.2,0.2,0.2,0.0,0.08,0.0,0.02,1500.0,1635.675601829404
1982-03-07,Algeria,Zambia,1.0,0.0,African Cup of Nations,True,H,3,8.0,5.0,1.2,1.0,1.4,1.2,0.1,0.0,0.12000000000000002,0.1,0.14,0.12000000000000002,1477.320564141927,1538.1882821570562
1982-03-07,Ethiopia,Nigeria,0.0,3.0,African Cup of Nations,True,A,3,4.0,13.0,1.4,1.6,2.4,0.2,0.0,0.30000000000000004,0.14,0.16,0.24000000000000005,0.02,1334.7139923039263,1578.6198001245953
1982-03-09,Libya,Tunisia,2.0,0.0,African Cup of Nations,False,H,3,1.0,5.0,2.0,0.8,2.0,0.8,0.2,0.0,0.2,0.08,0.2,0.08,1503.0696979792451,1543.7235099967177
1982-03-09,Cameroon,Ghana,0.0,0.0,African Cup of Nations,True,D,3,8.0,8.0,1.8,1.0,1.0,0.6,0.0,0.0,0.18,0.1,0.1,0.06000000000000001,1539.5483656510676,1624.5217167759429
1982-03-10,Algeria,Nigeria,2.0,1.0,African Cup of Nations,True,H,3,10.0,13.0,1.4,1.6,1.4,0.0,0.2,0.1,0.14,0.16,0.14,0.0,1512.5231876502726,1599.3233480719716
1982-03-10,Ethiopia,Zambia,0.0,1.0,African Cup of Nations,True,A,3,4.0,4.0,1.0,0.6,2.4,1.0,0.0,0.1,0.1,0.06000000000000001,0.24000000000000005,0.1,1314.01044435655,1502.9856586487106
1982-03-12,Libya,Cameroon,0.0,0.0,African Cup of Nations,False,D,3,4.0,6.0,2.0,1.4,1.0,1.0,0.0,0.0,0.2,0.13999999999999999,0.1,0.1,1540.457049154616,1546.7426785159
1982-03-12,Ghana,Tunisia,1.0,0.0,African Cup of Nations,True,H,3,6.0,5.0,0.6,0.8,0.6,1.0,0.1,0.0,0.06000000000000001,0.08,0.06000000000000001,0.1,1617.3274039111104,1493.4819116711897
1982-03-13,Nigeria,Zambia,0.0,3.0,African Cup of Nations,True,A,3,12.0,7.0,1.8,0.8,0.4,0.6,0.0,0.30000000000000004,0.18000000000000002,0.08,0.04,0.06000000000000001,1561.9805558426854,1518.107299889969
1982-03-13,Algeria,Ethiopia,0.0,0.0,African Cup of Nations,True,D,3,10.0,4.0,1.6,0.8,1.6,1.4,0.0,0.0,0.16,0.08,0.16,0.14,1549.8659798795588,1298.8888031152915
1982-03-16,Algeria,Ghana,2.0,3.0,African Cup of Nations,True,A,3,8.0,8.0,1.0,0.8,1.2,0.6,0.2,0.30000000000000004,0.1,0.08,0.12000000000000002,0.06000000000000001,1531.3147171188523,1637.0647472852163
1982-03-16,Libya,Zambia,2.0,1.0,African Cup of Nations,False,H,3,5.0,10.0,1.3333333333333333,1.2,0.6666666666666666,0.2,0.2,0.1,0.13333333333333333,0.12000000000000002,0.06666666666666667,0.02,1532.55579587632,1577.2018474528275
1982-03-18,Algeria,Zambia,0.0,2.0,African Cup of Nations,True,A,3,7.0,7.0,1.0,1.0,1.4,0.6,0.0,0.2,0.1,0.1,0.14,0.06000000000000001,1510.1740002734941,1543.3678773156626
1982-03-19,Libya,Ghana,1.0,1.0,African Cup of Nations,False,D,3,8.0,8.0,1.5,1.2,0.75,1.0,0.1,0.1,0.15000000000000002,0.12000000000000002,0.07500000000000001,0.1,1557.8161864184758,1658.2054641305745
1982-06-13,Argentina,Belgium,0.0,1.0,FIFA World Cup,True,A,5,10.0,8.0,2.2,1.2,0.4,1.0,0.0,0.1,0.22000000000000003,0.12000000000000002,0.04,0.1,1763.8049643362667,1467.2683254876547
1982-06-14,Brazil,Russia,2.0,1.0,FIFA World Cup,True,H,5,13.0,9.0,1.8,1.4,0.4,1.0,0.2,0.1,0.18000000000000002,0.14,0.04,0.1,1870.7209024421043,1586.0818865773397
1982-06-14,Italy,Poland,0.0,0.0,FIFA World Cup,True,D,5,6.0,9.0,0.6,1.2,0.6,1.2,0.0,0.0,0.06000000000000001,0.12000000000000002,0.06000000000000001,0.12000000000000002,1640.213442198209,1654.2354863257735
1982-06-15,Hungary,El Salvador,10.0,1.0,FIFA World Cup,True,H,5,0.0,0.0,0.8,0.0,2.2,3.0,1.0,0.1,0.08,0.0,0.22000000000000003,0.30000000000000004,1338.9171068154778,1247.0544424086395
1982-06-15,Peru,Cameroon,0.0,0.0,FIFA World Cup,True,D,5,4.0,6.0,0.8,1.2,2.2,0.8,0.0,0.0,0.08,0.12,0.22000000000000003,0.08,1485.3868049526109,1546.1999928544874
1982-06-15,Scotland,New Zealand,5.0,2.0,FIFA World Cup,True,H,5,6.0,0.0,1.2,0.0,1.4,0.0,0.5,0.2,0.12000000000000002,0.0,0.14,0.0,1556.9336701239454,1500.0
1982-06-16,England,France,3.0,1.0,FIFA World Cup,True,H,5,7.0,3.0,1.2,1.2,1.2,1.8,0.30000000000000004,0.1,0.12000000000000002,0.12000000000000002,0.12000000000000002,0.18,1651.0567945779205,1446.3972152833667
1982-06-16,Germany,Algeria,1.0,2.0,FIFA World Cup,True,A,5,10.0,7.0,1.6,1.0,1.2,1.2,0.1,0.2,0.16,0.1,0.12000000000000002,0.12000000000000002,1763.190105772164,1469.4602514304217
1982-06-16,Spain,Honduras,1.0,1.0,FIFA World Cup,False,D,5,5.0,0.0,0.6,0.0,0.8,0.0,0.1,0.1,0.06000000000000001,0.0,0.08,0.0,1472.3983346418895,1500.0
1982-06-17,Czechoslovakia,Kuwait,1.0,1.0,FIFA World Cup,True,D,5,6.0,12.0,1.4,2.4,1.2,1.0,0.1,0.1,0.14,0.24000000000000005,0.12000000000000002,0.1,1635.3812970131978,1619.8246535674202
1982-06-17,Yugoslavia,Northern Ireland,0.0,0.0,FIFA World Cup,True,D,5,0.0,7.0,1.2,1.2,2.6,2.0,0.0,0.0,0.12000000000000002,0.12000000000000002,0.26,0.2,1452.5620899329633,1460.0767801111958
1982-06-17,Chile,Austria,0.0,1.0,FIFA World Cup,True,A,5,3.0,6.0,0.6,1.0,1.0,1.8,0.0,0.1,0.06000000000000001,0.1,0.1,0.18,1474.0850506777674,1577.001115707707
1982-06-18,Argentina,Hungary,4.0,1.0,FIFA World Cup,True,H,5,10.0,3.0,2.2,2.8,0.4,2.2,0.4,0.1,0.22000000000000003,0.27999999999999997,0.04,0.22000000000000003,1679.1602603617594,1413.0762824644232
1982-06-18,Brazil,Scotland,4.0,1.0,FIFA World Cup,True,H,5,13.0,8.0,2.0,2.2,0.6,1.8,0.4,0.1,0.2,0.22000000000000003,0.06000000000000001,0.18000000000000002,1886.9876404087433,1630.2221751059683
1982-06-18,Italy,Peru,1.0,1.0,FIFA World Cup,True,D,5,7.0,4.0,0.4,0.8,0.2,2.2,0.1,0.1,0.04,0.08,0.02,0.22000000000000003,1642.2302816531799,1494.05023242412
1982-06-19,Belgium,El Salvador,1.0,0.0,FIFA World Cup,True,H,5,8.0,0.0,1.0,0.25,0.8,4.75,0.1,0.0,0.1,0.025,0.08,0.47500000000000003,1551.913029462162,1172.895266759694
1982-06-19,Poland,Cameroon,0.0,0.0,FIFA World Cup,True,D,5,7.0,7.0,1.0,1.2,1.2,0.6,0.0,0.0,0.1,0.12,0.12000000000000002,0.06000000000000001,1652.2186468708026,1537.5365653829783
1982-06-19,Russia,New Zealand,3.0,0.0,FIFA World Cup,True,H,5,6.0,0.0,0.8,2.0,1.2,5.0,0.30000000000000004,0.0,0.08,0.2,0.12000000000000002,0.5,1569.8151486107006,1426.711495017977
1982-06-20,England,Czechoslovakia,2.0,0.0,FIFA World Cup,True,H,5,7.0,6.0,1.6,1.2,1.4,1.0,0.2,0.0,0.16,0.12000000000000002,0.14,0.1,1686.3654820960548,1633.1440110029223
1982-06-20,Germany,Chile,4.0,1.0,FIFA World Cup,True,H,5,10.0,2.0,1.4,0.4,1.0,1.0,0.4,0.1,0.14,0.04,0.1,0.1,1678.7565809711389,1438.477358445512
1982-06-20,Spain,Yugoslavia,2.0,1.0,FIFA World Cup,False,H,5,5.0,1.0,0.8,1.2,1.0,2.2,0.2,0.1,0.08,0.12000000000000002,0.1,0.22000000000000003,1462.1276062866914,1453.6433721740254
1982-06-21,France,Kuwait,4.0,1.0,FIFA World Cup,True,H,5,3.0,10.0,1.2,2.0,2.0,1.0,0.4,0.1,0.12000000000000002,0.2,0.2,0.1,1411.0885277652324,1622.0619395776957
1982-06-21,Honduras,Northern Ireland,1.0,1.0,FIFA World Cup,True,D,5,1.0,5.0,1.0,1.0,1.0,2.0,0.1,0.1,0.1,0.1,0.1,0.2,1496.0361366477687,1458.9954978701337
1982-06-21,Algeria,Austria,0.0,2.0,FIFA World Cup,True,A,5,7.0,6.0,1.2,1.0,1.4,1.8,0.0,0.2,0.12000000000000002,0.1,0.14,0.18,1553.893776231447,1612.6088079399624
1982-06-22,Belgium,Hungary,1.0,1.0,FIFA World Cup,True,D,5,10.0,3.0,1.0,2.8,0.6,2.6,0.1,0.1,0.1,0.27999999999999997,0.06000000000000001,0.26,1562.0526948773552,1381.9709554317708
1982-06-22,Poland,Peru,5.0,1.0,FIFA World Cup,True,H,5,5.0,2.0,0.4,0.2,1.0,2.2,0.5,0.1,0.04,0.02,0.1,0.22000000000000003,1636.288943672847,1514.1696925191552
1982-06-22,Russia,Scotland,2.0,2.0,FIFA World Cup,True,D,5,6.0,7.0,1.0,2.2,1.2,2.4,0.2,0.2,0.1,0.22000000000000003,0.12000000000000002,0.24000000000000005,1623.1838136370934,1597.7210879822555
1982-06-23,Argentina,El Salvador,2.0,0.0,FIFA World Cup,True,H,5,10.0,0.0,2.6,0.2,0.6,4.0,0.2,0.0,0.26000000000000006,0.02,0.06000000000000001,0.4,1710.2655873944118,1162.755601344501
1982-06-23,Brazil,New Zealand,4.0,0.0,FIFA World Cup,True,H,5,13.0,0.0,2.2,1.0,0.8,4.0,0.4,0.0,0.22000000000000003,0.1,0.08,0.4,1919.488727532456,1373.3428299915843
1982-06-23,Italy,Cameroon,1.0,1.0,FIFA World Cup,True,D,5,7.0,5.0,0.6,0.2,0.4,0.2,0.1,0.1,0.06000000000000001,0.02,0.04,0.02,1622.1108215581446,1553.466268580934
1982-06-24,France,Czechoslovakia,1.0,1.0,FIFA World Cup,True,D,5,6.0,6.0,2.0,1.2,1.8,1.2,0.1,0.1,0.2,0.12000000000000002,0.18000000000000002,0.12000000000000002,1546.0287958155432,1569.5437622405643
1982-06-24,Honduras,Yugoslavia,0.0,1.0,FIFA World Cup,True,A,5,2.0,1.0,1.0,1.2,1.0,2.2,0.0,0.1,0.1,0.12000000000000002,0.1,0.22000000000000003,1490.725664641234,1404.8641089723294
1982-06-24,Algeria,Chile,3.0,2.0,FIFA World Cup,True,H,5,4.0,2.0,0.8,0.4,1.6,1.4,0.30000000000000004,0.2,0.08,0.04,0.16,0.14,1491.4491368538256,1403.3894686362678
1982-06-25,Spain,Northern Ireland,0.0,1.0,FIFA World Cup,False,A,5,5.0,6.0,1.0,1.0,1.2,1.6,0.0,0.1,0.1,0.1,0.12000000000000002,0.16,1497.0038057169807,1464.3059698766683
1982-06-25,Germany,Austria,1.0,0.0,FIFA World Cup,True,H,5,10.0,9.0,2.0,1.4,1.2,1.6,0.1,0.0,0.2,0.14,0.12000000000000002,0.16,1713.844470780383,1675.0534473175837
1982-06-25,England,Kuwait,1.0,0.0,FIFA World Cup,True,H,5,10.0,10.0,1.6,2.2,0.8,1.2,0.1,0.0,0.16,0.22000000000000003,0.08,0.12000000000000002,1749.9657308584128,1487.121671527385
1982-06-28,Austria,France,0.0,1.0,FIFA World Cup,True,A,5,9.0,7.0,1.2,2.0,0.8,1.6,0.0,0.1,0.12000000000000002,0.2,0.08,0.16,1630.6128430770946,1549.407713719379
1982-06-28,Poland,Belgium,3.0,0.0,FIFA World Cup,True,H,5,8.0,8.0,1.4,0.8,0.8,0.6,0.30000000000000004,0.0,0.13999999999999999,0.08,0.08,0.06000000000000001,1702.5195397749249,1538.2326971037287
1982-06-29,Germany,England,0.0,0.0,FIFA World Cup,True,D,5,10.0,12.0,1.6,1.6,0.8,0.6,0.0,0.0,0.16,0.16,0.08,0.06000000000000001,1758.2850750208722,1768.0144231134254
1982-06-29,Italy,Argentina,2.0,1.0,FIFA World Cup,True,H,5,5.0,12.0,0.6,3.0,0.6,0.6,0.2,0.1,0.06000000000000001,0.30000000000000004,0.06000000000000001,0.06000000000000001,1612.3586421255359,1716.419116326275
1982-07-01,Austria,Northern Ireland,2.0,2.0,FIFA World Cup,True,D,5,9.0,8.0,1.2,0.8,0.8,1.2,0.2,0.2,0.12000000000000002,0.08,0.08,0.12000000000000002,1569.1347383941093,1518.997723176761
1982-07-01,Belgium,Russia,0.0,1.0,FIFA World Cup,True,A,5,7.0,7.0,0.8,1.4,1.2,1.4,0.0,0.1,0.08,0.14,0.12000000000000002,0.14,1489.2767665830802,1619.525979344481
1982-07-02,Spain,Germany,1.0,2.0,FIFA World Cup,False,A,5,4.0,10.0,1.0,1.6,1.4,0.8,0.1,0.2,0.1,0.16,0.14,0.08,1428.784466302223,1759.6848748816692
1982-07-02,Argentina,Brazil,1.0,3.0,FIFA World Cup,True,A,5,9.0,15.0,2.0,3.0,1.0,0.8,0.1,0.30000000000000004,0.2,0.3,0.1,0.08,1651.8759042279398,1927.7554389558854
1982-07-04,France,Northern Ireland,4.0,1.0,FIFA World Cup,True,H,5,10.0,6.0,2.0,0.8,1.2,1.4,0.4,0.1,0.2,0.08,0.12000000000000002,0.14,1610.8858184023643,1526.1633491037426
1982-07-04,Poland,Russia,0.0,0.0,FIFA World Cup,True,D,5,8.0,7.0,1.8,1.4,0.8,1.4,0.0,0.0,0.18,0.14,0.08,0.14,1751.4754702955734,1651.613017945175
1982-07-05,Italy,Brazil,3.0,2.0,FIFA World Cup,True,H,5,7.0,15.0,1.0,3.0,0.8,0.8,0.30000000000000004,0.2,0.1,0.3,0.08,0.08,1676.901854223871,1953.2033519953798
1982-07-05,Spain,England,0.0,0.0,FIFA World Cup,False,D,5,4.0,13.0,1.0,1.6,1.4,0.4,0.0,0.0,0.1,0.16,0.14,0.04,1407.8547906226117,1766.6146232526285
1982-07-08,Germany,France,3.0,3.0,FIFA World Cup,True,D,5,10.0,10.0,1.6,2.2,0.8,1.2,0.30000000000000004,0.30000000000000004,0.16,0.22000000000000003,0.08,0.12000000000000002,1772.641313201548,1677.4619659617626
1982-07-08,Poland,Italy,0.0,2.0,FIFA World Cup,True,A,5,9.0,9.0,1.6,1.4,0.2,1.0,0.0,0.2,0.16,0.14,0.02,0.1,1737.487213689821,1759.9707691095236
1982-07-10,Poland,France,3.0,2.0,FIFA World Cup,True,H,5,8.0,11.0,1.6,2.6,0.6,1.2,0.30000000000000004,0.2,0.16,0.26,0.06000000000000001,0.12000000000000002,1667.3339155586368,1690.8267053721108
1982-07-11,Italy,Germany,3.0,1.0,FIFA World Cup,True,H,5,11.0,11.0,1.8,2.0,1.0,1.0,0.30000000000000004,0.1,0.18000000000000002,0.2,0.1,0.1,1830.1240672407077,1759.2765737911998
1984-03-04,Cameroon,Egypt,0.0,1.0,African Cup of Nations,True,A,3,5.0,7.0,0.2,1.2,0.2,1.4,0.0,0.1,0.02,0.12000000000000002,0.02,0.14,1563.2184480135427,1468.2601492743595
1984-03-04,Ivory Coast,Togo,3.0,0.0,African Cup of Nations,False,H,3,3.0,2.0,0.8,1.3333333333333333,1.4,2.0,0.30000000000000004,0.0,0.08,0.13333333333333333,0.14,0.20000000000000004,1433.3764586586235,1460.524778094814
1984-03-05,Algeria,Malawi,3.0,0.0,African Cup of Nations,True,H,3,6.0,0.0,1.4,0.0,2.0,0.0,0.30000000000000004,0.0,0.14,0.0,0.2,0.0,1529.04090253515,1500.0
1984-03-05,Ghana,Nigeria,1.0,2.0,African Cup of Nations,True,A,3,9.0,9.0,1.4,1.6,1.0,1.0,0.1,0.2,0.14,0.16,0.1,0.1,1649.7705986368073,1502.886008279827
1984-03-07,Ivory Coast,Egypt,1.0,2.0,African Cup of Nations,False,A,3,5.0,7.0,1.0,1.0,1.0,1.2,0.1,0.2,0.1,0.1,0.1,0.12000000000000002,1475.026598223988,1506.261266736144
1984-03-07,Cameroon,Togo,4.0,1.0,African Cup of Nations,True,H,3,4.0,2.0,0.2,1.0,0.4,2.25,0.4,0.1,0.02,0.1,0.04,0.22500000000000003,1525.217330551758,1403.930801848987
1984-03-08,Algeria,Ghana,2.0,0.0,African Cup of Nations,True,H,3,9.0,8.0,1.6,1.2,1.4,1.0,0.2,0.0,0.16,0.12000000000000002,0.14,0.1,1577.1628060065568,1607.7928100534702
1984-03-08,Malawi,Nigeria,2.0,2.0,African Cup of Nations,True,D,3,0.0,9.0,0.0,1.8,3.0,1.2,0.2,0.2,0.0,0.18000000000000002,0.30000000000000004,0.12000000000000002,1451.8780965285935,1544.863796863164
1984-03-10,Egypt,Togo,0.0,0.0,African Cup of Nations,True,D,3,7.0,2.0,1.0,1.0,1.2,2.6,0.0,0.0,0.1,0.1,0.12000000000000002,0.26,1533.5714911176042,1369.048167837406
1984-03-10,Ivory Coast,Cameroon,0.0,2.0,African Cup of Nations,False,A,3,5.0,6.0,1.2,1.0,1.0,0.6,0.0,0.2,0.12000000000000002,0.1,0.1,0.06000000000000001,1439.16525912457,1560.099964563339
1984-03-11,Algeria,Nigeria,0.0,0.0,African Cup of Nations,True,D,3,12.0,7.0,2.0,1.6,1.0,1.6,0.0,0.0,0.2,0.16,0.1,0.16,1626.1197705658021,1537.0211298826157
1984-03-11,Ghana,Malawi,1.0,0.0,African Cup of Nations,True,H,3,7.0,1.0,1.2,1.0,1.4,2.5,0.1,0.0,0.12000000000000002,0.1,0.14,0.25,1558.835845494225,1459.7207635091418
1984-03-14,Algeria,Cameroon,0.0,0.0,African Cup of Nations,True,D,3,10.0,8.0,1.6,1.4,0.8,0.6,0.0,0.0,0.16,0.14,0.08,0.06000000000000001,1618.5907055441244,1590.0398158854762
1984-03-14,Egypt,Nigeria,2.0,2.0,African Cup of Nations,True,D,3,8.0,5.0,1.0,1.0,1.0,1.6,0.2,0.2,0.1,0.1,0.1,0.16,1520.3399293867276,1544.5501949042934
1984-03-17,Algeria,Egypt,3.0,1.0,African Cup of Nations,True,H,3,11.0,8.0,1.6,1.0,0.4,1.0,0.30000000000000004,0.1,0.16,0.1,0.04,0.1,1616.130957883385,1522.4270347389481
1984-03-18,Cameroon,Nigeria,3.0,1.0,African Cup of Nations,True,H,3,8.0,6.0,1.4,1.2,0.6,1.6,0.30000000000000004,0.1,0.14,0.12000000000000002,0.06000000000000001,0.16,1592.4995635462155,1542.463089552073
1984-06-12,France,Denmark,1.0,0.0,UEFA Euro,False,H,4,8.0,0.0,2.2,0.5,1.6,3.0,0.1,0.0,0.22000000000000003,0.05,0.16,0.30000000000000004,1637.4509643780023,1415.384207761077
1984-06-13,Belgium,Yugoslavia,2.0,0.0,UEFA Euro,True,H,4,7.0,4.0,0.6,1.2,1.0,1.8,0.2,0.0,0.06000000000000001,0.12000000000000002,0.1,0.18000000000000002,1457.189727982386,1466.9750282755808
1984-06-14,Germany,Portugal,0.0,0.0,UEFA Euro,True,D,4,8.0,12.0,1.4,2.8,1.4,1.4,0.0,0.0,0.14,0.28,0.14,0.14,1699.361724120673,1767.31512444399
1984-06-14,Romania,Spain,1.0,1.0,UEFA Euro,True,D,4,4.0,5.0,1.6,0.8,2.0,1.0,0.1,0.1,0.16,0.08,0.2,0.1,1442.4195101884163,1439.4557325449894
1984-06-16,Denmark,Yugoslavia,5.0,0.0,UEFA Euro,True,H,4,0.0,4.0,0.3333333333333333,0.8,2.3333333333333335,1.4,0.5,0.0,0.03333333333333333,0.08,0.23333333333333336,0.14,1397.9572876522002,1405.2856134568192
1984-06-16,France,Belgium,5.0,0.0,UEFA Euro,False,H,4,10.0,7.0,2.2,0.8,1.4,1.0,0.5,0.0,0.22000000000000003,0.08,0.14,0.1,1648.2836043273483,1518.8791428011477
1984-06-17,Portugal,Spain,1.0,1.0,UEFA Euro,True,D,4,10.0,5.0,2.2,0.8,1.4,1.0,0.1,0.1,0.22000000000000003,0.08,0.14,0.1,1759.5899553236852,1439.7969417796517
1984-06-17,Germany,Romania,2.0,1.0,UEFA Euro,True,H,4,6.0,4.0,1.2,1.2,1.4,1.6,0.2,0.1,0.12000000000000002,0.12000000000000002,0.14,0.16,1707.0868932409778,1442.078300953754
1984-06-19,Denmark,Belgium,3.0,2.0,UEFA Euro,True,H,4,3.0,4.0,1.5,0.6,1.75,2.0,0.30000000000000004,0.2,0.15,0.06000000000000001,0.17500000000000002,0.2,1479.6444468301904,1467.3701878440932
1984-06-19,France,Yugoslavia,3.0,2.0,UEFA Euro,False,H,4,10.0,4.0,3.0,0.4,1.4,1.8,0.30000000000000004,0.2,0.3,0.04,0.14,0.18,1681.9996736030744,1323.598454278829
1984-06-20,Germany,Spain,0.0,1.0,UEFA Euro,True,A,4,8.0,3.0,1.6,0.6,1.6,1.0,0.0,0.1,0.16,0.06000000000000001,0.16,0.1,1721.3789948778983,1468.8411293150075
1984-06-20,Portugal,Romania,1.0,0.0,UEFA Euro,True,H,4,8.0,4.0,1.8,1.2,1.4,1.6,0.1,0.0,0.18,0.12000000000000002,0.14,0.16,1730.5457677883294,1427.7861993168335
1984-06-23,France,Portugal,3.0,2.0,UEFA Euro,False,H,4,10.0,8.0,2.8,1.0,1.6,0.8,0.30000000000000004,0.2,0.28,0.1,0.16,0.08,1687.3344396899017,1742.4621331699605
1984-06-24,Denmark,Spain,1.0,1.0,UEFA Euro,True,D,4,6.0,6.0,1.8,0.8,1.8,0.8,0.1,0.1,0.18,0.08,0.18000000000000002,0.08,1518.231908145998,1533.6868112582772
1984-06-27,France,Spain,2.0,0.0,UEFA Euro,False,H,4,12.0,7.0,2.8,0.8,1.4,0.6,0.2,0.0,0.28,0.08,0.14,0.06000000000000001,1722.196858520317,1531.9086724395536
1984-12-01,Iran,United Arab Emirates,3.0,0.0,AFC Asian Cup,True,H,3,10.0,1.0,3.2,0.75,1.2,2.25,0.30000000000000004,0.0,0.32,0.07500000000000001,0.12000000000000002,0.225,1611.7231826514144,1395.8851720083542
1984-12-01,Qatar,Syria,1.0,1.0,AFC Asian Cup,True,D,3,4.0,7.0,0.75,0.75,2.0,0.5,0.1,0.1,0.07500000000000001,0.07500000000000001,0.2,0.05,1424.3014230822732,1521.4861090823813
1984-12-02,Singapore,India,2.0,0.0,AFC Asian Cup,False,H,3,0.0,6.0,0.0,1.6666666666666667,0.0,1.0,0.2,0.0,0.0,0.16666666666666666,0.0,0.10000000000000002,1500.0,1536.3634771315274
1984-12-02,Saudi Arabia,South Korea,1.0,1.0,AFC Asian Cup,True,D,3,0.0,12.0,0.0,2.2,0.0,1.0,0.1,0.1,0.0,0.22000000000000003,0.0,0.1,1500.0,1585.1486765490617
1984-12-03,China PR,Iran,0.0,2.0,AFC Asian Cup,True,A,3,7.0,12.0,2.0,3.4,1.0,0.8,0.0,0.2,0.2,0.34,0.1,0.08,1491.95865106528,1635.2439675455862
1984-12-03,Kuwait,Qatar,1.0,0.0,AFC Asian Cup,True,H,3,7.0,5.0,1.4,0.8,1.4,1.8,0.1,0.0,0.14,0.08,0.14,0.18,1469.0729792723723,1432.4808008347243
1984-12-04,United Arab Emirates,India,2.0,0.0,AFC Asian Cup,True,H,3,1.0,6.0,0.6,1.25,2.4,1.25,0.2,0.0,0.06000000000000001,0.125,0.24000000000000005,0.125,1372.3643871141824,1486.6707870597986
1984-12-04,Syria,Saudi Arabia,0.0,1.0,AFC Asian Cup,True,A,3,8.0,1.0,0.8,1.0,0.6,1.0,0.0,0.1,0.08,0.1,0.06000000000000001,0.1,1513.3067313299302,1507.208579332533
1984-12-05,South Korea,Kuwait,0.0,0.0,AFC Asian Cup,True,D,3,10.0,7.0,2.0,1.2,1.2,1.2,0.0,0.0,0.2,0.12000000000000002,0.12000000000000002,0.12000000000000002,1577.9400972165288,1495.9249876604856
1984-12-05,Singapore,China PR,0.0,2.0,AFC Asian Cup,False,A,3,3.0,4.0,2.0,1.8,0.0,1.4,0.0,0.2,0.2,0.18000000000000002,0.0,0.14,1536.8487207039275,1464.5318539363025
1984-12-07,Iran,India,0.0,0.0,AFC Asian Cup,True,D,3,12.0,6.0,2.4,1.0,0.8,1.4,0.0,0.0,0.24000000000000005,0.1,0.08,0.14,1662.6707646745638,1427.3777887224746
1984-12-07,Syria,South Korea,1.0,0.0,AFC Asian Cup,True,H,3,7.0,8.0,0.8,1.4,0.8,1.2,0.1,0.0,0.08,0.14,0.08,0.12000000000000002,1482.7802286245433,1570.9870163675976
1984-12-08,Singapore,United Arab Emirates,0.0,1.0,AFC Asian Cup,False,A,3,3.0,3.0,1.0,0.8,1.0,2.2,0.0,0.1,0.1,0.08,0.1,0.22000000000000003,1471.1964140163414,1431.6573854515063
1984-12-08,Qatar,Saudi Arabia,1.0,1.0,AFC Asian Cup,True,D,3,2.0,4.0,0.4,1.0,1.8,0.5,0.1,0.1,0.04,0.1,0.18,0.05,1405.628792446611,1537.73508203792
1984-12-09,Kuwait,Syria,3.0,1.0,AFC Asian Cup,True,H,3,5.0,7.0,0.6,0.8,1.2,0.8,0.30000000000000004,0.1,0.06000000000000001,0.08,0.12000000000000002,0.08,1502.8780685094168,1520.2370889403896
1984-12-09,India,China PR,0.0,3.0,AFC Asian Cup,True,A,3,4.0,7.0,0.6,2.0,1.4,1.0,0.0,0.30000000000000004,0.06000000000000001,0.2,0.14,0.1,1445.0692118527636,1518.765402449476
1984-12-10,South Korea,Qatar,0.0,1.0,AFC Asian Cup,True,A,3,5.0,3.0,0.6,0.6,1.2,1.6,0.0,0.1,0.06000000000000001,0.06000000000000001,0.12000000000000002,0.16,1533.5301560517514,1416.5160724792643
1984-12-10,Singapore,Iran,1.0,1.0,AFC Asian Cup,False,D,3,3.0,10.0,0.6666666666666666,1.8,1.0,0.4,0.1,0.1,0.06666666666666667,0.18000000000000002,0.10000000000000002,0.04,1429.7562429237441,1644.9793415442748
1984-12-11,China PR,United Arab Emirates,5.0,0.0,AFC Asian Cup,True,H,3,9.0,6.0,2.2,0.8,0.6,1.8,0.5,0.0,0.22000000000000003,0.08,0.06000000000000001,0.18000000000000002,1560.2934423778438,1465.0567970099698
1984-12-11,Saudi Arabia,Kuwait,1.0,0.0,AFC Asian Cup,True,H,3,5.0,7.0,1.0,1.0,0.6666666666666666,1.2,0.1,0.0,0.10000000000000002,0.1,0.06666666666666667,0.12000000000000002,1526.8478020052667,1550.1245469730745
1984-12-13,Saudi Arabia,Iran,1.0,1.0,AFC Asian Cup,True,D,3,8.0,11.0,1.0,1.8,0.5,0.2,0.1,0.1,0.1,0.18000000000000002,0.05,0.02,1558.8546760462584,1628.456744272859
1984-12-14,Kuwait,China PR,0.0,1.0,AFC Asian Cup,True,A,3,7.0,12.0,0.8,3.2,0.6,0.4,0.0,0.1,0.08,0.32,0.06000000000000001,0.04,1518.1176729320828,1604.2465674200855
1984-12-16,Iran,Kuwait,1.0,1.0,AFC Asian Cup,True,D,3,9.0,7.0,1.4,0.8,0.4,0.6,0.1,0.1,0.14,0.08,0.04,0.06000000000000001,1622.5259462863853,1495.4059500238925
1984-12-16,Saudi Arabia,China PR,2.0,0.0,AFC Asian Cup,True,H,3,9.0,12.0,1.0,2.2,0.6,0.4,0.2,0.0,0.1,0.22000000000000003,0.06000000000000001,0.04,1564.785474032732,1626.9582903282758
1986-03-07,Ivory Coast,Mozambique,3.0,0.0,African Cup of Nations,True,H,3,5.0,0.0,1.0,0.0,1.0,0.0,0.30000000000000004,0.0,0.1,0.0,0.1,0.0,1396.8734540720995,1500.0
1986-03-07,Egypt,Senegal,0.0,1.0,African Cup of Nations,False,A,3,8.0,7.0,1.2,2.0,1.2,1.4,0.0,0.1,0.12000000000000002,0.2,0.12000000000000002,0.14,1489.277655346825,1505.218737315195
1986-03-08,Cameroon,Zambia,3.0,2.0,African Cup of Nations,True,H,3,10.0,9.0,1.8,1.4,0.6,0.6,0.30000000000000004,0.2,0.18000000000000002,0.14,0.06000000000000001,0.06000000000000001,1631.0632554262115,1584.081626158735
1986-03-08,Algeria,Morocco,0.0,0.0,African Cup of Nations,True,D,3,11.0,7.0,1.6,0.8,0.2,0.6,0.0,0.0,0.16,0.08,0.02,0.06000000000000001,1649.2803372755081,1521.168800403846
1986-03-10,Egypt,Ivory Coast,2.0,0.0,African Cup of Nations,False,H,3,5.0,7.0,1.0,1.6,1.4,1.0,0.2,0.0,0.1,0.16,0.14,0.1,1452.1578069823836,1464.5145420766014
1986-03-10,Mozambique,Senegal,0.0,2.0,African Cup of Nations,True,A,3,0.0,7.0,0.0,1.2,3.0,1.2,0.0,0.2,0.0,0.12000000000000002,0.30000000000000004,0.12000000000000002,1432.3589119954981,1533.8432387348134
1986-03-11,Algeria,Zambia,0.0,0.0,African Cup of Nations,True,D,3,9.0,9.0,1.0,1.8,0.2,1.0,0.0,0.0,0.1,0.18000000000000002,0.02,0.1,1638.6938045903357,1558.1137992294089
1986-03-11,Cameroon,Morocco,1.0,1.0,African Cup of Nations,True,D,3,13.0,7.0,2.4,0.6,0.8,0.4,0.1,0.1,0.24000000000000005,0.06000000000000001,0.08,0.04,1657.0310823555376,1531.7553330890184
1986-03-13,Ivory Coast,Senegal,1.0,0.0,African Cup of Nations,True,H,3,6.0,10.0,1.4,1.6,1.2,1.0,0.1,0.0,0.14,0.16,0.12000000000000002,0.1,1417.9147671283756,1566.060437437998
1986-03-13,Egypt,Mozambique,2.0,0.0,African Cup of Nations,False,H,3,5.0,0.0,1.0,0.0,1.2,2.5,0.2,0.0,0.1,0.0,0.12000000000000002,0.25,1486.0410223717738,1400.1417132923136
1986-03-14,Algeria,Cameroon,2.0,3.0,African Cup of Nations,True,A,3,7.0,11.0,0.6,1.8,0.2,0.8,0.2,0.30000000000000004,0.06000000000000001,0.18000000000000002,0.02,0.08,1631.8580958494742,1646.6595337111505
1986-03-14,Morocco,Zambia,1.0,0.0,African Cup of Nations,True,H,3,8.0,7.0,0.8,1.6,0.4,1.0,0.1,0.0,0.08,0.16,0.04,0.1,1542.1268817334055,1564.9495079702704
1986-03-17,Cameroon,Ivory Coast,1.0,0.0,African Cup of Nations,True,H,3,11.0,6.0,2.0,1.0,1.2,1.2,0.1,0.0,0.20000000000000004,0.1,0.12000000000000002,0.12000000000000002,1675.3822474632975,1459.983955224989
1986-03-17,Egypt,Morocco,1.0,0.0,African Cup of Nations,False,H,3,7.0,8.0,1.4,0.8,1.2,0.4,0.1,0.0,0.14,0.08,0.12000000000000002,0.04,1509.0252043062276,1574.0947160943967
1986-03-20,Ivory Coast,Morocco,3.0,2.0,African Cup of Nations,True,H,3,6.0,8.0,0.8,0.8,1.0,0.4,0.30000000000000004,0.2,0.08,0.08,0.1,0.04,1446.5170884113502,1538.5409456165632
1986-03-21,Egypt,Cameroon,0.0,0.0,African Cup of Nations,False,D,3,9.0,13.0,1.2,2.2,0.8,1.2,0.0,0.0,0.12000000000000002,0.22000000000000003,0.08,0.12000000000000002,1536.0191848596837,1688.8491142769362
1986-05-31,Bulgaria,Italy,1.0,1.0,FIFA World Cup,True,D,5,3.0,13.0,1.0,2.2,2.2,1.0,0.1,0.1,0.1,0.22000000000000003,0.22000000000000003,0.1,1308.515460919136,1890.0389169112345
1986-06-01,Canada,France,0.0,1.0,FIFA World Cup,True,A,5,0.0,15.0,0.0,2.8,0.0,0.8,0.0,0.1,0.0,0.28,0.0,0.08,1500.0,1741.1912367307123
1986-06-01,Spain,Brazil,0.0,1.0,FIFA World Cup,True,A,5,6.0,12.0,0.8,3.0,1.0,1.2,0.0,0.1,0.08,0.3,0.1,0.12000000000000002,1501.8360416020773,1870.134437109727
1986-06-02,Argentina,South Korea,3.0,1.0,FIFA World Cup,True,H,5,6.0,2.0,1.6,0.2,1.4,1.2,0.30000000000000004,0.1,0.16,0.02,0.14,0.12000000000000002,1626.4279911884455,1493.7918002593124
1986-06-02,Morocco,Poland,0.0,0.0,FIFA World Cup,True,D,5,5.0,10.0,0.8,2.2,1.0,1.0,0.0,0.0,0.08,0.22000000000000003,0.1,0.1,1500.775710769861,1720.7096565527454
1986-06-02,Russia,Hungary,6.0,0.0,FIFA World Cup,True,H,5,8.0,4.0,1.4,2.8,0.8,2.4,0.6000000000000001,0.0,0.14,0.27999999999999997,0.08,0.24000000000000005,1665.6012745509274,1405.790953205397
1986-06-03,Portugal,England,1.0,0.0,FIFA World Cup,True,H,5,8.0,11.0,1.2,1.2,1.0,0.2,0.1,0.0,0.12000000000000002,0.12000000000000002,0.1,0.02,1696.168054896408,1727.8672962797596
1986-06-03,Mexico,Belgium,2.0,1.0,FIFA World Cup,False,H,5,3.0,3.0,0.8,0.8,3.2,2.4,0.2,0.1,0.08,0.08,0.32,0.24000000000000005,1313.0980657830314,1428.7827265282856
1986-06-03,Algeria,Northern Ireland,1.0,1.0,FIFA World Cup,True,D,5,6.0,6.0,1.0,1.0,0.8,1.4,0.1,0.1,0.1,0.1,0.08,0.14,1603.1353820973272,1459.5872015443442
1986-06-04,Paraguay,Iraq,1.0,0.0,FIFA World Cup,True,H,5,5.0,4.0,2.2,0.8,3.2,1.4,0.1,0.0,0.22000000000000003,0.08,0.32,0.14,1436.4135663806094,1428.5857977514884
1986-06-04,Scotland,Denmark,0.0,1.0,FIFA World Cup,True,A,5,8.0,7.0,2.4,2.0,2.2,1.4,0.0,0.1,0.24000000000000005,0.2,0.22000000000000003,0.14,1601.378922274868,1520.0100469647216
1986-06-04,Uruguay,Germany,1.0,1.0,FIFA World Cup,True,D,5,1.0,5.0,0.4,1.2,2.0,1.6,0.1,0.1,0.04,0.12000000000000002,0.2,0.16,1383.6758526593414,1656.5333129346286
1986-06-05,France,Russia,1.0,1.0,FIFA World Cup,True,D,5,15.0,11.0,2.8,2.4,0.8,0.4,0.1,0.1,0.28,0.24000000000000005,0.08,0.04,1761.1574341086107,1702.2181576529981
1986-06-05,Italy,Argentina,1.0,1.0,FIFA World Cup,True,D,5,13.0,9.0,2.2,2.2,1.0,1.4,0.1,0.1,0.22000000000000003,0.22000000000000003,0.1,0.14,1843.4365700273045,1674.1105230464043
1986-06-05,South Korea,Bulgaria,1.0,1.0,FIFA World Cup,True,D,5,2.0,4.0,0.4,0.8,1.2,1.4,0.1,0.1,0.04,0.08,0.12000000000000002,0.14,1446.1092684013536,1355.1178078030662
1986-06-06,England,Morocco,0.0,0.0,FIFA World Cup,True,D,5,8.0,5.0,0.6,0.8,0.2,1.0,0.0,0.0,0.06000000000000001,0.08,0.02,0.1,1673.3180249458794,1528.782148339765
1986-06-06,Brazil,Algeria,1.0,0.0,FIFA World Cup,True,H,5,12.0,6.0,2.8,1.2,1.0,1.0,0.1,0.0,0.28,0.12000000000000002,0.1,0.1,1880.8503257486461,1583.5775504670412
1986-06-06,Hungary,Canada,2.0,0.0,FIFA World Cup,True,H,5,4.0,0.0,2.6,0.0,3.0,1.0,0.2,0.0,0.26,0.0,0.30000000000000004,0.1,1369.1740701033264,1480.0338026221016
1986-06-07,Mexico,Paraguay,1.0,1.0,FIFA World Cup,False,D,5,3.0,7.0,1.0,2.0,3.4,2.8,0.1,0.1,0.1,0.20000000000000004,0.34,0.28,1365.3537377731875,1485.2872504895315
1986-06-07,Northern Ireland,Spain,1.0,2.0,FIFA World Cup,True,A,5,6.0,5.0,1.2,0.6,1.6,1.0,0.1,0.2,0.12000000000000002,0.06000000000000001,0.16,0.1,1479.1450331746303,1491.1201529631583
1986-06-07,Poland,Portugal,1.0,0.0,FIFA World Cup,True,H,5,8.0,8.0,1.2,1.0,0.8,0.8,0.1,0.0,0.12000000000000002,0.1,0.08,0.08,1692.7032189828415,1750.717326230288
1986-06-08,Germany,Scotland,2.0,1.0,FIFA World Cup,True,H,5,5.0,7.0,0.8,2.2,1.2,2.2,0.2,0.1,0.08,0.22000000000000003,0.12000000000000002,0.22000000000000003,1623.7450636703604,1539.8784969144706
1986-06-08,Denmark,Uruguay,6.0,1.0,FIFA World Cup,True,H,5,10.0,2.0,2.0,0.4,0.8,1.6,0.6000000000000001,0.1,0.2,0.04,0.08,0.16,1581.510472325119,1416.4641019236096
1986-06-08,Iraq,Belgium,1.0,2.0,FIFA World Cup,True,A,5,3.0,3.0,0.6,1.0,1.4,2.2,0.1,0.2,0.06000000000000001,0.1,0.14,0.22000000000000003,1379.7121136425662,1362.723505023173
1986-06-09,Hungary,France,0.0,3.0,FIFA World Cup,True,A,5,7.0,13.0,2.8,2.0,2.4,1.0,0.0,0.30000000000000004,0.27999999999999997,0.2,0.24000000000000005,0.1,1467.3246785086835,1752.7558300595977
1986-06-09,Russia,Canada,2.0,0.0,FIFA World Cup,True,H,5,9.0,0.0,2.0,0.0,0.6,1.5,0.2,0.0,0.2,0.0,0.06000000000000001,0.15000000000000002,1710.6197617020111,1381.8831942167444
1986-06-10,South Korea,Italy,2.0,3.0,FIFA World Cup,True,A,5,2.0,11.0,0.4,2.0,1.2,1.0,0.2,0.30000000000000004,0.04,0.2,0.12000000000000002,0.1,1433.3059361702708,1820.8306589869414
1986-06-10,Argentina,Bulgaria,2.0,0.0,FIFA World Cup,True,H,5,7.0,4.0,1.6,0.8,1.4,1.4,0.2,0.0,0.16,0.08,0.14,0.14,1696.7164340867673,1367.9211400341492
1986-06-11,England,Poland,3.0,0.0,FIFA World Cup,True,H,5,6.0,8.0,0.2,0.8,0.2,0.8,0.30000000000000004,0.0,0.02,0.08,0.02,0.08,1653.6399345326959,1750.9753821191748
1986-06-11,Mexico,Iraq,1.0,0.0,FIFA World Cup,False,H,5,4.0,3.0,1.0,0.8,2.8,1.4,0.1,0.0,0.1,0.08,0.28,0.14,1368.2192574047242,1327.269202965991
1986-06-11,Paraguay,Belgium,2.0,2.0,FIFA World Cup,True,D,5,8.0,6.0,2.2,1.4,2.6,2.2,0.2,0.2,0.22000000000000003,0.14,0.26,0.22000000000000003,1468.6818204341712,1415.166415699748
1986-06-11,Portugal,Morocco,1.0,3.0,FIFA World Cup,True,A,5,7.0,5.0,1.0,0.6,1.0,0.8,0.1,0.30000000000000004,0.1,0.06000000000000001,0.1,0.08,1692.4451630939548,1548.4602387529485
1986-06-12,Algeria,Spain,0.0,3.0,FIFA World Cup,True,A,5,3.0,7.0,0.6,0.8,1.0,1.0,0.0,0.30000000000000004,0.06000000000000001,0.08,0.1,0.1,1568.2772508376927,1539.3974768110686
1986-06-12,Northern Ireland,Brazil,0.0,3.0,FIFA World Cup,True,A,5,5.0,12.0,1.2,2.2,1.8,0.8,0.0,0.30000000000000004,0.12000000000000002,0.22000000000000003,0.18,0.08,1430.86770932672,1896.1506253779946
1986-06-13,Denmark,Germany,2.0,0.0,FIFA World Cup,True,H,5,13.0,8.0,3.2,1.0,0.8,0.8,0.2,0.0,0.32,0.1,0.08,0.08,1637.284087112076,1661.9047755767845
1986-06-13,Scotland,Uruguay,0.0,0.0,FIFA World Cup,True,D,5,4.0,2.0,1.8,0.6,2.2,2.6,0.0,0.0,0.18,0.06000000000000001,0.22000000000000003,0.26000000000000006,1501.7187850080466,1360.6904871366528
1986-06-15,Russia,Belgium,3.0,4.0,FIFA World Cup,True,A,5,11.0,4.0,2.0,1.4,0.2,2.6,0.30000000000000004,0.4,0.2,0.14,0.02,0.26,1730.2661078018614,1422.8075677195543
1986-06-15,Mexico,Bulgaria,2.0,0.0,FIFA World Cup,False,H,5,7.0,3.0,1.0,0.8,2.2,1.8,0.2,0.0,0.1,0.08,0.22000000000000003,0.18,1398.9790412314155,1348.280564918362
1986-06-16,Argentina,Uruguay,1.0,0.0,FIFA World Cup,True,H,5,7.0,3.0,1.6,0.6,1.4,2.2,0.1,0.0,0.16,0.06000000000000001,0.14,0.22000000000000003,1716.3570092025545,1379.9402952762919
1986-06-16,Brazil,Poland,4.0,0.0,FIFA World Cup,True,H,5,12.0,7.0,2.0,0.8,0.8,1.4,0.4,0.0,0.2,0.08,0.08,0.14,1907.3962994286173,1639.5837216711618
1986-06-17,Italy,France,0.0,2.0,FIFA World Cup,True,A,5,11.0,13.0,2.0,2.0,1.0,0.6,0.0,0.2,0.2,0.2,0.1,0.06000000000000001,1830.5327609371352,1781.1140980653079
1986-06-17,Morocco,Germany,0.0,1.0,FIFA World Cup,True,A,5,5.0,7.0,1.0,1.0,1.0,1.2,0.0,0.1,0.1,0.1,0.1,0.12000000000000002,1652.8768006605349,1581.5988513774744
1986-06-18,Denmark,Spain,1.0,5.0,FIFA World Cup,True,A,5,13.0,7.0,2.6,1.2,0.8,1.0,0.1,0.5,0.26000000000000006,0.12000000000000002,0.08,0.1,1717.590011311386,1634.1540055552202
1986-06-18,England,Paraguay,3.0,0.0,FIFA World Cup,True,H,5,6.0,9.0,0.6,2.0,0.2,1.6,0.30000000000000004,0.0,0.06000000000000001,0.2,0.02,0.16,1765.0315949807089,1461.040668414365
1986-06-21,Brazil,France,1.0,1.0,FIFA World Cup,True,D,5,12.0,13.0,2.2,1.8,0.6,0.2,0.1,0.1,0.22000000000000003,0.18000000000000002,0.06000000000000001,0.02,1942.6553169908,1866.7106082127161
1986-06-21,Mexico,Germany,0.0,0.0,FIFA World Cup,False,D,5,10.0,7.0,1.4,0.8,1.0,1.0,0.0,0.0,0.14,0.08,0.1,0.1,1443.3455635059008,1641.7150448831671
1986-06-22,Spain,Belgium,1.0,1.0,FIFA World Cup,True,D,5,9.0,7.0,2.0,2.2,1.0,2.2,0.1,0.1,0.2,0.22000000000000003,0.1,0.22000000000000003,1757.7175714084494,1508.2517631934247
1986-06-22,Argentina,England,2.0,1.0,FIFA World Cup,True,H,5,10.0,8.0,1.6,1.2,1.0,0.2,0.2,0.1,0.16,0.12000000000000002,0.1,0.02,1728.959522363039,1790.9417873785062
1986-06-25,Argentina,Belgium,2.0,0.0,FIFA World Cup,True,H,5,13.0,8.0,1.8,2.0,0.6,1.8,0.2,0.0,0.18000000000000002,0.2,0.06000000000000001,0.18000000000000002,1787.7860468386086,1539.0358403020277
1986-06-25,France,Germany,0.0,2.0,FIFA World Cup,True,A,5,11.0,8.0,1.6,0.8,0.4,0.8,0.0,0.2,0.16,0.08,0.04,0.08,1877.469126236444,1615.9120941197793
1986-06-28,France,Belgium,4.0,2.0,FIFA World Cup,True,H,5,8.0,8.0,1.4,1.8,0.8,1.8,0.4,0.2,0.14,0.18,0.08,0.18000000000000002,1754.7069291009898,1510.1159151613442
1986-06-29,Argentina,Germany,3.0,2.0,FIFA World Cup,True,H,5,13.0,10.0,1.6,1.0,0.4,0.6,0.30000000000000004,0.2,0.16,0.1,0.04,0.06000000000000001,1816.7059719792921,1738.6742912552336
1988-03-13,Morocco,DR Congo,1.0,1.0,African Cup of Nations,False,D,3,5.0,1.0,1.0,0.6,1.0,3.6,0.1,0.1,0.1,0.06000000000000001,0.1,0.36,1592.760607154842,1334.0540564066318
1988-03-13,Algeria,Ivory Coast,1.0,1.0,African Cup of Nations,True,D,3,2.0,9.0,0.6,1.4,1.6,1.0,0.1,0.1,0.06000000000000001,0.14,0.16,0.1,1473.520722093541,1484.2823232580524
1988-03-14,Cameroon,Egypt,1.0,0.0,African Cup of Nations,True,H,3,11.0,10.0,1.6,1.0,1.0,0.2,0.1,0.0,0.16,0.1,0.1,0.02,1676.4427677659833,1540.5460523602308
1988-03-14,Kenya,Nigeria,0.0,3.0,African Cup of Nations,True,A,3,2.0,6.0,1.0,1.4,1.3333333333333333,1.6,0.0,0.30000000000000004,0.10000000000000002,0.14,0.13333333333333333,0.16,1472.347826488109,1503.899397672077
1988-03-16,Ivory Coast,DR Congo,1.0,1.0,African Cup of Nations,True,D,3,7.0,2.0,1.0,0.8,1.2,2.0,0.1,0.1,0.1,0.08,0.12000000000000002,0.2,1483.3533889753007,1353.0118583152846
1988-03-16,Morocco,Algeria,1.0,0.0,African Cup of Nations,False,H,3,6.0,2.0,0.8,0.8,0.6,1.8,0.1,0.0,0.08,0.08,0.06000000000000001,0.18000000000000002,1569.514048986311,1474.4496563762928
1988-03-17,Egypt,Kenya,3.0,0.0,African Cup of Nations,True,H,3,10.0,2.0,1.0,0.75,0.2,1.75,0.30000000000000004,0.0,0.1,0.07500000000000001,0.02,0.17500000000000002,1521.7163868009077,1424.6024312349655
1988-03-17,Cameroon,Nigeria,1.0,1.0,African Cup of Nations,True,D,3,11.0,6.0,1.2,1.6,0.6,1.4,0.1,0.1,0.12000000000000002,0.16,0.06000000000000001,0.14,1695.2724333253063,1551.6447929252204
1988-03-19,Algeria,DR Congo,1.0,0.0,African Cup of Nations,True,H,3,2.0,3.0,0.4,1.0,1.4,1.6,0.1,0.0,0.04,0.1,0.14,0.16,1452.4592824036235,1363.766582738975
1988-03-19,Morocco,Ivory Coast,0.0,0.0,African Cup of Nations,False,D,3,8.0,8.0,1.0,1.2,0.6,1.0,0.0,0.0,0.1,0.12000000000000002,0.06000000000000001,0.1,1584.2426867508207,1472.5986645516102
1988-03-20,Cameroon,Kenya,0.0,0.0,African Cup of Nations,True,D,3,11.0,2.0,1.2,0.6,0.6,2.0,0.0,0.0,0.12000000000000002,0.06000000000000001,0.06000000000000001,0.2,1683.5319235269822,1386.4064483703125
1988-03-20,Egypt,Nigeria,0.0,0.0,African Cup of Nations,True,D,3,10.0,6.0,1.2,1.4,0.2,1.2,0.0,0.0,0.12000000000000002,0.14,0.02,0.12000000000000002,1559.9123696655606,1563.3853027235446
1988-03-23,Morocco,Cameroon,0.0,1.0,African Cup of Nations,False,A,3,8.0,9.0,1.0,0.6,0.6,0.2,0.0,0.1,0.1,0.06000000000000001,0.06000000000000001,0.02,1567.936611030179,1662.718698378202
1988-03-23,Algeria,Nigeria,1.0,1.0,African Cup of Nations,True,D,3,4.0,6.0,0.4,1.4,1.2,1.2,0.1,0.1,0.04,0.14,0.12000000000000002,0.12000000000000002,1474.963071017944,1563.0854355650545
1988-03-26,Morocco,Algeria,1.0,1.0,African Cup of Nations,False,D,3,5.0,5.0,0.4,0.6,0.6,1.2,0.1,0.1,0.04,0.06000000000000001,0.06000000000000001,0.12000000000000002,1537.4860941053669,1482.4130916152253
1988-03-27,Cameroon,Nigeria,1.0,0.0,African Cup of Nations,True,H,3,9.0,6.0,0.6,1.2,0.2,1.0,0.1,0.0,0.06000000000000001,0.12000000000000002,0.02,0.1,1684.7317158615633,1555.6354149677732
1988-06-10,Germany,Italy,1.0,1.0,UEFA Euro,False,D,4,7.0,8.0,1.0,1.6,1.0,1.4,0.1,0.1,0.1,0.16,0.1,0.14,1699.7188703161617,1744.936250789727
1988-06-11,Denmark,Spain,2.0,3.0,UEFA Euro,True,A,4,10.0,10.0,2.2,2.2,1.4,0.8,0.2,0.30000000000000004,0.22000000000000003,0.22000000000000003,0.13999999999999999,0.08,1594.0264454581568,1726.9334942998464
1988-06-12,England,Republic of Ireland,0.0,1.0,UEFA Euro,True,A,4,7.0,0.0,1.4,0.0,0.6,0.0,0.0,0.1,0.14,0.0,0.06000000000000001,0.0,1732.1152629029366,1500.0
1988-06-12,Netherlands,Russia,0.0,1.0,UEFA Euro,True,A,4,7.0,8.0,1.4,2.4,1.6,1.0,0.0,0.1,0.14,0.24000000000000005,0.16,0.1,1684.787346123508,1644.821912327991
1988-06-14,Germany,Denmark,2.0,0.0,UEFA Euro,False,H,4,8.0,9.0,1.2,2.4,0.8,1.8,0.2,0.0,0.12000000000000002,0.24000000000000005,0.08,0.18,1693.4635425394047,1568.622800786289
1988-06-14,Italy,Spain,1.0,0.0,UEFA Euro,True,H,4,6.0,13.0,1.2,2.8,1.4,1.0,0.1,0.0,0.12000000000000002,0.28,0.14,0.1,1739.7596018928086,1752.3371389717142
1988-06-15,England,Netherlands,1.0,3.0,UEFA Euro,True,A,4,7.0,4.0,1.4,1.0,0.6,1.6,0.1,0.30000000000000004,0.14,0.1,0.06000000000000001,0.16,1668.7666055401003,1640.206342762953
1988-06-15,Republic of Ireland,Russia,1.0,1.0,UEFA Euro,True,D,4,3.0,10.0,1.0,2.6,0.0,1.0,0.1,0.1,0.1,0.26000000000000006,0.0,0.1,1563.3486573628363,1689.402915688546
1988-06-17,Italy,Denmark,2.0,0.0,UEFA Euro,True,H,4,8.0,6.0,1.2,2.2,1.2,2.2,0.2,0.0,0.12000000000000002,0.22000000000000003,0.12000000000000002,0.22000000000000003,1781.2070121320876,1529.2997251325005
1988-06-17,Germany,Spain,2.0,0.0,UEFA Euro,False,H,4,8.0,10.0,1.4,2.4,0.8,1.0,0.2,0.0,0.14,0.24000000000000005,0.08,0.1,1719.2789044987385,1710.8897287324353
1988-06-18,England,Russia,1.0,3.0,UEFA Euro,True,A,4,6.0,8.0,1.6,1.6,1.2,1.2,0.1,0.30000000000000004,0.16,0.16,0.12000000000000002,0.12000000000000002,1603.8455024237317,1675.4953287929661
1988-06-18,Republic of Ireland,Netherlands,0.0,1.0,UEFA Euro,True,A,4,4.0,7.0,1.0,1.4,0.5,1.2,0.0,0.1,0.1,0.14,0.05,0.12000000000000002,1577.2562442584162,1705.1274458793216
1988-06-21,Germany,Netherlands,1.0,2.0,UEFA Euro,False,A,4,10.0,7.0,1.8,1.4,0.8,1.2,0.1,0.2,0.18,0.14,0.08,0.12000000000000002,1761.1452591160216,1731.0362988687425
1988-06-22,Russia,Italy,2.0,0.0,UEFA Euro,True,H,4,10.0,10.0,2.0,1.4,1.2,1.0,0.2,0.0,0.2,0.14,0.12000000000000002,0.1,1723.294317926444,1804.0054473029372
1988-06-25,Russia,Netherlands,0.0,2.0,UEFA Euro,True,A,4,10.0,10.0,2.0,1.4,1.2,0.8,0.0,0.2,0.2,0.14,0.12000000000000002,0.08,1796.9872022108664,1774.4940693394656
1988-12-02,Qatar,Iran,0.0,2.0,AFC Asian Cup,False,A,3,5.0,7.0,0.6,1.0,1.4,0.6,0.0,0.2,0.06000000000000001,0.1,0.14,0.06000000000000001,1456.2544282717033,1612.014443856962
1988-12-02,Syria,Saudi Arabia,0.0,2.0,AFC Asian Cup,True,A,3,4.0,11.0,0.8,1.2,1.4,0.4,0.0,0.2,0.08,0.12000000000000002,0.14,0.04,1472.990610476732,1617.7532549118268
1988-12-03,United Arab Emirates,South Korea,0.0,1.0,AFC Asian Cup,True,A,3,6.0,1.0,0.8,0.8,2.4,1.8,0.0,0.1,0.08,0.08,0.24000000000000005,0.18000000000000002,1421.1036719677281,1423.603834220077
1988-12-03,Kuwait,Bahrain,0.0,0.0,AFC Asian Cup,True,D,3,5.0,0.0,0.8,0.0,0.8,0.0,0.0,0.0,0.08,0.0,0.08,0.0,1505.9174524533157,1500.0
1988-12-04,Japan,Iran,0.0,0.0,AFC Asian Cup,True,D,3,0.0,7.0,0.0,1.0,0.0,0.6,0.0,0.0,0.0,0.1,0.0,0.06000000000000001,1500.0,1638.0914218041491
1988-12-04,China PR,Syria,3.0,0.0,AFC Asian Cup,True,H,3,12.0,4.0,2.2,0.6,0.4,1.4,0.30000000000000004,0.0,0.22000000000000003,0.06000000000000001,0.04,0.14,1573.990509449181,1445.7257072229527
1988-12-05,Qatar,United Arab Emirates,2.0,1.0,AFC Asian Cup,False,H,3,5.0,6.0,0.6,0.6,1.0,1.8,0.2,0.1,0.06000000000000001,0.06000000000000001,0.1,0.18,1418.415114213856,1391.3195496039343
1988-12-05,Saudi Arabia,Kuwait,0.0,0.0,AFC Asian Cup,True,D,3,11.0,5.0,1.4,0.8,0.4,0.8,0.0,0.0,0.14,0.08,0.04,0.08,1645.018158165606,1505.4065479360004
1988-12-06,South Korea,Japan,2.0,0.0,AFC Asian Cup,True,H,3,4.0,1.0,1.0,0.0,1.6,0.0,0.2,0.0,0.1,0.0,0.16,0.0,1453.3879565838708,1511.3331822164043
1988-12-06,Bahrain,China PR,0.0,1.0,AFC Asian Cup,True,A,3,1.0,12.0,0.0,2.4,0.0,0.4,0.0,0.1,0.0,0.24000000000000005,0.0,0.04,1500.5109045173153,1607.9438049082944
1988-12-08,Syria,Kuwait,1.0,0.0,AFC Asian Cup,True,H,3,3.0,3.0,0.4,0.2,1.8,0.6,0.1,0.0,0.04,0.02,0.18000000000000002,0.06000000000000001,1411.7724117638393,1516.8520744330785
1988-12-08,Iran,United Arab Emirates,1.0,0.0,AFC Asian Cup,True,H,3,7.0,6.0,1.0,0.8,0.6,1.6,0.1,0.0,0.1,0.08,0.06000000000000001,0.16,1626.7582395877448,1363.6544370301951
1988-12-09,Qatar,South Korea,2.0,3.0,AFC Asian Cup,False,A,3,7.0,7.0,0.8,1.4,1.0,1.4,0.2,0.30000000000000004,0.08,0.14,0.1,0.14,1437.9054624361736,1505.8242257436011
1988-12-09,Saudi Arabia,Bahrain,1.0,1.0,AFC Asian Cup,True,D,3,11.0,1.0,1.2,0.0,0.2,0.5,0.1,0.1,0.12000000000000002,0.0,0.02,0.05,1633.572631668528,1479.5026356737694
1988-12-10,Kuwait,China PR,2.0,2.0,AFC Asian Cup,True,D,3,3.0,12.0,0.2,2.0,0.6,0.4,0.2,0.2,0.02,0.2,0.06000000000000001,0.04,1478.045657573929,1628.9520737518403
1988-12-10,United Arab Emirates,Japan,1.0,0.0,AFC Asian Cup,True,H,3,3.0,1.0,0.4,0.0,1.8,1.0,0.1,0.0,0.04,0.0,0.18,0.1,1352.8384847849184,1458.896913056674
1988-12-11,South Korea,Iran,3.0,0.0,AFC Asian Cup,True,H,3,10.0,9.0,1.8,1.0,1.2,0.4,0.30000000000000004,0.0,0.18000000000000002,0.1,0.12000000000000002,0.04,1530.0332282056072,1637.5741918330216
1988-12-11,Bahrain,Syria,0.0,1.0,AFC Asian Cup,True,A,3,2.0,6.0,0.3333333333333333,0.6,0.6666666666666666,1.6,0.0,0.1,0.03333333333333333,0.06000000000000001,0.06666666666666667,0.16,1491.997614877423,1450.5788286229888
1988-12-12,China PR,Saudi Arabia,0.0,1.0,AFC Asian Cup,True,A,3,10.0,9.0,1.4,1.2,0.8,0.4,0.0,0.1,0.14,0.12000000000000002,0.08,0.04,1616.6837267480112,1621.0776524648743
1988-12-12,Qatar,Japan,3.0,0.0,AFC Asian Cup,False,H,3,7.0,1.0,1.2,0.0,1.4,1.0,0.30000000000000004,0.0,0.12000000000000002,0.0,0.14,0.10000000000000002,1405.1431918486255,1420.0133293185072
1988-12-14,South Korea,China PR,2.0,1.0,AFC Asian Cup,True,H,3,12.0,7.0,2.2,1.2,1.0,1.0,0.2,0.1,0.22000000000000003,0.12000000000000002,0.1,0.1,1598.2836185486283,1587.0631085667064
1988-12-15,Saudi Arabia,Iran,1.0,0.0,AFC Asian Cup,True,H,3,11.0,8.0,1.2,0.8,0.2,0.8,0.1,0.0,0.12000000000000002,0.08,0.02,0.08,1650.698270646179,1569.3238014900005
1988-12-17,China PR,Iran,0.0,0.0,AFC Asian Cup,True,D,3,7.0,7.0,1.4,0.6,1.0,0.8,0.0,0.0,0.14,0.06000000000000001,0.1,0.08,1558.0316285872252,1546.2245141628398
1988-12-18,South Korea,Saudi Arabia,0.0,0.0,AFC Asian Cup,True,D,3,15.0,11.0,2.2,1.0,0.6,0.2,0.0,0.0,0.22000000000000003,0.1,0.06000000000000001,0.02,1627.3150985281095,1673.7975579733397
1990-03-02,Algeria,Nigeria,5.0,1.0,African Cup of Nations,False,H,3,6.0,6.0,0.8,1.0,0.8,0.6,0.5,0.1,0.08,0.1,0.08,0.06000000000000001,1487.1290447315796,1536.2963156955402
1990-03-02,Ivory Coast,Egypt,3.0,1.0,African Cup of Nations,True,H,3,6.0,8.0,1.0,0.8,1.0,0.2,0.30000000000000004,0.1,0.1,0.08,0.1,0.02,1481.9201336965093,1560.2122368240507
1990-03-03,Cameroon,Zambia,0.0,1.0,African Cup of Nations,True,A,3,11.0,4.0,0.8,1.0,0.2,1.2,0.0,0.1,0.08,0.1,0.02,0.12000000000000002,1704.0708151337963,1532.9816736092791
1990-03-03,Senegal,Kenya,0.0,0.0,African Cup of Nations,True,D,3,9.0,3.0,1.2,0.4,0.8,1.6,0.0,0.0,0.12000000000000002,0.04,0.08,0.16,1523.9912493413847,1407.2196735190928
1990-03-05,Nigeria,Egypt,1.0,0.0,African Cup of Nations,True,H,3,3.0,5.0,0.6,0.8,1.6,0.8,0.1,0.0,0.06000000000000001,0.08,0.16,0.08,1467.8616591392583,1505.2400367614594
1990-03-05,Algeria,Ivory Coast,3.0,0.0,African Cup of Nations,False,H,3,8.0,9.0,1.6,1.6,0.8,1.0,0.30000000000000004,0.0,0.16,0.16,0.08,0.1,1538.412649623071,1536.8923337591007
1990-03-06,Cameroon,Senegal,0.0,2.0,African Cup of Nations,True,A,3,8.0,7.0,0.6,0.8,0.4,0.6,0.0,0.2,0.06000000000000001,0.08,0.04,0.06000000000000001,1660.386428040322,1514.2716311069407
1990-03-06,Zambia,Kenya,1.0,0.0,African Cup of Nations,True,H,3,7.0,3.0,1.0,0.2,0.8,1.4,0.1,0.0,0.1,0.02,0.08,0.14,1576.6660607027534,1416.9392917535367
1990-03-08,Algeria,Egypt,2.0,0.0,African Cup of Nations,False,H,3,11.0,4.0,2.2,0.8,0.6,1.0,0.2,0.0,0.22000000000000003,0.08,0.06000000000000001,0.1,1575.994382193524,1472.0249227955965
1990-03-08,Nigeria,Ivory Coast,1.0,0.0,African Cup of Nations,True,H,3,5.0,6.0,0.6,1.0,1.4,1.2,0.1,0.0,0.06000000000000001,0.1,0.13999999999999999,0.12000000000000002,1501.0767731051212,1484.6220628851622
1990-03-09,Zambia,Senegal,0.0,0.0,African Cup of Nations,True,D,3,7.0,10.0,0.8,1.0,0.8,0.2,0.0,0.0,0.08,0.1,0.08,0.02,1593.7701222642575,1577.1544295859794
1990-03-09,Cameroon,Kenya,2.0,0.0,African Cup of Nations,True,H,3,7.0,2.0,0.4,0.0,0.6,1.4,0.2,0.0,0.04,0.0,0.06000000000000001,0.14,1597.5036295612833,1399.8352301920327
1990-03-12,Algeria,Senegal,2.0,1.0,African Cup of Nations,False,H,3,11.0,8.0,2.4,0.8,0.6,0.2,0.2,0.1,0.24000000000000005,0.08,0.06000000000000001,0.02,1597.2440128965015,1578.5880510346087
1990-03-12,Nigeria,Zambia,2.0,0.0,African Cup of Nations,True,H,3,7.0,8.0,0.8,0.4,1.4,0.2,0.2,0.0,0.08,0.04,0.13999999999999999,0.02,1529.6570205621204,1592.3365008156281
1990-03-15,Senegal,Zambia,0.0,1.0,African Cup of Nations,True,A,3,5.0,7.0,0.6,0.4,0.6,0.6,0.0,0.1,0.06000000000000001,0.04,0.06000000000000001,0.06000000000000001,1550.197389845431,1539.3051704152626
1990-03-16,Algeria,Nigeria,1.0,0.0,African Cup of Nations,False,H,3,13.0,9.0,2.6,1.0,0.6,1.2,0.1,0.0,0.26,0.1,0.06000000000000001,0.12,1617.379019976234,1582.6883509624859
1990-06-08,Argentina,Cameroon,0.0,1.0,FIFA World Cup,True,A,5,15.0,9.0,2.0,0.8,0.6,0.6,0.0,0.1,0.2,0.08,0.06000000000000001,0.06000000000000001,1855.661392918364,1619.3476649071274
1990-06-09,Russia,Romania,0.0,2.0,FIFA World Cup,True,A,5,10.0,4.0,1.4,1.2,0.8,1.6,0.0,0.2,0.14,0.12000000000000002,0.08,0.16,1733.1081936585551,1415.8698339352025
1990-06-09,United Arab Emirates,Colombia,0.0,2.0,FIFA World Cup,True,A,5,3.0,1.0,0.4,1.6666666666666667,1.8,3.6666666666666665,0.0,0.2,0.04,0.16666666666666666,0.18,0.3666666666666667,1391.7220685230852,1434.600075774169
1990-06-09,Italy,Austria,1.0,0.0,FIFA World Cup,False,H,5,7.0,7.0,0.8,1.0,1.0,0.8,0.1,0.0,0.08,0.1,0.1,0.08,1730.3125630185148,1561.9691124671276
1990-06-10,Germany,Yugoslavia,4.0,1.0,FIFA World Cup,True,H,5,7.0,3.0,1.6,0.8,1.2,2.4,0.4,0.1,0.16,0.08,0.12000000000000002,0.24000000000000005,1706.8289667153454,1314.579810290733
1990-06-10,United States,Czechoslovakia,1.0,5.0,FIFA World Cup,True,A,5,3.0,4.0,1.2,0.8,4.2,1.2,0.1,0.5,0.12000000000000002,0.08,0.42000000000000004,0.12000000000000002,1360.6201226306357,1566.1648443367285
1990-06-10,Brazil,Sweden,2.0,1.0,FIFA World Cup,True,H,5,13.0,4.0,2.0,1.0,0.2,1.6,0.2,0.1,0.2,0.1,0.02,0.16,1931.896798967072,1502.4423429082651
1990-06-11,Costa Rica,Scotland,1.0,0.0,FIFA World Cup,True,H,5,0.0,2.0,0.0,0.8,0.0,1.8,0.1,0.0,0.0,0.08,0.0,0.18,1500.0,1482.4689768684075
1990-06-11,England,Republic of Ireland,1.0,1.0,FIFA World Cup,True,D,5,3.0,4.0,1.2,0.6666666666666666,1.8,0.6666666666666666,0.1,0.1,0.12000000000000002,0.06666666666666667,0.18000000000000002,0.06666666666666667,1556.0465132902539,1551.3473912689954
1990-06-12,Belgium,South Korea,2.0,0.0,FIFA World Cup,True,H,5,5.0,13.0,1.8,2.0,2.4,0.6,0.2,0.0,0.18,0.2,0.24000000000000005,0.06000000000000001,1480.632963974677,1631.3049402963081
1990-06-12,Netherlands,Egypt,1.0,1.0,FIFA World Cup,True,D,5,12.0,4.0,1.6,0.8,0.6,1.2,0.1,0.1,0.16,0.08,0.06000000000000001,0.12000000000000002,1838.3730778917768,1440.1030218990534
1990-06-13,Argentina,Russia,2.0,0.0,FIFA World Cup,True,H,5,12.0,7.0,1.6,1.2,0.8,1.2,0.2,0.0,0.16,0.12000000000000002,0.08,0.12000000000000002,1776.0800413185925,1603.9124545576701
1990-06-13,Uruguay,Spain,0.0,0.0,FIFA World Cup,True,D,5,2.0,7.0,0.4,1.8,2.2,1.4,0.0,0.0,0.04,0.18,0.22000000000000003,0.14,1367.3377821158074,1652.3382065716053
1990-06-14,Italy,United States,1.0,0.0,FIFA World Cup,False,H,5,10.0,3.0,1.0,1.2,0.6,4.0,0.1,0.0,0.1,0.12000000000000002,0.06000000000000001,0.4,1747.8977386799063,1313.7250375419828
1990-06-14,Yugoslavia,Colombia,1.0,0.0,FIFA World Cup,True,H,5,3.0,4.0,0.8,1.75,2.8,2.75,0.1,0.0,0.08,0.17500000000000002,0.28,0.275,1298.0135395807597,1500.3908210085258
1990-06-14,Cameroon,Romania,2.0,1.0,FIFA World Cup,True,H,5,9.0,4.0,0.8,1.2,0.6,1.4,0.2,0.1,0.08,0.12000000000000002,0.06000000000000001,0.14,1698.9290165068992,1545.0655730360875
1990-06-15,Austria,Czechoslovakia,0.0,1.0,FIFA World Cup,True,A,5,4.0,6.0,0.8,1.6,1.0,1.2,0.0,0.1,0.08,0.16,0.1,0.12000000000000002,1534.462377908638,1613.0599294253814
1990-06-15,Germany,United Arab Emirates,5.0,1.0,FIFA World Cup,True,H,5,10.0,3.0,2.0,0.4,0.8,1.2,0.5,0.1,0.2,0.04,0.08,0.12000000000000002,1723.3952374253186,1325.9313232887284
1990-06-16,Brazil,Costa Rica,1.0,0.0,FIFA World Cup,True,H,5,13.0,3.0,2.2,1.0,0.4,0.0,0.1,0.0,0.22000000000000003,0.1,0.04,0.0,1939.6802587236916,1547.4792219413844
1990-06-16,England,Netherlands,0.0,0.0,FIFA World Cup,True,D,5,1.0,13.0,0.8,1.8,2.0,0.6,0.0,0.0,0.08,0.18000000000000002,0.2,0.06000000000000001,1555.370296503419,1797.546623431288
1990-06-16,Sweden,Scotland,1.0,2.0,FIFA World Cup,True,A,5,4.0,2.0,0.8,0.6,1.2,1.2,0.1,0.2,0.08,0.06000000000000001,0.12000000000000002,0.12000000000000002,1494.6588831516456,1434.9897549270231
1990-06-17,Belgium,Uruguay,3.0,1.0,FIFA World Cup,True,H,5,7.0,3.0,1.8,0.4,2.0,1.6,0.30000000000000004,0.1,0.18,0.04,0.2,0.16,1586.2616754079609,1401.099361186531
1990-06-17,Republic of Ireland,Egypt,0.0,0.0,FIFA World Cup,True,D,5,5.0,2.0,0.75,0.4,0.75,1.4,0.0,0.0,0.07500000000000001,0.04,0.07500000000000001,0.14,1552.0236080558302,1480.9294763595422
1990-06-17,South Korea,Spain,1.0,3.0,FIFA World Cup,True,A,5,10.0,5.0,1.6,0.8,1.0,1.2,0.1,0.30000000000000004,0.16,0.08,0.1,0.12000000000000002,1525.6762288630243,1618.5766275008816
1990-06-18,Cameroon,Russia,0.0,4.0,FIFA World Cup,True,A,5,9.0,6.0,1.0,1.0,0.8,1.4,0.0,0.4,0.1,0.1,0.08,0.14,1728.1286260501581,1563.307523365778
1990-06-18,Argentina,Romania,1.0,1.0,FIFA World Cup,True,D,5,12.0,4.0,1.8,1.0,0.8,1.2,0.1,0.1,0.18000000000000002,0.1,0.08,0.12000000000000002,1816.6849725104846,1515.8659634928285
1990-06-19,Yugoslavia,United Arab Emirates,4.0,1.0,FIFA World Cup,True,H,5,3.0,3.0,0.8,0.6,2.8,2.0,0.4,0.1,0.08,0.06000000000000001,0.28,0.2,1374.237133137845,1307.5067557898697
1990-06-19,Italy,Czechoslovakia,2.0,0.0,FIFA World Cup,False,H,5,12.0,8.0,1.0,1.6,0.4,1.0,0.2,0.0,0.1,0.16,0.04,0.1,1752.3130038059232,1651.9379164204886
1990-06-19,Austria,United States,2.0,1.0,FIFA World Cup,True,H,5,1.0,3.0,0.4,1.0,1.2,2.8,0.2,0.1,0.04,0.1,0.12000000000000002,0.28,1495.5843909135308,1306.1343036225232
1990-06-19,Germany,Colombia,1.0,1.0,FIFA World Cup,True,D,5,12.0,4.0,2.8,1.4,0.8,2.4,0.1,0.1,0.28,0.14,0.08,0.24,1741.8198049241776,1424.1672274514406
1990-06-20,Brazil,Scotland,1.0,0.0,FIFA World Cup,True,H,5,13.0,4.0,2.2,0.6,0.4,1.0,0.1,0.0,0.22000000000000003,0.06000000000000001,0.04,0.1,1949.1490733613718,1493.4933913079972
1990-06-20,Sweden,Costa Rica,1.0,2.0,FIFA World Cup,True,A,5,1.0,3.0,0.6,0.5,1.4,0.5,0.1,0.2,0.06000000000000001,0.05,0.14,0.05,1436.1552467706715,1538.0104073037041
1990-06-21,Belgium,Spain,1.0,2.0,FIFA World Cup,True,A,5,7.0,7.0,1.6,1.2,1.6,1.2,0.1,0.2,0.16,0.12000000000000002,0.16,0.12000000000000002,1624.6897840412041,1673.9871165699988
1990-06-21,England,Egypt,1.0,0.0,FIFA World Cup,True,H,5,2.0,2.0,0.6,0.4,1.6,1.4,0.1,0.0,0.06000000000000001,0.04,0.16,0.14,1585.494559904636,1491.0202965460849
1990-06-21,Republic of Ireland,Netherlands,1.0,1.0,FIFA World Cup,True,D,5,6.0,11.0,0.6,1.2,0.6,0.4,0.1,0.1,0.06000000000000001,0.12000000000000002,0.06000000000000001,0.04,1541.9327878692875,1767.422360030071
1990-06-21,South Korea,Uruguay,0.0,1.0,FIFA World Cup,True,A,5,7.0,2.0,1.2,0.4,1.2,2.0,0.0,0.1,0.12000000000000002,0.04,0.12000000000000002,0.20000000000000004,1470.2657397939072,1362.6712525532878
1990-06-23,Cameroon,Colombia,2.0,1.0,FIFA World Cup,True,H,5,9.0,5.0,1.0,1.4,1.4,2.2,0.2,0.1,0.1,0.14,0.14,0.22000000000000003,1583.9544110564889,1460.3261797449038
1990-06-23,Czechoslovakia,Costa Rica,4.0,1.0,FIFA World Cup,True,H,5,7.0,6.0,1.4,1.0,1.2,0.6666666666666666,0.4,0.1,0.13999999999999999,0.10000000000000002,0.12000000000000002,0.06666666666666667,1598.0222590491142,1573.7582486458452
1990-06-24,Germany,Netherlands,2.0,1.0,FIFA World Cup,True,H,5,10.0,9.0,2.6,1.2,1.0,0.6,0.2,0.1,0.26,0.12000000000000002,0.1,0.06000000000000001,1705.6608526307143,1738.8721645930555
1990-06-24,Brazil,Argentina,0.0,1.0,FIFA World Cup,True,A,5,13.0,10.0,1.8,1.6,0.4,0.8,0.0,0.1,0.18,0.16,0.04,0.08,1955.9165713313516,1781.7225937156988
1990-06-25,Republic of Ireland,Romania,0.0,0.0,FIFA World Cup,True,D,5,4.0,4.0,0.6,1.0,0.8,1.2,0.0,0.0,0.06000000000000001,0.1,0.08,0.12000000000000002,1570.4829833063031,1550.8283422876143
1990-06-25,Italy,Uruguay,2.0,0.0,FIFA World Cup,False,H,5,12.0,5.0,1.2,0.4,0.4,0.8,0.2,0.0,0.12000000000000002,0.04,0.04,0.08,1788.2918802972463,1427.6786333772664
1990-06-26,England,Belgium,1.0,0.0,FIFA World Cup,True,H,5,5.0,6.0,0.8,1.6,1.4,1.8,0.1,0.0,0.08,0.16,0.14,0.18,1622.2240915717891,1581.7370110084607
1990-06-26,Spain,Yugoslavia,1.0,2.0,FIFA World Cup,True,A,5,7.0,6.0,1.0,1.6,1.0,2.6,0.1,0.2,0.1,0.16,0.1,0.26,1716.9398896027421,1445.1350501800077
1990-06-30,Italy,Republic of Ireland,1.0,0.0,FIFA World Cup,False,H,5,12.0,4.0,1.2,0.4,0.4,0.6,0.1,0.0,0.12000000000000002,0.04,0.04,0.06000000000000001,1798.1763453853644,1567.6574665540682
1990-06-30,Yugoslavia,Argentina,0.0,0.0,FIFA World Cup,True,D,5,9.0,10.0,2.0,1.4,1.8,0.8,0.0,0.0,0.2,0.14,0.18000000000000002,0.08,1527.8367859646876,1854.8823115227262
1990-07-01,Cameroon,England,2.0,3.0,FIFA World Cup,True,A,5,12.0,8.0,1.4,0.8,1.2,0.8,0.2,0.30000000000000004,0.14,0.08,0.12000000000000002,0.08,1616.8775966782428,1666.4237637901758
1990-07-01,Germany,Czechoslovakia,1.0,0.0,FIFA World Cup,True,H,5,10.0,10.0,2.6,2.2,1.2,1.0,0.1,0.0,0.26,0.22000000000000003,0.12000000000000002,0.1,1760.4258402271505,1679.4213987010926
1990-07-03,Italy,Argentina,1.0,1.0,FIFA World Cup,False,D,5,15.0,8.0,1.4,0.8,0.0,0.4,0.1,0.1,0.14,0.08,0.0,0.04,1811.157572744091,1818.0910723179504
1990-07-04,Germany,England,1.0,1.0,FIFA World Cup,True,D,5,13.0,11.0,2.6,1.2,0.8,0.6,0.1,0.1,0.26,0.12000000000000002,0.08,0.06000000000000001,1798.9750984614884,1709.3414415786324
1990-07-07,Italy,England,2.0,1.0,FIFA World Cup,False,H,5,13.0,11.0,1.4,1.2,0.2,0.6,0.2,0.1,0.14,0.12000000000000002,0.02,0.06000000000000001,1798.0756283813118,1721.9620008150016
1990-07-08,Germany,Argentina,1.0,0.0,FIFA World Cup,True,H,5,11.0,9.0,2.0,1.0,0.8,0.4,0.1,0.0,0.2,0.1,0.08,0.04,1786.3545392251192,1817.0933939588554
1992-01-12,Senegal,Nigeria,1.0,2.0,African Cup of Nations,False,A,3,5.0,9.0,0.6,1.0,0.6,1.2,0.1,0.2,0.06000000000000001,0.1,0.06000000000000001,0.12,1519.2571880205,1555.6738692485646
1992-01-12,Cameroon,Morocco,1.0,0.0,African Cup of Nations,True,H,3,9.0,6.0,1.4,0.6,1.8,0.6,0.1,0.0,0.14,0.06000000000000001,0.18000000000000002,0.06000000000000001,1573.9599188897862,1524.919618305947
1992-01-13,Algeria,Ivory Coast,0.0,3.0,African Cup of Nations,True,A,3,15.0,5.0,2.6,0.8,0.4,1.2,0.0,0.30000000000000004,0.26,0.08,0.04,0.12000000000000002,1636.2985018870954,1456.041815428163
1992-01-13,Egypt,Zambia,0.0,1.0,African Cup of Nations,True,A,3,2.0,10.0,0.2,0.6,1.0,0.4,0.0,0.1,0.02,0.06000000000000001,0.1,0.04,1454.2907648789314,1570.2453722401935
1992-01-14,Morocco,DR Congo,1.0,1.0,African Cup of Nations,True,D,3,5.0,3.0,0.4,0.6,0.6,1.0,0.1,0.1,0.04,0.06000000000000001,0.06000000000000001,0.1,1499.1261991899778,1341.2627941246546
1992-01-14,Nigeria,Kenya,2.0,1.0,African Cup of Nations,True,H,3,12.0,2.0,1.2,0.0,0.4,1.2,0.2,0.1,0.12000000000000002,0.0,0.04,0.12000000000000002,1582.5408652210162,1377.9911948461886
1992-01-15,Ivory Coast,Congo,0.0,0.0,African Cup of Nations,True,D,3,7.0,1.0,1.2,0.6,1.0,2.4,0.0,0.0,0.12000000000000002,0.06000000000000001,0.1,0.24000000000000005,1533.5732441566681,1396.0080604865045
1992-01-15,Zambia,Ghana,0.0,1.0,African Cup of Nations,True,A,3,10.0,7.0,0.6,1.2,0.4,1.4,0.0,0.1,0.06000000000000001,0.12000000000000002,0.04,0.14,1590.588940042234,1580.5024094876264
1992-01-16,Cameroon,DR Congo,1.0,1.0,African Cup of Nations,True,D,3,9.0,4.0,1.4,0.8,1.8,1.0,0.1,0.1,0.14,0.08,0.18000000000000002,0.1,1599.7533380057555,1354.027265860599
1992-01-16,Senegal,Kenya,3.0,0.0,African Cup of Nations,False,H,3,4.0,2.0,0.8,0.2,1.0,1.0,0.30000000000000004,0.0,0.08,0.02,0.1,0.1,1483.8274452207786,1363.8608863552042
1992-01-17,Egypt,Ghana,0.0,1.0,African Cup of Nations,True,A,3,2.0,7.0,0.2,0.8,1.0,1.0,0.0,0.1,0.02,0.08,0.1,0.1,1433.947197076891,1611.373105946366
1992-01-17,Algeria,Congo,1.0,1.0,African Cup of Nations,True,D,3,12.0,2.0,1.6,0.2,0.8,1.6,0.1,0.1,0.16,0.02,0.08,0.16,1558.7670731585904,1407.3022660868783
1992-01-19,Senegal,Cameroon,0.0,1.0,African Cup of Nations,False,A,3,4.0,7.0,1.0,1.2,1.0,1.8,0.0,0.1,0.1,0.12000000000000002,0.1,0.18000000000000002,1506.9173040337525,1581.4847310350635
1992-01-19,Nigeria,DR Congo,1.0,0.0,African Cup of Nations,True,H,3,12.0,4.0,1.4,0.8,0.6,1.0,0.1,0.0,0.14,0.08,0.06000000000000001,0.1,1596.6711737120006,1372.295872831291
1992-01-20,Ghana,Congo,2.0,1.0,African Cup of Nations,True,H,3,9.0,3.0,0.8,0.4,0.8,1.0,0.2,0.1,0.08,0.04,0.08,0.1,1627.259028181544,1419.6107386910517
1992-01-20,Ivory Coast,Zambia,1.0,0.0,African Cup of Nations,True,H,3,7.0,7.0,1.2,0.4,1.0,0.6,0.1,0.0,0.12000000000000002,0.04,0.1,0.06000000000000001,1522.2790385562944,1559.7182435834945
1992-01-23,Cameroon,Ivory Coast,0.0,0.0,African Cup of Nations,True,D,3,10.0,7.0,1.4,0.8,1.0,0.8,0.0,0.0,0.14,0.08,0.1,0.08,1605.1431345379167,1555.4993443601584
1992-01-23,Nigeria,Ghana,1.0,2.0,African Cup of Nations,True,A,3,12.0,12.0,1.4,1.0,0.6,0.6,0.1,0.2,0.14,0.1,0.06000000000000001,0.06000000000000001,1609.6060189973894,1641.1975605466248
1992-01-25,Cameroon,Nigeria,1.0,2.0,African Cup of Nations,True,A,3,8.0,9.0,1.0,1.2,0.8,1.0,0.1,0.2,0.1,0.12000000000000002,0.08,0.1,1600.8854812129987,1582.3263589715905
1992-01-26,Ghana,Ivory Coast,0.0,0.0,African Cup of Nations,True,D,3,15.0,8.0,1.4,0.8,0.4,0.2,0.0,0.0,0.14,0.08,0.04,0.02,1668.4772205724237,1559.7569976850764
1992-06-10,Sweden,France,1.0,1.0,UEFA Euro,False,D,4,0.0,10.0,0.6,2.0,1.6,1.0,0.1,0.1,0.06000000000000001,0.2,0.16,0.1,1400.4074054285304,1784.189880287657
1992-06-11,Denmark,England,0.0,0.0,UEFA Euro,True,D,4,3.0,10.0,1.0,1.4,2.4,1.0,0.0,0.0,0.1,0.14,0.24000000000000005,0.1,1506.5012899616509,1682.7437002975378
1992-06-12,Netherlands,Scotland,1.0,0.0,UEFA Euro,True,H,4,6.0,4.0,1.0,0.6,0.8,1.0,0.1,0.0,0.1,0.06000000000000001,0.08,0.1,1684.1071769966193,1486.7258933380174
1992-06-12,Russia,Germany,1.0,1.0,UEFA Euro,True,D,4,6.0,11.0,1.2,1.2,1.2,0.6,0.1,0.1,0.12000000000000002,0.12000000000000002,0.12000000000000002,0.06000000000000001,1707.4817383594473,1840.7667098346342
1992-06-14,Sweden,Denmark,1.0,0.0,UEFA Euro,False,H,4,1.0,1.0,0.8,0.6,1.6,2.4,0.1,0.0,0.08,0.06000000000000001,0.16,0.24000000000000005,1427.3401986861663,1525.2137940489097
1992-06-14,France,England,0.0,0.0,UEFA Euro,True,D,4,8.0,8.0,1.6,1.2,1.2,1.0,0.0,0.0,0.16,0.12000000000000002,0.12000000000000002,0.1,1752.1038588502083,1664.031196210279
1992-06-15,Netherlands,Russia,0.0,0.0,UEFA Euro,True,D,4,6.0,4.0,0.8,1.0,0.8,1.4,0.0,0.0,0.08,0.1,0.08,0.14,1703.5484103281965,1722.1157949395704
1992-06-15,Scotland,Germany,0.0,2.0,UEFA Euro,True,A,4,4.0,11.0,0.4,1.2,0.8,0.6,0.0,0.2,0.04,0.12000000000000002,0.08,0.06000000000000001,1467.2846600064402,1826.132653254511
1992-06-17,France,Denmark,1.0,2.0,UEFA Euro,True,A,4,6.0,1.0,1.2,0.4,1.2,1.6,0.1,0.2,0.12000000000000002,0.04,0.12000000000000002,0.16,1742.1758675047115,1474.234579031041
1992-06-17,Sweden,England,2.0,1.0,UEFA Euro,False,H,4,4.0,6.0,1.0,1.0,1.4,1.0,0.2,0.1,0.1,0.1,0.14,0.1,1467.095390361855,1673.9591875557758
1992-06-18,Scotland,Russia,3.0,0.0,UEFA Euro,True,H,4,3.0,5.0,0.4,1.0,1.2,1.0,0.30000000000000004,0.0,0.04,0.1,0.12000000000000002,0.1,1453.787532843878,1719.980178483383
1992-06-18,Netherlands,Germany,3.0,1.0,UEFA Euro,True,H,4,6.0,11.0,0.6,1.2,0.6,0.4,0.30000000000000004,0.1,0.06000000000000001,0.12000000000000002,0.06000000000000001,0.04,1705.6840267843838,1839.629780417073
1992-06-21,Sweden,Germany,2.0,3.0,UEFA Euro,False,A,4,7.0,8.0,1.2,1.2,1.2,1.0,0.2,0.30000000000000004,0.12000000000000002,0.12000000000000002,0.12000000000000002,0.1,1519.0247015794516,1757.5799250721418
1992-06-22,Netherlands,Denmark,2.0,2.0,UEFA Euro,True,D,4,8.0,4.0,1.2,0.4,0.8,1.2,0.2,0.2,0.12000000000000002,0.04,0.08,0.12000000000000002,1787.7338821293151,1540.1395773472882
1992-06-26,Denmark,Germany,2.0,0.0,UEFA Euro,True,H,4,5.0,10.0,0.8,1.6,1.2,1.2,0.2,0.0,0.08,0.16,0.12000000000000002,0.12000000000000002,1564.6326052542986,1773.7477496039285
1992-10-29,Qatar,Thailand,1.0,1.0,AFC Asian Cup,True,D,3,9.0,3.0,1.6,1.2,1.2,1.8,0.1,0.1,0.16,0.12000000000000002,0.12000000000000002,0.18000000000000002,1445.0308568408627,1414.5467806173801
1992-10-29,Saudi Arabia,China PR,1.0,1.0,AFC Asian Cup,True,D,3,9.0,5.0,0.6,0.8,0.2,1.0,0.1,0.1,0.06000000000000001,0.08,0.02,0.1,1669.807716205141,1557.012512665341
1992-10-30,Japan,United Arab Emirates,0.0,0.0,AFC Asian Cup,False,D,3,1.0,3.0,0.0,0.6,1.5,2.4,0.0,0.0,0.0,0.06000000000000001,0.15000000000000002,0.24,1365.267716288348,1236.6088387477068
1992-10-30,North Korea,Iran,0.0,2.0,AFC Asian Cup,True,A,3,6.0,5.0,1.4,0.2,2.0,0.8,0.0,0.2,0.14,0.02,0.2,0.08,1482.3396244196717,1547.243630084724
1992-10-31,China PR,Thailand,0.0,0.0,AFC Asian Cup,True,D,3,3.0,4.0,0.8,1.4,1.2,1.6,0.0,0.0,0.08,0.14,0.12000000000000002,0.16,1566.4236935201288,1417.172253536126
1992-10-31,Saudi Arabia,Qatar,1.0,1.0,AFC Asian Cup,True,D,3,9.0,7.0,0.8,1.6,0.4,1.4,0.1,0.1,0.08,0.16,0.04,0.14,1660.3965353503534,1442.4053839221172
1992-11-01,United Arab Emirates,Iran,0.0,0.0,AFC Asian Cup,True,D,3,4.0,7.0,0.6,0.6,2.2,0.8,0.0,0.0,0.06000000000000001,0.06000000000000001,0.22000000000000003,0.08,1247.2367242878768,1583.93367795467
1992-11-01,Japan,North Korea,1.0,1.0,AFC Asian Cup,False,D,3,2.0,3.0,0.0,1.0,1.2,2.2,0.1,0.1,0.0,0.1,0.12000000000000002,0.22000000000000003,1347.954125492485,1445.6495765497257
1992-11-02,Saudi Arabia,Thailand,4.0,0.0,AFC Asian Cup,True,H,3,9.0,4.0,0.8,1.2,0.4,1.4,0.4,0.0,0.08,0.12000000000000002,0.04,0.14,1643.708155704992,1429.3213654146737
1992-11-02,China PR,Qatar,2.0,1.0,AFC Asian Cup,True,H,3,3.0,8.0,0.4,1.8,0.8,1.2,0.2,0.1,0.04,0.18000000000000002,0.08,0.12000000000000002,1554.274581641581,1459.0937635674786
1992-11-03,Japan,Iran,1.0,0.0,AFC Asian Cup,False,H,3,2.0,5.0,0.2,0.4,1.4,0.8,0.1,0.0,0.02,0.04,0.14,0.08,1347.7551376592044,1561.4845314079103
1992-11-03,United Arab Emirates,North Korea,2.0,1.0,AFC Asian Cup,True,H,3,2.0,4.0,0.4,0.8,2.2,1.8,0.2,0.1,0.04,0.08,0.22000000000000003,0.18000000000000002,1269.6858708346365,1437.4293906148566
1992-11-06,Japan,China PR,3.0,2.0,AFC Asian Cup,False,H,3,5.0,6.0,0.4,0.8,1.0,0.8,0.30000000000000004,0.2,0.04,0.08,0.1,0.08,1387.2389832042757,1576.2556200673137
1992-11-06,Saudi Arabia,United Arab Emirates,2.0,0.0,AFC Asian Cup,True,H,3,9.0,5.0,1.4,0.8,0.4,2.0,0.2,0.0,0.14,0.08,0.04,0.2,1670.7637114546148,1313.1404794968066
1992-11-08,Japan,Saudi Arabia,1.0,0.0,AFC Asian Cup,False,H,3,8.0,9.0,1.0,1.6,1.2,0.4,0.1,0.0,0.1,0.16,0.12000000000000002,0.04,1424.761413039406,1680.9500718129414
1992-11-08,China PR,United Arab Emirates,1.0,1.0,AFC Asian Cup,True,D,3,6.0,5.0,1.0,0.6,1.0,1.4,0.1,0.1,0.1,0.06000000000000001,0.1,0.14,1531.3745644901107,1302.95411913848
1994-03-26,Tunisia,Mali,0.0,2.0,African Cup of Nations,False,A,3,2.0,6.0,0.2,2.2,1.0,2.2,0.0,0.2,0.02,0.22000000000000003,0.1,0.22000000000000003,1473.7445682970838,1499.7297914434162
1994-03-26,Nigeria,Gabon,3.0,0.0,African Cup of Nations,True,H,3,12.0,0.0,1.6,0.0,1.0,0.0,0.30000000000000004,0.0,0.16,0.0,0.1,0.0,1613.927359916115,1500.0
1994-03-27,Ghana,Guinea,1.0,0.0,African Cup of Nations,True,H,3,13.0,5.0,1.2,1.6,0.4,1.6,0.1,0.0,0.12000000000000002,0.16,0.04,0.16,1659.384431446079,1511.125841987349
1994-03-27,Ivory Coast,Sierra Leone,4.0,0.0,African Cup of Nations,True,H,3,9.0,0.0,0.8,0.0,0.0,0.0,0.4,0.0,0.08,0.0,0.0,0.0,1568.8497868114212,1500.0
1994-03-28,Egypt,Gabon,4.0,0.0,African Cup of Nations,True,H,3,2.0,0.0,0.2,0.0,0.8,3.0,0.4,0.0,0.02,0.0,0.08,0.30000000000000004,1418.061274841713,1464.123649428129
1994-03-28,Mali,DR Congo,0.0,1.0,African Cup of Nations,True,A,3,8.0,3.0,2.0,0.6,1.6,1.0,0.0,0.1,0.2,0.06000000000000001,0.16,0.1,1541.370436130421,1359.3610275459023
1994-03-29,Senegal,Guinea,2.0,1.0,African Cup of Nations,True,H,3,3.0,2.0,1.0,0.8,1.2,1.4,0.2,0.1,0.1,0.08,0.12000000000000002,0.14,1474.7251931300884,1493.2032011615163
1994-03-29,Zambia,Sierra Leone,0.0,0.0,African Cup of Nations,True,D,3,6.0,0.0,0.4,0.0,0.8,4.0,0.0,0.0,0.04,0.0,0.08,0.4,1526.4979377796305,1451.736705706519
1994-03-30,Nigeria,Egypt,0.0,0.0,African Cup of Nations,True,D,3,12.0,4.0,1.8,0.8,0.8,0.6,0.0,0.0,0.18000000000000002,0.08,0.08,0.06000000000000001,1649.8037104879859,1485.9696840325262
1994-03-30,Tunisia,DR Congo,1.0,1.0,African Cup of Nations,False,D,3,2.0,5.0,0.2,0.6,1.2,0.8,0.1,0.1,0.02,0.06000000000000001,0.12000000000000002,0.08,1419.3005774917353,1403.7813574209952
1994-03-31,Zambia,Ivory Coast,1.0,0.0,African Cup of Nations,True,H,3,7.0,9.0,0.4,1.0,0.4,0.0,0.1,0.0,0.04,0.1,0.04,0.0,1520.1403564617522,1617.1130811049022
1994-03-31,Ghana,Senegal,1.0,0.0,African Cup of Nations,True,H,3,13.0,6.0,1.2,1.2,0.4,1.0,0.1,0.0,0.12000000000000002,0.12000000000000002,0.04,0.1,1677.3070722719117,1506.3192099711412
1994-04-02,DR Congo,Nigeria,0.0,2.0,African Cup of Nations,True,A,3,6.0,10.0,0.8,1.4,0.8,0.6,0.0,0.2,0.08,0.14,0.08,0.06000000000000001,1405.1205040875045,1636.6201313686684
1994-04-02,Egypt,Mali,0.0,1.0,African Cup of Nations,True,A,3,4.0,7.0,0.8,1.8,0.6,1.6,0.0,0.1,0.08,0.18,0.06000000000000001,0.16,1499.1532631518437,1496.9501062553281
1994-04-03,Ghana,Ivory Coast,1.0,2.0,African Cup of Nations,True,A,3,13.0,8.0,1.2,1.0,0.4,0.2,0.1,0.2,0.12000000000000002,0.1,0.04,0.02,1693.629611652145,1578.9506478737962
1994-04-03,Zambia,Senegal,1.0,0.0,African Cup of Nations,True,H,3,7.0,6.0,0.4,1.2,0.4,1.0,0.1,0.0,0.04,0.12000000000000002,0.04,0.1,1558.3027896928581,1489.9966705909078
1994-04-06,Nigeria,Ivory Coast,2.0,2.0,African Cup of Nations,True,D,3,10.0,8.0,1.6,1.2,0.6,0.4,0.2,0.2,0.16,0.12000000000000002,0.06000000000000001,0.04,1655.4055150797415,1618.508227912063
1994-04-06,Zambia,Mali,4.0,0.0,African Cup of Nations,True,H,3,7.0,9.0,0.4,1.8,0.4,1.4,0.4,0.0,0.04,0.18,0.04,0.14,1582.479598404958,1527.1403395640557
1994-04-10,Nigeria,Zambia,2.0,1.0,African Cup of Nations,True,H,3,11.0,10.0,1.8,1.2,0.6,0.2,0.2,0.1,0.18000000000000002,0.12000000000000002,0.06000000000000001,0.02,1652.231470755417,1633.0028529885667
1994-04-10,Ivory Coast,Mali,3.0,1.0,African Cup of Nations,True,H,3,8.0,6.0,1.6,1.0,0.8,1.6,0.30000000000000004,0.1,0.16,0.1,0.08,0.16,1621.6822722363875,1476.617084980447
1994-06-17,Germany,Bolivia,1.0,0.0,FIFA World Cup,True,H,5,7.0,0.0,1.4,0.0,1.6,5.333333333333333,0.1,0.0,0.14,0.0,0.16,0.5333333333333333,1681.4445153502613,1309.5552470963958
1994-06-17,Spain,South Korea,2.0,2.0,FIFA World Cup,True,D,5,7.0,4.0,1.2,0.6,1.2,1.4,0.2,0.2,0.12000000000000002,0.06000000000000001,0.12000000000000002,0.14,1634.2381538180623,1405.2583589699286
1994-06-18,Colombia,Romania,1.0,3.0,FIFA World Cup,True,A,5,4.0,5.0,0.8,0.8,1.8,0.8,0.1,0.30000000000000004,0.08,0.08,0.18,0.08,1427.40299412315,1553.6538590398493
1994-06-18,Italy,Republic of Ireland,0.0,1.0,FIFA World Cup,True,A,5,13.0,4.0,1.6,0.4,0.4,0.6,0.0,0.1,0.16,0.04,0.04,0.06000000000000001,1824.6994781187896,1546.6914213756916
1994-06-18,United States,Switzerland,1.0,1.0,FIFA World Cup,False,D,5,3.0,0.0,1.0,0.4,2.6,2.8,0.1,0.1,0.1,0.04,0.26,0.28,1280.9830640442096,1255.389350768364
1994-06-19,Norway,Mexico,1.0,0.0,FIFA World Cup,True,H,5,0.0,11.0,1.0,1.2,2.0,0.4,0.1,0.0,0.1,0.12000000000000002,0.2,0.04,1474.438189444712,1457.1355436201934
1994-06-19,Cameroon,Sweden,2.0,2.0,FIFA World Cup,True,D,5,8.0,7.0,0.8,1.4,0.6,1.4,0.2,0.2,0.08,0.14,0.06000000000000001,0.14,1569.2844802684742,1494.1813648172892
1994-06-19,Belgium,Morocco,1.0,0.0,FIFA World Cup,True,H,5,6.0,3.0,1.6,0.4,1.6,0.8,0.1,0.0,0.16,0.04,0.16,0.08,1537.537338790074,1486.3617274540334
1994-06-20,Brazil,Russia,2.0,0.0,FIFA World Cup,True,H,5,10.0,5.0,1.0,1.0,0.6,1.2,0.2,0.0,0.1,0.1,0.06000000000000001,0.12000000000000002,1882.7568535243242,1604.851643343894
1994-06-20,Netherlands,Saudi Arabia,2.0,1.0,FIFA World Cup,True,H,5,8.0,8.0,1.4,1.6,1.0,0.6,0.2,0.1,0.14,0.16,0.1,0.06000000000000001,1763.2408542223047,1632.1234611390155
1994-06-21,Argentina,Greece,4.0,0.0,FIFA World Cup,True,H,5,6.0,1.0,0.6,0.3333333333333333,0.6,1.3333333333333333,0.4,0.0,0.06000000000000001,0.03333333333333333,0.06000000000000001,0.13333333333333333,1762.6812233493404,1468.8646778266632
1994-06-21,Germany,Spain,1.0,1.0,FIFA World Cup,True,D,5,9.0,8.0,1.4,1.6,1.4,1.2,0.1,0.1,0.14,0.16,0.14,0.12000000000000002,1691.9642349879296,1605.3513841418358
1994-06-21,Nigeria,Bulgaria,3.0,0.0,FIFA World Cup,True,H,5,11.0,2.0,1.8,0.6,0.6,2.0,0.30000000000000004,0.0,0.18000000000000002,0.06000000000000001,0.06000000000000001,0.2,1680.5728315588526,1284.1476880525277
1994-06-22,Romania,Switzerland,1.0,4.0,FIFA World Cup,True,A,5,8.0,1.0,1.4,0.4,0.8,2.6,0.1,0.4,0.14,0.04,0.08,0.26,1602.5398306151894,1259.0659342902136
1994-06-22,United States,Colombia,2.0,1.0,FIFA World Cup,False,H,5,1.0,4.0,1.0,1.0,2.8,1.4,0.2,0.1,0.1,0.1,0.27999999999999997,0.14,1263.6568728238296,1378.5170225478098
1994-06-23,Italy,Norway,1.0,0.0,FIFA World Cup,True,H,5,10.0,3.0,1.2,1.0,0.6,1.0,0.1,0.0,0.12000000000000002,0.1,0.06000000000000001,0.1,1741.492846002129,1521.9501950674248
1994-06-23,South Korea,Bolivia,0.0,0.0,FIFA World Cup,True,D,5,2.0,0.0,0.6,0.0,1.6,4.25,0.0,0.0,0.06000000000000001,0.0,0.16,0.42500000000000004,1434.1451286461552,1299.0355274587275
1994-06-24,Sweden,Russia,3.0,1.0,FIFA World Cup,True,H,5,8.0,5.0,1.6,1.0,1.4,1.2,0.30000000000000004,0.1,0.16,0.1,0.14,0.12000000000000002,1504.8243152342122,1579.6491802021499
1994-06-24,Mexico,Republic of Ireland,2.0,1.0,FIFA World Cup,True,H,5,8.0,6.0,0.8,0.4,0.4,0.4,0.2,0.1,0.08,0.04,0.04,0.04,1409.6235379974805,1629.8980534923521
1994-06-24,Brazil,Cameroon,3.0,0.0,FIFA World Cup,True,H,5,12.0,6.0,1.2,1.0,0.4,1.0,0.30000000000000004,0.0,0.12000000000000002,0.1,0.04,0.1,1907.9593166660684,1558.6415298515512
1994-06-25,Argentina,Nigeria,2.0,1.0,FIFA World Cup,True,H,5,8.0,11.0,1.2,1.8,0.4,0.6,0.2,0.1,0.12000000000000002,0.18000000000000002,0.04,0.06000000000000001,1793.801058055985,1696.7820619384154
1994-06-25,Belgium,Netherlands,1.0,0.0,FIFA World Cup,True,H,5,9.0,11.0,1.4,1.6,0.8,0.8,0.1,0.0,0.14,0.16,0.08,0.08,1580.2253797968644,1795.2190854263317
1994-06-25,Saudi Arabia,Morocco,2.0,1.0,FIFA World Cup,True,H,5,7.0,2.0,1.6,0.4,0.8,1.0,0.2,0.1,0.16,0.04,0.08,0.1,1600.1452299349885,1443.673686447243
1994-06-26,Bulgaria,Greece,4.0,0.0,FIFA World Cup,True,H,5,2.0,1.0,0.4,0.25,1.8,2.0,0.4,0.0,0.04,0.025,0.18000000000000002,0.2,1267.938457672965,1437.7448431200185
1994-06-26,Switzerland,Colombia,0.0,2.0,FIFA World Cup,True,A,5,4.0,1.0,1.2,0.8,2.2,1.8,0.0,0.2,0.12000000000000002,0.08,0.22000000000000003,0.18000000000000002,1412.7827485818812,1312.564298134623
1994-06-26,United States,Romania,0.0,1.0,FIFA World Cup,False,A,5,4.0,5.0,1.0,1.2,2.0,1.6,0.0,0.1,0.1,0.12000000000000002,0.2,0.16,1315.7941171759812,1448.8230163235219
1994-06-27,Bolivia,Spain,1.0,3.0,FIFA World Cup,True,A,5,1.0,8.0,0.0,1.8,3.4,1.4,0.1,0.30000000000000004,0.0,0.18000000000000002,0.34,0.14,1317.5550989484202,1617.5640266968799
1994-06-27,Germany,South Korea,3.0,2.0,FIFA World Cup,True,H,5,7.0,2.0,1.2,0.6,1.6,1.6,0.30000000000000004,0.2,0.12000000000000002,0.06000000000000001,0.16,0.16,1679.7515924328854,1415.6255571564625
1994-06-28,Russia,Cameroon,6.0,1.0,FIFA World Cup,True,H,5,2.0,5.0,0.4,0.8,1.8,1.4,0.6000000000000001,0.1,0.04,0.08,0.18000000000000002,0.14,1488.7421080454494,1537.979276256824
1994-06-28,Italy,Mexico,1.0,1.0,FIFA World Cup,True,D,5,10.0,10.0,1.0,1.0,0.6,0.4,0.1,0.1,0.1,0.1,0.06000000000000001,0.04,1763.5250771458302,1487.6635918137117
1994-06-28,Republic of Ireland,Norway,0.0,0.0,FIFA World Cup,True,D,5,5.0,3.0,0.6,0.6666666666666666,0.8,1.0,0.0,0.0,0.06000000000000001,0.06666666666666667,0.08,0.10000000000000002,1551.857999676121,1499.9179639237236
1994-06-28,Brazil,Sweden,1.0,1.0,FIFA World Cup,True,D,5,12.0,10.0,1.4,2.0,0.2,1.4,0.1,0.1,0.14,0.2,0.02,0.14,1928.6215702607956,1595.7313873909127
1994-06-29,Belgium,Saudi Arabia,0.0,1.0,FIFA World Cup,True,A,5,9.0,9.0,1.2,1.8,0.8,0.8,0.0,0.1,0.12000000000000002,0.18,0.08,0.08,1657.7400348419244,1629.035432303706
1994-06-29,Morocco,Netherlands,1.0,2.0,FIFA World Cup,True,A,5,2.0,8.0,0.6,1.4,1.2,1.0,0.1,0.2,0.06000000000000001,0.14,0.12000000000000002,0.1,1414.7834840785254,1717.7044303812718
1994-06-30,Argentina,Bulgaria,0.0,2.0,FIFA World Cup,True,A,5,8.0,4.0,1.4,1.0,0.6,1.6,0.0,0.2,0.14,0.1,0.06000000000000001,0.16,1830.190836847162,1413.2602031774977
1994-06-30,Greece,Nigeria,0.0,2.0,FIFA World Cup,True,A,5,1.0,10.0,0.2,2.0,2.4,1.0,0.0,0.2,0.02,0.2,0.24000000000000005,0.1,1292.4230976154856,1660.3922831472385
1994-07-02,Germany,Belgium,3.0,2.0,FIFA World Cup,True,H,5,10.0,6.0,1.6,0.6,1.4,0.8,0.30000000000000004,0.2,0.16,0.06000000000000001,0.14,0.08,1697.691388564208,1603.6184838557424
1994-07-02,Spain,Switzerland,3.0,0.0,FIFA World Cup,True,H,5,8.0,4.0,1.8,1.2,1.4,1.6,0.30000000000000004,0.0,0.18000000000000002,0.12000000000000002,0.14,0.16,1640.2099721410204,1316.7295504393228
1994-07-03,Saudi Arabia,Sweden,1.0,3.0,FIFA World Cup,True,A,5,9.0,8.0,1.2,2.0,0.8,1.6,0.1,0.30000000000000004,0.12000000000000002,0.2,0.08,0.16,1683.156983289888,1632.9035778833977
1994-07-03,Romania,Argentina,3.0,2.0,FIFA World Cup,True,H,5,8.0,7.0,1.2,1.4,1.2,1.0,0.30000000000000004,0.2,0.12000000000000002,0.14,0.12000000000000002,0.1,1480.5623734636781,1692.6662191207408
1994-07-04,Netherlands,Republic of Ireland,2.0,0.0,FIFA World Cup,True,H,5,10.0,5.0,1.8,0.4,1.2,0.6,0.2,0.0,0.18000000000000002,0.04,0.12000000000000002,0.06000000000000001,1732.5881147219716,1544.4384186200614
1994-07-04,United States,Brazil,0.0,1.0,FIFA World Cup,False,A,5,4.0,10.0,0.8,1.4,1.2,0.4,0.0,0.1,0.08,0.14,0.12000000000000002,0.04,1270.53309057449,1891.4493797683106
1994-07-05,Mexico,Bulgaria,1.0,1.0,FIFA World Cup,True,D,5,8.0,6.0,1.0,1.2,0.6,1.4,0.1,0.1,0.1,0.12000000000000002,0.06000000000000001,0.14,1520.6968527477707,1550.784820903919
1994-07-05,Nigeria,Italy,1.0,2.0,FIFA World Cup,True,A,5,10.0,8.0,2.0,1.0,1.0,0.8,0.1,0.2,0.2,0.1,0.1,0.08,1676.4933334421946,1730.4918162117715
1994-07-09,Italy,Spain,2.0,1.0,FIFA World Cup,True,H,5,10.0,8.0,1.2,2.0,0.8,1.2,0.2,0.1,0.12000000000000002,0.2,0.08,0.12000000000000002,1772.7827817856285,1663.7401430260788
1994-07-09,Netherlands,Brazil,2.0,3.0,FIFA World Cup,True,A,5,10.0,10.0,1.6,1.4,1.0,0.4,0.2,0.30000000000000004,0.16,0.14,0.1,0.04,1770.5267475480186,1894.1764802407483
1994-07-10,Bulgaria,Germany,2.0,1.0,FIFA World Cup,True,H,5,7.0,10.0,1.4,1.6,1.2,1.4,0.2,0.1,0.14,0.16,0.12000000000000002,0.14,1546.4656062611373,1734.4746280788759
1994-07-10,Romania,Sweden,2.0,2.0,FIFA World Cup,True,D,5,10.0,8.0,1.6,2.2,1.4,1.6,0.2,0.2,0.16,0.22000000000000003,0.14,0.16,1557.7857568629352,1718.676624407522
1994-07-13,Bulgaria,Italy,1.0,2.0,FIFA World Cup,True,A,5,10.0,10.0,1.8,1.2,1.0,0.8,0.1,0.2,0.18,0.12000000000000002,0.1,0.08,1621.157880116084,1807.58600822302
1994-07-13,Sweden,Brazil,0.0,1.0,FIFA World Cup,True,A,5,9.0,13.0,2.2,2.0,1.4,0.6,0.0,0.1,0.22000000000000003,0.2,0.14,0.06000000000000001,1697.0470196363876,1927.096932563425
1994-07-16,Sweden,Bulgaria,4.0,0.0,FIFA World Cup,True,H,5,8.0,10.0,1.8,2.0,1.2,0.8,0.4,0.0,0.18000000000000002,0.2,0.12000000000000002,0.08,1676.036206481412,1595.6777444811346
1994-07-17,Brazil,Italy,0.0,0.0,FIFA World Cup,True,D,5,13.0,13.0,1.8,1.6,0.6,0.8,0.0,0.0,0.18000000000000002,0.16,0.06000000000000001,0.08,1948.1077457184008,1833.0661438579693
1996-01-13,South Africa,Cameroon,3.0,0.0,African Cup of Nations,False,H,3,0.0,2.0,0.0,0.8,0.0,2.6,0.30000000000000004,0.0,0.0,0.08,0.0,0.26000000000000006,1500.0,1423.9017954167668
1996-01-14,Ivory Coast,Ghana,0.0,2.0,African Cup of Nations,True,A,3,10.0,10.0,2.2,1.0,1.0,0.6,0.0,0.2,0.22000000000000003,0.1,0.1,0.06000000000000001,1648.9140878767098,1654.0720316138786
1996-01-14,Zambia,Algeria,0.0,0.0,African Cup of Nations,True,D,3,10.0,10.0,1.4,1.2,0.4,1.0,0.0,0.0,0.14,0.12000000000000002,0.04,0.1,1604.661492185131,1546.458600554417
1996-01-15,Sierra Leone,Burkina Faso,2.0,1.0,African Cup of Nations,True,H,3,1.0,0.0,0.0,0.6666666666666666,2.0,3.0,0.2,0.1,0.0,0.06666666666666667,0.2,0.30000000000000004,1458.0942870243973,1388.9391478041362
1996-01-15,Egypt,Angola,2.0,1.0,African Cup of Nations,True,H,3,4.0,0.0,0.8,0.0,0.6,0.0,0.2,0.1,0.08,0.0,0.06000000000000001,0.0,1468.9630298431161,1500.0
1996-01-16,Gabon,Liberia,1.0,2.0,African Cup of Nations,True,A,3,0.0,0.0,0.0,0.0,3.5,0.0,0.1,0.2,0.0,0.0,0.35000000000000003,0.0,1396.2152402373158,1500.0
1996-01-16,Tunisia,Mozambique,1.0,1.0,African Cup of Nations,True,D,3,2.0,0.0,0.4,0.0,1.4,2.3333333333333335,0.1,0.1,0.04,0.0,0.14,0.23333333333333336,1409.67785818045,1366.046143495831
1996-01-18,Algeria,Sierra Leone,2.0,0.0,African Cup of Nations,True,H,3,8.0,4.0,0.8,0.6666666666666666,1.0,1.6666666666666667,0.2,0.0,0.08,0.06666666666666667,0.1,0.16666666666666666,1551.4377517823787,1482.2005811669178
1996-01-18,Cameroon,Egypt,2.0,1.0,African Cup of Nations,True,H,3,1.0,7.0,0.8,1.2,3.2,0.6,0.2,0.1,0.08,0.12000000000000002,0.32,0.06000000000000001,1382.7203576938912,1501.6358711783269
1996-01-19,Ghana,Tunisia,2.0,1.0,African Cup of Nations,True,H,3,10.0,2.0,1.0,0.4,0.4,1.4,0.2,0.1,0.1,0.04,0.04,0.14,1698.4040216935969,1405.9300743553522
1996-01-19,DR Congo,Gabon,0.0,2.0,African Cup of Nations,True,A,3,5.0,0.0,0.6,0.3333333333333333,1.0,3.0,0.0,0.2,0.06000000000000001,0.03333333333333333,0.1,0.30000000000000004,1386.3351203764314,1374.9193694994467
1996-01-20,Burkina Faso,Zambia,1.0,5.0,African Cup of Nations,True,A,3,0.0,10.0,0.75,1.4,2.75,0.4,0.1,0.5,0.07500000000000001,0.14,0.275,0.04,1364.8328536616157,1599.6823409571693
1996-01-20,South Africa,Angola,1.0,0.0,African Cup of Nations,False,H,3,3.0,0.0,3.0,1.0,0.0,2.0,0.1,0.0,0.30000000000000004,0.1,0.0,0.2,1527.9568633846225,1467.3271586647893
1996-01-21,Mozambique,Ivory Coast,0.0,1.0,African Cup of Nations,True,A,3,1.0,7.0,0.25,1.4,2.0,1.4,0.0,0.1,0.025,0.14,0.2,0.14,1369.7939273209288,1604.5820977969915
1996-01-24,South Africa,Egypt,0.0,1.0,African Cup of Nations,False,A,3,6.0,7.0,2.0,1.4,0.0,0.8,0.0,0.1,0.2,0.14,0.0,0.08,1544.997437062707,1461.7508950633987
1996-01-24,Sierra Leone,Zambia,0.0,4.0,African Cup of Nations,True,A,3,4.0,10.0,0.5,2.2,1.75,0.6,0.0,0.4,0.05,0.22000000000000003,0.17500000000000002,0.06000000000000001,1446.051354154212,1624.3494857035232
1996-01-24,Burkina Faso,Algeria,1.0,2.0,African Cup of Nations,True,A,3,0.0,8.0,0.8,0.8,3.2,0.8,0.1,0.2,0.08,0.08,0.32,0.08,1340.1657089152618,1587.5869787950844
1996-01-24,Angola,Cameroon,3.0,3.0,African Cup of Nations,True,D,3,0.0,4.0,0.5,1.0,1.5,3.0,0.30000000000000004,0.30000000000000004,0.05,0.1,0.15000000000000002,0.30000000000000004,1442.5098461760442,1422.6053338088193
1996-01-25,Liberia,DR Congo,0.0,2.0,African Cup of Nations,True,A,3,3.0,4.0,2.0,0.4,1.0,1.2,0.0,0.2,0.2,0.04,0.1,0.12000000000000002,1521.295870737869,1339.8570794817822
1996-01-25,Mozambique,Ghana,0.0,2.0,African Cup of Nations,True,A,3,1.0,12.0,0.2,1.4,1.8,0.6,0.0,0.2,0.02,0.14,0.18000000000000002,0.06000000000000001,1357.4568961060097,1707.8010612851367
1996-01-25,Tunisia,Ivory Coast,3.0,1.0,African Cup of Nations,True,H,3,2.0,10.0,0.6,1.6,1.4,1.2,0.30000000000000004,0.1,0.06000000000000001,0.16,0.14,0.12000000000000002,1396.5330347638123,1616.9191290119106
1996-01-27,South Africa,Algeria,2.0,1.0,African Cup of Nations,False,H,3,6.0,8.0,1.3333333333333333,1.0,0.3333333333333333,1.0,0.2,0.1,0.13333333333333333,0.1,0.03333333333333333,0.1,1500.4951066883389,1599.2265497147184
1996-01-27,Zambia,Egypt,3.0,1.0,African Cup of Nations,True,H,3,10.0,7.0,2.8,0.8,0.6,0.8,0.30000000000000004,0.1,0.28,0.08,0.06000000000000001,0.08,1656.0041813579282,1498.8045115733569
1996-01-28,Ghana,DR Congo,1.0,0.0,African Cup of Nations,True,H,3,12.0,7.0,1.6,0.8,0.6,1.0,0.1,0.0,0.16,0.08,0.06000000000000001,0.1,1718.3721173331826,1406.4306990471457
1996-01-28,Gabon,Tunisia,1.0,1.0,African Cup of Nations,True,D,3,3.0,5.0,0.75,1.2,2.25,1.4,0.1,0.1,0.07500000000000001,0.12000000000000002,0.22500000000000003,0.14,1421.397410394096,1466.7789881035023
1996-01-31,Zambia,Tunisia,2.0,4.0,African Cup of Nations,True,A,3,10.0,6.0,2.6,1.4,0.8,1.2,0.2,0.4,0.26,0.14,0.08,0.12000000000000002,1681.9279351014711,1462.8825618152655
1996-01-31,South Africa,Ghana,3.0,0.0,African Cup of Nations,False,H,3,9.0,12.0,1.5,1.6,0.5,0.6,0.30000000000000004,0.0,0.15000000000000002,0.16,0.05,0.06000000000000001,1530.3855711609472,1726.9147885505301
1996-02-03,South Africa,Tunisia,2.0,0.0,African Cup of Nations,False,H,3,12.0,8.0,1.8,2.0,0.4,1.4,0.2,0.0,0.18000000000000002,0.2,0.04,0.14,1597.1077518246473,1533.0092625022257
1996-02-03,Zambia,Ghana,1.0,0.0,African Cup of Nations,True,H,3,10.0,12.0,2.8,1.4,1.2,0.8,0.1,0.0,0.28,0.14,0.12000000000000002,0.08,1611.8012344145109,1647.5262679541431
1996-06-08,England,Switzerland,1.0,1.0,UEFA Euro,False,D,4,3.0,4.0,0.6,1.0,1.0,1.8,0.1,0.1,0.06000000000000001,0.1,0.1,0.18000000000000002,1612.60840503303,1293.1993795542644
1996-06-09,Spain,Bulgaria,1.0,1.0,UEFA Euro,True,D,4,8.0,7.0,2.0,1.2,1.2,1.6,0.1,0.1,0.2,0.12000000000000002,0.12000000000000002,0.16,1628.9369165886874,1518.4029768199703
1996-06-09,Germany,Czech Republic,2.0,0.0,UEFA Euro,True,H,4,10.0,0.0,1.8,0.0,1.4,0.0,0.2,0.0,0.18000000000000002,0.0,0.14,0.0,1659.7823542239291,1500.0
1996-06-09,Denmark,Portugal,1.0,1.0,UEFA Euro,True,D,4,8.0,6.0,1.2,1.0,0.8,1.4,0.1,0.1,0.12000000000000002,0.1,0.08,0.14,1656.9358395079657,1588.0286011863684
1996-06-10,Netherlands,Scotland,0.0,0.0,UEFA Euro,True,D,4,9.0,6.0,1.6,1.0,1.2,1.0,0.0,0.0,0.16,0.1,0.12000000000000002,0.1,1737.606295225342,1568.916067983367
1996-06-10,Romania,France,0.0,1.0,UEFA Euro,True,A,4,10.0,5.0,2.0,1.2,1.8,1.4,0.0,0.1,0.2,0.12000000000000002,0.18,0.14,1579.4153616340693,1676.2708691884643
1996-06-11,Italy,Russia,2.0,1.0,UEFA Euro,True,H,4,11.0,4.0,1.4,1.4,0.8,1.8,0.2,0.1,0.14,0.14,0.08,0.18000000000000002,1849.0423192238134,1602.8195888855066
1996-06-11,Turkey,Croatia,0.0,1.0,UEFA Euro,True,A,4,3.0,0.0,3.3333333333333335,0.0,3.6666666666666665,0.0,0.0,0.1,0.3333333333333333,0.0,0.3666666666666667,0.0,1420.4132890064673,1500.0
1996-06-13,Bulgaria,Romania,1.0,0.0,UEFA Euro,True,H,4,5.0,7.0,1.0,1.4,1.8,1.8,0.1,0.0,0.1,0.14,0.18,0.18,1530.716023670949,1550.286108697645
1996-06-13,Switzerland,Netherlands,0.0,2.0,UEFA Euro,True,A,4,5.0,7.0,1.2,1.2,1.6,1.0,0.0,0.2,0.12000000000000002,0.12000000000000002,0.16,0.1,1322.2226498856119,1719.579852832637
1996-06-14,Portugal,Turkey,1.0,0.0,UEFA Euro,True,H,4,4.0,3.0,1.0,2.5,1.6,3.0,0.1,0.0,0.1,0.25,0.16,0.30000000000000004,1595.8594327098974,1389.4190769993843
1996-06-14,Czech Republic,Italy,2.0,1.0,UEFA Euro,True,H,4,0.0,13.0,0.0,1.6,2.0,0.8,0.2,0.1,0.0,0.16,0.2,0.08,1465.7997017942332,1864.6482317231255
1996-06-15,England,Scotland,2.0,0.0,UEFA Euro,False,H,4,3.0,4.0,0.6,0.6,1.0,0.8,0.2,0.0,0.06000000000000001,0.06000000000000001,0.1,0.08,1579.175428504748,1586.9425103760718
1996-06-15,France,Spain,1.0,1.0,UEFA Euro,True,D,4,8.0,8.0,1.4,1.8,1.0,1.0,0.1,0.1,0.14,0.18000000000000002,0.1,0.1,1705.4001221248886,1616.6238697377087
1996-06-16,Russia,Germany,0.0,3.0,UEFA Euro,True,A,4,3.0,10.0,1.6,2.0,2.2,1.4,0.0,0.30000000000000004,0.16,0.2,0.22000000000000003,0.14,1587.2136763861945,1693.982652429696
1996-06-16,Croatia,Denmark,3.0,0.0,UEFA Euro,True,H,4,3.0,8.0,1.0,1.4,0.0,1.0,0.30000000000000004,0.0,0.1,0.14,0.0,0.1,1530.994212007083,1649.1050079844367
1996-06-18,Romania,Spain,1.0,2.0,UEFA Euro,True,A,4,7.0,8.0,1.2,1.8,1.2,1.0,0.1,0.2,0.12000000000000002,0.18000000000000002,0.12000000000000002,0.1,1508.0353992099544,1626.6278364696134
1996-06-18,Scotland,Switzerland,1.0,0.0,UEFA Euro,True,H,4,4.0,4.0,0.6,1.0,1.0,1.8,0.1,0.0,0.06000000000000001,0.1,0.1,0.18000000000000002,1525.6014062616396,1311.1617427247202
1996-06-18,England,Netherlands,4.0,1.0,UEFA Euro,False,H,4,6.0,10.0,0.8,1.6,0.6,0.8,0.4,0.1,0.08,0.16,0.06000000000000001,0.08,1623.6112794106823,1730.6407599935287
1996-06-18,France,Bulgaria,3.0,1.0,UEFA Euro,True,H,4,6.0,7.0,0.8,1.0,0.8,1.6,0.30000000000000004,0.1,0.08,0.1,0.08,0.16,1695.396155392984,1572.9667331586395
1996-06-19,Croatia,Portugal,0.0,3.0,UEFA Euro,True,A,4,6.0,7.0,2.0,0.8,0.0,1.0,0.0,0.30000000000000004,0.2,0.08,0.0,0.1,1623.9145172912438,1614.5435338624006
1996-06-19,Italy,Germany,0.0,0.0,UEFA Euro,True,D,4,10.0,12.0,1.4,2.4,1.0,1.2,0.0,0.0,0.14,0.24000000000000005,0.1,0.12000000000000002,1791.9649020879644,1743.123764238594
1996-06-19,Russia,Czech Republic,3.0,3.0,UEFA Euro,True,D,4,3.0,3.0,1.6,1.0,2.2,1.5,0.30000000000000004,0.30000000000000004,0.16,0.1,0.22000000000000003,0.15000000000000002,1538.0725645772964,1538.4830314293943
1996-06-19,Turkey,Denmark,0.0,3.0,UEFA Euro,True,A,4,3.0,8.0,2.0,1.4,2.6,1.4,0.0,0.30000000000000004,0.2,0.14,0.26,0.14,1370.734975846881,1556.184702700276
1996-06-22,France,Netherlands,0.0,0.0,UEFA Euro,True,D,4,8.0,7.0,1.2,1.4,0.8,1.4,0.0,0.0,0.12000000000000002,0.14,0.08,0.14,1735.0870710872798,1639.7340574531083
1996-06-22,England,Spain,0.0,0.0,UEFA Euro,False,D,4,8.0,8.0,1.6,1.6,0.8,1.0,0.0,0.0,0.16,0.16,0.08,0.1,1695.0273591956343,1653.4810356862379
1996-06-23,Czech Republic,Portugal,1.0,0.0,UEFA Euro,True,H,4,4.0,7.0,1.6666666666666667,1.2,2.0,1.0,0.1,0.0,0.16666666666666666,0.12000000000000002,0.20000000000000004,0.1,1538.43577470864,1686.4311062507763
1996-06-23,Germany,Croatia,2.0,1.0,UEFA Euro,True,H,4,10.0,6.0,1.8,1.3333333333333333,0.8,1.0,0.2,0.1,0.18000000000000002,0.13333333333333333,0.08,0.10000000000000002,1748.7100583158003,1552.026944902868
1996-06-26,France,Czech Republic,0.0,0.0,UEFA Euro,True,D,4,8.0,7.0,1.2,1.5,0.8,1.5,0.0,0.0,0.12000000000000002,0.15000000000000002,0.08,0.15000000000000002,1724.3767164654735,1594.5135159576917
1996-06-26,England,Germany,1.0,1.0,UEFA Euro,False,D,4,8.0,10.0,1.6,1.6,0.8,0.6,0.1,0.1,0.16,0.16,0.08,0.06000000000000001,1679.5767419086105,1768.210499058976
1996-06-30,Czech Republic,Germany,1.0,2.0,UEFA Euro,True,A,4,8.0,11.0,1.2,1.6,1.2,0.4,0.1,0.2,0.12000000000000002,0.16,0.12000000000000002,0.04,1608.8051323917857,1758.2219131250301
1996-12-04,Indonesia,Kuwait,2.0,2.0,AFC Asian Cup,True,D,3,0.0,4.0,0.0,0.6,6.0,0.8,0.2,0.2,0.0,0.06000000000000001,0.6000000000000001,0.08,1406.04200064178,1490.3140045777582
1996-12-04,United Arab Emirates,South Korea,1.0,1.0,AFC Asian Cup,False,D,3,6.0,2.0,0.6,1.0,0.8,1.8,0.1,0.1,0.06000000000000001,0.1,0.08,0.18000000000000002,1320.253973755749,1397.68576102514
1996-12-05,Iran,Iraq,1.0,2.0,AFC Asian Cup,True,A,3,5.0,0.0,0.4,0.6,0.4,1.6,0.1,0.2,0.04,0.06000000000000001,0.04,0.16,1515.0520012550442,1283.1352512076278
1996-12-05,Saudi Arabia,Thailand,6.0,0.0,AFC Asian Cup,True,H,3,6.0,4.0,1.0,0.8,1.4,1.6,0.6000000000000001,0.0,0.1,0.08,0.14,0.16,1597.3839367657638,1402.2658096650507
1996-12-06,China PR,Uzbekistan,0.0,2.0,AFC Asian Cup,True,A,3,6.0,0.0,1.2,0.0,1.2,0.0,0.0,0.2,0.12000000000000002,0.0,0.12000000000000002,0.0,1514.0747098728418,1500.0
1996-12-06,Japan,Syria,2.0,1.0,AFC Asian Cup,True,H,3,11.0,6.0,1.2,0.6,0.6,1.6,0.2,0.1,0.12000000000000002,0.06000000000000001,0.06000000000000001,0.16,1467.4072124519112,1484.1383676987061
1996-12-07,United Arab Emirates,Kuwait,3.0,2.0,AFC Asian Cup,False,H,3,6.0,4.0,0.8,0.8,1.0,1.0,0.30000000000000004,0.2,0.08,0.08,0.1,0.1,1318.3080137499744,1483.176795762576
1996-12-07,South Korea,Indonesia,4.0,2.0,AFC Asian Cup,True,H,3,3.0,1.0,1.0,1.0,1.4,4.0,0.4,0.2,0.1,0.1,0.14,0.4,1391.1083038719885,1413.1792094569623
1996-12-08,Saudi Arabia,Iraq,1.0,0.0,AFC Asian Cup,True,H,3,9.0,3.0,2.2,0.6,1.2,1.2,0.1,0.0,0.22000000000000003,0.06000000000000001,0.12000000000000002,0.12000000000000002,1626.8343378198942,1330.6354398405056
1996-12-08,Thailand,Iran,1.0,3.0,AFC Asian Cup,True,A,3,3.0,5.0,0.6,0.6,2.6,0.6,0.1,0.30000000000000004,0.06000000000000001,0.06000000000000001,0.26,0.06000000000000001,1372.8154086109203,1467.5518126221664
1996-12-09,Japan,Uzbekistan,4.0,0.0,AFC Asian Cup,True,H,3,13.0,3.0,1.6,2.0,0.8,0.0,0.4,0.0,0.16,0.2,0.08,0.0,1498.8507808143333,1546.8219656581578
1996-12-09,Syria,China PR,0.0,3.0,AFC Asian Cup,True,A,3,6.0,5.0,0.6,1.0,1.4,1.4,0.0,0.30000000000000004,0.06000000000000001,0.1,0.14,0.14,1452.694799336284,1467.252744214684
1996-12-10,Kuwait,South Korea,2.0,0.0,AFC Asian Cup,True,H,3,3.0,6.0,1.2,1.8,1.6,1.6,0.2,0.0,0.12000000000000002,0.18,0.16,0.16,1439.9212178696553,1438.963097554411
1996-12-10,United Arab Emirates,Indonesia,2.0,0.0,AFC Asian Cup,False,H,3,8.0,1.0,1.4,1.3333333333333333,1.4,4.0,0.2,0.0,0.14,0.13333333333333333,0.14,0.4000000000000001,1353.8450440448623,1365.3244157745398
1996-12-11,Iraq,Thailand,4.0,1.0,AFC Asian Cup,True,H,3,3.0,2.0,0.6,0.4,1.2,2.8,0.4,0.1,0.06000000000000001,0.04,0.12000000000000002,0.28,1321.4070902881165,1339.7903846597671
1996-12-11,Saudi Arabia,Iran,0.0,3.0,AFC Asian Cup,True,A,3,12.0,7.0,2.2,1.2,0.8,0.8,0.0,0.30000000000000004,0.22000000000000003,0.12000000000000002,0.08,0.08,1636.0626873722833,1500.5768365733195
1996-12-12,Japan,China PR,1.0,0.0,AFC Asian Cup,True,H,3,15.0,7.0,2.2,1.6,0.6,1.4,0.1,0.0,0.22000000000000003,0.16,0.06000000000000001,0.14,1567.0828653679018,1517.5542212039263
1996-12-12,Uzbekistan,Syria,1.0,2.0,AFC Asian Cup,True,A,3,3.0,6.0,1.0,0.6,2.0,1.6,0.1,0.2,0.1,0.06000000000000001,0.2,0.16,1478.5898811045893,1402.3933223470417
1996-12-15,United Arab Emirates,Iraq,1.0,0.0,AFC Asian Cup,False,H,3,8.0,6.0,1.4,1.4,1.2,1.2,0.1,0.0,0.14,0.14,0.12000000000000002,0.12000000000000002,1387.6216247931434,1376.6823480482462
1996-12-15,Kuwait,Japan,2.0,0.0,AFC Asian Cup,True,H,3,5.0,15.0,1.6,2.2,1.6,0.6,0.2,0.0,0.16,0.22000000000000003,0.16,0.06000000000000001,1484.7971220467537,1592.8349547470566
1996-12-16,South Korea,Iran,2.0,6.0,AFC Asian Cup,True,A,3,5.0,7.0,1.4,1.4,1.6,0.8,0.2,0.6000000000000001,0.14,0.14,0.16,0.08,1394.0871933773124,1572.5714211651311
1996-12-16,Saudi Arabia,China PR,4.0,3.0,AFC Asian Cup,True,H,3,9.0,4.0,1.8,1.2,1.2,1.4,0.4,0.30000000000000004,0.18000000000000002,0.12000000000000002,0.12000000000000002,0.14,1564.068102780472,1491.8021318247715
1996-12-19,United Arab Emirates,Kuwait,1.0,0.0,AFC Asian Cup,False,H,3,11.0,8.0,1.6,2.0,0.8,1.4,0.1,0.0,0.16,0.2,0.08,0.14,1408.355167891648,1543.3559939494855
1996-12-19,Iran,Saudi Arabia,0.0,0.0,AFC Asian Cup,True,D,3,9.0,9.0,2.6,2.4,1.2,1.8,0.0,0.0,0.26000000000000006,0.24000000000000005,0.12000000000000002,0.18000000000000002,1604.2011580174453,1587.9166135662517
1996-12-21,Iran,Kuwait,1.0,1.0,AFC Asian Cup,True,D,3,10.0,7.0,2.6,1.6,1.0,1.2,0.1,0.1,0.26000000000000006,0.16,0.1,0.12000000000000002,1602.7960661986472,1502.252355853409
1996-12-21,United Arab Emirates,Saudi Arabia,0.0,0.0,AFC Asian Cup,False,D,3,13.0,10.0,1.6,2.2,0.6,1.2,0.0,0.0,0.16,0.22000000000000003,0.06000000000000001,0.12000000000000002,1441.367199695436,1589.3217053850499
1998-02-07,Burkina Faso,Cameroon,0.0,1.0,African Cup of Nations,False,A,3,0.0,4.0,0.6,1.2,2.8,3.2,0.0,0.1,0.06000000000000001,0.12000000000000002,0.28,0.32000000000000006,1328.5261379956278,1424.3221497090146
1998-02-08,South Africa,Angola,0.0,0.0,African Cup of Nations,True,D,3,12.0,1.0,1.6,1.3333333333333333,0.4,2.0,0.0,0.0,0.16,0.13333333333333333,0.04,0.20000000000000004,1622.3047540113785,1440.7930302758489
1998-02-08,Ivory Coast,Namibia,4.0,3.0,African Cup of Nations,True,H,3,7.0,0.0,1.4,0.0,1.6,0.0,0.4,0.30000000000000004,0.14,0.0,0.16,0.0,1546.6731756722206,1500.0
1998-02-08,Algeria,Guinea,0.0,1.0,African Cup of Nations,True,A,3,8.0,1.0,1.2,0.8,0.8,1.6,0.0,0.1,0.12000000000000002,0.08,0.08,0.16,1560.923693040308,1461.6091843204636
1998-02-09,DR Congo,Togo,2.0,1.0,African Cup of Nations,True,H,3,4.0,2.0,0.6,0.4,1.2,2.0,0.2,0.1,0.06000000000000001,0.04,0.12000000000000002,0.2,1397.8880278297981,1382.2797295682826
1998-02-09,Ghana,Tunisia,2.0,0.0,African Cup of Nations,True,H,3,9.0,7.0,1.0,1.8,1.0,1.6,0.2,0.0,0.1,0.18000000000000002,0.1,0.16,1614.4523464485237,1496.2183986664363
1998-02-09,Zambia,Morocco,1.0,1.0,African Cup of Nations,True,D,3,12.0,1.0,3.0,0.6,1.2,1.4,0.1,0.1,0.3,0.06000000000000001,0.12000000000000002,0.14,1644.8751559201303,1399.8997997378256
1998-02-10,Egypt,Mozambique,2.0,0.0,African Cup of Nations,True,H,3,6.0,1.0,1.0,0.2,1.4,1.6,0.2,0.0,0.1,0.02,0.14,0.16,1472.880757829814,1346.8858400579638
1998-02-11,Burkina Faso,Algeria,2.0,1.0,African Cup of Nations,False,H,3,0.0,7.0,0.6,1.0,2.6,0.8,0.2,0.1,0.06000000000000001,0.1,0.26,0.08,1298.1631541819288,1522.5743684081663
1998-02-11,Cameroon,Guinea,2.0,2.0,African Cup of Nations,True,D,3,7.0,3.0,1.4,0.8,2.6,1.4,0.2,0.2,0.14,0.08,0.26000000000000006,0.14,1446.2538867878804,1499.9585089526054
1998-02-11,South Africa,Ivory Coast,1.0,1.0,African Cup of Nations,True,D,3,10.0,9.0,1.4,1.8,0.4,1.8,0.1,0.1,0.14,0.18000000000000002,0.04,0.18000000000000002,1607.917491360661,1572.667158598867
1998-02-12,Angola,Namibia,3.0,3.0,African Cup of Nations,True,D,3,2.0,0.0,1.0,3.0,1.5,4.0,0.30000000000000004,0.30000000000000004,0.1,0.30000000000000004,0.15000000000000002,0.4,1455.1802929265664,1474.0060170733536
1998-02-12,Ghana,Togo,1.0,2.0,African Cup of Nations,True,A,3,9.0,2.0,1.0,0.6,0.8,2.0,0.1,0.2,0.1,0.06000000000000001,0.08,0.2,1644.703625569581,1353.6265524499374
1998-02-12,Tunisia,DR Congo,2.0,1.0,African Cup of Nations,True,H,3,7.0,6.0,1.6,0.8,1.6,1.2,0.2,0.1,0.16,0.08,0.16,0.12000000000000002,1465.967119545379,1426.5412049481433
1998-02-13,Zambia,Egypt,0.0,4.0,African Cup of Nations,True,A,3,10.0,9.0,2.2,1.4,1.2,1.2,0.0,0.4,0.22000000000000003,0.14,0.12000000000000002,0.12000000000000002,1626.6473870548916,1502.2414796630485
1998-02-13,Morocco,Mozambique,3.0,0.0,African Cup of Nations,True,H,3,2.0,1.0,0.8,0.2,1.4,1.6,0.30000000000000004,0.0,0.08,0.02,0.14,0.16,1418.1275686030642,1317.5251182247293
1998-02-15,Burkina Faso,Guinea,1.0,0.0,African Cup of Nations,False,H,3,3.0,4.0,1.0,1.2,2.2,1.6,0.1,0.0,0.1,0.12000000000000002,0.22000000000000003,0.16,1338.4689186618425,1495.3578623041135
1998-02-15,Cameroon,Algeria,2.0,1.0,African Cup of Nations,True,H,3,8.0,6.0,1.6,1.2,1.8,1.2,0.2,0.1,0.16,0.12000000000000002,0.18000000000000002,0.12000000000000002,1450.8545334363723,1475.5071162247852
1998-02-16,Ghana,DR Congo,0.0,1.0,African Cup of Nations,True,A,3,6.0,6.0,0.8,1.0,1.2,1.2,0.0,0.1,0.08,0.1,0.12000000000000002,0.12000000000000002,1594.1645690368305,1399.9309745150038
1998-02-16,Ivory Coast,Angola,5.0,2.0,African Cup of Nations,True,H,3,7.0,3.0,1.4,1.4,1.8,1.8,0.5,0.2,0.14,0.14,0.18000000000000002,0.18000000000000002,1575.7005158290585,1456.8042476238084
1998-02-16,South Africa,Namibia,4.0,1.0,African Cup of Nations,True,H,3,11.0,1.0,1.6,3.0,0.4,3.5,0.4,0.1,0.16,0.30000000000000004,0.04,0.35000000000000003,1604.8841341304694,1472.3820623761117
1998-02-16,Tunisia,Togo,3.0,1.0,African Cup of Nations,True,H,3,7.0,4.0,1.4,0.8,1.6,2.0,0.30000000000000004,0.1,0.14,0.08,0.16,0.2,1492.5773499785187,1404.165608982688
1998-02-17,Zambia,Mozambique,3.0,1.0,African Cup of Nations,True,H,3,7.0,1.0,1.4,0.2,2.0,1.8,0.30000000000000004,0.1,0.14,0.02,0.2,0.18000000000000002,1546.0366664061717,1279.815793209992
1998-02-17,Egypt,Morocco,0.0,1.0,African Cup of Nations,True,A,3,9.0,4.0,1.8,1.2,1.0,1.2,0.0,0.1,0.18,0.12000000000000002,0.1,0.12000000000000002,1582.8522003117685,1455.8368936178015
1998-02-20,Cameroon,DR Congo,0.0,1.0,African Cup of Nations,True,A,3,11.0,9.0,2.0,1.2,1.4,0.8,0.0,0.1,0.2,0.12000000000000002,0.14,0.08,1482.9796432920668,1445.1491241828542
1998-02-21,Burkina Faso,Tunisia,1.0,1.0,African Cup of Nations,False,D,3,6.0,9.0,1.0,1.8,1.8,1.6,0.1,0.1,0.1,0.18000000000000002,0.18,0.16,1373.337671042721,1526.3671575998821
1998-02-21,Ivory Coast,Egypt,0.0,0.0,African Cup of Nations,True,D,3,10.0,9.0,2.4,1.6,1.8,0.8,0.0,0.0,0.24,0.16,0.18000000000000002,0.08,1610.9044000429394,1542.3486285619913
1998-02-22,Morocco,South Africa,1.0,2.0,African Cup of Nations,True,A,3,7.0,11.0,1.4,2.0,1.0,0.4,0.1,0.2,0.14,0.2,0.1,0.04,1496.3404653675786,1638.2794866180045
1998-02-25,Burkina Faso,Egypt,0.0,2.0,African Cup of Nations,False,A,3,7.0,7.0,1.0,1.4,1.0,0.8,0.0,0.2,0.1,0.14,0.1,0.08,1377.8813758864624,1548.1925614739268
1998-02-25,DR Congo,South Africa,1.0,2.0,African Cup of Nations,True,A,3,9.0,11.0,1.0,1.8,0.8,0.6,0.1,0.2,0.1,0.18,0.08,0.06000000000000001,1478.4028253734018,1656.662687150034
1998-02-27,Burkina Faso,DR Congo,4.0,4.0,African Cup of Nations,False,D,3,7.0,9.0,0.8,1.2,1.0,1.0,0.4,0.4,0.08,0.12000000000000002,0.1,0.1,1341.865792769293,1462.572910435777
1998-02-28,South Africa,Egypt,0.0,2.0,African Cup of Nations,True,A,3,11.0,10.0,1.8,1.6,0.8,0.2,0.0,0.2,0.18,0.16,0.08,0.02,1672.4926020876587,1572.7458581421872
1998-06-10,Brazil,Scotland,2.0,1.0,FIFA World Cup,True,H,5,11.0,7.0,1.2,0.8,0.6,0.8,0.2,0.1,0.12000000000000002,0.08,0.06000000000000001,0.08,1932.1315703525568,1543.634191726481
1998-06-10,Morocco,Norway,2.0,2.0,FIFA World Cup,True,D,5,7.0,4.0,1.4,0.5,1.0,0.75,0.2,0.2,0.14,0.05,0.1,0.07500000000000001,1477.9572648355493,1507.3375449797834
1998-06-11,Cameroon,Austria,1.0,1.0,FIFA World Cup,True,D,5,8.0,4.0,1.6,0.8,1.4,1.2,0.1,0.1,0.16,0.08,0.14,0.12000000000000002,1449.7259421015192,1520.7356304918444
1998-06-11,Italy,Chile,2.0,2.0,FIFA World Cup,True,D,5,8.0,2.0,1.0,0.8,0.8,1.8,0.2,0.2,0.1,0.08,0.08,0.18000000000000002,1786.3786080107582,1365.7977029549434
1998-06-12,France,South Africa,3.0,0.0,FIFA World Cup,False,H,5,9.0,10.0,1.0,1.8,0.4,1.2,0.30000000000000004,0.0,0.1,0.18,0.04,0.12000000000000002,1710.0851000313794,1614.9169860501918
1998-06-12,Paraguay,Bulgaria,0.0,0.0,FIFA World Cup,True,D,5,6.0,4.0,1.4,0.8,1.8,2.0,0.0,0.0,0.14,0.08,0.18000000000000002,0.2,1435.1304760165676,1533.2758174643436
1998-06-12,Saudi Arabia,Denmark,0.0,1.0,FIFA World Cup,True,A,5,8.0,8.0,1.0,1.6,1.2,1.2,0.0,0.1,0.1,0.16,0.12000000000000002,0.12000000000000002,1577.2663552509694,1592.006817412731
1998-06-13,Spain,Nigeria,2.0,3.0,FIFA World Cup,True,A,5,6.0,9.0,1.0,1.8,1.0,1.0,0.2,0.30000000000000004,0.1,0.18000000000000002,0.1,0.1,1658.2415637121585,1634.2023678683377
1998-06-13,South Korea,Mexico,1.0,3.0,FIFA World Cup,True,A,5,4.0,6.0,1.8,0.8,2.8,0.8,0.1,0.30000000000000004,0.18,0.08,0.28,0.08,1362.4574565249982,1525.0160673905523
1998-06-13,Netherlands,Belgium,0.0,0.0,FIFA World Cup,True,D,5,5.0,6.0,1.0,0.8,1.4,1.0,0.0,0.0,0.1,0.08,0.14,0.1,1650.4444120749147,1566.8352443410745
1998-06-14,Argentina,Japan,1.0,0.0,FIFA World Cup,True,H,5,6.0,12.0,1.6,1.6,1.4,0.6,0.1,0.0,0.16,0.16,0.14,0.06000000000000001,1615.4428357214838,1534.2760828443247
1998-06-14,Jamaica,Croatia,1.0,3.0,FIFA World Cup,True,A,5,0.0,6.0,0.0,1.25,0.0,1.25,0.1,0.30000000000000004,0.0,0.125,0.0,0.125,1500.0,1532.5265041596924
1998-06-14,Serbia,Iran,1.0,0.0,FIFA World Cup,True,H,5,0.0,11.0,0.0,2.6,0.0,0.8,0.1,0.0,0.0,0.26000000000000006,0.0,0.08,1500.0,1594.3489215985746
1998-06-15,England,Tunisia,2.0,0.0,FIFA World Cup,True,H,5,9.0,7.0,1.6,1.2,0.6,1.4,0.2,0.0,0.16,0.12000000000000002,0.06000000000000001,0.14,1678.2686214798648,1513.9465301942244
1998-06-15,Germany,United States,2.0,0.0,FIFA World Cup,True,H,5,11.0,4.0,1.6,0.8,0.6,1.2,0.2,0.0,0.16,0.08,0.06000000000000001,0.12000000000000002,1782.0071866480887,1265.7843337612503
1998-06-15,Romania,Colombia,1.0,0.0,FIFA World Cup,True,H,5,4.0,4.0,1.2,1.2,1.6,1.6,0.1,0.0,0.12000000000000002,0.12000000000000002,0.16,0.16,1481.18219999333,1408.6174962771813
1998-06-16,Brazil,Morocco,3.0,0.0,FIFA World Cup,True,H,5,13.0,8.0,1.4,1.6,0.6,1.0,0.30000000000000004,0.0,0.14,0.16,0.06000000000000001,0.1,1941.784730672747,1482.1753773256796
1998-06-16,Scotland,Norway,1.0,1.0,FIFA World Cup,True,D,5,7.0,5.0,1.0,0.8,0.8,1.0,0.1,0.1,0.1,0.08,0.08,0.1,1533.9810314062906,1503.119432489653
1998-06-17,Italy,Cameroon,3.0,0.0,FIFA World Cup,True,H,5,6.0,8.0,1.0,1.2,1.0,1.0,0.30000000000000004,0.0,0.1,0.12000000000000002,0.1,0.1,1744.5367006368542,1459.8051043121434
1998-06-17,Chile,Austria,1.0,1.0,FIFA World Cup,True,D,5,2.0,5.0,1.0,1.0,2.0,1.2,0.1,0.1,0.1,0.1,0.2,0.12000000000000002,1407.6396103288473,1510.6564682812202
1998-06-18,France,Saudi Arabia,4.0,0.0,FIFA World Cup,False,H,5,9.0,5.0,1.4,0.8,0.4,1.4,0.4,0.0,0.14,0.08,0.04,0.14,1753.024276904106,1529.3864063970261
1998-06-18,South Africa,Denmark,1.0,1.0,FIFA World Cup,True,D,5,9.0,10.0,1.6,1.4,1.6,0.8,0.1,0.1,0.16,0.14,0.16,0.08,1550.802653078055,1639.8867662666742
1998-06-19,Nigeria,Bulgaria,1.0,0.0,FIFA World Cup,True,H,5,9.0,5.0,2.0,0.6,1.2,1.6,0.1,0.0,0.2,0.06000000000000001,0.12000000000000002,0.16,1687.6563762021221,1519.5156453870886
1998-06-19,Spain,Paraguay,0.0,0.0,FIFA World Cup,True,D,5,6.0,6.0,1.2,0.8,1.2,1.2,0.0,0.0,0.12000000000000002,0.08,0.12000000000000002,0.12000000000000002,1604.787555378374,1448.8906480938226
1998-06-20,Belgium,Mexico,2.0,2.0,FIFA World Cup,True,D,5,7.0,8.0,0.8,1.4,0.8,1.0,0.2,0.2,0.08,0.14,0.08,0.1,1578.6405608509049,1567.2796286001662
1998-06-20,Japan,Croatia,0.0,1.0,FIFA World Cup,True,A,5,9.0,9.0,1.4,1.6,0.8,1.2,0.0,0.1,0.14,0.16,0.08,0.12000000000000002,1495.748955620876,1600.5255351663739
1998-06-20,Netherlands,South Korea,5.0,0.0,FIFA World Cup,True,H,5,6.0,4.0,0.6,1.6,0.8,2.8,0.5,0.0,0.06000000000000001,0.16,0.08,0.28,1638.6390955650843,1320.1938953153842
1998-06-21,Argentina,Jamaica,5.0,0.0,FIFA World Cup,True,H,5,9.0,0.0,1.8,1.0,1.2,3.0,0.5,0.0,0.18,0.1,0.12000000000000002,0.30000000000000004,1653.9699629449326,1432.0009689933186
1998-06-21,Germany,Serbia,2.0,2.0,FIFA World Cup,True,D,5,11.0,3.0,1.4,1.0,0.6,0.0,0.2,0.2,0.14,0.1,0.06000000000000001,0.0,1789.3158902765815,1563.2536992429648
1998-06-21,United States,Iran,1.0,2.0,FIFA World Cup,True,A,5,4.0,8.0,0.6,2.0,1.2,0.8,0.1,0.2,0.06000000000000001,0.20000000000000004,0.12000000000000002,0.08,1258.4756301327575,1531.0952223556098
1998-06-22,Romania,England,2.0,1.0,FIFA World Cup,True,H,5,4.0,11.0,0.8,1.8,1.2,0.4,0.2,0.1,0.08,0.18,0.12000000000000002,0.04,1520.8885417154097,1720.2247153710234
1998-06-22,Colombia,Tunisia,1.0,0.0,FIFA World Cup,True,H,5,3.0,7.0,1.0,1.2,1.6,1.4,0.1,0.0,0.1,0.12000000000000002,0.16,0.14,1368.9111545551016,1471.9904363030657
1998-06-23,Brazil,Norway,1.0,2.0,FIFA World Cup,True,A,5,13.0,6.0,1.8,0.8,0.6,0.8,0.1,0.2,0.18000000000000002,0.08,0.06000000000000001,0.08,1953.3790128470725,1507.5491293097234
1998-06-23,Chile,Cameroon,1.0,1.0,FIFA World Cup,True,D,5,2.0,5.0,1.2,1.0,2.2,1.6,0.1,0.1,0.12000000000000002,0.1,0.22000000000000003,0.16,1422.0452204130645,1431.3510137408593
1998-06-23,Italy,Austria,2.0,1.0,FIFA World Cup,True,H,5,8.0,5.0,1.6,0.8,1.0,1.0,0.2,0.1,0.16,0.08,0.1,0.1,1772.9907912081383,1496.250858197003
1998-06-23,Scotland,Morocco,0.0,3.0,FIFA World Cup,True,A,5,5.0,7.0,0.6,1.4,1.0,1.4,0.0,0.30000000000000004,0.06000000000000001,0.14,0.1,0.14,1529.5513345862203,1470.581095151354
1998-06-24,France,Denmark,2.0,1.0,FIFA World Cup,False,H,5,11.0,8.0,2.0,1.2,0.2,1.0,0.2,0.1,0.2,0.12000000000000002,0.02,0.1,1779.8948117579762,1627.3402835770826
1998-06-24,Nigeria,Paraguay,1.0,3.0,FIFA World Cup,True,A,5,9.0,4.0,1.6,0.6,1.2,1.2,0.1,0.30000000000000004,0.16,0.06000000000000001,0.12000000000000002,0.12000000000000002,1715.1863864413135,1469.9324421603674
1998-06-24,South Africa,Saudi Arabia,2.0,2.0,FIFA World Cup,True,D,5,7.0,5.0,1.0,0.8,1.6,1.6,0.2,0.2,0.1,0.08,0.16,0.16,1563.3491357676467,1486.1265117008002
1998-06-24,Spain,Bulgaria,6.0,1.0,FIFA World Cup,True,H,5,6.0,5.0,1.0,0.6,1.0,1.0,0.6000000000000001,0.1,0.1,0.06000000000000001,0.1,0.1,1583.7457613118293,1491.9856351478973
1998-06-25,United States,Serbia,0.0,1.0,FIFA World Cup,True,A,5,3.0,4.0,0.6,1.5,1.4,1.0,0.0,0.1,0.06000000000000001,0.15000000000000002,0.14,0.1,1241.2443593653325,1591.8593806335832
1998-06-25,Netherlands,Mexico,2.0,2.0,FIFA World Cup,True,D,5,8.0,9.0,1.6,1.8,0.8,1.2,0.2,0.2,0.16,0.18000000000000002,0.08,0.12000000000000002,1666.2125471790166,1568.9140156964636
1998-06-25,Belgium,South Korea,1.0,1.0,FIFA World Cup,True,D,5,5.0,3.0,1.0,1.4,1.2,3.6,0.1,0.1,0.1,0.14,0.12000000000000002,0.36000000000000004,1577.0061737546075,1292.620443701452
1998-06-25,Germany,Iran,2.0,0.0,FIFA World Cup,True,H,5,11.0,8.0,1.8,1.8,1.0,1.0,0.2,0.0,0.18,0.18000000000000002,0.1,0.1,1760.710208885963,1548.3264931230349
1998-06-26,Argentina,Croatia,1.0,0.0,FIFA World Cup,True,H,5,9.0,9.0,2.0,1.6,1.2,1.2,0.1,0.0,0.2,0.16,0.12000000000000002,0.12000000000000002,1697.5564435385568,1635.8880426111264
1998-06-26,Colombia,England,0.0,2.0,FIFA World Cup,True,A,5,6.0,8.0,1.0,1.6,1.2,0.8,0.0,0.2,0.1,0.16,0.12000000000000002,0.08,1433.3250020104956,1644.319842544279
1998-06-26,Japan,Jamaica,1.0,2.0,FIFA World Cup,True,A,5,6.0,0.0,1.0,0.5,0.8,4.0,0.1,0.2,0.1,0.05,0.08,0.4,1460.3864481761234,1388.4144883996944
1998-06-26,Romania,Tunisia,1.0,1.0,FIFA World Cup,True,D,5,6.0,7.0,0.8,1.2,1.0,1.2,0.1,0.1,0.08,0.12000000000000002,0.1,0.12000000000000002,1596.793414542154,1407.5765888476717
1998-06-27,Brazil,Chile,4.0,1.0,FIFA World Cup,True,H,5,10.0,3.0,1.4,1.4,0.6,2.2,0.4,0.1,0.14,0.14,0.06000000000000001,0.22000000000000003,1860.512233761706,1423.384111569394
1998-06-27,Italy,Norway,1.0,0.0,FIFA World Cup,True,H,5,8.0,6.0,1.6,1.0,1.0,1.0,0.1,0.0,0.16,0.1,0.1,0.1,1789.886409528048,1600.41590839509
1998-06-28,Nigeria,Denmark,1.0,4.0,FIFA World Cup,True,A,5,9.0,7.0,1.6,1.2,1.4,1.2,0.1,0.4,0.16,0.12000000000000002,0.14,0.12000000000000002,1594.5790457615587,1597.984661654616
1998-06-28,France,Paraguay,1.0,0.0,FIFA World Cup,False,H,5,11.0,6.0,1.8,1.0,0.2,1.2,0.1,0.0,0.18000000000000002,0.1,0.02,0.12000000000000002,1798.8362365977018,1590.5397828401221
1998-06-29,Germany,Mexico,2.0,1.0,FIFA World Cup,True,H,5,11.0,7.0,1.8,1.8,0.8,1.4,0.2,0.1,0.18,0.18000000000000002,0.08,0.14,1794.8326472849062,1582.5614763830458
1998-06-29,Netherlands,Serbia,2.0,1.0,FIFA World Cup,True,H,5,6.0,7.0,1.6,1.3333333333333333,1.2,0.6666666666666666,0.2,0.1,0.16,0.13333333333333333,0.12000000000000002,0.06666666666666667,1652.5650864924344,1603.5888456802359
1998-06-30,Argentina,England,2.0,2.0,FIFA World Cup,True,D,5,9.0,8.0,1.8,1.2,1.0,0.6,0.2,0.2,0.18,0.12000000000000002,0.1,0.06000000000000001,1738.7736871120662,1678.653489749143
1998-06-30,Romania,Croatia,0.0,1.0,FIFA World Cup,True,A,5,7.0,6.0,1.0,1.0,1.0,1.4,0.0,0.1,0.1,0.1,0.1,0.14,1571.9699405675924,1594.670799037617
1998-07-03,France,Italy,0.0,0.0,FIFA World Cup,False,D,5,13.0,11.0,2.0,1.6,0.2,0.6,0.0,0.0,0.2,0.16,0.02,0.06000000000000001,1813.332154329093,1815.0354369706336
1998-07-03,Brazil,Denmark,3.0,2.0,FIFA World Cup,True,H,5,10.0,10.0,2.0,2.0,0.8,0.8,0.30000000000000004,0.2,0.2,0.2,0.08,0.08,1873.5886796852064,1684.6270009556517
1998-07-04,Netherlands,Argentina,2.0,1.0,FIFA World Cup,True,H,5,9.0,10.0,1.8,2.2,0.6,1.0,0.2,0.1,0.18,0.22000000000000003,0.06000000000000001,0.1,1695.563156270192,1730.2070282369377
1998-07-04,Germany,Croatia,0.0,3.0,FIFA World Cup,True,A,5,13.0,9.0,2.0,1.2,0.8,0.8,0.0,0.30000000000000004,0.2,0.12000000000000002,0.08,0.08,1817.5923266977456,1641.4085238948633
1998-07-07,Brazil,Netherlands,1.0,1.0,FIFA World Cup,True,D,5,12.0,11.0,2.6,2.2,1.2,0.8,0.1,0.1,0.26,0.22000000000000003,0.12000000000000002,0.08,1898.792883924953,1750.532352052297
1998-07-08,France,Croatia,2.0,1.0,FIFA World Cup,False,H,5,13.0,12.0,2.0,1.6,0.2,0.4,0.2,0.1,0.2,0.16,0.02,0.04,1799.551849832151,1769.8305958594633
1998-07-11,Netherlands,Croatia,1.0,2.0,FIFA World Cup,True,A,5,11.0,9.0,2.4,1.2,1.0,0.6,0.1,0.2,0.24,0.12000000000000002,0.1,0.06000000000000001,1770.6615182402995,1724.0974251477198
1998-07-12,France,Brazil,3.0,0.0,FIFA World Cup,False,H,5,13.0,10.0,1.8,2.4,0.4,1.2,0.30000000000000004,0.0,0.18,0.24000000000000005,0.04,0.12000000000000002,1831.7051519050392,1878.6637177369505
2000-01-22,Ghana,Cameroon,1.0,1.0,African Cup of Nations,False,D,3,3.0,5.0,0.6,0.8,1.4,1.4,0.1,0.1,0.06000000000000001,0.08,0.14,0.14,1548.94641936898,1430.0121225845298
2000-01-23,South Africa,Gabon,3.0,1.0,African Cup of Nations,True,H,3,5.0,4.0,1.0,0.8,1.8,2.0,0.30000000000000004,0.1,0.1,0.08,0.18000000000000002,0.2,1552.4153650093485,1425.2938366823328
2000-01-23,Nigeria,Tunisia,4.0,2.0,African Cup of Nations,False,H,3,6.0,5.0,1.4,1.0,2.2,1.2,0.4,0.2,0.14,0.1,0.22000000000000003,0.12000000000000002,1507.936706460523,1432.4000628222332
2000-01-23,Egypt,Zambia,2.0,0.0,African Cup of Nations,True,H,3,10.0,7.0,1.6,1.4,0.2,2.0,0.2,0.0,0.16,0.14,0.02,0.2,1630.3214741796542,1562.0233288723741
2000-01-24,DR Congo,Algeria,0.0,0.0,African Cup of Nations,True,D,3,7.0,3.0,1.6,1.0,1.6,1.6,0.0,0.0,0.16,0.1,0.16,0.16,1452.5502656017911,1443.3820063690907
2000-01-24,Ivory Coast,Togo,1.0,1.0,African Cup of Nations,True,D,3,8.0,4.0,2.2,1.0,1.8,2.0,0.1,0.1,0.22000000000000003,0.1,0.18000000000000002,0.2,1605.0604671310039,1370.3758013613244
2000-01-25,Burkina Faso,Senegal,1.0,3.0,African Cup of Nations,True,A,3,8.0,6.0,1.6,1.0,1.6,0.8,0.1,0.30000000000000004,0.16,0.1,0.16,0.08,1343.6516749661002,1465.8198618788078
2000-01-25,Morocco,Congo,1.0,0.0,African Cup of Nations,True,H,3,7.0,3.0,1.4,0.4,1.4,0.8,0.1,0.0,0.14,0.04,0.14,0.08,1572.7914798313138,1405.6722063259708
2000-01-27,Ghana,Togo,2.0,0.0,African Cup of Nations,False,H,3,4.0,5.0,0.8,1.0,1.0,1.4,0.2,0.0,0.08,0.1,0.1,0.14,1532.2018875701071,1388.0329298825702
2000-01-27,South Africa,DR Congo,1.0,0.0,African Cup of Nations,True,H,3,5.0,8.0,1.2,1.4,1.8,1.2,0.1,0.0,0.12000000000000002,0.14,0.18000000000000002,0.12000000000000002,1581.6479372932613,1451.7587981661056
2000-01-28,Cameroon,Ivory Coast,3.0,0.0,African Cup of Nations,True,H,3,3.0,9.0,0.6,2.2,1.4,1.4,0.30000000000000004,0.0,0.06000000000000001,0.22000000000000003,0.14,0.14,1439.89854446708,1587.403338609758
2000-01-28,Egypt,Senegal,1.0,0.0,African Cup of Nations,True,H,3,10.0,6.0,1.2,1.0,0.2,1.0,0.1,0.0,0.12000000000000002,0.1,0.02,0.1,1666.5876811094597,1495.6180150008772
2000-01-28,Nigeria,Congo,0.0,0.0,African Cup of Nations,False,D,3,9.0,3.0,2.0,0.4,2.2,0.8,0.0,0.0,0.2,0.04,0.22000000000000003,0.08,1531.9566131639356,1389.0837203811393
2000-01-29,Zambia,Burkina Faso,1.0,1.0,African Cup of Nations,True,D,3,7.0,5.0,1.0,1.4,1.6,2.0,0.1,0.1,0.1,0.14,0.16,0.2,1525.7571219425686,1313.8535218440309
2000-01-29,Tunisia,Morocco,0.0,0.0,African Cup of Nations,True,D,3,2.0,7.0,0.8,1.4,1.8,1.4,0.0,0.0,0.08,0.14,0.18,0.14,1397.0323105525686,1589.3799657761454
2000-01-29,Algeria,Gabon,3.0,1.0,African Cup of Nations,True,H,3,1.0,4.0,0.6,1.0,1.4,2.0,0.30000000000000004,0.1,0.06000000000000001,0.1,0.14,0.2,1444.1734738047762,1396.06126439842
2000-01-31,Cameroon,Togo,0.0,1.0,African Cup of Nations,True,A,3,6.0,4.0,1.2,1.0,1.2,1.8,0.0,0.1,0.12000000000000002,0.1,0.12000000000000002,0.18000000000000002,1513.438396224483,1360.703032036183
2000-01-31,Ghana,Ivory Coast,0.0,2.0,African Cup of Nations,False,A,3,7.0,6.0,1.2,1.4,0.8,1.4,0.0,0.2,0.12000000000000002,0.13999999999999999,0.08,0.14,1549.9262144481368,1513.863486852355
2000-02-01,Zambia,Senegal,2.0,2.0,African Cup of Nations,True,D,3,5.0,6.0,1.0,1.0,1.8,1.0,0.2,0.2,0.1,0.1,0.18,0.1,1509.4352606016055,1479.2942309901484
2000-02-01,Egypt,Burkina Faso,4.0,2.0,African Cup of Nations,True,H,3,13.0,3.0,1.4,1.4,0.0,2.2,0.4,0.2,0.14,0.14,0.0,0.22000000000000003,1682.9114651201885,1330.175383184994
2000-02-02,DR Congo,Gabon,0.0,0.0,African Cup of Nations,True,D,3,5.0,4.0,1.2,1.2,1.4,1.8,0.0,0.0,0.12000000000000002,0.12000000000000002,0.14,0.18000000000000002,1432.4794642452614,1357.2532485389406
2000-02-02,South Africa,Algeria,1.0,1.0,African Cup of Nations,True,D,3,8.0,4.0,1.4,1.0,1.4,1.2,0.1,0.1,0.14,0.1,0.14,0.12000000000000002,1600.9272712141055,1482.9814896642556
2000-02-03,Tunisia,Congo,1.0,0.0,African Cup of Nations,True,H,3,2.0,3.0,0.6,0.4,1.6,0.8,0.1,0.0,0.06000000000000001,0.04,0.16,0.08,1412.1291864244588,1400.7689942989612
2000-02-03,Nigeria,Morocco,2.0,0.0,African Cup of Nations,False,H,3,7.0,8.0,1.4,1.2,1.8,1.0,0.2,0.0,0.14,0.12000000000000002,0.18000000000000002,0.1,1513.8437874938109,1574.2830899042551
2000-02-06,Ghana,South Africa,0.0,1.0,African Cup of Nations,False,A,3,4.0,9.0,0.8,1.6,1.2,1.0,0.0,0.1,0.08,0.16,0.12000000000000002,0.1,1488.1521951575198,1591.117006089984
2000-02-06,Cameroon,Algeria,2.0,1.0,African Cup of Nations,True,H,3,5.0,5.0,1.0,1.2,1.2,1.2,0.2,0.1,0.1,0.12000000000000002,0.12000000000000002,0.12000000000000002,1471.03881944891,1492.7917547883771
2000-02-07,Egypt,Tunisia,0.0,1.0,African Cup of Nations,True,A,3,15.0,5.0,2.2,0.8,0.4,1.2,0.0,0.1,0.22000000000000003,0.08,0.04,0.12000000000000002,1693.35473964564,1441.1486180059508
2000-02-07,Nigeria,Senegal,2.0,1.0,African Cup of Nations,False,H,3,7.0,4.0,1.6,1.0,1.8,1.2,0.2,0.1,0.16,0.1,0.18000000000000002,0.12000000000000002,1553.7418996311976,1481.8903072204077
2000-02-10,Cameroon,Tunisia,3.0,0.0,African Cup of Nations,True,H,3,8.0,8.0,1.4,1.0,0.8,1.0,0.30000000000000004,0.0,0.14,0.1,0.08,0.1,1502.9146683979316,1489.7652757240626
2000-02-10,Nigeria,South Africa,2.0,0.0,African Cup of Nations,False,H,3,10.0,11.0,1.8,1.6,1.4,0.8,0.2,0.0,0.18,0.16,0.14,0.08,1570.005427768415,1612.4777612690407
2000-02-12,South Africa,Tunisia,2.0,2.0,African Cup of Nations,True,D,3,10.0,7.0,1.2,0.8,0.8,1.4,0.2,0.2,0.12000000000000002,0.08,0.08,0.14,1562.0039666256428,1439.2512947681778
2000-02-13,Nigeria,Cameroon,2.0,2.0,African Cup of Nations,False,D,3,13.0,10.0,2.0,1.8,0.6,0.6,0.2,0.2,0.2,0.18000000000000002,0.06000000000000001,0.06000000000000001,1607.621774596833,1553.4286493538164
2000-06-10,Belgium,Sweden,2.0,1.0,UEFA Euro,False,H,4,3.0,8.0,1.0,2.0,1.4,1.0,0.2,0.1,0.1,0.2,0.14,0.1,1543.292780840699,1753.3109741425762
2000-06-11,Turkey,Italy,1.0,2.0,UEFA Euro,True,A,4,3.0,11.0,1.8,1.6,2.4,0.6,0.1,0.2,0.18000000000000002,0.16,0.24000000000000005,0.06000000000000001,1334.912861134426,1814.7903168581408
2000-06-11,Netherlands,Czech Republic,1.0,0.0,UEFA Euro,False,H,4,8.0,8.0,1.6,1.4,1.4,1.2,0.1,0.0,0.16,0.14,0.14,0.12000000000000002,1714.0002420889214,1585.0198588687272
2000-06-11,France,Denmark,3.0,0.0,UEFA Euro,True,H,4,13.0,7.0,1.6,1.8,0.4,1.4,0.30000000000000004,0.0,0.16,0.18,0.04,0.14,1905.9497395332394,1659.4227967159052
2000-06-12,Germany,Romania,1.0,1.0,UEFA Euro,True,D,4,10.0,7.0,1.6,1.0,1.2,1.0,0.1,0.1,0.16,0.1,0.12000000000000002,0.1,1689.1702547331456,1525.2322157103458
2000-06-12,Portugal,England,3.0,2.0,UEFA Euro,True,H,4,7.0,8.0,1.2,1.6,1.0,1.0,0.30000000000000004,0.2,0.12000000000000002,0.16,0.1,0.1,1630.3533650017248,1687.2201486242716
2000-06-13,Serbia,Slovenia,3.0,3.0,UEFA Euro,True,D,4,7.0,0.0,1.25,0.0,1.0,0.0,0.30000000000000004,0.30000000000000004,0.125,0.0,0.1,0.0,1560.5907759024783,1500.0
2000-06-13,Spain,Norway,0.0,1.0,UEFA Euro,True,A,4,8.0,6.0,2.0,1.0,1.0,1.0,0.0,0.1,0.2,0.1,0.1,0.1,1657.9324812221278,1575.2668809525044
2000-06-14,Belgium,Italy,0.0,2.0,UEFA Euro,False,A,4,6.0,13.0,1.4,1.6,1.4,0.4,0.0,0.2,0.14,0.16,0.14,0.04,1595.5520520836633,1819.5415438909286
2000-06-15,Sweden,Turkey,0.0,0.0,UEFA Euro,True,D,4,7.0,0.0,2.0,0.6,1.2,2.8,0.0,0.0,0.2,0.06000000000000001,0.12000000000000002,0.28,1691.7017566877478,1330.1616341016384
2000-06-16,Czech Republic,France,1.0,2.0,UEFA Euro,True,A,4,5.0,13.0,1.0,1.8,1.2,0.2,0.1,0.2,0.1,0.18000000000000002,0.12000000000000002,0.02,1559.222731588122,1933.2216109320177
2000-06-16,Netherlands,Denmark,3.0,0.0,UEFA Euro,False,H,4,10.0,4.0,1.4,1.6,1.0,2.0,0.30000000000000004,0.0,0.14,0.16,0.1,0.2,1730.8907812188936,1632.1509253171268
2000-06-17,Romania,Portugal,0.0,1.0,UEFA Euro,True,A,4,8.0,10.0,1.0,1.6,0.8,0.8,0.0,0.1,0.1,0.16,0.08,0.08,1542.8199822467147,1676.842550747449
2000-06-17,England,Germany,1.0,0.0,UEFA Euro,True,H,4,7.0,8.0,1.8,1.4,1.4,1.4,0.1,0.0,0.18,0.14,0.14,0.14,1640.7309628785474,1671.5824881967767
2000-06-18,Slovenia,Spain,1.0,2.0,UEFA Euro,True,A,4,1.0,5.0,3.0,1.6,3.0,1.0,0.1,0.2,0.30000000000000004,0.16,0.30000000000000004,0.1,1506.9059018445723,1608.5908699634278
2000-06-18,Norway,Serbia,0.0,1.0,UEFA Euro,True,A,4,8.0,8.0,1.2,1.6,1.0,1.4,0.0,0.1,0.12000000000000002,0.16,0.1,0.14,1624.6084922112043,1553.684874057906
2000-06-19,Belgium,Turkey,0.0,2.0,UEFA Euro,False,A,4,6.0,1.0,1.0,0.2,1.2,1.4,0.0,0.2,0.1,0.02,0.12000000000000002,0.14,1556.09931991668,1361.2865684915566
2000-06-19,Italy,Sweden,2.0,1.0,UEFA Euro,True,H,4,13.0,5.0,1.4,1.4,0.4,1.0,0.2,0.1,0.14,0.14,0.04,0.1,1845.4563308587794,1660.5768222978295
2000-06-20,Portugal,Germany,3.0,0.0,UEFA Euro,True,H,4,12.0,7.0,1.6,1.0,0.6,1.2,0.30000000000000004,0.0,0.16,0.1,0.06000000000000001,0.12000000000000002,1702.134998540219,1628.0398814066825
2000-06-20,England,Romania,2.0,3.0,UEFA Euro,True,A,4,7.0,5.0,1.6,0.8,1.4,1.0,0.2,0.30000000000000004,0.16,0.08,0.14,0.1,1684.2735696686416,1517.5275344539448
2000-06-21,Denmark,Czech Republic,0.0,2.0,UEFA Euro,True,A,4,3.0,4.0,1.4,0.6,2.4,1.0,0.0,0.2,0.14,0.06000000000000001,0.24000000000000005,0.1,1581.5258227093477,1550.897967540733
2000-06-21,Netherlands,France,3.0,2.0,UEFA Euro,False,H,4,10.0,13.0,1.6,2.0,0.8,0.4,0.30000000000000004,0.2,0.16,0.2,0.08,0.04,1764.7119316301623,1941.546374979407
2000-06-21,Serbia,Spain,3.0,4.0,UEFA Euro,True,A,4,8.0,7.0,1.6,2.0,1.4,1.2,0.30000000000000004,0.4,0.16,0.2,0.14,0.12000000000000002,1601.7386968180035,1637.2071476603749
2000-06-21,Slovenia,Norway,0.0,0.0,UEFA Euro,True,D,4,1.0,7.0,2.0,0.8,2.5,0.8,0.0,0.0,0.2,0.08,0.25,0.08,1478.2896241476253,1576.5546694511067
2000-06-24,Turkey,Portugal,0.0,2.0,UEFA Euro,True,A,4,4.0,12.0,0.6,2.0,1.2,0.6,0.0,0.2,0.06000000000000001,0.20000000000000004,0.12000000000000002,0.06000000000000001,1451.7970850644942,1757.4288731974505
2000-06-24,Italy,Romania,2.0,0.0,UEFA Euro,True,H,4,13.0,5.0,1.4,1.0,0.4,1.2,0.2,0.0,0.14,0.1,0.04,0.12000000000000002,1865.9761493094654,1575.375153901636
2000-06-25,Netherlands,Serbia,6.0,1.0,UEFA Euro,False,H,4,10.0,7.0,1.8,1.8,1.0,1.8,0.6000000000000001,0.1,0.18000000000000002,0.18000000000000002,0.1,0.18000000000000002,1813.4163839725607,1565.8080265829065
2000-06-25,Spain,France,1.0,2.0,UEFA Euro,True,A,4,10.0,12.0,2.4,2.4,1.2,1.0,0.1,0.2,0.24000000000000005,0.24000000000000005,0.12000000000000002,0.1,1673.137817895472,1882.7806698262623
2000-06-28,France,Portugal,2.0,1.0,UEFA Euro,True,H,4,12.0,12.0,2.4,1.8,1.0,0.6,0.2,0.1,0.24000000000000005,0.18000000000000002,0.1,0.06000000000000001,1901.2020714006212,1775.0533649038252
2000-06-29,Netherlands,Italy,0.0,0.0,UEFA Euro,False,D,4,12.0,13.0,2.8,1.6,1.0,0.4,0.0,0.0,0.28,0.16,0.1,0.04,1832.4721503224773,1884.9417563507268
2000-07-02,France,Italy,2.0,1.0,UEFA Euro,True,H,4,12.0,13.0,2.2,1.6,1.2,0.4,0.2,0.1,0.22000000000000003,0.16,0.12000000000000002,0.04,1927.2849261679344,1878.9464785468292
2000-10-12,Iraq,Thailand,2.0,0.0,AFC Asian Cup,True,H,3,6.0,1.0,1.2,0.4,1.0,3.4,0.2,0.0,0.12000000000000002,0.04,0.1,0.34,1347.6266091201728,1284.5151268996374
2000-10-12,Lebanon,Iran,0.0,4.0,AFC Asian Cup,False,A,3,0.0,5.0,0.0,0.6,0.0,1.0,0.0,0.4,0.0,0.06000000000000001,0.0,0.1,1500.0,1514.2040547240917
2000-10-13,Kuwait,Indonesia,0.0,0.0,AFC Asian Cup,True,D,3,7.0,1.0,1.4,1.0,1.0,3.5,0.0,0.0,0.14,0.1,0.1,0.35000000000000003,1510.6995004534815,1318.8381436201387
2000-10-13,South Korea,China PR,2.0,2.0,AFC Asian Cup,True,D,3,1.0,4.0,0.8,1.4,3.4,1.6,0.2,0.2,0.08,0.14,0.34,0.16,1326.3338366153605,1467.9536210389917
2000-10-14,Qatar,Uzbekistan,1.0,1.0,AFC Asian Cup,True,D,3,5.0,3.0,1.6,1.0,1.4,2.0,0.1,0.1,0.16,0.10000000000000002,0.14,0.20000000000000004,1437.112725141746,1442.1140338774862
2000-10-14,Saudi Arabia,Japan,1.0,4.0,AFC Asian Cup,True,A,3,3.0,3.0,0.4,0.4,1.4,1.2,0.1,0.4,0.04,0.04,0.14,0.12000000000000002,1497.0602824590983,1400.174505780415
2000-10-15,Iran,Thailand,1.0,1.0,AFC Asian Cup,True,D,3,7.0,0.0,1.4,0.4,1.0,3.8,0.1,0.1,0.14,0.04,0.1,0.38,1571.7524670694565,1247.600616054345
2000-10-15,Lebanon,Iraq,2.0,2.0,AFC Asian Cup,False,D,3,0.0,9.0,0.0,1.6,4.0,0.8,0.2,0.2,0.0,0.16,0.4,0.08,1425.477563078967,1384.5411199654652
2000-10-16,China PR,Indonesia,4.0,0.0,AFC Asian Cup,True,H,3,4.0,2.0,1.6,0.8,1.8,2.8,0.4,0.0,0.16,0.08,0.18,0.28,1456.3602617898239,1333.9036406597534
2000-10-16,South Korea,Kuwait,0.0,1.0,AFC Asian Cup,True,A,3,2.0,8.0,1.2,1.0,3.4,0.4,0.0,0.1,0.12000000000000002,0.1,0.34,0.04,1337.9271958645284,1495.6340034138668
2000-10-17,Japan,Uzbekistan,8.0,1.0,AFC Asian Cup,True,H,3,3.0,4.0,1.0,1.0,1.4,1.75,0.8,0.1,0.1,0.1,0.14,0.17500000000000002,1466.946597263378,1441.6822159930223
2000-10-17,Saudi Arabia,Qatar,0.0,0.0,AFC Asian Cup,True,D,3,2.0,6.0,0.6,1.4,2.2,1.0,0.0,0.0,0.06000000000000001,0.14,0.22000000000000003,0.1,1430.2881909761354,1437.54454302621
2000-10-18,Iran,Iraq,1.0,0.0,AFC Asian Cup,True,H,3,7.0,7.0,1.4,1.6,1.0,1.0,0.1,0.0,0.14,0.16,0.1,0.1,1549.793003615719,1388.0595897858473
2000-10-18,Lebanon,Thailand,1.0,1.0,AFC Asian Cup,False,D,3,1.0,1.0,1.0,0.6,3.0,3.2,0.1,0.1,0.1,0.06000000000000001,0.30000000000000004,0.32,1413.9344346551168,1269.5600795080825
2000-10-19,South Korea,Indonesia,3.0,0.0,AFC Asian Cup,True,H,3,2.0,2.0,0.8,0.8,2.4,2.4,0.30000000000000004,0.0,0.08,0.08,0.24000000000000005,0.24000000000000005,1320.6805916681913,1294.21688378434
2000-10-19,China PR,Kuwait,0.0,0.0,AFC Asian Cup,True,D,3,7.0,8.0,2.4,0.8,1.4,0.4,0.0,0.0,0.24000000000000005,0.08,0.14,0.04,1496.0470186652371,1512.880607610204
2000-10-20,Japan,Qatar,1.0,1.0,AFC Asian Cup,True,D,3,6.0,4.0,2.6,0.8,1.2,1.0,0.1,0.1,0.26,0.08,0.12000000000000002,0.1,1522.5912670752832,1436.9180703109535
2000-10-20,Saudi Arabia,Uzbekistan,5.0,0.0,AFC Asian Cup,True,H,3,2.0,4.0,0.6,1.0,2.2,3.0,0.5,0.0,0.06000000000000001,0.1,0.22000000000000003,0.3,1430.914663691392,1386.037546181117
2000-10-23,China PR,Qatar,3.0,1.0,AFC Asian Cup,True,H,3,5.0,4.0,1.8,0.8,1.4,1.0,0.30000000000000004,0.1,0.18000000000000002,0.08,0.14,0.1,1497.4994112590816,1444.1693098858536
2000-10-23,Iran,South Korea,1.0,2.0,AFC Asian Cup,True,A,3,10.0,5.0,1.6,1.2,0.8,1.8,0.1,0.2,0.16,0.12000000000000002,0.08,0.18,1566.7561659276564,1369.1894517158973
2000-10-24,Japan,Iraq,4.0,1.0,AFC Asian Cup,True,H,3,7.0,7.0,2.8,1.6,1.2,1.0,0.4,0.1,0.28,0.16,0.12000000000000002,0.1,1515.340027500383,1371.09642747391
2000-10-24,Kuwait,Saudi Arabia,2.0,3.0,AFC Asian Cup,True,A,3,6.0,5.0,0.4,1.6,0.4,2.0,0.2,0.30000000000000004,0.04,0.16,0.04,0.2,1511.4282150163594,1483.2074748158118
2000-10-26,China PR,Japan,2.0,3.0,AFC Asian Cup,True,A,3,8.0,10.0,2.4,3.6,1.4,1.2,0.2,0.30000000000000004,0.24000000000000005,0.36,0.14,0.12000000000000002,1535.6458163869033,1547.2153692302977
2000-10-26,South Korea,Saudi Arabia,1.0,2.0,AFC Asian Cup,True,A,3,8.0,8.0,1.6,2.2,1.0,1.6,0.1,0.2,0.16,0.22000000000000003,0.1,0.16,1414.6203052161006,1515.638904527391
2000-10-29,China PR,South Korea,0.0,1.0,AFC Asian Cup,True,A,3,8.0,7.0,2.2,1.6,1.2,1.2,0.0,0.1,0.22000000000000003,0.16,0.12000000000000002,0.12000000000000002,1506.6444427918552,1393.1051894819764
2000-10-29,Japan,Saudi Arabia,1.0,0.0,AFC Asian Cup,True,H,3,13.0,10.0,4.0,2.2,1.2,1.4,0.1,0.0,0.4,0.22000000000000003,0.12000000000000002,0.14,1576.2167428253458,1537.1540202615154
2002-01-19,Mali,Liberia,1.0,1.0,African Cup of Nations,False,D,3,6.0,3.0,0.8,1.0,1.6,1.5,0.1,0.1,0.08,0.1,0.16,0.15000000000000002,1449.3852693401248,1454.7222511725056
2002-01-20,Egypt,Senegal,0.0,1.0,African Cup of Nations,True,A,3,12.0,4.0,1.8,1.2,0.6,1.4,0.0,0.1,0.18,0.12000000000000002,0.06000000000000001,0.14,1644.738081927528,1458.007512142869
2002-01-20,South Africa,Burkina Faso,0.0,0.0,African Cup of Nations,True,D,3,8.0,2.0,1.0,1.6,1.0,2.8,0.0,0.0,0.1,0.16,0.1,0.28,1551.8247185316277,1319.7321086595425
2002-01-20,Cameroon,DR Congo,1.0,0.0,African Cup of Nations,True,H,3,10.0,3.0,2.0,1.0,0.8,1.4,0.1,0.0,0.2,0.1,0.08,0.14,1558.0704758473555,1426.0835470342145
2002-01-21,Togo,Ivory Coast,0.0,0.0,African Cup of Nations,True,D,3,7.0,8.0,1.0,1.6,1.4,1.2,0.0,0.0,0.1,0.16,0.14,0.12000000000000002,1403.1026088117562,1563.5176438575331
2002-01-21,Zambia,Tunisia,0.0,0.0,African Cup of Nations,True,D,3,5.0,8.0,1.2,0.8,2.0,1.0,0.0,0.0,0.12000000000000002,0.08,0.2,0.1,1506.8391843713462,1449.4305428621929
2002-01-21,Morocco,Ghana,0.0,0.0,African Cup of Nations,True,D,3,7.0,4.0,0.8,0.6,1.0,1.0,0.0,0.0,0.08,0.06000000000000001,0.1,0.1,1521.5329858854732,1458.4081912983695
2002-01-21,Algeria,Nigeria,0.0,1.0,African Cup of Nations,True,A,3,5.0,11.0,1.2,1.6,1.2,0.6,0.0,0.1,0.12000000000000002,0.16,0.12000000000000002,0.06000000000000001,1460.9159058393557,1595.1180091785184
2002-01-24,Mali,Nigeria,0.0,0.0,African Cup of Nations,False,D,3,4.0,13.0,0.6,1.8,1.8,0.6,0.0,0.0,0.06000000000000001,0.18,0.18000000000000002,0.06000000000000001,1441.4078402198472,1614.0739411191284
2002-01-24,South Africa,Ghana,0.0,0.0,African Cup of Nations,True,D,3,6.0,5.0,0.8,0.6,1.0,0.8,0.0,0.0,0.08,0.06000000000000001,0.1,0.08,1534.3145151138547,1463.7996297660789
2002-01-25,Liberia,Algeria,2.0,2.0,African Cup of Nations,True,D,3,4.0,5.0,1.0,1.0,1.3333333333333333,1.0,0.2,0.2,0.10000000000000002,0.1,0.13333333333333333,0.1,1454.261455360104,1441.9599738987456
2002-01-25,Egypt,Tunisia,1.0,0.0,African Cup of Nations,True,H,3,9.0,8.0,1.4,0.8,0.8,1.0,0.1,0.0,0.14,0.08,0.08,0.1,1600.006337225874,1454.3429770001733
2002-01-25,Cameroon,Ivory Coast,1.0,0.0,African Cup of Nations,True,H,3,10.0,6.0,1.6,0.6,0.8,0.8,0.1,0.0,0.16,0.06000000000000001,0.08,0.08,1577.1921459775763,1550.5732986594198
2002-01-26,Burkina Faso,Morocco,1.0,2.0,African Cup of Nations,True,A,3,3.0,8.0,1.6,0.8,2.4,0.4,0.1,0.2,0.16,0.08,0.24000000000000005,0.04,1337.2423120773155,1516.1415474177638
2002-01-26,DR Congo,Togo,0.0,0.0,African Cup of Nations,True,D,3,3.0,5.0,0.8,0.6,1.2,1.2,0.0,0.0,0.08,0.06000000000000001,0.12000000000000002,0.12000000000000002,1406.9618769039937,1416.0469540098695
2002-01-26,Senegal,Zambia,1.0,0.0,African Cup of Nations,True,H,3,7.0,6.0,1.4,1.2,1.2,1.2,0.1,0.0,0.14,0.12000000000000002,0.12000000000000002,0.12000000000000002,1502.739256844523,1501.9267502333657
2002-01-28,Mali,Algeria,2.0,0.0,African Cup of Nations,False,H,3,5.0,5.0,0.6,1.4,1.6,1.4,0.2,0.0,0.06000000000000001,0.14,0.16,0.14,1447.592418935142,1443.021725551588
2002-01-28,Liberia,Nigeria,0.0,1.0,African Cup of Nations,True,A,3,5.0,11.0,1.25,1.4,1.5,0.6,0.0,0.1,0.125,0.14,0.15000000000000002,0.06000000000000001,1453.1997037072617,1600.2819438376098
2002-01-29,Cameroon,Togo,3.0,0.0,African Cup of Nations,True,H,3,13.0,6.0,1.8,0.4,0.6,0.6,0.30000000000000004,0.0,0.18000000000000002,0.04,0.06000000000000001,0.06000000000000001,1604.8981766321087,1415.2626641423785
2002-01-29,DR Congo,Ivory Coast,3.0,1.0,African Cup of Nations,True,H,3,3.0,5.0,0.0,0.6,0.4,1.0,0.30000000000000004,0.1,0.0,0.06000000000000001,0.04,0.1,1407.7461667714847,1522.8672680048874
2002-01-30,Burkina Faso,Ghana,1.0,2.0,African Cup of Nations,True,A,3,2.0,5.0,1.0,0.4,2.0,0.6,0.1,0.2,0.1,0.04,0.2,0.06000000000000001,1321.45525081891,1469.80612677416
2002-01-30,South Africa,Morocco,3.0,1.0,African Cup of Nations,True,H,3,6.0,8.0,0.6,0.6,0.8,0.6,0.30000000000000004,0.1,0.06000000000000001,0.06000000000000001,0.08,0.06000000000000001,1528.3080181057735,1531.9286086761695
2002-01-31,Senegal,Tunisia,0.0,0.0,African Cup of Nations,True,D,3,7.0,5.0,1.0,0.6,1.0,1.2,0.0,0.0,0.1,0.06000000000000001,0.1,0.12000000000000002,1532.6690995120136,1436.2320014095544
2002-01-31,Egypt,Zambia,2.0,1.0,African Cup of Nations,True,H,3,9.0,3.0,1.2,0.6,0.8,1.2,0.2,0.1,0.12000000000000002,0.06000000000000001,0.08,0.12000000000000002,1618.1173128164928,1471.996907565875
2002-02-03,Mali,South Africa,2.0,0.0,African Cup of Nations,False,H,3,5.0,6.0,0.8,1.0,1.6,1.0,0.2,0.0,0.08,0.1,0.16,0.1,1479.4430609416768,1573.7769415121163
2002-02-03,Nigeria,Ghana,1.0,0.0,African Cup of Nations,True,H,3,11.0,5.0,1.2,0.4,0.4,0.8,0.1,0.0,0.12000000000000002,0.04,0.04,0.08,1618.289812593523,1487.7220911341058
2002-02-04,Cameroon,Egypt,1.0,0.0,African Cup of Nations,True,H,3,13.0,9.0,2.0,1.4,0.4,1.0,0.1,0.0,0.2,0.14,0.04,0.1,1631.2858849859442,1636.1950393814318
2002-02-04,Senegal,DR Congo,2.0,0.0,African Cup of Nations,True,H,3,8.0,5.0,1.0,0.6,0.8,0.6,0.2,0.0,0.1,0.06000000000000001,0.08,0.06000000000000001,1524.5495101516242,1467.1339694624407
2002-02-07,Nigeria,Senegal,1.0,2.0,African Cup of Nations,True,A,3,11.0,10.0,1.0,1.0,0.4,0.4,0.1,0.2,0.1,0.1,0.04,0.04,1637.5180712846388,1562.1799893228367
2002-02-07,Mali,Cameroon,0.0,3.0,African Cup of Nations,False,A,3,8.0,13.0,1.2,1.6,0.8,0.4,0.0,0.30000000000000004,0.12000000000000002,0.16,0.08,0.04,1523.7092478764587,1661.7097472434652
2002-02-09,Mali,Nigeria,0.0,1.0,African Cup of Nations,False,A,3,8.0,10.0,1.0,0.8,0.8,0.4,0.0,0.1,0.1,0.08,0.08,0.04,1476.9286067111382,1601.1129344430094
2002-02-10,Senegal,Cameroon,0.0,0.0,African Cup of Nations,True,D,3,13.0,15.0,1.2,1.8,0.2,0.0,0.0,0.0,0.12000000000000002,0.18000000000000002,0.02,0.0,1598.5851261644661,1694.3884578312732
2002-05-31,France,Senegal,0.0,1.0,FIFA World Cup,True,A,5,12.0,11.0,2.0,1.0,1.4,0.2,0.0,0.1,0.2,0.1,0.14,0.02,1961.755389079463,1606.6539754213773
2002-06-01,Germany,Saudi Arabia,8.0,0.0,FIFA World Cup,True,H,5,4.0,10.0,0.6,2.0,1.8,0.8,0.8,0.0,0.06000000000000001,0.2,0.18000000000000002,0.08,1572.746006749451,1510.5128260492984
2002-06-01,Republic of Ireland,Cameroon,1.0,1.0,FIFA World Cup,True,D,5,4.0,13.0,0.4,1.6,1.0,0.0,0.1,0.1,0.04,0.16,0.1,0.0,1506.4997857940143,1686.319608574362
2002-06-01,Uruguay,Denmark,1.0,2.0,FIFA World Cup,True,A,5,4.0,3.0,0.4,1.2,1.2,2.4,0.1,0.2,0.04,0.12000000000000002,0.12000000000000002,0.24000000000000005,1410.9587841080659,1516.2502381926429
2002-06-02,Spain,Slovenia,3.0,1.0,FIFA World Cup,True,H,5,9.0,2.0,2.6,1.3333333333333333,1.6,1.6666666666666667,0.30000000000000004,0.1,0.26,0.13333333333333333,0.16,0.16666666666666666,1654.716416321113,1489.3104982548023
2002-06-02,Paraguay,South Africa,2.0,2.0,FIFA World Cup,True,D,5,5.0,6.0,0.6,1.0,1.0,1.0,0.2,0.2,0.06000000000000001,0.1,0.1,0.1,1567.375370671913,1516.850423451247
2002-06-02,Argentina,Nigeria,1.0,0.0,FIFA World Cup,True,H,5,10.0,10.0,2.0,0.8,0.8,0.4,0.1,0.0,0.2,0.08,0.08,0.04,1675.2378324548326,1620.8244528686932
2002-06-02,England,Sweden,1.0,1.0,FIFA World Cup,True,D,5,7.0,4.0,1.8,1.2,1.6,1.0,0.1,0.1,0.18,0.12000000000000002,0.16,0.1,1626.4259502209504,1640.0570038471435
2002-06-03,Brazil,Turkey,2.0,1.0,FIFA World Cup,True,H,5,7.0,4.0,1.8,0.6,1.8,1.4,0.2,0.1,0.18000000000000002,0.06000000000000001,0.18000000000000002,0.14,1779.408916486407,1434.1725933581195
2002-06-03,Croatia,Mexico,0.0,1.0,FIFA World Cup,True,A,5,9.0,6.0,1.4,1.8,0.8,1.6,0.0,0.1,0.14,0.18000000000000002,0.08,0.16,1780.758701299098,1559.8017969702064
2002-06-03,Italy,Ecuador,2.0,0.0,FIFA World Cup,True,H,5,10.0,0.0,1.4,0.0,0.6,0.0,0.2,0.0,0.14,0.0,0.06000000000000001,0.0,1844.4760156353007,1500.0
2002-06-04,South Korea,Poland,2.0,0.0,FIFA World Cup,False,H,5,9.0,7.0,1.4,0.8,0.8,1.8,0.2,0.0,0.14,0.08,0.08,0.18000000000000002,1432.5742551969283,1604.3247041089792
2002-06-04,China PR,Costa Rica,0.0,2.0,FIFA World Cup,True,A,5,7.0,6.0,1.8,1.0,1.0,1.5,0.0,0.2,0.18000000000000002,0.1,0.1,0.15000000000000002,1467.1753770769033,1492.3591089938668
2002-06-04,Japan,Belgium,2.0,2.0,FIFA World Cup,False,D,5,13.0,5.0,3.4,1.0,1.0,1.6,0.2,0.2,0.34,0.1,0.1,0.16,1602.8579370375628,1454.6809838936113
2002-06-05,Russia,Tunisia,2.0,0.0,FIFA World Cup,True,H,5,4.0,3.0,2.2,0.4,2.4,1.2,0.2,0.0,0.22000000000000003,0.04,0.24000000000000005,0.12000000000000002,1538.1198212980505,1444.3515907699439
2002-06-05,United States,Portugal,3.0,2.0,FIFA World Cup,True,H,5,0.0,12.0,0.2,2.0,1.4,0.8,0.30000000000000004,0.2,0.02,0.2,0.14,0.08,1229.5148943186798,1748.970510136512
2002-06-05,Germany,Republic of Ireland,1.0,1.0,FIFA World Cup,True,D,5,4.0,5.0,1.8,0.6,1.6,1.0,0.1,0.1,0.18,0.06000000000000001,0.16,0.1,1655.0229979624653,1530.2906349170737
2002-06-06,Cameroon,Saudi Arabia,1.0,0.0,FIFA World Cup,True,H,5,11.0,9.0,1.6,2.0,0.2,2.4,0.1,0.0,0.16,0.2,0.02,0.24000000000000005,1662.5287594513027,1428.235834836284
2002-06-06,Denmark,Senegal,1.0,1.0,FIFA World Cup,True,D,5,3.0,11.0,0.8,1.0,2.4,0.2,0.1,0.1,0.08,0.1,0.24000000000000005,0.02,1551.5450289074965,1695.189269948394
2002-06-06,France,Uruguay,0.0,0.0,FIFA World Cup,True,D,5,9.0,4.0,1.6,0.6,1.4,1.4,0.0,0.0,0.16,0.06000000000000001,0.14,0.14,1873.2200945524462,1375.6639933932122
2002-06-07,Argentina,England,0.0,1.0,FIFA World Cup,True,A,5,10.0,5.0,2.0,1.6,0.8,1.8,0.0,0.1,0.2,0.16,0.08,0.18000000000000002,1717.470519705395,1628.386610644539
2002-06-07,Spain,Paraguay,3.0,1.0,FIFA World Cup,True,H,5,9.0,6.0,2.0,1.0,1.6,0.8,0.30000000000000004,0.1,0.2,0.1,0.16,0.08,1696.4842226005092,1560.1550722333288
2002-06-07,Sweden,Nigeria,2.0,1.0,FIFA World Cup,True,H,5,5.0,9.0,1.4,0.8,1.0,0.6,0.2,0.1,0.14,0.08,0.1,0.06000000000000001,1638.096343423555,1578.591765618131
2002-06-08,South Africa,Slovenia,1.0,0.0,FIFA World Cup,True,H,5,6.0,2.0,1.0,1.25,1.0,2.0,0.1,0.0,0.1,0.125,0.1,0.2,1524.0707218898312,1447.5426919754061
2002-06-08,Italy,Croatia,1.0,2.0,FIFA World Cup,True,A,5,10.0,9.0,1.4,1.4,0.6,0.8,0.1,0.2,0.14,0.14,0.06000000000000001,0.08,1862.6265103037756,1702.6514028246088
2002-06-08,Brazil,China PR,4.0,0.0,FIFA World Cup,True,H,5,10.0,4.0,2.0,1.0,1.6,1.4,0.4,0.0,0.2,0.1,0.16,0.14,1791.4627723845747,1397.6022216915371
2002-06-09,Costa Rica,Turkey,1.0,1.0,FIFA World Cup,True,D,5,9.0,4.0,1.2,0.8,1.2,1.2,0.1,0.1,0.12000000000000002,0.08,0.12000000000000002,0.12000000000000002,1561.932264379233,1422.1187374599517
2002-06-09,Japan,Russia,1.0,0.0,FIFA World Cup,False,H,5,11.0,7.0,2.2,2.4,1.2,1.8,0.1,0.0,0.22000000000000003,0.24000000000000005,0.12000000000000002,0.18000000000000002,1572.1892950174874,1593.3558684477953
2002-06-09,Mexico,Ecuador,2.0,1.0,FIFA World Cup,True,H,5,8.0,0.0,1.8,0.0,1.4,2.0,0.2,0.1,0.18000000000000002,0.0,0.14,0.2,1637.9090954446956,1481.849505331525
2002-06-10,South Korea,United States,1.0,1.0,FIFA World Cup,False,D,5,12.0,3.0,1.8,0.8,0.6,1.6,0.1,0.1,0.18000000000000002,0.08,0.06000000000000001,0.16,1522.8463404786125,1324.7279595727123
2002-06-10,Portugal,Poland,4.0,0.0,FIFA World Cup,True,H,5,9.0,4.0,1.8,0.2,1.0,1.8,0.4,0.0,0.18000000000000002,0.02,0.1,0.18000000000000002,1653.7574448824796,1495.0007827841075
2002-06-10,Tunisia,Belgium,1.0,1.0,FIFA World Cup,True,D,5,3.0,5.0,0.4,1.0,1.0,1.6,0.1,0.1,0.04,0.1,0.1,0.16,1389.115543620199,1474.8000705690124
2002-06-11,Denmark,France,2.0,0.0,FIFA World Cup,True,H,5,4.0,10.0,0.6,1.2,2.0,0.8,0.2,0.0,0.06000000000000001,0.12000000000000002,0.2,0.08,1571.1145683332636,1828.615475198713
2002-06-11,Saudi Arabia,Republic of Ireland,0.0,3.0,FIFA World Cup,True,A,5,6.0,3.0,1.0,0.6,2.6,1.2,0.0,0.30000000000000004,0.1,0.06000000000000001,0.26,0.12000000000000002,1407.6275113990143,1547.5076590688273
2002-06-11,Cameroon,Germany,0.0,2.0,FIFA World Cup,True,A,5,11.0,5.0,1.2,2.0,0.2,1.2,0.0,0.2,0.12000000000000002,0.2,0.02,0.12000000000000002,1683.1370828885724,1637.8059738107117
2002-06-11,Senegal,Uruguay,3.0,3.0,FIFA World Cup,True,D,5,11.0,4.0,1.2,0.6,0.4,1.4,0.30000000000000004,0.30000000000000004,0.12000000000000002,0.06000000000000001,0.04,0.14,1675.619730522627,1420.2686127469453
2002-06-12,Sweden,Argentina,1.0,1.0,FIFA World Cup,True,D,5,5.0,7.0,1.0,1.0,1.2,1.0,0.1,0.1,0.1,0.1,0.12000000000000002,0.1,1679.6157046440107,1654.924064542452
2002-06-12,South Africa,Spain,2.0,3.0,FIFA World Cup,True,A,5,8.0,12.0,1.2,2.6,1.0,1.6,0.2,0.30000000000000004,0.12000000000000002,0.26,0.1,0.16,1563.2321727797907,1743.478017083387
2002-06-12,Slovenia,Paraguay,1.0,3.0,FIFA World Cup,True,A,5,2.0,5.0,1.0,1.2,1.8,1.4,0.1,0.30000000000000004,0.1,0.12000000000000002,0.18000000000000002,0.14,1408.3812410854466,1513.161277750451
2002-06-12,Nigeria,England,0.0,0.0,FIFA World Cup,True,D,5,6.0,7.0,0.8,1.4,1.0,1.4,0.0,0.0,0.08,0.14,0.1,0.14,1537.0724043976752,1690.9330658074819
2002-06-13,Costa Rica,Brazil,2.0,5.0,FIFA World Cup,True,A,5,7.0,10.0,1.2,2.0,1.4,1.4,0.2,0.5,0.12000000000000002,0.2,0.14,0.14,1542.8315638205627,1810.2372547632324
2002-06-13,Ecuador,Croatia,1.0,0.0,FIFA World Cup,True,H,5,0.0,9.0,0.5,1.6,2.0,1.0,0.1,0.0,0.05,0.16,0.2,0.1,1452.9105612208725,1774.1737594473523
2002-06-13,Mexico,Italy,1.0,1.0,FIFA World Cup,True,D,5,8.0,7.0,1.6,1.2,1.4,0.8,0.1,0.1,0.16,0.12000000000000002,0.14,0.08,1666.8480395553481,1791.1041536810321
2002-06-13,Turkey,China PR,3.0,0.0,FIFA World Cup,True,H,5,5.0,3.0,0.8,1.0,1.0,2.2,0.30000000000000004,0.0,0.08,0.1,0.1,0.22000000000000003,1441.2194380186222,1378.8277393128794
2002-06-14,Belgium,Russia,3.0,2.0,FIFA World Cup,True,H,5,5.0,4.0,1.0,1.2,1.6,1.8,0.30000000000000004,0.2,0.1,0.12000000000000002,0.16,0.18000000000000002,1462.713136005897,1540.313516661332
2002-06-14,Japan,Tunisia,2.0,0.0,FIFA World Cup,False,H,5,13.0,3.0,2.2,0.2,1.0,0.8,0.2,0.0,0.22000000000000003,0.02,0.1,0.08,1611.0350213353502,1401.2024781833145
2002-06-14,South Korea,Portugal,1.0,0.0,FIFA World Cup,False,H,5,10.0,9.0,1.4,2.4,0.8,1.0,0.1,0.0,0.14,0.24000000000000005,0.08,0.1,1488.0836646149312,1710.9988804372556
2002-06-14,Poland,United States,3.0,1.0,FIFA World Cup,True,H,5,3.0,4.0,0.2,1.0,2.6,1.6,0.30000000000000004,0.1,0.02,0.1,0.26,0.16,1437.7593472293315,1350.5043878837353
2002-06-15,Germany,Paraguay,1.0,0.0,FIFA World Cup,True,H,5,7.0,7.0,2.2,1.8,1.0,1.6,0.1,0.0,0.22000000000000003,0.18000000000000002,0.1,0.16,1722.5363285797082,1566.2043565983101
2002-06-15,Denmark,England,0.0,3.0,FIFA World Cup,True,A,5,7.0,8.0,1.0,1.0,1.4,0.8,0.0,0.30000000000000004,0.1,0.1,0.14,0.08,1693.3524006695695,1670.133006433442
2002-06-16,Spain,Republic of Ireland,1.0,1.0,FIFA World Cup,True,D,5,12.0,6.0,2.8,1.0,1.8,0.8,0.1,0.1,0.28,0.1,0.18000000000000002,0.08,1769.639766778696,1601.5671045315767
2002-06-16,Sweden,Senegal,1.0,2.0,FIFA World Cup,True,A,5,6.0,9.0,1.0,1.4,1.0,1.0,0.1,0.2,0.1,0.14,0.1,0.1,1676.0682623343844,1644.3152201744424
2002-06-17,Brazil,Belgium,2.0,0.0,FIFA World Cup,True,H,5,10.0,5.0,2.4,1.2,1.4,1.8,0.2,0.0,0.24,0.12000000000000002,0.14,0.18,1841.1484625013602,1523.6986583756204
2002-06-17,Mexico,United States,0.0,2.0,FIFA World Cup,True,A,5,8.0,4.0,1.4,1.2,1.2,1.8,0.0,0.2,0.14,0.12000000000000002,0.12000000000000002,0.18000000000000002,1684.0046240318675,1293.9536336061446
2002-06-18,Japan,Turkey,0.0,1.0,FIFA World Cup,False,A,5,13.0,7.0,1.8,1.4,0.8,1.0,0.0,0.1,0.18000000000000002,0.14,0.08,0.1,1632.6150156924248,1513.1731404236393
2002-06-18,South Korea,Italy,2.0,1.0,FIFA World Cup,False,H,5,10.0,5.0,1.2,1.0,0.6,1.0,0.2,0.1,0.12000000000000002,0.1,0.06000000000000001,0.1,1555.0697736567192,1773.9475692045128
2002-06-21,England,Brazil,1.0,2.0,FIFA World Cup,True,A,5,8.0,12.0,1.4,2.6,0.8,1.2,0.1,0.2,0.14,0.26,0.08,0.12000000000000002,1763.4720100207076,1861.9309227168874
2002-06-21,Germany,United States,1.0,0.0,FIFA World Cup,True,H,5,10.0,7.0,2.4,1.4,0.8,1.4,0.1,0.0,0.24000000000000005,0.14,0.08,0.14,1751.4430393920438,1429.5904679597227
2002-06-22,South Korea,Spain,0.0,0.0,FIFA World Cup,False,D,5,13.0,10.0,1.4,2.2,0.4,1.4,0.0,0.0,0.14,0.22000000000000003,0.04,0.14,1621.5398949493954,1747.17759518803
2002-06-22,Senegal,Turkey,0.0,1.0,FIFA World Cup,True,A,5,9.0,7.0,1.4,1.2,1.0,1.0,0.0,0.1,0.14,0.12000000000000002,0.1,0.1,1698.8721698586585,1579.7155923145428
2002-06-25,South Korea,Germany,0.0,1.0,FIFA World Cup,False,A,5,11.0,13.0,1.2,2.6,0.4,0.2,0.0,0.1,0.12000000000000002,0.26,0.04,0.02,1625.2227744184227,1764.998280282349
2002-06-26,Brazil,Turkey,1.0,0.0,FIFA World Cup,True,H,5,15.0,10.0,3.0,1.4,0.8,0.6,0.1,0.0,0.3,0.14,0.08,0.06000000000000001,1898.1290522228974,1646.221470848694
2002-06-29,South Korea,Turkey,2.0,3.0,FIFA World Cup,False,A,5,8.0,10.0,0.8,1.2,0.6,0.4,0.2,0.30000000000000004,0.08,0.12000000000000002,0.06000000000000001,0.04,1580.922052603657,1627.222800950827
2002-06-30,Germany,Brazil,0.0,2.0,FIFA World Cup,True,A,5,13.0,15.0,1.2,2.8,0.2,0.6,0.0,0.2,0.12000000000000002,0.28,0.02,0.06000000000000001,1795.9022530822324,1917.1277221207645
2004-01-24,Tunisia,Rwanda,2.0,1.0,African Cup of Nations,False,H,3,2.0,0.0,0.2,0.0,1.2,0.0,0.2,0.1,0.02,0.0,0.12000000000000002,0.0,1366.6913729937498,1500.0
2004-01-25,Zimbabwe,Egypt,1.0,2.0,African Cup of Nations,True,A,3,0.0,6.0,0.0,0.6,0.0,0.8,0.1,0.2,0.0,0.06000000000000001,0.0,0.08,1500.0,1605.7711771239108
2004-01-25,DR Congo,Guinea,1.0,2.0,African Cup of Nations,True,A,3,5.0,4.0,0.6,0.8,0.8,1.2,0.1,0.2,0.06000000000000001,0.08,0.08,0.12000000000000002,1429.5034902912282,1452.6623818554056
2004-01-25,Cameroon,Algeria,1.0,1.0,African Cup of Nations,True,D,3,8.0,2.0,1.0,0.8,0.6,1.6,0.1,0.1,0.1,0.08,0.06000000000000001,0.16,1598.406728119576,1398.6136894898618
2004-01-26,Kenya,Mali,1.0,3.0,African Cup of Nations,True,A,3,1.0,7.0,0.2,0.8,1.6,0.8,0.1,0.30000000000000004,0.02,0.08,0.16,0.08,1328.8010305175874,1449.0134832432564
2004-01-26,Senegal,Burkina Faso,0.0,0.0,African Cup of Nations,True,D,3,8.0,2.0,1.4,1.0,1.2,1.8,0.0,0.0,0.14,0.1,0.12000000000000002,0.18,1632.3662913245073,1303.5392864589642
2004-01-27,Nigeria,Morocco,0.0,1.0,African Cup of Nations,True,A,3,4.0,5.0,0.6,0.6,1.0,1.2,0.0,0.1,0.06000000000000001,0.06000000000000001,0.1,0.12000000000000002,1557.872463771715,1486.4596852698267
2004-01-27,South Africa,Benin,2.0,0.0,African Cup of Nations,True,H,3,7.0,0.0,1.6,0.0,1.6,0.0,0.2,0.0,0.16,0.0,0.16,0.0,1537.0704230844817,1500.0
2004-01-28,Tunisia,DR Congo,3.0,0.0,African Cup of Nations,False,H,3,5.0,4.0,0.6,0.8,1.2,1.2,0.30000000000000004,0.0,0.06000000000000001,0.08,0.12000000000000002,0.12000000000000002,1399.5586918703925,1401.5002333611792
2004-01-28,Rwanda,Guinea,1.0,1.0,African Cup of Nations,True,D,3,0.0,7.0,1.0,1.2,2.0,1.2,0.1,0.1,0.1,0.12000000000000002,0.2,0.12000000000000002,1459.0226884203325,1480.6656387854546
2004-01-29,Algeria,Egypt,2.0,1.0,African Cup of Nations,True,H,3,2.0,9.0,0.8,1.0,1.6,0.8,0.2,0.1,0.08,0.1,0.16,0.08,1414.185453345962,1626.910227263157
2004-01-29,Cameroon,Zimbabwe,5.0,3.0,African Cup of Nations,True,H,3,6.0,0.0,0.6,1.0,0.8,2.0,0.5,0.30000000000000004,0.06000000000000001,0.1,0.08,0.2,1582.8349642634757,1478.8609498607539
2004-01-30,Burkina Faso,Mali,1.0,3.0,African Cup of Nations,True,A,3,2.0,9.0,0.8,1.4,1.6,1.0,0.1,0.30000000000000004,0.08,0.14,0.16,0.1,1325.684302645466,1479.0364611690436
2004-01-30,Senegal,Kenya,3.0,0.0,African Cup of Nations,True,H,3,6.0,0.0,1.2,0.4,1.2,2.2,0.30000000000000004,0.0,0.12000000000000002,0.04,0.12000000000000002,0.22000000000000003,1610.2212751380055,1298.7780525918001
2004-01-31,Nigeria,South Africa,4.0,0.0,African Cup of Nations,True,H,3,4.0,7.0,0.4,1.4,0.8,1.4,0.4,0.0,0.04,0.14,0.08,0.14,1521.7915830232373,1577.2871841539577
2004-01-31,Morocco,Benin,4.0,0.0,African Cup of Nations,True,H,3,7.0,0.0,0.8,0.0,1.2,2.0,0.4,0.0,0.08,0.0,0.12000000000000002,0.2,1522.5405660183044,1459.783238930524
2004-02-01,Rwanda,DR Congo,1.0,0.0,African Cup of Nations,True,H,3,1.0,4.0,1.0,0.8,1.5,1.6,0.1,0.0,0.1,0.08,0.15000000000000002,0.16,1460.8890774470642,1348.7068556201173
2004-02-01,Tunisia,Guinea,1.0,1.0,African Cup of Nations,False,D,3,7.0,8.0,1.2,1.2,1.2,1.0,0.1,0.1,0.12000000000000002,0.12000000000000002,0.12000000000000002,0.1,1437.6226463346968,1478.799249758723
2004-02-02,Burkina Faso,Kenya,0.0,3.0,African Cup of Nations,True,A,3,2.0,0.0,0.6,0.4,1.4,2.6,0.0,0.30000000000000004,0.06000000000000001,0.04,0.14,0.26000000000000006,1299.3498592306285,1283.7915711005385
2004-02-02,Senegal,Mali,1.0,1.0,African Cup of Nations,True,D,3,8.0,9.0,1.6,1.6,1.0,1.2,0.1,0.1,0.16,0.16,0.1,0.12000000000000002,1625.2077566292671,1505.3709045838812
2004-02-03,Cameroon,Egypt,0.0,0.0,African Cup of Nations,True,D,3,8.0,9.0,1.6,1.2,1.4,1.0,0.0,0.0,0.16,0.12000000000000002,0.14,0.1,1614.756325026026,1580.5385126539431
2004-02-03,Algeria,Zimbabwe,1.0,2.0,African Cup of Nations,True,A,3,5.0,0.0,1.0,2.0,1.4,3.5,0.1,0.2,0.1,0.2,0.14,0.35,1460.5571679551758,1446.9395890982037
2004-02-04,Morocco,South Africa,1.0,1.0,African Cup of Nations,True,D,3,10.0,7.0,1.6,1.4,0.8,1.8,0.1,0.1,0.16,0.14,0.08,0.18000000000000002,1571.819110554053,1507.7841148025777
2004-02-04,Nigeria,Benin,2.0,1.0,African Cup of Nations,True,H,3,4.0,0.0,1.0,0.0,0.8,3.0,0.2,0.1,0.1,0.0,0.08,0.30000000000000004,1591.2946523746173,1410.5046943947755
2004-02-07,Tunisia,Senegal,1.0,0.0,African Cup of Nations,False,H,3,8.0,8.0,1.4,1.2,1.0,0.6,0.1,0.0,0.14,0.12000000000000002,0.1,0.06000000000000001,1432.5914078093908,1615.251925064886
2004-02-07,Mali,Guinea,2.0,1.0,African Cup of Nations,True,H,3,7.0,6.0,1.4,1.2,1.4,1.2,0.2,0.1,0.14,0.12000000000000002,0.14,0.12000000000000002,1515.3267361482622,1475.2603297332485
2004-02-08,Cameroon,Nigeria,1.0,2.0,African Cup of Nations,True,A,3,8.0,7.0,1.4,1.4,1.2,0.8,0.1,0.2,0.13999999999999999,0.14,0.12000000000000002,0.08,1611.8112375506873,1606.9554261184699
2004-02-08,Morocco,Algeria,3.0,1.0,African Cup of Nations,True,H,3,10.0,5.0,1.8,1.2,1.0,1.6,0.30000000000000004,0.1,0.18,0.12000000000000002,0.1,0.16,1566.351653312361,1429.381933418798
2004-02-11,Morocco,Mali,4.0,0.0,African Cup of Nations,True,H,3,10.0,10.0,2.0,1.8,1.0,1.0,0.4,0.0,0.2,0.18000000000000002,0.1,0.1,1594.4765812341861,1541.8823795917644
2004-02-11,Tunisia,Nigeria,1.0,1.0,African Cup of Nations,False,D,3,10.0,10.0,1.4,1.6,0.8,0.6,0.1,0.1,0.14,0.16,0.08,0.06000000000000001,1469.597201287498,1637.3746832837921
2004-02-13,Nigeria,Mali,2.0,1.0,African Cup of Nations,True,H,3,10.0,10.0,1.8,1.8,0.8,1.6,0.2,0.1,0.18,0.18000000000000002,0.08,0.16,1623.9177320422534,1490.8963286980043
2004-02-14,Tunisia,Morocco,2.0,1.0,African Cup of Nations,False,H,3,11.0,13.0,1.6,2.6,0.6,0.4,0.2,0.1,0.16,0.26,0.06000000000000001,0.04,1475.3764532600624,1645.4626321279463
2004-06-12,Spain,Russia,1.0,0.0,UEFA Euro,True,H,4,11.0,4.0,2.0,1.4,1.0,2.0,0.1,0.0,0.20000000000000004,0.14,0.1,0.20000000000000004,1729.8458341057485,1479.3279942916085
2004-06-12,Portugal,Greece,1.0,2.0,UEFA Euro,False,A,4,6.0,1.0,1.8,0.2,1.2,2.6,0.1,0.2,0.18,0.02,0.12000000000000002,0.26,1632.699427726684,1276.3220473205295
2004-06-13,France,England,2.0,1.0,UEFA Euro,True,H,4,7.0,8.0,0.8,1.2,1.0,0.6,0.2,0.1,0.08,0.12000000000000002,0.1,0.06000000000000001,1706.3776428624071,1727.2738805146976
2004-06-13,Switzerland,Croatia,0.0,0.0,UEFA Euro,True,D,4,1.0,6.0,0.2,1.0,1.8,1.2,0.0,0.0,0.02,0.1,0.18000000000000002,0.12000000000000002,1293.1289572598787,1687.7688045374914
2004-06-14,Denmark,Italy,0.0,0.0,UEFA Euro,True,D,4,7.0,4.0,1.0,1.2,1.4,1.4,0.0,0.0,0.1,0.12000000000000002,0.14,0.14,1600.013397082304,1696.045614767909
2004-06-14,Sweden,Bulgaria,5.0,0.0,UEFA Euro,True,H,4,5.0,4.0,1.2,0.6,1.4,2.0,0.5,0.0,0.12000000000000002,0.06000000000000001,0.14,0.20000000000000004,1621.5113126501683,1417.7989152375987
2004-06-15,Czech Republic,Latvia,2.0,1.0,UEFA Euro,True,H,4,4.0,0.0,0.8,0.0,1.0,0.0,0.2,0.1,0.08,0.0,0.1,0.0,1616.1735520574377,1500.0
2004-06-15,Germany,Netherlands,1.0,1.0,UEFA Euro,True,D,4,12.0,13.0,1.0,2.6,0.4,0.6,0.1,0.1,0.1,0.26000000000000006,0.04,0.06000000000000001,1746.05822154422,1827.033895229601
2004-06-16,Greece,Spain,1.0,1.0,UEFA Euro,True,D,4,4.0,11.0,0.4,1.6,2.2,0.8,0.1,0.1,0.04,0.16,0.22000000000000003,0.08,1347.2097580071268,1745.1435050372772
2004-06-16,Portugal,Russia,2.0,0.0,UEFA Euro,False,H,4,3.0,4.0,1.6,1.4,1.6,1.6,0.2,0.0,0.16,0.14,0.16,0.16,1558.0924938037765,1464.0303233600798
2004-06-17,Croatia,France,2.0,2.0,UEFA Euro,True,D,4,7.0,7.0,0.8,0.8,0.8,1.0,0.2,0.2,0.08,0.08,0.08,0.1,1655.2481266406426,1748.7805145037332
2004-06-17,England,Switzerland,3.0,0.0,UEFA Euro,True,H,4,7.0,2.0,1.2,0.2,0.8,1.4,0.30000000000000004,0.0,0.12000000000000002,0.02,0.08,0.14,1684.8710088733715,1325.6496351567275
2004-06-18,Bulgaria,Denmark,0.0,2.0,UEFA Euro,True,A,4,1.0,8.0,0.4,1.0,3.0,1.0,0.0,0.2,0.04,0.1,0.30000000000000004,0.1,1379.9790746525468,1610.796303625314
2004-06-18,Italy,Sweden,1.0,1.0,UEFA Euro,True,D,4,5.0,8.0,1.0,2.0,1.0,1.0,0.1,0.1,0.1,0.2,0.1,0.1,1685.262708224899,1659.3311532352202
2004-06-19,Netherlands,Czech Republic,2.0,3.0,UEFA Euro,True,A,4,11.0,6.0,2.6,1.2,0.8,1.2,0.2,0.30000000000000004,0.26000000000000006,0.12000000000000002,0.08,0.12000000000000002,1817.8764401884825,1643.27571839858
2004-06-19,Latvia,Germany,0.0,0.0,UEFA Euro,True,D,4,0.0,10.0,1.0,0.8,2.0,0.6,0.0,0.0,0.1,0.08,0.2,0.06000000000000001,1472.8978336588577,1755.2156765853385
2004-06-20,Russia,Greece,2.0,1.0,UEFA Euro,True,H,4,3.0,4.0,0.8,0.6,1.4,2.4,0.2,0.1,0.08,0.06000000000000001,0.14,0.24000000000000005,1419.88871171324,1379.8580070942792
2004-06-20,Portugal,Spain,1.0,0.0,UEFA Euro,False,H,4,6.0,9.0,1.8,1.2,1.2,0.8,0.1,0.0,0.18,0.12000000000000002,0.12000000000000002,0.08,1587.678186052981,1712.4952559501248
2004-06-21,Switzerland,France,1.0,3.0,UEFA Euro,True,A,4,2.0,5.0,0.2,0.8,1.4,1.2,0.1,0.30000000000000004,0.02,0.08,0.14,0.12000000000000002,1309.9330001003498,1738.2650110284044
2004-06-21,Croatia,England,2.0,4.0,UEFA Euro,True,A,4,5.0,7.0,0.8,1.6,1.0,0.8,0.2,0.4,0.08,0.16,0.1,0.08,1665.7636301159714,1700.5876439297492
2004-06-22,Denmark,Sweden,2.0,2.0,UEFA Euro,True,D,4,8.0,8.0,1.0,2.0,0.8,1.0,0.2,0.2,0.1,0.2,0.08,0.1,1635.9214246544634,1662.3111024352309
2004-06-22,Italy,Bulgaria,2.0,1.0,UEFA Euro,True,H,4,3.0,1.0,0.8,0.2,1.2,2.8,0.2,0.1,0.08,0.02,0.12000000000000002,0.28,1682.2827590248883,1354.8539536233975
2004-06-23,Germany,Czech Republic,1.0,2.0,UEFA Euro,True,A,4,8.0,9.0,0.6,1.6,0.6,1.2,0.1,0.2,0.06000000000000001,0.16,0.06000000000000001,0.12000000000000002,1728.375320744585,1701.84025391266
2004-06-23,Netherlands,Latvia,3.0,0.0,UEFA Euro,True,H,4,8.0,1.0,2.4,0.5,1.4,1.0,0.30000000000000004,0.0,0.24000000000000005,0.05,0.14,0.1,1759.3119046744025,1499.7381894996113
2004-06-24,Portugal,England,2.0,2.0,UEFA Euro,False,D,4,9.0,9.0,1.6,2.4,0.6,1.2,0.2,0.2,0.16,0.24000000000000005,0.06000000000000001,0.12000000000000002,1630.5305074805242,1754.5938084588054
2004-06-25,France,Greece,0.0,1.0,UEFA Euro,True,A,4,8.0,4.0,1.4,0.8,1.2,2.0,0.0,0.1,0.14,0.08,0.12000000000000002,0.2,1747.6609671205097,1344.4464263152377
2004-06-26,Sweden,Netherlands,0.0,0.0,UEFA Euro,True,D,4,6.0,8.0,2.0,2.4,1.2,1.0,0.0,0.0,0.2,0.24000000000000005,0.12000000000000002,0.1,1659.2787078107165,1784.9722544239191
2004-06-27,Czech Republic,Denmark,3.0,0.0,UEFA Euro,True,H,4,12.0,8.0,2.0,1.2,1.2,1.0,0.30000000000000004,0.0,0.2,0.12000000000000002,0.12000000000000002,0.1,1744.8892903427368,1638.9538192789778
2004-06-30,Portugal,Netherlands,2.0,1.0,UEFA Euro,False,H,4,7.0,6.0,1.2,1.2,1.0,0.8,0.2,0.1,0.12000000000000002,0.12000000000000002,0.1,0.08,1633.296476096997,1771.1011888708806
2004-07-01,Greece,Czech Republic,1.0,0.0,UEFA Euro,True,H,4,7.0,15.0,1.0,2.4,1.2,0.8,0.1,0.0,0.1,0.24000000000000005,0.12000000000000002,0.08,1417.2951194652708,1794.1835313461797
2004-07-04,Portugal,Greece,0.0,1.0,UEFA Euro,False,A,4,10.0,10.0,1.6,1.2,1.0,0.8,0.0,0.1,0.16,0.12000000000000002,0.1,0.08,1677.6318082114647,1489.093601631748
2004-07-17,China PR,Bahrain,2.0,2.0,AFC Asian Cup,False,D,3,0.0,2.0,0.4,0.25,2.6,0.75,0.2,0.2,0.04,0.025,0.26,0.07500000000000001,1306.8740369078623,1458.4380758017057
2004-07-18,Iraq,Uzbekistan,0.0,1.0,AFC Asian Cup,True,A,3,4.0,1.0,1.0,0.6,1.6,4.0,0.0,0.1,0.1,0.06000000000000001,0.16,0.4,1339.2210857439952,1333.7447350566972
2004-07-18,Qatar,Indonesia,1.0,2.0,AFC Asian Cup,True,A,3,3.0,1.0,0.8,0.4,1.4,2.6,0.1,0.2,0.08,0.04,0.14,0.26,1406.022904758032,1245.708023736634
2004-07-18,Saudi Arabia,Turkmenistan,2.0,2.0,AFC Asian Cup,True,D,3,3.0,0.0,0.4,0.0,2.8,0.0,0.2,0.2,0.04,0.0,0.28,0.0,1353.568065936265,1500.0
2004-07-19,South Korea,Jordan,0.0,0.0,AFC Asian Cup,True,D,3,7.0,0.0,1.0,0.0,1.0,0.0,0.0,0.0,0.1,0.0,0.1,0.0,1523.255062893734,1500.0
2004-07-19,Kuwait,United Arab Emirates,3.0,1.0,AFC Asian Cup,True,H,3,6.0,13.0,0.8,1.4,0.8,0.4,0.30000000000000004,0.1,0.08,0.14,0.08,0.04,1478.9967853047801,1445.481828879507
2004-07-20,Japan,Oman,1.0,0.0,AFC Asian Cup,True,H,3,10.0,0.0,1.2,0.0,0.6,0.0,0.1,0.0,0.12000000000000002,0.0,0.06000000000000001,0.0,1554.6572136285868,1500.0
2004-07-20,Iran,Thailand,3.0,0.0,AFC Asian Cup,True,H,3,7.0,2.0,1.4,0.8,1.0,2.2,0.30000000000000004,0.0,0.14,0.08,0.1,0.22000000000000003,1521.3253124274531,1281.3551449613612
2004-07-21,Bahrain,Qatar,1.0,1.0,AFC Asian Cup,True,D,3,3.0,3.0,0.6,0.8,1.0,1.4,0.1,0.1,0.06000000000000001,0.08,0.1,0.14,1446.1224779954005,1363.0855984023533
2004-07-21,China PR,Indonesia,5.0,0.0,AFC Asian Cup,False,H,3,1.0,4.0,0.4,0.4,2.4,2.0,0.5,0.0,0.04,0.04,0.24000000000000005,0.2,1311.2940291832044,1288.6453300923126
2004-07-22,Uzbekistan,Saudi Arabia,1.0,0.0,AFC Asian Cup,True,H,3,4.0,1.0,0.8,0.4,3.2,3.0,0.1,0.0,0.08,0.04,0.32,0.3,1364.2175620294731,1365.5129825014683
2004-07-22,Turkmenistan,Iraq,2.0,3.0,AFC Asian Cup,True,A,3,1.0,4.0,2.0,1.0,2.0,1.6,0.2,0.30000000000000004,0.2,0.1,0.2,0.16,1488.0550834347966,1308.7482587712193
2004-07-23,Jordan,Kuwait,2.0,0.0,AFC Asian Cup,True,H,3,1.0,8.0,0.0,1.2,0.0,0.8,0.2,0.0,0.0,0.12000000000000002,0.0,0.08,1502.005010230542,1519.6693287476633
2004-07-23,United Arab Emirates,South Korea,0.0,2.0,AFC Asian Cup,True,A,3,10.0,5.0,1.0,0.8,0.6,1.0,0.0,0.2,0.1,0.08,0.06000000000000001,0.1,1404.809285436624,1521.250052663192
2004-07-24,Thailand,Japan,1.0,4.0,AFC Asian Cup,True,A,3,2.0,10.0,0.6,1.2,2.2,0.6,0.1,0.4,0.06000000000000001,0.12000000000000002,0.22000000000000003,0.06000000000000001,1260.2724506028867,1579.9762819910059
2004-07-24,Oman,Iran,2.0,2.0,AFC Asian Cup,True,D,3,0.0,10.0,0.0,2.0,1.0,0.6,0.2,0.2,0.0,0.2,0.1,0.06000000000000001,1474.680931637581,1542.4080067859277
2004-07-25,Bahrain,Indonesia,3.0,1.0,AFC Asian Cup,True,H,3,3.0,4.0,0.8,0.4,1.2,2.6,0.30000000000000004,0.1,0.08,0.04,0.12000000000000002,0.26,1439.085966814541,1232.5510909153227
2004-07-25,China PR,Qatar,1.0,0.0,AFC Asian Cup,False,H,3,4.0,3.0,1.4,0.8,2.2,1.4,0.1,0.0,0.13999999999999999,0.08,0.22000000000000003,0.14,1350.9514228548262,1370.1221095832127
2004-07-26,Saudi Arabia,Iraq,1.0,2.0,AFC Asian Cup,True,A,3,1.0,4.0,0.4,1.2,3.0,2.0,0.1,0.2,0.04,0.12000000000000002,0.3,0.2,1335.40112742475,1352.9884770133121
2004-07-26,Turkmenistan,Uzbekistan,0.0,1.0,AFC Asian Cup,True,A,3,1.0,7.0,2.0,0.8,2.5,2.8,0.0,0.1,0.2,0.08,0.25,0.28,1443.8148651927038,1394.3294171061914
2004-07-27,Jordan,United Arab Emirates,0.0,0.0,AFC Asian Cup,True,D,3,4.0,7.0,1.0,0.6,0.0,1.0,0.0,0.0,0.1,0.06000000000000001,0.0,0.1,1549.290930740947,1374.3503519980577
2004-07-27,South Korea,Kuwait,4.0,0.0,AFC Asian Cup,True,H,3,5.0,7.0,0.8,1.2,0.8,1.2,0.4,0.0,0.08,0.12000000000000002,0.08,0.12000000000000002,1551.7089861017582,1472.3834082372582
2004-07-28,Oman,Thailand,2.0,0.0,AFC Asian Cup,True,H,3,1.0,2.0,1.0,0.6,1.5,2.2,0.2,0.0,0.1,0.06000000000000001,0.15000000000000002,0.22000000000000003,1480.455992539983,1245.8865744513853
2004-07-28,Japan,Iran,0.0,0.0,AFC Asian Cup,True,D,3,12.0,8.0,1.6,1.6,0.4,1.0,0.0,0.0,0.16,0.16,0.04,0.1,1594.3621581425073,1536.6329458835255
2004-07-30,China PR,Iraq,3.0,0.0,AFC Asian Cup,False,H,3,7.0,6.0,1.6,1.2,1.8,1.8,0.30000000000000004,0.0,0.16,0.12000000000000002,0.18000000000000002,0.18,1374.095308133031,1381.4711589625763
2004-07-30,Uzbekistan,Bahrain,2.0,2.0,AFC Asian Cup,True,D,3,9.0,6.0,0.8,1.4,2.6,1.2,0.2,0.2,0.08,0.14,0.26,0.12000000000000002,1428.5736725959744,1460.096816151302
2004-07-31,Japan,Jordan,1.0,1.0,AFC Asian Cup,True,D,3,10.0,5.0,1.4,0.6666666666666666,0.4,0.0,0.1,0.1,0.14,0.06666666666666667,0.04,0.0,1589.422789979404,1535.3445150329287
2004-07-31,South Korea,Iran,3.0,4.0,AFC Asian Cup,True,A,3,7.0,8.0,1.6,1.4,0.8,0.8,0.30000000000000004,0.4,0.16,0.14,0.08,0.08,1598.2431215164881,1541.572314046629
2004-08-03,Bahrain,Japan,3.0,4.0,AFC Asian Cup,True,A,3,6.0,8.0,1.6,1.2,1.4,0.6,0.30000000000000004,0.4,0.16,0.12000000000000002,0.14,0.06000000000000001,1457.3823336774,1584.7906435340014
2004-08-03,China PR,Iran,1.0,1.0,AFC Asian Cup,False,D,3,10.0,8.0,2.2,2.0,1.0,1.4,0.1,0.1,0.22000000000000003,0.2,0.1,0.14,1412.921554010724,1576.4227252678904
2004-08-06,Iran,Bahrain,4.0,2.0,AFC Asian Cup,True,H,3,9.0,6.0,2.0,2.2,1.2,2.0,0.4,0.2,0.2,0.22000000000000003,0.12000000000000002,0.2,1563.26234650953,1437.9156684283985
2004-08-07,China PR,Japan,1.0,3.0,AFC Asian Cup,False,A,3,11.0,11.0,2.4,2.0,0.6,1.0,0.1,0.30000000000000004,0.24000000000000005,0.2,0.06000000000000001,0.1,1418.3444356882248,1604.257308783003
2006-01-20,Egypt,Libya,3.0,0.0,African Cup of Nations,False,H,3,7.0,9.0,1.0,1.4,1.0,0.8,0.30000000000000004,0.0,0.1,0.14,0.1,0.08,1583.4836001292817,1557.8497993440446
2006-01-21,Morocco,Ivory Coast,0.0,1.0,African Cup of Nations,True,A,3,10.0,4.0,2.6,0.6,0.8,1.4,0.0,0.1,0.26,0.06000000000000001,0.08,0.14,1601.846918646549,1463.4794653139313
2006-01-21,Togo,DR Congo,0.0,2.0,African Cup of Nations,True,A,3,5.0,3.0,0.2,0.8,1.0,1.8,0.0,0.2,0.02,0.08,0.1,0.18000000000000002,1388.874955788543,1328.0702898324491
2006-01-21,Cameroon,Angola,3.0,1.0,African Cup of Nations,True,H,3,5.0,3.0,1.4,1.6,1.6,2.4,0.30000000000000004,0.1,0.13999999999999999,0.16,0.16,0.24000000000000005,1581.391980385365,1421.6003634099275
2006-01-22,South Africa,Guinea,0.0,2.0,African Cup of Nations,True,A,3,7.0,5.0,1.2,1.0,1.6,1.2,0.0,0.2,0.12000000000000002,0.1,0.16,0.12000000000000002,1513.2515720442698,1448.7046862897462
2006-01-22,Tunisia,Zambia,4.0,1.0,African Cup of Nations,True,H,3,11.0,3.0,1.6,0.8,0.6,1.2,0.4,0.1,0.16,0.08,0.06000000000000001,0.12000000000000002,1511.3474079204736,1453.919181000936
2006-01-23,Nigeria,Ghana,1.0,0.0,African Cup of Nations,True,H,3,13.0,5.0,2.2,0.4,0.8,0.6,0.1,0.0,0.22000000000000003,0.04,0.08,0.06000000000000001,1642.9619072413432,1468.49383244299
2006-01-23,Zimbabwe,Senegal,0.0,2.0,African Cup of Nations,True,A,3,3.0,5.0,2.0,0.8,2.6666666666666665,0.6,0.0,0.2,0.20000000000000004,0.08,0.26666666666666666,0.06000000000000001,1478.1148236345814,1570.7884028814638
2006-01-24,Egypt,Morocco,0.0,0.0,African Cup of Nations,False,D,3,7.0,7.0,1.2,1.8,0.8,1.0,0.0,0.0,0.12000000000000002,0.18000000000000002,0.08,0.1,1617.7857694300396,1560.4933095589813
2006-01-24,Libya,Ivory Coast,1.0,2.0,African Cup of Nations,True,A,3,8.0,7.0,1.0,0.8,1.0,0.8,0.1,0.2,0.1,0.08,0.1,0.08,1509.216236747623,1504.833074401499
2006-01-25,Angola,DR Congo,0.0,0.0,African Cup of Nations,True,D,3,3.0,3.0,1.8,0.6,2.8,1.6,0.0,0.0,0.18000000000000002,0.06000000000000001,0.28,0.16,1395.9511176375318,1380.8663039235828
2006-01-25,Cameroon,Togo,2.0,0.0,African Cup of Nations,True,H,3,8.0,5.0,2.0,0.2,1.4,1.0,0.2,0.0,0.2,0.02,0.14,0.1,1607.0412261577608,1336.0789416974094
2006-01-26,Zambia,Guinea,1.0,2.0,African Cup of Nations,True,A,3,2.0,8.0,0.8,1.4,1.8,1.0,0.1,0.2,0.08,0.14,0.18,0.1,1410.0188208573252,1501.969952972195
2006-01-26,Tunisia,South Africa,2.0,0.0,African Cup of Nations,True,H,3,11.0,4.0,1.8,1.0,0.8,2.0,0.2,0.0,0.18,0.1,0.08,0.2,1555.2477680640845,1459.986305361821
2006-01-27,Ghana,Senegal,1.0,0.0,African Cup of Nations,True,H,3,5.0,8.0,0.4,1.2,0.6,0.4,0.1,0.0,0.04,0.12000000000000002,0.06000000000000001,0.04,1452.4082459573508,1604.0620745191281
2006-01-27,Nigeria,Zimbabwe,2.0,0.0,African Cup of Nations,True,H,3,13.0,3.0,1.6,1.5,0.8,2.5,0.2,0.0,0.16,0.15000000000000002,0.08,0.25,1659.0474937269823,1444.841151996917
2006-01-28,Egypt,Ivory Coast,3.0,1.0,African Cup of Nations,False,H,3,8.0,7.0,1.2,0.8,0.6,1.0,0.30000000000000004,0.1,0.12000000000000002,0.08,0.06000000000000001,0.1,1605.0617003535779,1535.2115269843223
2006-01-28,Libya,Morocco,0.0,0.0,African Cup of Nations,True,D,3,5.0,7.0,0.8,1.6,1.4,0.8,0.0,0.0,0.08,0.16,0.14,0.08,1478.8377841647998,1565.3959802232196
2006-01-29,Angola,Togo,3.0,2.0,African Cup of Nations,True,H,3,3.0,2.0,1.2,0.0,2.2,1.4,0.30000000000000004,0.2,0.12000000000000002,0.0,0.22000000000000003,0.14,1394.6494079603508,1320.4479575324024
2006-01-29,Cameroon,DR Congo,2.0,0.0,African Cup of Nations,True,H,3,10.0,4.0,2.2,0.6,1.2,1.2,0.2,0.0,0.22000000000000003,0.06000000000000001,0.12000000000000002,0.12000000000000002,1622.6722103227678,1382.1680136007637
2006-01-30,Zambia,South Africa,1.0,0.0,African Cup of Nations,True,H,3,1.0,4.0,0.6,0.6,1.8,1.8,0.1,0.0,0.06000000000000001,0.06000000000000001,0.18,0.18,1387.778196522175,1427.0244459571131
2006-01-30,Tunisia,Guinea,0.0,3.0,African Cup of Nations,True,A,3,13.0,8.0,2.0,1.4,0.6,1.0,0.0,0.30000000000000004,0.2,0.14,0.06000000000000001,0.1,1588.2096274687924,1524.2105773073451
2006-01-31,Ghana,Zimbabwe,1.0,2.0,African Cup of Nations,True,A,3,7.0,3.0,0.6,1.2,0.6,2.4,0.1,0.2,0.06000000000000001,0.12000000000000002,0.06000000000000001,0.24,1494.7302895453654,1424.5331549337627
2006-01-31,Nigeria,Senegal,2.0,1.0,African Cup of Nations,True,H,3,13.0,7.0,1.6,1.2,0.6,0.6,0.2,0.1,0.16,0.12000000000000002,0.06000000000000001,0.06000000000000001,1679.3554907901366,1561.7400309311136
2006-02-03,Egypt,DR Congo,4.0,1.0,African Cup of Nations,False,H,3,8.0,4.0,1.4,0.4,0.6,1.2,0.4,0.1,0.14,0.04,0.06000000000000001,0.12000000000000002,1629.6624086502936,1364.1414897739749
2006-02-03,Guinea,Senegal,2.0,3.0,African Cup of Nations,True,A,3,10.0,4.0,1.8,0.8,0.8,1.0,0.2,0.30000000000000004,0.18000000000000002,0.08,0.08,0.1,1586.273376155055,1541.5248158959564
2006-02-04,Cameroon,Ivory Coast,1.0,1.0,African Cup of Nations,True,D,3,10.0,6.0,1.6,1.0,0.6,1.6,0.1,0.1,0.16,0.1,0.06000000000000001,0.16,1640.6987341495567,1499.1385983725668
2006-02-04,Nigeria,Tunisia,1.0,1.0,African Cup of Nations,True,D,3,13.0,10.0,1.6,1.8,0.6,1.2,0.1,0.1,0.16,0.18,0.06000000000000001,0.12000000000000002,1699.5707058252938,1526.1468286210825
2006-02-07,Nigeria,Ivory Coast,0.0,1.0,African Cup of Nations,True,A,3,13.0,7.0,1.6,1.2,0.6,1.6,0.0,0.1,0.16,0.12000000000000002,0.06000000000000001,0.16,1685.7271579367532,1510.7275760251932
2006-02-07,Egypt,Senegal,2.0,1.0,African Cup of Nations,False,H,3,11.0,6.0,2.0,1.2,0.4,1.2,0.2,0.1,0.2,0.12000000000000002,0.04,0.12000000000000002,1641.075722789072,1575.3674924509512
2006-02-09,Senegal,Nigeria,0.0,1.0,African Cup of Nations,True,A,3,6.0,10.0,1.4,1.2,1.4,0.6,0.0,0.1,0.14,0.12000000000000002,0.14,0.06000000000000001,1550.9745060194778,1641.7767488457325
2006-02-10,Egypt,Ivory Coast,0.0,0.0,African Cup of Nations,False,D,3,13.0,10.0,2.4,1.2,0.6,1.0,0.0,0.0,0.24000000000000005,0.12000000000000002,0.06000000000000001,0.1,1657.7618747028494,1554.677985116214
2006-06-09,Poland,Ecuador,0.0,2.0,FIFA World Cup,True,A,5,3.0,3.0,0.6,0.6666666666666666,2.8,1.3333333333333333,0.0,0.2,0.06000000000000001,0.06666666666666667,0.28,0.13333333333333333,1494.3101015069221,1539.3155161307334
2006-06-09,Germany,Costa Rica,4.0,2.0,FIFA World Cup,False,H,5,5.0,7.0,0.6,1.6,1.0,2.2,0.4,0.2,0.06000000000000001,0.16,0.1,0.22000000000000003,1685.3262843145085,1511.9203560824349
2006-06-10,Argentina,Ivory Coast,2.0,1.0,FIFA World Cup,True,H,5,5.0,8.0,1.0,1.0,1.2,1.0,0.2,0.1,0.1,0.1,0.12000000000000002,0.1,1658.4715068520784,1563.3266583961697
2006-06-10,England,Paraguay,1.0,0.0,FIFA World Cup,True,H,5,7.0,4.0,2.2,1.2,1.6,1.6,0.1,0.0,0.22000000000000003,0.12000000000000002,0.16,0.16,1740.8881294103405,1537.2976457859745
2006-06-10,Trinidad and Tobago,Sweden,0.0,0.0,FIFA World Cup,True,D,5,0.0,6.0,0.0,1.8,0.0,1.0,0.0,0.0,0.0,0.18,0.0,0.1,1500.0,1673.1497733637552
2006-06-11,Angola,Portugal,0.0,1.0,FIFA World Cup,True,A,5,5.0,10.0,1.8,1.4,2.6,0.8,0.0,0.1,0.18000000000000002,0.14,0.26,0.08,1418.33800706736,1610.4024679321114
2006-06-11,Mexico,Iran,3.0,1.0,FIFA World Cup,True,H,5,7.0,9.0,1.0,2.2,1.2,1.6,0.30000000000000004,0.1,0.1,0.22000000000000003,0.12000000000000002,0.16,1548.3677896782895,1592.6969353929599
2006-06-11,Serbia,Netherlands,0.0,1.0,FIFA World Cup,True,A,5,4.0,5.0,1.8,1.4,3.0,1.2,0.0,0.1,0.18000000000000002,0.14,0.30000000000000004,0.12000000000000002,1534.7961048648524,1716.0185859330427
2006-06-12,Australia,Japan,3.0,1.0,FIFA World Cup,True,H,5,1.0,11.0,0.0,2.4,1.6666666666666667,1.2,0.30000000000000004,0.1,0.0,0.24000000000000005,0.16666666666666666,0.12000000000000002,1420.3386402487554,1627.2401544310876
2006-06-12,Italy,Ghana,2.0,0.0,FIFA World Cup,True,H,5,6.0,6.0,1.0,0.8,1.0,1.0,0.2,0.0,0.1,0.08,0.1,0.1,1692.8295492480988,1458.7501343072374
2006-06-12,United States,Czech Republic,0.0,3.0,FIFA World Cup,True,A,5,7.0,12.0,1.4,2.0,1.4,1.0,0.0,0.30000000000000004,0.14,0.2,0.14,0.1,1416.0352270694175,1722.3850491797025
2006-06-13,South Korea,Togo,2.0,1.0,FIFA World Cup,True,H,5,7.0,1.0,2.2,0.4,1.4,2.0,0.2,0.1,0.22000000000000003,0.04,0.14,0.2,1563.3927102952266,1296.7593584253932
2006-06-13,France,Switzerland,0.0,0.0,FIFA World Cup,True,D,5,7.0,1.0,1.4,0.2,1.4,1.8,0.0,0.0,0.14,0.02,0.14,0.18000000000000002,1674.8122739704766,1300.5370440082445
2006-06-13,Brazil,Croatia,1.0,0.0,FIFA World Cup,True,H,5,15.0,5.0,2.4,1.2,0.6,1.6,0.1,0.0,0.24,0.12000000000000002,0.06000000000000001,0.16,1966.9717536587768,1611.7574655869153
2006-06-14,Germany,Poland,1.0,0.0,FIFA World Cup,False,H,5,5.0,3.0,1.2,0.6,1.4,2.6,0.1,0.0,0.12000000000000002,0.06000000000000001,0.14,0.26,1711.0764976357539,1428.97132449048
2006-06-14,Spain,Ukraine,4.0,0.0,FIFA World Cup,True,H,5,6.0,0.0,0.6,0.0,0.6,0.0,0.4,0.0,0.06000000000000001,0.0,0.06000000000000001,0.0,1658.7130414400692,1500.0
2006-06-14,Tunisia,Saudi Arabia,2.0,2.0,FIFA World Cup,True,D,5,10.0,1.0,1.8,0.6,1.2,1.8,0.2,0.2,0.18,0.06000000000000001,0.12000000000000002,0.18000000000000002,1539.990376509623,1306.918445475486
2006-06-15,Ecuador,Costa Rica,3.0,0.0,FIFA World Cup,True,H,5,6.0,4.0,1.0,1.6,1.0,2.8,0.30000000000000004,0.0,0.1,0.16,0.1,0.28,1604.6542931471754,1471.5261761813056
2006-06-15,England,Trinidad and Tobago,2.0,0.0,FIFA World Cup,True,H,5,10.0,1.0,2.2,0.0,1.2,0.0,0.2,0.0,0.22000000000000003,0.0,0.12000000000000002,0.0,1764.5381995619657,1523.0415214877346
2006-06-15,Sweden,Paraguay,1.0,0.0,FIFA World Cup,True,H,5,7.0,4.0,1.6,1.2,0.6,1.6,0.1,0.0,0.16,0.12000000000000002,0.06000000000000001,0.16,1650.1082518760206,1513.6475756343493
2006-06-16,Argentina,Serbia,6.0,0.0,FIFA World Cup,True,H,5,7.0,4.0,1.0,1.6,1.0,2.8,0.6000000000000001,0.0,0.1,0.16,0.1,0.28,1695.111377622416,1508.7428113146066
2006-06-16,Mexico,Angola,0.0,0.0,FIFA World Cup,True,D,5,10.0,4.0,1.4,1.2,1.0,2.2,0.0,0.0,0.14,0.12000000000000002,0.1,0.22000000000000003,1632.885414871497,1393.469020194364
2006-06-16,Netherlands,Ivory Coast,2.0,1.0,FIFA World Cup,True,H,5,7.0,5.0,1.4,0.8,1.0,1.2,0.2,0.1,0.14,0.08,0.1,0.12000000000000002,1742.0718794832885,1526.686787625832
2006-06-17,Portugal,Iran,2.0,0.0,FIFA World Cup,True,H,5,10.0,8.0,1.2,2.0,0.8,1.8,0.2,0.0,0.12000000000000002,0.2,0.08,0.18000000000000002,1635.2714548051074,1508.1793101997523
2006-06-17,Czech Republic,Ghana,0.0,2.0,FIFA World Cup,True,A,5,12.0,3.0,2.2,0.4,0.8,1.2,0.0,0.2,0.22000000000000003,0.04,0.08,0.12000000000000002,1747.996931607459,1427.8074747259782
2006-06-17,Italy,United States,1.0,1.0,FIFA World Cup,True,D,5,8.0,4.0,1.2,0.8,0.8,1.6,0.1,0.1,0.12000000000000002,0.08,0.08,0.16,1723.772208829358,1390.423344641661
2006-06-18,Brazil,Australia,2.0,0.0,FIFA World Cup,True,H,5,15.0,4.0,1.6,0.75,0.2,1.5,0.2,0.0,0.16,0.07500000000000001,0.02,0.15000000000000002,1978.42986554385,1535.3771793092365
2006-06-18,France,South Korea,1.0,1.0,FIFA World Cup,True,D,5,8.0,10.0,1.4,2.2,1.0,1.0,0.1,0.1,0.14,0.22000000000000003,0.1,0.1,1635.2034071366054,1581.1210102741522
2006-06-18,Japan,Croatia,0.0,0.0,FIFA World Cup,True,D,5,8.0,2.0,1.8,0.8,1.6,1.6,0.0,0.0,0.18000000000000002,0.08,0.16,0.16,1512.2016153706065,1600.2993537018422
2006-06-19,Saudi Arabia,Ukraine,0.0,4.0,FIFA World Cup,True,A,5,2.0,0.0,1.0,0.0,2.0,4.0,0.0,0.4,0.1,0.0,0.2,0.4,1336.1948874044806,1442.7483042902888
2006-06-19,Spain,Tunisia,3.0,1.0,FIFA World Cup,True,H,5,8.0,8.0,1.2,1.8,0.4,1.4,0.30000000000000004,0.1,0.12000000000000002,0.18,0.04,0.14,1715.9647371497804,1510.7139345806283
2006-06-19,Togo,Switzerland,0.0,2.0,FIFA World Cup,True,A,5,0.0,2.0,0.6,0.2,2.4,1.4,0.0,0.2,0.06000000000000001,0.02,0.24000000000000005,0.14,1279.0310584464676,1340.1459108421157
2006-06-20,Sweden,England,2.0,2.0,FIFA World Cup,True,D,5,7.0,13.0,0.8,2.4,0.6,0.8,0.2,0.2,0.08,0.24000000000000005,0.06000000000000001,0.08,1681.4211617314145,1794.4453731229603
2006-06-20,Paraguay,Trinidad and Tobago,2.0,0.0,FIFA World Cup,True,H,5,3.0,1.0,0.8,0.0,1.4,1.0,0.2,0.0,0.08,0.0,0.14,0.1,1482.3346657789555,1493.13434792674
2006-06-20,Costa Rica,Poland,1.0,2.0,FIFA World Cup,True,A,5,4.0,3.0,1.4,0.6,2.6,2.0,0.1,0.2,0.14,0.06000000000000001,0.26,0.2,1416.003953614649,1412.5049370183374
2006-06-20,Germany,Ecuador,3.0,0.0,FIFA World Cup,False,H,5,8.0,9.0,1.4,1.4,1.0,0.8,0.30000000000000004,0.0,0.14,0.14,0.1,0.08,1721.0553709953556,1660.176515713832
2006-06-21,Iran,Angola,1.0,1.0,FIFA World Cup,True,D,5,7.0,5.0,2.0,0.8,2.2,1.2,0.1,0.1,0.2,0.08,0.22000000000000003,0.12000000000000002,1459.452791978482,1423.3390600710093
2006-06-21,Ivory Coast,Serbia,3.0,2.0,FIFA World Cup,True,H,5,5.0,3.0,0.8,1.0,1.0,3.4,0.30000000000000004,0.2,0.08,0.1,0.1,0.34,1504.2406868535827,1457.7695184612028
2006-06-21,Netherlands,Argentina,0.0,0.0,FIFA World Cup,True,D,5,10.0,10.0,1.4,2.0,0.6,0.6,0.0,0.0,0.14,0.2,0.06000000000000001,0.06000000000000001,1764.5179802555379,1746.0846704758198
2006-06-21,Portugal,Mexico,2.0,1.0,FIFA World Cup,True,H,5,10.0,8.0,1.4,1.2,0.8,1.0,0.2,0.1,0.14,0.12000000000000002,0.08,0.1,1683.9979730263776,1603.0153749948518
2006-06-22,Ghana,United States,2.0,1.0,FIFA World Cup,True,H,5,6.0,4.0,0.8,0.8,1.0,1.6,0.2,0.1,0.08,0.08,0.1,0.16,1557.3057522788083,1427.6250316630806
2006-06-22,Croatia,Australia,2.0,2.0,FIFA World Cup,True,D,5,3.0,4.0,0.8,0.6,1.4,1.6,0.2,0.2,0.08,0.06000000000000001,0.14,0.16,1587.8859782046948,1524.5174006356722
2006-06-22,Czech Republic,Italy,0.0,2.0,FIFA World Cup,True,A,5,9.0,9.0,1.6,1.2,0.8,0.6,0.0,0.2,0.16,0.12000000000000002,0.08,0.06000000000000001,1618.4986540546288,1686.5705218079386
2006-06-22,Japan,Brazil,1.0,4.0,FIFA World Cup,True,A,5,8.0,15.0,1.8,1.6,1.6,0.2,0.1,0.4,0.18000000000000002,0.16,0.16,0.02,1524.614990867754,1989.2896442174142
2006-06-23,Ukraine,Tunisia,1.0,0.0,FIFA World Cup,True,H,5,3.0,5.0,2.0,1.2,2.0,1.8,0.1,0.0,0.2,0.12000000000000002,0.2,0.18000000000000002,1513.006436876613,1475.4970457999002
2006-06-23,Togo,France,0.0,2.0,FIFA World Cup,True,A,5,0.0,6.0,0.6,1.2,2.2,1.0,0.0,0.2,0.06000000000000001,0.12000000000000002,0.22000000000000003,0.1,1217.0893546348307,1627.4825840128
2006-06-23,Switzerland,South Korea,2.0,0.0,FIFA World Cup,True,H,5,5.0,10.0,0.6,2.4,1.2,1.2,0.2,0.0,0.06000000000000001,0.24000000000000005,0.12000000000000002,0.12000000000000002,1402.0876146537526,1588.8418333979575
2006-06-23,Saudi Arabia,Spain,0.0,1.0,FIFA World Cup,True,A,5,2.0,10.0,1.0,1.8,2.2,0.6,0.0,0.1,0.1,0.18000000000000002,0.22000000000000003,0.06000000000000001,1265.9367548181565,1751.1816259305085
2006-06-24,Argentina,Mexico,2.0,1.0,FIFA World Cup,True,H,5,8.0,5.0,1.8,1.0,0.6,1.2,0.2,0.1,0.18000000000000002,0.1,0.06000000000000001,0.12000000000000002,1748.7349507321635,1564.463138057372
2006-06-24,Germany,Sweden,2.0,0.0,FIFA World Cup,False,H,5,10.0,7.0,1.8,1.0,0.8,0.8,0.2,0.0,0.18000000000000002,0.1,0.08,0.08,1770.7060217845274,1697.1361705531042
2006-06-25,England,Ecuador,1.0,0.0,FIFA World Cup,True,H,5,11.0,9.0,2.2,1.4,1.2,1.0,0.1,0.0,0.22000000000000003,0.14,0.12000000000000002,0.1,1778.7303643012706,1587.8535547765516
2006-06-25,Portugal,Netherlands,1.0,0.0,FIFA World Cup,True,H,5,12.0,8.0,1.4,0.8,0.6,0.6,0.1,0.0,0.14,0.08,0.06000000000000001,0.06000000000000001,1722.5502099638575,1761.8676999991942
2006-06-26,Switzerland,Ukraine,0.0,0.0,FIFA World Cup,True,D,5,7.0,6.0,1.0,1.6666666666666667,1.2,1.3333333333333333,0.0,0.0,0.1,0.16666666666666666,0.12000000000000002,0.13333333333333333,1513.9208502973822,1557.6292765543408
2006-06-26,Italy,Australia,1.0,0.0,FIFA World Cup,True,H,5,11.0,5.0,1.6,1.0,0.6,1.6,0.1,0.0,0.16,0.1,0.06000000000000001,0.16,1747.0612119330772,1533.537077226468
2006-06-27,Brazil,Ghana,3.0,0.0,FIFA World Cup,True,H,5,15.0,9.0,2.0,1.2,0.2,1.0,0.30000000000000004,0.0,0.2,0.12000000000000002,0.02,0.1,2000.5722202574213,1589.464144619716
2006-06-27,Spain,France,1.0,3.0,FIFA World Cup,True,A,5,10.0,8.0,1.8,1.2,0.6,0.6,0.1,0.30000000000000004,0.18000000000000002,0.12000000000000002,0.06000000000000001,0.06000000000000001,1756.950389148552,1640.3952048911653
2006-06-30,Germany,Argentina,1.0,1.0,FIFA World Cup,False,D,5,12.0,11.0,2.2,2.2,0.8,0.6,0.1,0.1,0.22000000000000003,0.22000000000000003,0.08,0.06000000000000001,1811.0723557269555,1774.4514931952622
2006-06-30,Italy,Ukraine,3.0,0.0,FIFA World Cup,True,H,5,13.0,7.0,1.6,1.25,0.4,1.0,0.30000000000000004,0.0,0.16,0.125,0.04,0.1,1769.694344853926,1551.3721030876375
2006-07-01,Brazil,France,0.0,1.0,FIFA World Cup,True,A,5,15.0,8.0,2.4,1.2,0.2,0.6,0.0,0.1,0.24000000000000005,0.12000000000000002,0.02,0.06000000000000001,2015.580386353866,1739.6524334108362
2006-07-01,England,Portugal,0.0,0.0,FIFA World Cup,True,D,5,11.0,12.0,1.6,1.2,0.8,0.4,0.0,0.0,0.16,0.12000000000000002,0.08,0.04,1803.7273090784297,1778.1844210318059
2006-07-04,Germany,Italy,0.0,2.0,FIFA World Cup,False,A,5,13.0,13.0,2.2,1.8,0.6,0.2,0.0,0.2,0.22000000000000003,0.18000000000000002,0.06000000000000001,0.02,1792.3654364036415,1808.4623539757285
2006-07-05,Portugal,France,0.0,1.0,FIFA World Cup,True,A,5,13.0,11.0,1.2,1.4,0.2,0.4,0.0,0.1,0.12000000000000002,0.14,0.02,0.04,1781.853729684951,1822.6910840046376
2006-07-08,Germany,Portugal,3.0,1.0,FIFA World Cup,False,H,5,10.0,10.0,1.4,1.0,0.6,0.4,0.30000000000000004,0.1,0.14,0.1,0.06000000000000001,0.04,1699.5975639360706,1737.7037817071619
2006-07-09,Italy,France,1.0,1.0,FIFA World Cup,True,D,5,13.0,13.0,1.8,1.6,0.2,0.4,0.1,0.1,0.18000000000000002,0.16,0.02,0.04,1879.9900391164078,1866.8410319824268
2007-07-07,Thailand,Iraq,1.0,1.0,AFC Asian Cup,False,D,3,2.0,6.0,0.6,1.2,2.2,2.2,0.1,0.1,0.06000000000000001,0.12000000000000002,0.22000000000000003,0.22000000000000003,1227.3625093243022,1327.8567825958914
2007-07-08,Australia,Oman,1.0,1.0,AFC Asian Cup,True,D,3,5.0,4.0,1.0,1.3333333333333333,1.2,1.0,0.1,0.1,0.1,0.13333333333333333,0.12000000000000002,0.10000000000000002,1510.9039443056192,1498.9800576670661
2007-07-08,Vietnam,United Arab Emirates,2.0,0.0,AFC Asian Cup,False,H,3,0.0,5.0,0.0,0.4,0.0,1.0,0.2,0.0,0.0,0.04,0.0,0.1,1500.0,1388.296767706076
2007-07-09,Japan,Qatar,1.0,1.0,AFC Asian Cup,True,D,3,7.0,2.0,1.8,0.8,2.2,1.6,0.1,0.1,0.18000000000000002,0.08,0.22000000000000003,0.16,1513.3324148277468,1338.4684573101076
2007-07-10,Indonesia,Bahrain,2.0,1.0,AFC Asian Cup,False,H,3,3.0,5.0,0.6,2.2,3.2,2.4,0.2,0.1,0.06000000000000001,0.22000000000000003,0.32,0.24000000000000005,1211.5402415785616,1408.4810795449687
2007-07-10,Malaysia,China PR,1.0,5.0,AFC Asian Cup,False,A,3,6.0,10.0,1.2,2.2,1.2,0.8,0.1,0.5,0.12000000000000002,0.22000000000000003,0.12000000000000002,0.08,1478.8225502429918,1384.250519533874
2007-07-11,Iran,Uzbekistan,2.0,1.0,AFC Asian Cup,True,H,3,5.0,10.0,1.4,1.0,1.8,1.4,0.2,0.1,0.14,0.1,0.18000000000000002,0.13999999999999999,1454.2742449332554,1431.2881550698762
2007-07-11,South Korea,Saudi Arabia,1.0,1.0,AFC Asian Cup,True,D,3,7.0,1.0,2.0,0.6,1.6,2.0,0.1,0.1,0.2,0.06000000000000001,0.16,0.2,1477.0085977543279,1260.167991600113
2007-07-12,Thailand,Oman,2.0,0.0,AFC Asian Cup,False,H,3,2.0,5.0,0.6,1.25,2.2,1.0,0.2,0.0,0.06000000000000001,0.125,0.22000000000000003,0.1,1227.4051882805234,1500.009244761407
2007-07-12,Vietnam,Qatar,1.0,1.0,AFC Asian Cup,False,D,3,3.0,2.0,2.0,0.8,0.0,1.6,0.1,0.1,0.2,0.08,0.0,0.16,1520.535483640939,1352.4096862894314
2007-07-13,Iraq,Australia,3.0,1.0,AFC Asian Cup,True,H,3,7.0,5.0,1.2,1.2,1.6,1.4,0.30000000000000004,0.1,0.12000000000000002,0.12000000000000002,0.16,0.14,1319.4135684569535,1509.8747572112784
2007-07-13,United Arab Emirates,Japan,1.0,3.0,AFC Asian Cup,True,A,3,2.0,5.0,0.2,1.2,1.4,1.8,0.1,0.30000000000000004,0.02,0.12000000000000002,0.14,0.18000000000000002,1357.2858995829235,1499.391185848423
2007-07-14,Indonesia,Saudi Arabia,1.0,2.0,AFC Asian Cup,False,A,3,6.0,2.0,1.0,0.8,2.6,2.0,0.1,0.2,0.1,0.08,0.26,0.2,1249.7001252519212,1276.7876411317288
2007-07-14,Malaysia,Uzbekistan,0.0,5.0,AFC Asian Cup,False,A,3,5.0,10.0,1.2,1.2,2.0,0.8,0.0,0.5,0.12000000000000002,0.12000000000000002,0.2,0.08,1388.3428660532231,1403.2700428503235
2007-07-15,China PR,Iran,2.0,2.0,AFC Asian Cup,True,D,3,10.0,7.0,2.2,1.6,1.0,1.8,0.2,0.2,0.22000000000000003,0.16,0.1,0.18000000000000002,1460.1907748516055,1482.292357152808
2007-07-15,Bahrain,South Korea,2.0,1.0,AFC Asian Cup,True,H,3,4.0,5.0,2.2,1.4,2.6,1.8,0.2,0.1,0.22000000000000003,0.14,0.26,0.18,1363.0900074432789,1460.388948222712
2007-07-16,Oman,Iraq,0.0,0.0,AFC Asian Cup,True,D,3,5.0,10.0,1.0,1.8,1.2,1.6,0.0,0.0,0.1,0.18000000000000002,0.12000000000000002,0.16,1425.518536411487,1386.8759237725158
2007-07-16,Qatar,United Arab Emirates,1.0,2.0,AFC Asian Cup,True,A,3,3.0,1.0,0.8,0.4,1.2,2.0,0.1,0.2,0.08,0.04,0.12000000000000002,0.2,1365.890651086491,1329.7294010937865
2007-07-16,Thailand,Australia,0.0,4.0,AFC Asian Cup,False,A,3,4.0,2.0,0.8,0.8,2.0,1.8,0.0,0.4,0.08,0.08,0.2,0.18000000000000002,1293.086846113856,1442.4124018957161
2007-07-16,Vietnam,Japan,1.0,4.0,AFC Asian Cup,False,A,3,4.0,5.0,1.5,1.2,0.5,1.8,0.1,0.4,0.15000000000000002,0.12000000000000002,0.05,0.18000000000000002,1501.0974883830625,1526.94768433756
2007-07-18,Indonesia,South Korea,0.0,1.0,AFC Asian Cup,False,A,3,6.0,5.0,1.2,1.0,2.4,1.4,0.0,0.1,0.12000000000000002,0.1,0.24000000000000005,0.14,1213.4951792204386,1422.200439102229
2007-07-18,Malaysia,Iran,0.0,2.0,AFC Asian Cup,False,A,3,4.0,5.0,1.0,1.2,2.8,1.8,0.0,0.2,0.1,0.12000000000000002,0.28,0.18000000000000002,1313.938051119158,1480.3865231992706
2007-07-18,Saudi Arabia,Bahrain,4.0,0.0,AFC Asian Cup,True,H,3,5.0,4.0,1.0,2.0,1.8,2.6,0.4,0.0,0.1,0.2,0.18,0.26,1304.4534444801159,1401.278516563762
2007-07-18,Uzbekistan,China PR,3.0,0.0,AFC Asian Cup,True,H,3,10.0,8.0,2.0,2.4,0.8,1.4,0.30000000000000004,0.0,0.2,0.24000000000000005,0.08,0.14,1460.6937957069863,1462.096608805143
2007-07-21,Japan,Australia,1.0,1.0,AFC Asian Cup,True,D,3,8.0,5.0,1.8,1.6,1.4,1.4,0.1,0.1,0.18000000000000002,0.16,0.14,0.14,1575.5487269252071,1478.1034788238721
2007-07-21,Iraq,Vietnam,2.0,0.0,AFC Asian Cup,True,H,3,8.0,4.0,1.2,1.3333333333333333,1.2,1.6666666666666667,0.2,0.0,0.12000000000000002,0.13333333333333333,0.12000000000000002,0.16666666666666666,1390.1989042336556,1437.5599957817997
2007-07-22,Iran,South Korea,0.0,0.0,AFC Asian Cup,True,D,3,8.0,5.0,1.4,0.8,1.2,1.2,0.0,0.0,0.14,0.08,0.12000000000000002,0.12000000000000002,1505.3388307410523,1436.0739713752268
2007-07-22,Saudi Arabia,Uzbekistan,2.0,1.0,AFC Asian Cup,True,H,3,7.0,10.0,1.4,2.4,1.4,0.8,0.2,0.1,0.14,0.24000000000000005,0.14,0.08,1380.754697140225,1513.405769639749
2007-07-25,Iraq,South Korea,0.0,0.0,AFC Asian Cup,True,D,3,8.0,5.0,1.2,0.6,1.0,1.0,0.0,0.0,0.12000000000000002,0.06000000000000001,0.1,0.1,1441.295416991643,1441.9767850144635
2007-07-25,Japan,Saudi Arabia,2.0,3.0,AFC Asian Cup,True,A,3,8.0,10.0,2.0,1.8,1.6,0.8,0.2,0.30000000000000004,0.2,0.18,0.16,0.08,1567.3485271556974,1421.682798885331
2007-07-28,South Korea,Japan,0.0,0.0,AFC Asian Cup,True,D,3,6.0,8.0,0.6,2.2,0.6,1.4,0.0,0.0,0.06000000000000001,0.22000000000000003,0.06000000000000001,0.14,1441.9179510454326,1525.4593303868046
2007-07-29,Iraq,Saudi Arabia,1.0,0.0,AFC Asian Cup,True,H,3,9.0,13.0,1.2,2.4,0.4,1.0,0.1,0.0,0.12000000000000002,0.24000000000000005,0.04,0.1,1441.3542509606739,1463.5719956542239
2008-01-20,Ghana,Guinea,2.0,1.0,African Cup of Nations,False,H,3,6.0,9.0,1.0,2.0,1.6,1.2,0.2,0.1,0.1,0.2,0.16,0.12000000000000002,1574.4559785232714,1552.4306996000603
2008-01-21,Mali,Benin,1.0,0.0,African Cup of Nations,True,H,3,7.0,0.0,1.4,0.3333333333333333,1.8,2.6666666666666665,0.1,0.0,0.14,0.03333333333333333,0.18,0.26666666666666666,1471.8521534989145,1394.8439206509229
2008-01-21,Namibia,Morocco,1.0,5.0,African Cup of Nations,True,A,3,1.0,5.0,2.3333333333333335,1.0,3.6666666666666665,0.6,0.1,0.5,0.23333333333333336,0.1,0.3666666666666667,0.06000000000000001,1438.9867098885766,1558.0728325851007
2008-01-21,Nigeria,Ivory Coast,0.0,1.0,African Cup of Nations,True,A,3,10.0,7.0,1.2,1.2,0.6,1.2,0.0,0.1,0.12000000000000002,0.12000000000000002,0.06000000000000001,0.12000000000000002,1664.1100187013988,1547.592546752465
2008-01-22,Egypt,Cameroon,4.0,2.0,African Cup of Nations,True,H,3,11.0,10.0,1.8,1.8,0.6,0.8,0.4,0.2,0.18000000000000002,0.18000000000000002,0.06000000000000001,0.08,1641.9835353209687,1629.1097564969302
2008-01-22,Sudan,Zambia,0.0,3.0,African Cup of Nations,True,A,3,3.0,3.0,1.2,0.8,1.8,1.8,0.0,0.30000000000000004,0.12000000000000002,0.08,0.18,0.18,1429.4709539243809,1421.1526497237203
2008-01-23,Tunisia,Senegal,2.0,2.0,African Cup of Nations,True,D,3,2.0,3.0,0.8,1.0,2.0,1.6,0.2,0.2,0.08,0.1,0.2,0.16,1430.8742061221724,1528.6412361638115
2008-01-23,South Africa,Angola,1.0,1.0,African Cup of Nations,True,D,3,1.0,6.0,0.2,0.8,2.0,0.8,0.1,0.1,0.02,0.08,0.2,0.08,1393.6499927555678,1428.517607116236
2008-01-24,Ghana,Namibia,1.0,0.0,African Cup of Nations,False,H,3,9.0,1.0,1.2,2.0,1.4,4.0,0.1,0.0,0.12000000000000002,0.2,0.14,0.4,1594.332346902197,1398.7829222265702
2008-01-24,Guinea,Morocco,3.0,2.0,African Cup of Nations,True,H,3,9.0,5.0,2.0,1.2,1.2,0.8,0.30000000000000004,0.2,0.2,0.12,0.12000000000000002,0.08,1524.329971488873,1598.276620247107
2008-01-25,Ivory Coast,Benin,4.0,1.0,African Cup of Nations,True,H,3,7.0,0.0,1.2,0.25,1.2,2.25,0.4,0.1,0.12000000000000002,0.025,0.12000000000000002,0.225,1587.2925223510076,1371.3865539287847
2008-01-25,Nigeria,Mali,0.0,0.0,African Cup of Nations,True,D,3,7.0,7.0,0.8,1.0,0.8,1.6,0.0,0.0,0.08,0.1,0.08,0.16,1624.4100431028562,1495.3095202210527
2008-01-26,Cameroon,Zambia,5.0,1.0,African Cup of Nations,True,H,3,10.0,6.0,2.0,1.4,1.2,1.6,0.5,0.1,0.2,0.14,0.12000000000000002,0.16,1585.7764109375357,1474.9093648217133
2008-01-26,Egypt,Sudan,3.0,0.0,African Cup of Nations,True,H,3,13.0,2.0,2.6,1.0,1.0,2.2,0.30000000000000004,0.0,0.26,0.1,0.1,0.22000000000000003,1685.3168808803632,1375.7142388263878
2008-01-27,Senegal,Angola,1.0,3.0,African Cup of Nations,True,A,3,4.0,6.0,1.4,1.0,1.8,1.0,0.1,0.30000000000000004,0.14,0.1,0.18,0.1,1520.415333963066,1425.5169622240771
2008-01-27,Tunisia,South Africa,3.0,1.0,African Cup of Nations,True,H,3,3.0,2.0,1.2,0.4,1.8,1.4,0.30000000000000004,0.1,0.12000000000000002,0.04,0.18000000000000002,0.14,1439.100108322918,1396.6506376477266
2008-01-28,Ghana,Morocco,2.0,0.0,African Cup of Nations,False,H,3,12.0,5.0,1.4,1.4,1.0,1.0,0.2,0.0,0.14,0.13999999999999999,0.1,0.1,1603.5899294310123,1561.9862501657183
2008-01-28,Guinea,Namibia,1.0,1.0,African Cup of Nations,True,D,3,9.0,1.0,2.2,1.6,1.6,3.4,0.1,0.1,0.22000000000000003,0.16,0.16,0.34,1560.6203415702619,1384.0852909259647
2008-01-29,Ivory Coast,Mali,3.0,0.0,African Cup of Nations,True,H,3,9.0,7.0,2.0,0.8,1.4,1.4,0.30000000000000004,0.0,0.2,0.08,0.14,0.14,1610.8061679172554,1505.970739465958
2008-01-29,Nigeria,Benin,2.0,0.0,African Cup of Nations,True,H,3,5.0,0.0,0.4,0.4,0.6,2.6,0.2,0.0,0.04,0.04,0.06000000000000001,0.26,1613.7488238579508,1347.872908362537
2008-01-30,Egypt,Zambia,1.0,1.0,African Cup of Nations,True,D,3,13.0,6.0,2.6,1.4,0.8,2.2,0.1,0.1,0.26,0.14,0.08,0.22000000000000003,1700.440000417332,1433.4309942119662
2008-01-30,Cameroon,Sudan,3.0,0.0,African Cup of Nations,True,H,3,10.0,2.0,2.4,0.6,1.2,2.0,0.30000000000000004,0.0,0.24,0.06000000000000001,0.12000000000000002,0.2,1627.254781547283,1360.591119289419
2008-01-31,Senegal,South Africa,1.0,1.0,African Cup of Nations,True,D,3,4.0,1.0,1.4,0.4,2.0,1.8,0.1,0.1,0.14,0.04,0.2,0.18000000000000002,1463.4208677694412,1357.1215148799436
2008-01-31,Tunisia,Angola,0.0,0.0,African Cup of Nations,True,D,3,5.0,6.0,1.6,1.0,1.8,0.8,0.0,0.0,0.16,0.1,0.18000000000000002,0.08,1478.629231090701,1482.5114284177018
2008-02-03,Ivory Coast,Guinea,5.0,0.0,African Cup of Nations,True,H,3,12.0,7.0,2.4,2.0,1.0,1.6,0.5,0.0,0.24000000000000005,0.2,0.1,0.16,1647.9286707556403,1546.5662326861352
2008-02-03,Ghana,Nigeria,2.0,1.0,African Cup of Nations,False,H,3,12.0,7.0,1.4,0.6,1.0,0.4,0.2,0.1,0.14,0.06000000000000001,0.1,0.04,1631.2016650205449,1629.7616094283824
2008-02-04,Egypt,Angola,2.0,1.0,African Cup of Nations,True,H,3,11.0,7.0,2.0,1.0,0.8,0.6,0.2,0.1,0.2,0.1,0.08,0.06000000000000001,1681.0580696100694,1482.1762265046568
2008-02-04,Tunisia,Cameroon,2.0,3.0,African Cup of Nations,True,A,3,5.0,10.0,1.2,2.6,1.4,1.2,0.2,0.30000000000000004,0.12000000000000002,0.26,0.14,0.12000000000000002,1478.964433003746,1645.8668245673152
2008-02-07,Ghana,Cameroon,0.0,1.0,African Cup of Nations,False,A,3,12.0,10.0,1.4,2.8,1.0,1.6,0.0,0.1,0.14,0.28,0.1,0.16,1652.6833118375446,1662.4702990986566
2008-02-07,Ivory Coast,Egypt,1.0,4.0,African Cup of Nations,True,A,3,15.0,11.0,3.2,2.0,0.6,0.8,0.1,0.4,0.32,0.2,0.06000000000000001,0.08,1690.9042885416186,1695.543865082057
2008-02-09,Ghana,Ivory Coast,4.0,2.0,African Cup of Nations,False,H,3,12.0,12.0,1.4,2.8,0.6,1.0,0.4,0.2,0.14,0.28,0.06000000000000001,0.1,1615.064157640911,1639.105320045081
2008-02-10,Cameroon,Egypt,0.0,1.0,African Cup of Nations,True,A,3,12.0,13.0,2.8,2.8,1.4,1.0,0.0,0.1,0.28,0.28,0.14,0.1,1691.625446140261,1747.3428335785945
2008-06-07,Portugal,Turkey,2.0,0.0,UEFA Euro,True,H,4,7.0,12.0,0.8,1.6,1.0,0.6,0.2,0.0,0.08,0.16,0.1,0.06000000000000001,1654.5107195229002,1670.5987542476646
2008-06-07,Switzerland,Czech Republic,0.0,1.0,UEFA Euro,False,A,4,8.0,6.0,1.0,1.2,0.6,1.0,0.0,0.1,0.1,0.12000000000000002,0.06000000000000001,0.1,1520.1780237640855,1558.0079639294902
2008-06-08,Germany,Poland,2.0,0.0,UEFA Euro,True,H,4,10.0,6.0,1.8,1.0,0.8,1.8,0.2,0.0,0.18000000000000002,0.1,0.08,0.18,1761.3762833686415,1463.0084689608652
2008-06-08,Austria,Croatia,0.0,1.0,UEFA Euro,False,A,4,5.0,3.0,1.0,1.2,1.2,1.8,0.0,0.1,0.1,0.12000000000000002,0.12000000000000002,0.18,1479.3552398770933,1578.866301613899
2008-06-09,Romania,France,0.0,0.0,UEFA Euro,True,D,4,4.0,13.0,0.8,1.6,1.4,0.4,0.0,0.0,0.08,0.16,0.14,0.04,1556.4095468603746,1868.7324232868543
2008-06-09,Netherlands,Italy,3.0,0.0,UEFA Euro,True,H,4,7.0,13.0,0.8,1.8,0.8,0.2,0.30000000000000004,0.0,0.08,0.18000000000000002,0.08,0.02,1706.2334889312458,1878.0986478119803
2008-06-10,Spain,Russia,4.0,1.0,UEFA Euro,True,H,4,9.0,3.0,1.8,0.8,1.0,1.6,0.4,0.1,0.18000000000000002,0.08,0.1,0.16,1657.6931606288813,1455.3002924922814
2008-06-10,Greece,Sweden,0.0,2.0,UEFA Euro,True,A,4,10.0,6.0,1.0,0.6,0.6,0.8,0.0,0.2,0.1,0.06000000000000001,0.06000000000000001,0.08,1548.8934521958024,1637.7843158762623
2008-06-11,Czech Republic,Portugal,1.0,3.0,UEFA Euro,True,A,4,6.0,7.0,0.8,0.8,1.0,0.8,0.1,0.30000000000000004,0.08,0.08,0.1,0.08,1593.6697615447733,1717.2870406832567
2008-06-11,Switzerland,Turkey,1.0,2.0,UEFA Euro,False,A,4,8.0,9.0,0.8,1.0,0.2,1.0,0.1,0.2,0.08,0.1,0.02,0.1,1473.0958592721033,1607.8224330873084
2008-06-12,Austria,Poland,1.0,1.0,UEFA Euro,False,D,4,5.0,6.0,1.0,1.0,1.2,1.4,0.1,0.1,0.1,0.1,0.12000000000000002,0.14,1439.2989488164421,1444.745922737887
2008-06-12,Croatia,Germany,2.0,1.0,UEFA Euro,True,H,4,5.0,10.0,1.0,1.6,1.4,0.8,0.2,0.1,0.1,0.16,0.14,0.08,1607.712995829987,1779.6388295916197
2008-06-13,Italy,Romania,1.0,1.0,UEFA Euro,True,D,4,10.0,5.0,1.4,0.8,0.8,1.2,0.1,0.1,0.14,0.08,0.08,0.12000000000000002,1776.0447199079088,1585.0407519136384
2008-06-13,Netherlands,France,4.0,1.0,UEFA Euro,True,H,4,10.0,11.0,1.2,1.2,0.4,0.4,0.4,0.1,0.12000000000000002,0.12000000000000002,0.04,0.04,1808.2874168353173,1840.1012182335905
2008-06-14,Sweden,Spain,1.0,2.0,UEFA Euro,True,A,4,8.0,12.0,1.0,2.6,0.8,1.0,0.1,0.2,0.1,0.26,0.08,0.1,1682.7598126640153,1690.9778531703575
2008-06-14,Greece,Russia,0.0,1.0,UEFA Euro,True,A,4,9.0,3.0,0.8,1.0,0.8,2.2,0.0,0.1,0.08,0.1,0.08,0.22000000000000003,1503.9179554080495,1422.0155999508052
2008-06-15,Turkey,Czech Republic,3.0,2.0,UEFA Euro,True,H,4,9.0,6.0,1.2,1.0,1.2,1.4,0.30000000000000004,0.2,0.12000000000000002,0.1,0.12000000000000002,0.14,1633.044839329548,1554.16026803048
2008-06-15,Switzerland,Portugal,2.0,0.0,UEFA Euro,False,H,4,7.0,7.0,1.0,1.2,0.6,1.0,0.2,0.0,0.1,0.12000000000000002,0.06000000000000001,0.1,1437.080643032326,1756.79653419755
2008-06-16,Austria,Germany,0.0,1.0,UEFA Euro,False,A,4,3.0,7.0,0.8,1.4,1.2,1.2,0.0,0.1,0.08,0.14,0.12000000000000002,0.12000000000000002,1428.6741455259232,1721.3167790901489
2008-06-16,Poland,Croatia,0.0,1.0,UEFA Euro,True,A,4,4.0,8.0,0.6,1.0,1.4,0.8,0.0,0.1,0.06000000000000001,0.1,0.14,0.08,1444.1188680637003,1666.0350463314578
2008-06-17,France,Italy,0.0,2.0,UEFA Euro,True,A,4,8.0,8.0,0.8,1.4,1.0,1.0,0.0,0.2,0.08,0.14,0.1,0.1,1763.709349011212,1756.0312988888236
2008-06-17,Netherlands,Romania,2.0,0.0,UEFA Euro,True,H,4,10.0,5.0,1.8,0.8,0.6,1.2,0.2,0.0,0.18000000000000002,0.08,0.06000000000000001,0.12000000000000002,1884.679286057696,1605.0541729327235
2008-06-18,Russia,Sweden,2.0,0.0,UEFA Euro,True,H,4,6.0,7.0,0.8,1.2,1.6,1.2,0.2,0.0,0.08,0.12000000000000002,0.16,0.12000000000000002,1471.274089513818,1643.7057731320724
2008-06-18,Greece,Spain,1.0,2.0,UEFA Euro,True,A,4,9.0,12.0,0.6,2.2,0.6,1.2,0.1,0.2,0.06000000000000001,0.22000000000000003,0.06000000000000001,0.12000000000000002,1454.6594658450367,1730.0318927023004
2008-06-19,Portugal,Germany,2.0,3.0,UEFA Euro,True,A,4,6.0,9.0,1.2,1.4,1.4,1.0,0.2,0.30000000000000004,0.12000000000000002,0.14,0.14,0.1,1653.2365505528685,1733.8359076309148
2008-06-20,Croatia,Turkey,1.0,1.0,UEFA Euro,True,D,4,11.0,9.0,1.2,1.6,0.6,1.6,0.1,0.1,0.12000000000000002,0.16,0.06000000000000001,0.16,1683.4737844031463,1664.1158253545673
2008-06-21,Netherlands,Russia,1.0,3.0,UEFA Euro,True,A,4,10.0,9.0,1.8,1.2,0.4,1.4,0.1,0.30000000000000004,0.18000000000000002,0.12000000000000002,0.04,0.14,1904.6757258056232,1558.8261478953643
2008-06-22,Spain,Italy,0.0,0.0,UEFA Euro,True,D,4,12.0,8.0,2.0,1.2,1.2,1.0,0.0,0.0,0.2,0.12000000000000002,0.12000000000000002,0.1,1743.6370425097018,1817.357035358698
2008-06-25,Germany,Turkey,3.0,2.0,UEFA Euro,True,H,4,12.0,10.0,2.0,1.8,1.0,1.6,0.30000000000000004,0.2,0.2,0.18000000000000002,0.1,0.16,1764.7195170602192,1666.3421894243409
2008-06-26,Russia,Spain,0.0,3.0,UEFA Euro,True,A,4,12.0,10.0,1.8,1.8,1.2,1.2,0.0,0.30000000000000004,0.18000000000000002,0.18,0.12000000000000002,0.12000000000000002,1664.4063683814954,1751.999251744929
2008-06-29,Germany,Spain,0.0,1.0,UEFA Euro,True,A,4,12.0,13.0,2.0,2.2,1.2,0.6,0.0,0.1,0.2,0.22000000000000003,0.12000000000000002,0.06000000000000001,1793.6866983525515,1804.7160072250413
2010-01-10,Angola,Mali,4.0,4.0,African Cup of Nations,False,D,3,6.0,4.0,1.2,0.4,1.0,1.8,0.4,0.4,0.12000000000000002,0.04,0.1,0.18000000000000002,1467.6904310326693,1468.8482366275732
2010-01-11,Ivory Coast,Burkina Faso,0.0,0.0,African Cup of Nations,True,D,3,9.0,1.0,3.0,0.6,1.8,2.0,0.0,0.0,0.3,0.06000000000000001,0.18,0.2,1590.996459050561,1244.5004608939266
2010-01-11,Malawi,Algeria,3.0,0.0,African Cup of Nations,True,H,3,1.0,4.0,0.6666666666666666,1.0,2.0,1.8,0.30000000000000004,0.0,0.06666666666666667,0.1,0.20000000000000004,0.18000000000000002,1438.0541995157403,1401.2570054969729
2010-01-12,Egypt,Nigeria,3.0,1.0,African Cup of Nations,True,H,3,13.0,7.0,2.2,0.8,0.6,0.6,0.30000000000000004,0.1,0.22000000000000003,0.08,0.06000000000000001,0.06000000000000001,1772.5726306280908,1599.885953111565
2010-01-12,Mozambique,Benin,2.0,2.0,African Cup of Nations,True,D,3,0.0,0.0,0.2,0.4,2.2,2.6,0.2,0.2,0.02,0.04,0.22000000000000003,0.26,1263.8291307437896,1331.8601227921054
2010-01-13,Cameroon,Gabon,0.0,1.0,African Cup of Nations,True,A,3,12.0,5.0,2.4,1.0,0.8,1.4,0.0,0.1,0.24000000000000005,0.1,0.08,0.14,1666.3956490907647,1363.6491657499876
2010-01-13,Zambia,Tunisia,1.0,1.0,African Cup of Nations,True,D,3,7.0,5.0,1.4,1.4,1.6,1.4,0.1,0.1,0.14,0.14,0.16,0.14,1452.8129250192287,1462.3609584724047
2010-01-14,Angola,Malawi,2.0,0.0,African Cup of Nations,False,H,3,6.0,4.0,1.8,1.25,1.6,1.5,0.2,0.0,0.18000000000000002,0.125,0.16,0.15000000000000002,1459.3787445965393,1485.0145778875772
2010-01-14,Mali,Algeria,0.0,1.0,African Cup of Nations,True,A,3,5.0,4.0,1.2,1.0,1.8,2.0,0.0,0.1,0.12000000000000002,0.1,0.18000000000000002,0.2,1468.7482640262638,1354.296627125136
2010-01-15,Ivory Coast,Ghana,3.0,1.0,African Cup of Nations,True,H,3,7.0,12.0,2.2,1.8,1.6,0.8,0.30000000000000004,0.1,0.22000000000000003,0.18,0.16,0.08,1568.1827773362397,1650.3797461890238
2010-01-16,Nigeria,Benin,1.0,0.0,African Cup of Nations,True,H,3,4.0,1.0,0.8,0.8,1.2,2.2,0.1,0.0,0.08,0.08,0.12000000000000002,0.22000000000000003,1575.5760507889634,1326.059796317527
2010-01-16,Egypt,Mozambique,2.0,0.0,African Cup of Nations,True,H,3,13.0,1.0,2.2,0.6,0.8,2.4,0.2,0.0,0.22000000000000003,0.06000000000000001,0.08,0.24000000000000005,1796.8825329506924,1269.629457218368
2010-01-17,Cameroon,Zambia,3.0,2.0,African Cup of Nations,True,H,3,9.0,8.0,1.4,1.4,0.8,1.4,0.30000000000000004,0.2,0.14,0.14,0.08,0.13999999999999999,1615.3334960589707,1453.6371610148676
2010-01-17,Gabon,Tunisia,0.0,0.0,African Cup of Nations,True,D,3,5.0,6.0,0.8,1.6,1.4,1.4,0.0,0.0,0.08,0.16,0.14,0.14,1414.7113187817815,1461.5367224767658
2010-01-18,Angola,Algeria,0.0,0.0,African Cup of Nations,False,D,3,8.0,6.0,2.0,1.0,1.4,1.8,0.0,0.0,0.2,0.1,0.14,0.18000000000000002,1494.8915029411494,1393.8365667917396
2010-01-18,Mali,Malawi,3.0,1.0,African Cup of Nations,True,H,3,5.0,4.0,1.0,1.0,1.6,1.6,0.30000000000000004,0.1,0.1,0.1,0.16,0.16,1429.20832435966,1436.700226861455
2010-01-19,Burkina Faso,Ghana,0.0,1.0,African Cup of Nations,True,A,3,2.0,9.0,0.4,1.8,1.6,1.4,0.0,0.1,0.04,0.18,0.16,0.14,1267.314142608248,1594.927838407883
2010-01-20,Nigeria,Mozambique,3.0,0.0,African Cup of Nations,True,H,3,7.0,1.0,1.0,0.6,1.0,2.4,0.30000000000000004,0.0,0.1,0.06000000000000001,0.1,0.24000000000000005,1587.1029000418896,1265.5016458517196
2010-01-20,Egypt,Benin,2.0,0.0,African Cup of Nations,True,H,3,15.0,1.0,2.4,0.6,0.6,2.0,0.2,0.0,0.24000000000000005,0.06000000000000001,0.06000000000000001,0.2,1801.010344317341,1314.5329470646006
2010-01-21,Cameroon,Tunisia,2.0,2.0,African Cup of Nations,True,D,3,9.0,6.0,1.4,1.2,1.2,1.0,0.2,0.2,0.14,0.12000000000000002,0.12000000000000002,0.1,1632.2992555222677,1457.5177961176407
2010-01-21,Gabon,Zambia,1.0,2.0,African Cup of Nations,True,A,3,5.0,5.0,0.6,1.6,1.2,2.0,0.1,0.2,0.06000000000000001,0.16,0.12000000000000002,0.2,1418.7302451409066,1436.6714015515706
2010-01-24,Angola,Ghana,0.0,1.0,African Cup of Nations,False,A,3,6.0,9.0,1.4,1.6,1.2,1.4,0.0,0.1,0.14,0.16,0.12000000000000002,0.14,1479.2402847258031,1602.830625006153
2010-01-24,Ivory Coast,Algeria,2.0,3.0,African Cup of Nations,True,A,3,7.0,4.0,2.2,0.6,1.8,1.6,0.2,0.30000000000000004,0.22000000000000003,0.06000000000000001,0.18,0.16,1623.6346851173805,1402.324337564547
2010-01-25,Zambia,Nigeria,0.0,0.0,African Cup of Nations,True,D,3,5.0,9.0,1.4,1.6,2.2,1.0,0.0,0.0,0.14,0.16,0.22000000000000003,0.1,1465.1236130930345,1601.3537120841725
2010-01-25,Egypt,Cameroon,3.0,1.0,African Cup of Nations,True,H,3,15.0,7.0,2.4,1.2,0.4,1.2,0.30000000000000004,0.1,0.24000000000000005,0.12000000000000002,0.04,0.12000000000000002,1806.1676285632172,1618.3636122850878
2010-01-28,Algeria,Egypt,0.0,4.0,African Cup of Nations,True,A,3,7.0,15.0,1.0,2.2,1.6,0.4,0.0,0.4,0.1,0.22000000000000003,0.16,0.04,1449.2095792834607,1828.9646646563906
2010-01-28,Ghana,Nigeria,1.0,0.0,African Cup of Nations,True,H,3,9.0,7.0,1.4,1.2,1.2,1.0,0.1,0.0,0.14,0.12000000000000002,0.12000000000000002,0.1,1622.5874266186736,1590.1585908477045
2010-01-30,Nigeria,Algeria,1.0,0.0,African Cup of Nations,True,H,3,7.0,7.0,1.0,0.8,0.8,1.8,0.1,0.0,0.1,0.08,0.08,0.18000000000000002,1562.950618343613,1437.0883096233183
2010-01-31,Ghana,Egypt,0.0,1.0,African Cup of Nations,True,A,3,12.0,15.0,1.6,2.8,1.0,0.4,0.0,0.1,0.16,0.28,0.1,0.04,1649.795399122765,1841.085934316533
2010-06-11,Uruguay,France,0.0,0.0,FIFA World Cup,True,D,5,5.0,5.0,1.0,0.6,1.4,1.4,0.0,0.0,0.1,0.06000000000000001,0.14,0.14,1451.5731230951299,1702.3836125413375
2010-06-11,South Africa,Mexico,1.0,1.0,FIFA World Cup,False,D,5,2.0,4.0,0.6,1.0,1.6,1.4,0.1,0.1,0.06000000000000001,0.1,0.16,0.14,1366.024073666269,1538.7465955942732
2010-06-12,Argentina,Nigeria,1.0,0.0,FIFA World Cup,True,H,5,11.0,10.0,2.2,1.0,0.6,0.2,0.1,0.0,0.22000000000000003,0.1,0.06000000000000001,0.02,1779.7022283664367,1582.5345016000174
2010-06-12,England,United States,1.0,1.0,FIFA World Cup,True,D,5,11.0,4.0,1.2,0.8,0.4,1.4,0.1,0.1,0.12000000000000002,0.08,0.04,0.14,1800.0580004252845,1395.4666393221728
2010-06-12,South Korea,Greece,2.0,0.0,FIFA World Cup,True,H,5,6.0,6.0,0.4,0.6,0.4,1.0,0.2,0.0,0.04,0.06000000000000001,0.04,0.1,1448.9956136768133,1441.0543160376353
2010-06-13,Algeria,Slovenia,0.0,1.0,FIFA World Cup,True,A,5,7.0,1.0,0.8,0.6,1.4,1.8,0.0,0.1,0.08,0.06000000000000001,0.14,0.18000000000000002,1417.504426366914,1355.3381622375875
2010-06-13,Germany,Australia,4.0,0.0,FIFA World Cup,True,H,5,9.0,5.0,1.6,1.4,1.4,1.2,0.4,0.0,0.16,0.14,0.14,0.12000000000000002,1754.956068093252,1486.3036785933818
2010-06-13,Serbia,Ghana,0.0,1.0,FIFA World Cup,True,A,5,0.0,9.0,1.2,0.8,4.0,0.8,0.0,0.1,0.12000000000000002,0.08,0.4000000000000001,0.08,1414.4176585623204,1634.824007076584
2010-06-14,Netherlands,Denmark,2.0,0.0,FIFA World Cup,True,H,5,9.0,5.0,2.0,0.8,1.0,1.6,0.2,0.0,0.2,0.08,0.1,0.16,1799.095505319492,1589.6595782755348
2010-06-14,Italy,Paraguay,1.0,1.0,FIFA World Cup,True,D,5,6.0,6.0,0.8,1.0,1.0,0.8,0.1,0.1,0.08,0.1,0.1,0.08,1808.9948261234708,1559.6652140172193
2010-06-14,Japan,Cameroon,1.0,0.0,FIFA World Cup,True,H,5,8.0,4.0,2.0,1.2,1.2,1.8,0.1,0.0,0.2,0.12000000000000002,0.12000000000000002,0.18000000000000002,1518.381667755424,1595.5665761919145
2010-06-15,Ivory Coast,Portugal,0.0,0.0,FIFA World Cup,True,D,5,4.0,6.0,1.6,1.6,2.4,1.8,0.0,0.0,0.16,0.16,0.24000000000000005,0.18000000000000002,1576.7494433984668,1622.352941123564
2010-06-15,New Zealand,Slovakia,1.0,1.0,FIFA World Cup,True,D,5,0.0,0.0,0.6666666666666666,0.0,4.0,0.0,0.1,0.1,0.06666666666666667,0.0,0.4000000000000001,0.0,1365.076118568155,1500.0
2010-06-15,Brazil,North Korea,2.0,1.0,FIFA World Cup,True,H,5,12.0,1.0,2.0,0.6,0.4,2.0,0.2,0.1,0.2,0.06000000000000001,0.04,0.2,1932.5417357600647,1393.9747819526865
2010-06-16,Honduras,Chile,0.0,1.0,FIFA World Cup,True,A,5,2.0,3.0,0.6666666666666666,1.4,1.0,2.2,0.0,0.1,0.06666666666666667,0.14,0.10000000000000002,0.22000000000000003,1428.6147453379826,1410.3076656458936
2010-06-16,South Africa,Uruguay,0.0,3.0,FIFA World Cup,False,A,5,3.0,3.0,0.8,0.8,1.4,1.4,0.0,0.30000000000000004,0.08,0.08,0.14,0.14,1376.3394791610726,1482.4770745506646
2010-06-16,Spain,Switzerland,0.0,1.0,FIFA World Cup,True,A,5,13.0,7.0,1.6,1.0,0.4,0.6,0.0,0.1,0.16,0.1,0.04,0.06000000000000001,1843.4466374843407,1530.6625169047772
2010-06-17,Argentina,South Korea,4.0,1.0,FIFA World Cup,True,H,5,11.0,9.0,2.0,0.6,0.4,0.0,0.4,0.1,0.2,0.06000000000000001,0.04,0.0,1804.0263918392693,1522.2816452503523
2010-06-17,France,Mexico,0.0,2.0,FIFA World Cup,True,A,5,3.0,5.0,0.4,1.2,1.4,1.2,0.0,0.2,0.04,0.12000000000000002,0.14,0.12000000000000002,1671.4796610858027,1515.7535304212074
2010-06-17,Greece,Nigeria,2.0,1.0,FIFA World Cup,True,H,5,3.0,7.0,0.4,0.8,1.4,0.4,0.2,0.1,0.04,0.08,0.14,0.04,1367.7682844640963,1558.2103381271847
2010-06-18,Slovenia,United States,2.0,2.0,FIFA World Cup,True,D,5,4.0,2.0,0.6,0.6,1.4,1.6,0.2,0.2,0.06000000000000001,0.06000000000000001,0.14,0.16,1414.1903387294467,1436.5918110724665
2010-06-18,Germany,Serbia,0.0,1.0,FIFA World Cup,True,A,5,12.0,0.0,2.2,0.6,1.0,3.4,0.0,0.1,0.22000000000000003,0.06000000000000001,0.1,0.34,1790.0749012958436,1392.470715161164
2010-06-18,England,Algeria,0.0,0.0,FIFA World Cup,True,D,5,9.0,4.0,1.2,0.6,0.6,1.6,0.0,0.0,0.12000000000000002,0.06000000000000001,0.06000000000000001,0.16,1758.9328286749906,1358.6522498750548
2010-06-19,Cameroon,Denmark,1.0,2.0,FIFA World Cup,True,A,5,4.0,5.0,1.2,0.8,1.8,1.4,0.1,0.2,0.12000000000000002,0.08,0.18000000000000002,0.14,1534.6379737242087,1555.0877713074435
2010-06-19,Ghana,Australia,1.0,1.0,FIFA World Cup,True,D,5,12.0,5.0,0.8,1.4,0.2,1.8,0.1,0.1,0.08,0.14,0.02,0.18000000000000002,1656.7709504777404,1451.1848453907903
2010-06-19,Netherlands,Japan,1.0,0.0,FIFA World Cup,True,H,5,12.0,8.0,2.4,1.6,0.8,1.0,0.1,0.0,0.24000000000000005,0.16,0.08,0.1,1833.6673122875834,1579.3102702231297
2010-06-20,Slovakia,Paraguay,0.0,2.0,FIFA World Cup,True,A,5,1.0,4.0,1.0,0.6,1.0,0.8,0.0,0.2,0.1,0.06000000000000001,0.1,0.08,1481.5034935936296,1590.4371177166595
2010-06-20,Brazil,Ivory Coast,3.0,1.0,FIFA World Cup,True,H,5,12.0,5.0,2.2,1.4,0.6,1.6,0.30000000000000004,0.1,0.22000000000000003,0.14,0.06000000000000001,0.16,1936.8514689178755,1583.274882716669
2010-06-20,Italy,New Zealand,1.0,1.0,FIFA World Cup,True,D,5,6.0,1.0,0.8,0.75,1.0,3.25,0.1,0.1,0.08,0.07500000000000001,0.1,0.325,1778.2229224240307,1383.5726249745253
2010-06-21,Chile,Switzerland,1.0,0.0,FIFA World Cup,True,H,5,6.0,7.0,1.2,0.8,1.6,0.6,0.1,0.0,0.12000000000000002,0.08,0.16,0.06000000000000001,1462.9398306232954,1616.4838624688093
2010-06-21,Portugal,North Korea,7.0,0.0,FIFA World Cup,True,H,5,7.0,1.0,1.4,0.6,1.2,2.0,0.7000000000000001,0.0,0.14,0.06000000000000001,0.12000000000000002,0.2,1615.8275018053619,1389.6650487948757
2010-06-21,Spain,Honduras,2.0,0.0,FIFA World Cup,True,H,5,10.0,2.0,1.2,0.5,0.4,1.0,0.2,0.0,0.12000000000000002,0.05,0.04,0.1,1757.6252919203087,1375.982580360581
2010-06-22,Greece,Argentina,0.0,2.0,FIFA World Cup,True,A,5,3.0,11.0,0.6,1.6,1.6,0.6,0.0,0.2,0.06000000000000001,0.16,0.16,0.06000000000000001,1442.724389357632,1832.89254715132
2010-06-22,Mexico,Uruguay,0.0,1.0,FIFA World Cup,True,A,5,5.0,6.0,1.0,1.4,1.0,1.0,0.0,0.1,0.1,0.14,0.1,0.1,1622.2858790634596,1544.0484336324203
2010-06-22,Nigeria,South Korea,2.0,2.0,FIFA World Cup,True,D,5,4.0,6.0,0.4,0.6,0.8,0.8,0.2,0.2,0.04,0.06000000000000001,0.08,0.08,1483.254233233649,1493.4154899383016
2010-06-22,South Africa,France,2.0,1.0,FIFA World Cup,False,H,5,3.0,2.0,0.8,0.2,1.8,1.6,0.2,0.1,0.08,0.02,0.18000000000000002,0.16,1290.3850426030945,1564.9473124435506
2010-06-23,United States,Algeria,1.0,0.0,FIFA World Cup,True,H,5,3.0,4.0,1.0,0.6,1.8,1.6,0.1,0.0,0.1,0.06000000000000001,0.18000000000000002,0.16,1433.3724400459898,1399.5746802434132
2010-06-23,Slovenia,England,0.0,1.0,FIFA World Cup,True,A,5,4.0,7.0,1.0,0.8,1.8,0.6,0.0,0.1,0.1,0.08,0.18000000000000002,0.06000000000000001,1417.4097097559234,1718.010398306632
2010-06-23,Australia,Serbia,2.0,1.0,FIFA World Cup,True,H,5,5.0,3.0,1.4,0.6,1.8,2.2,0.2,0.1,0.14,0.06000000000000001,0.18000000000000002,0.22000000000000003,1477.7415785803007,1483.2651825661922
2010-06-23,Ghana,Germany,0.0,1.0,FIFA World Cup,True,A,5,10.0,9.0,0.8,2.0,0.4,1.2,0.0,0.1,0.08,0.2,0.04,0.12000000000000002,1630.21421728823,1699.2804338908154
2010-06-24,Cameroon,Netherlands,1.0,2.0,FIFA World Cup,True,A,5,4.0,12.0,1.4,2.0,2.0,0.8,0.1,0.2,0.14,0.2,0.2,0.08,1487.5775423250752,1852.449939245544
2010-06-24,Denmark,Japan,1.0,3.0,FIFA World Cup,True,A,5,7.0,5.0,1.2,0.8,1.6,1.0,0.1,0.30000000000000004,0.12000000000000002,0.08,0.16,0.1,1602.148202706577,1560.527643265169
2010-06-24,Paraguay,New Zealand,0.0,0.0,FIFA World Cup,True,D,5,7.0,2.0,1.0,0.8,0.6,2.8,0.0,0.0,0.1,0.08,0.06000000000000001,0.28,1642.663318235183,1424.22398216061
2010-06-24,Slovakia,Italy,3.0,2.0,FIFA World Cup,True,H,5,1.0,7.0,0.5,1.0,1.5,0.6,0.30000000000000004,0.2,0.05,0.1,0.15000000000000002,0.06000000000000001,1429.2772930751062,1737.571565237946
2010-06-25,Switzerland,Honduras,0.0,0.0,FIFA World Cup,True,D,5,6.0,2.0,0.8,0.4,0.8,1.2,0.0,0.0,0.08,0.04,0.08,0.12000000000000002,1545.721498403945,1360.9783606630067
2010-06-25,Chile,Spain,1.0,2.0,FIFA World Cup,True,A,5,8.0,10.0,1.0,1.2,1.2,0.2,0.1,0.2,0.1,0.12000000000000002,0.12000000000000002,0.02,1533.7021946881598,1772.629511617883
2010-06-25,North Korea,Ivory Coast,0.0,3.0,FIFA World Cup,True,A,5,1.0,5.0,0.6,1.2,2.8,1.4,0.0,0.30000000000000004,0.06000000000000001,0.12000000000000002,0.28,0.14,1346.8958205530757,1565.9437285506406
2010-06-25,Portugal,Brazil,0.0,0.0,FIFA World Cup,True,D,5,7.0,12.0,2.4,2.4,1.2,0.8,0.0,0.0,0.24000000000000005,0.24000000000000005,0.12000000000000002,0.08,1658.5967300471618,1954.182623083904
2010-06-26,Uruguay,South Korea,2.0,1.0,FIFA World Cup,True,H,5,9.0,6.0,1.4,1.0,0.6,1.2,0.2,0.1,0.14,0.1,0.06000000000000001,0.12000000000000002,1605.1211760702147,1491.9535843420908
2010-06-26,United States,Ghana,1.0,2.0,FIFA World Cup,True,A,5,6.0,7.0,1.2,0.6,1.2,0.6,0.1,0.2,0.12000000000000002,0.06000000000000001,0.12000000000000002,0.06000000000000001,1478.5238358448576,1590.0247566760654
2010-06-27,Argentina,Mexico,3.0,1.0,FIFA World Cup,True,H,5,13.0,4.0,2.0,1.0,0.6,1.2,0.30000000000000004,0.1,0.2,0.1,0.06000000000000001,0.12000000000000002,1847.246955290293,1561.2131366256651
2010-06-27,Germany,England,4.0,1.0,FIFA World Cup,True,H,5,9.0,9.0,1.6,0.6,0.8,0.2,0.4,0.1,0.16,0.06000000000000001,0.08,0.02,1739.46989450298,1733.064083255423
2010-06-28,Brazil,Chile,3.0,0.0,FIFA World Cup,True,H,5,10.0,7.0,1.6,1.0,0.6,1.4,0.30000000000000004,0.0,0.16,0.1,0.06000000000000001,0.14,1919.6091882062728,1513.5269317170998
2010-06-28,Netherlands,Slovakia,2.0,1.0,FIFA World Cup,True,H,5,12.0,4.0,1.6,1.3333333333333333,0.8,1.6666666666666667,0.2,0.1,0.16,0.13333333333333333,0.08,0.16666666666666666,1863.3559833652926,1514.7812196882844
2010-06-29,Paraguay,Japan,0.0,0.0,FIFA World Cup,True,D,5,8.0,7.0,1.0,1.2,0.4,1.0,0.0,0.0,0.1,0.12000000000000002,0.04,0.1,1614.8048441551862,1644.4694310439147
2010-06-29,Spain,Portugal,1.0,0.0,FIFA World Cup,True,H,5,12.0,5.0,1.6,1.8,0.4,1.0,0.1,0.0,0.16,0.18000000000000002,0.04,0.1,1792.804774588943,1693.170164924793
2010-07-02,Netherlands,Brazil,2.0,1.0,FIFA World Cup,True,H,5,12.0,10.0,1.6,1.6,1.0,0.6,0.2,0.1,0.16,0.16,0.1,0.06000000000000001,1875.2075963367568,1935.019103906172
2010-07-02,Uruguay,Ghana,1.0,1.0,FIFA World Cup,True,D,5,11.0,7.0,1.8,0.8,0.8,0.8,0.1,0.1,0.18000000000000002,0.08,0.08,0.08,1639.3875739024033,1624.5075828647123
2010-07-03,Argentina,Germany,0.0,4.0,FIFA World Cup,True,A,5,13.0,9.0,2.2,1.8,0.6,0.6,0.0,0.4,0.22000000000000003,0.18,0.06000000000000001,0.06000000000000001,1871.4834630196249,1825.3568041822305
2010-07-03,Paraguay,Spain,0.0,1.0,FIFA World Cup,True,A,5,9.0,12.0,1.0,1.2,0.2,0.4,0.0,0.1,0.1,0.12000000000000002,0.02,0.04,1619.0635776696904,1828.8467463607044
2010-07-06,Uruguay,Netherlands,2.0,3.0,FIFA World Cup,True,A,5,11.0,15.0,1.4,1.8,0.4,0.6,0.2,0.30000000000000004,0.14,0.18,0.04,0.06000000000000001,1637.2474793798028,1933.7311286959734
2010-07-07,Germany,Spain,0.0,1.0,FIFA World Cup,True,A,5,12.0,12.0,2.6,1.2,0.4,0.4,0.0,0.1,0.26,0.12000000000000002,0.04,0.04,1938.5556667735434,1851.8591849187505
2010-07-10,Uruguay,Germany,2.0,3.0,FIFA World Cup,True,A,5,10.0,9.0,1.8,1.8,1.0,0.6,0.2,0.30000000000000004,0.18000000000000002,0.18,0.1,0.06000000000000001,1621.8882182952286,1876.3317074440158
2010-07-11,Netherlands,Spain,0.0,1.0,FIFA World Cup,True,A,5,15.0,15.0,2.0,1.4,1.0,0.2,0.0,0.1,0.2,0.14,0.1,0.02,1949.0903897805476,1914.0831442482781
2011-01-07,Qatar,Uzbekistan,0.0,2.0,AFC Asian Cup,False,A,3,3.0,7.0,0.8,2.4,1.2,1.2,0.0,0.2,0.08,0.24000000000000005,0.12000000000000002,0.12000000000000002,1332.7794638886521,1472.477667894643
2011-01-08,Kuwait,China PR,0.0,2.0,AFC Asian Cup,True,A,3,4.0,5.0,1.0,1.8,2.0,2.0,0.0,0.2,0.1,0.18,0.2,0.2,1425.8492728225283,1409.3846348723803
2011-01-09,Japan,Jordan,1.0,1.0,AFC Asian Cup,True,D,3,8.0,6.0,0.8,0.75,0.4,0.25,0.1,0.1,0.08,0.07500000000000001,0.04,0.025,1640.2106975294105,1539.9766614783312
2011-01-09,Saudi Arabia,Syria,1.0,2.0,AFC Asian Cup,True,A,3,12.0,9.0,2.2,1.0,1.0,1.2,0.1,0.2,0.22000000000000003,0.1,0.1,0.12000000000000002,1431.656172125964,1438.869169574145
2011-01-10,India,Australia,0.0,4.0,AFC Asian Cup,True,A,3,4.0,8.0,0.6,1.6,1.6,1.4,0.0,0.4,0.06000000000000001,0.16,0.16,0.14,1403.5411719243957,1528.5364221273865
2011-01-10,South Korea,Bahrain,2.0,1.0,AFC Asian Cup,True,H,3,5.0,3.0,1.2,1.6,1.6,3.0,0.2,0.1,0.12000000000000002,0.16,0.16,0.3,1457.6871865099022,1324.9772639036528
2011-01-11,Iraq,Iran,1.0,2.0,AFC Asian Cup,True,A,3,11.0,9.0,1.2,1.4,0.2,0.8,0.1,0.2,0.12000000000000002,0.14,0.02,0.08,1473.2700744889337,1499.4360171018157
2011-01-11,North Korea,United Arab Emirates,0.0,0.0,AFC Asian Cup,True,D,3,1.0,4.0,0.6,0.6,3.0,1.6,0.0,0.0,0.06000000000000001,0.06000000000000001,0.30000000000000004,0.16,1308.2537334390197,1362.8405882916254
2011-01-12,Uzbekistan,Kuwait,2.0,1.0,AFC Asian Cup,True,H,3,9.0,3.0,2.4,1.0,0.8,2.4,0.2,0.1,0.24000000000000005,0.1,0.08,0.24000000000000005,1500.299795901639,1378.7183610459206
2011-01-12,Qatar,China PR,2.0,0.0,AFC Asian Cup,False,H,3,2.0,7.0,0.6,2.0,1.4,1.8,0.2,0.0,0.06000000000000001,0.2,0.14,0.18000000000000002,1292.8989319216412,1456.515546648988
2011-01-13,Syria,Japan,1.0,2.0,AFC Asian Cup,True,A,3,9.0,8.0,1.2,1.0,1.4,0.6,0.1,0.2,0.12000000000000002,0.1,0.14,0.06000000000000001,1468.2464387734055,1631.7881785623256
2011-01-13,Jordan,Saudi Arabia,1.0,0.0,AFC Asian Cup,True,H,3,7.0,9.0,0.8,2.0,0.4,1.2,0.1,0.0,0.08,0.2,0.04,0.12000000000000002,1548.399180445416,1402.2789029267035
2011-01-14,Australia,South Korea,1.0,1.0,AFC Asian Cup,True,D,3,8.0,7.0,1.6,1.6,1.4,1.8,0.1,0.1,0.16,0.16,0.14,0.18,1567.8359875490128,1476.7546777914345
2011-01-14,Bahrain,India,5.0,2.0,AFC Asian Cup,True,H,3,3.0,1.0,1.2,0.0,2.6,2.2,0.5,0.2,0.12000000000000002,0.0,0.26,0.22000000000000003,1305.9097726221205,1364.2416065027694
2011-01-15,Iran,North Korea,1.0,0.0,AFC Asian Cup,True,H,3,11.0,1.0,1.6,0.4,0.8,2.8,0.1,0.0,0.16,0.04,0.08,0.28,1527.1809298878204,1312.9287375308277
2011-01-15,United Arab Emirates,Iraq,0.0,1.0,AFC Asian Cup,True,A,3,5.0,8.0,0.6,0.8,1.2,0.4,0.0,0.1,0.06000000000000001,0.08,0.12000000000000002,0.04,1358.1655841998174,1445.525161702929
2011-01-16,Qatar,Kuwait,3.0,0.0,AFC Asian Cup,False,H,3,5.0,3.0,1.0,0.8,1.2,2.2,0.30000000000000004,0.0,0.1,0.08,0.12000000000000002,0.22000000000000003,1346.047717286087,1358.80801769062
2011-01-16,China PR,Uzbekistan,2.0,2.0,AFC Asian Cup,True,D,3,7.0,12.0,1.8,2.6,1.6,0.6,0.2,0.2,0.18,0.26,0.16,0.06000000000000001,1391.7629053966364,1520.2101392569396
2011-01-17,Jordan,Syria,2.0,1.0,AFC Asian Cup,True,H,3,9.0,6.0,1.0,1.2,0.4,1.8,0.2,0.1,0.1,0.12000000000000002,0.04,0.18000000000000002,1566.4769162977207,1451.4096462458726
2011-01-17,Saudi Arabia,Japan,0.0,5.0,AFC Asian Cup,True,A,3,6.0,8.0,1.2,1.2,1.4,0.8,0.0,0.5,0.12000000000000002,0.12000000000000002,0.14,0.08,1384.2011670743989,1648.6249710898585
2011-01-18,Australia,Bahrain,1.0,0.0,AFC Asian Cup,True,H,3,8.0,6.0,1.6,1.8,1.4,2.2,0.1,0.0,0.16,0.18,0.14,0.22000000000000003,1560.146739196662,1367.1422334779118
2011-01-18,South Korea,India,4.0,1.0,AFC Asian Cup,True,H,3,5.0,1.0,1.4,0.4,2.0,2.8,0.4,0.1,0.14,0.04,0.2,0.28,1484.4439261437851,1303.0091456469781
2011-01-19,Iraq,North Korea,1.0,0.0,AFC Asian Cup,True,H,3,10.0,1.0,1.0,0.2,0.4,2.6,0.1,0.0,0.1,0.02,0.04,0.26,1468.1369772089724,1299.3928396732065
2011-01-19,United Arab Emirates,Iran,0.0,3.0,AFC Asian Cup,True,A,3,4.0,11.0,0.6,1.4,1.4,0.6,0.0,0.30000000000000004,0.06000000000000001,0.14,0.14,0.06000000000000001,1335.553768693774,1540.7168277454416
2011-01-21,Qatar,Japan,2.0,3.0,AFC Asian Cup,False,A,3,7.0,11.0,1.4,2.2,1.0,0.6,0.2,0.30000000000000004,0.14,0.22000000000000003,0.1,0.06000000000000001,1385.6354116312552,1670.1224623702303
2011-01-21,Uzbekistan,Jordan,2.0,1.0,AFC Asian Cup,True,H,3,10.0,9.0,2.0,1.0,1.0,0.6,0.2,0.1,0.2,0.1,0.1,0.06000000000000001,1509.5982384236538,1586.8892210362635
2011-01-22,Australia,Iraq,1.0,0.0,AFC Asian Cup,True,H,3,11.0,10.0,1.8,0.8,0.6,0.4,0.1,0.0,0.18,0.08,0.06000000000000001,0.04,1575.0075496006054,1484.6134360917017
2011-01-22,Iran,South Korea,0.0,1.0,AFC Asian Cup,True,A,3,13.0,8.0,1.6,2.0,0.2,1.4,0.0,0.1,0.16,0.2,0.02,0.14,1565.378179272489,1511.7751700804388
2011-01-25,Uzbekistan,Australia,0.0,6.0,AFC Asian Cup,True,A,3,10.0,13.0,1.8,1.8,1.2,0.4,0.0,0.6000000000000001,0.18,0.18,0.12000000000000002,0.04,1546.164120934345,1597.3737684889836
2011-01-25,Japan,South Korea,2.0,2.0,AFC Asian Cup,True,D,3,11.0,10.0,2.2,1.8,0.8,1.0,0.2,0.2,0.22000000000000003,0.18,0.08,0.1,1679.8896563269468,1546.3672487193057
2011-01-28,Uzbekistan,South Korea,2.0,3.0,AFC Asian Cup,True,A,3,10.0,11.0,1.6,2.0,2.0,1.0,0.2,0.30000000000000004,0.16,0.2,0.2,0.1,1494.9442237874616,1557.3605444757316
2011-01-29,Australia,Japan,0.0,1.0,AFC Asian Cup,True,A,3,13.0,11.0,2.6,2.6,0.2,1.2,0.0,0.1,0.26,0.26,0.02,0.12000000000000002,1648.593665635867,1668.896360570521
2012-01-21,Equatorial Guinea,Libya,1.0,0.0,African Cup of Nations,False,H,3,0.0,5.0,0.0,0.8,0.0,1.4,0.1,0.0,0.0,0.08,0.0,0.14,1500.0,1486.1609318029186
2012-01-21,Senegal,Zambia,1.0,2.0,African Cup of Nations,True,A,3,2.0,6.0,1.0,1.2,1.8,1.2,0.1,0.2,0.1,0.12000000000000002,0.18000000000000002,0.12000000000000002,1454.5183089831157,1476.3187343295024
2012-01-22,Burkina Faso,Angola,1.0,2.0,African Cup of Nations,True,A,3,2.0,5.0,0.2,1.4,1.4,1.4,0.1,0.2,0.02,0.14,0.14,0.14,1259.411356009978,1451.2741139525249
2012-01-22,Ivory Coast,Sudan,1.0,0.0,African Cup of Nations,True,H,3,7.0,1.0,1.8,0.2,1.4,2.2,0.1,0.0,0.18000000000000002,0.02,0.14,0.22000000000000003,1604.5858156646966,1341.979076269387
2012-01-23,Morocco,Tunisia,1.0,2.0,African Cup of Nations,True,A,3,5.0,4.0,1.4,1.0,1.2,1.2,0.1,0.2,0.13999999999999999,0.1,0.12000000000000002,0.12000000000000002,1522.3491675702908,1471.4534393548206
2012-01-23,Gabon,Niger,2.0,0.0,African Cup of Nations,False,H,3,5.0,0.0,0.6,0.0,1.0,0.0,0.2,0.0,0.06000000000000001,0.0,0.1,0.0,1390.2780335994428,1500.0
2012-01-24,Mali,Guinea,1.0,0.0,African Cup of Nations,True,H,3,5.0,4.0,1.4,1.4,1.8,2.6,0.1,0.0,0.14,0.14,0.18000000000000002,0.26,1475.1785282835162,1503.5906149001569
2012-01-24,Ghana,Botswana,1.0,0.0,African Cup of Nations,True,H,3,8.0,0.0,1.0,0.0,0.8,0.0,0.1,0.0,0.1,0.0,0.08,0.0,1626.6476773873128,1500.0
2012-01-25,Equatorial Guinea,Senegal,2.0,1.0,African Cup of Nations,False,H,3,3.0,2.0,1.0,1.0,0.0,1.8,0.2,0.1,0.1,0.1,0.0,0.18000000000000002,1520.5076316615698,1426.398242481484
2012-01-25,Libya,Zambia,2.0,2.0,African Cup of Nations,True,D,3,2.0,8.0,0.4,1.4,1.4,1.2,0.2,0.2,0.04,0.14,0.14,0.12000000000000002,1457.3552614369328,1504.438800831134
2012-01-26,Ivory Coast,Burkina Faso,2.0,0.0,African Cup of Nations,True,H,3,7.0,1.0,1.4,0.4,1.2,1.8,0.2,0.0,0.14,0.04,0.12000000000000002,0.18000000000000002,1615.4271602227755,1244.476943520822
2012-01-26,Sudan,Angola,2.0,2.0,African Cup of Nations,True,D,3,1.0,8.0,0.2,1.6,2.2,1.2,0.2,0.2,0.02,0.16,0.22000000000000003,0.12000000000000002,1331.137731711308,1466.2085264416808
2012-01-27,Gabon,Morocco,3.0,2.0,African Cup of Nations,False,H,3,8.0,4.0,0.8,1.6,0.4,1.6,0.30000000000000004,0.2,0.08,0.16,0.04,0.16,1436.5368981431595,1487.9856451729133
2012-01-27,Niger,Tunisia,1.0,2.0,African Cup of Nations,True,A,3,0.0,6.0,0.0,1.4,2.0,1.4,0.1,0.2,0.0,0.14,0.2,0.14,1441.2430924655646,1505.816961752198
2012-01-28,Ghana,Mali,2.0,0.0,African Cup of Nations,True,H,3,8.0,7.0,1.0,1.6,0.8,1.8,0.2,0.0,0.1,0.16,0.08,0.18000000000000002,1646.1719683703716,1507.626370908922
2012-01-28,Botswana,Guinea,1.0,6.0,African Cup of Nations,True,A,3,0.0,4.0,0.0,1.0,1.0,2.2,0.1,0.6000000000000001,0.0,0.1,0.1,0.22000000000000003,1480.4757090169412,1471.1427722747512
2012-01-29,Equatorial Guinea,Zambia,0.0,1.0,African Cup of Nations,False,A,3,6.0,8.0,1.5,1.6,0.5,1.4,0.0,0.1,0.15000000000000002,0.16,0.05,0.14,1535.2974484477547,1500.3979874381346
2012-01-29,Libya,Senegal,2.0,1.0,African Cup of Nations,True,H,3,2.0,2.0,0.6,1.2,1.6,2.0,0.2,0.1,0.06000000000000001,0.12000000000000002,0.16,0.2,1461.396074829932,1404.331228891046
2012-01-30,Ivory Coast,Angola,2.0,0.0,African Cup of Nations,True,H,3,10.0,8.0,1.4,1.2,0.6,0.8,0.2,0.0,0.14,0.12000000000000002,0.06000000000000001,0.08,1624.9408008413216,1455.0996747881159
2012-01-30,Sudan,Burkina Faso,2.0,1.0,African Cup of Nations,True,H,3,1.0,1.0,0.4,0.2,2.4,1.6,0.2,0.1,0.04,0.02,0.24000000000000005,0.16,1342.246583364873,1234.963302902276
2012-01-31,Gabon,Tunisia,1.0,0.0,African Cup of Nations,False,H,3,10.0,9.0,1.4,1.4,0.8,1.0,0.1,0.0,0.14,0.14,0.08,0.1,1462.3717229095857,1530.304532652721
2012-01-31,Niger,Morocco,0.0,1.0,African Cup of Nations,True,A,3,0.0,3.0,0.5,2.0,2.0,2.2,0.0,0.1,0.05,0.2,0.2,0.22000000000000003,1416.7555215650416,1453.5753923774648
2012-02-01,Ghana,Guinea,1.0,1.0,African Cup of Nations,True,D,3,10.0,7.0,1.2,2.0,0.6,2.0,0.1,0.1,0.12000000000000002,0.20000000000000004,0.06000000000000001,0.2,1674.1217899984329,1532.7541257929583
2012-02-01,Botswana,Mali,1.0,2.0,African Cup of Nations,True,A,3,0.0,7.0,0.5,1.6,3.5,1.6,0.1,0.2,0.05,0.16,0.35000000000000003,0.16,1418.864355498734,1479.6765492808606
2012-02-04,Zambia,Sudan,3.0,0.0,African Cup of Nations,True,H,3,11.0,4.0,1.4,0.8,0.8,2.0,0.30000000000000004,0.0,0.14,0.08,0.08,0.2,1533.4013546556137,1363.26661235422
2012-02-04,Equatorial Guinea,Ivory Coast,0.0,3.0,African Cup of Nations,False,A,3,6.0,12.0,1.0,1.8,0.6666666666666666,0.6,0.0,0.30000000000000004,0.10000000000000002,0.18000000000000002,0.06666666666666667,0.06000000000000001,1494.2013647177519,1649.5424401574412
2012-02-05,Gabon,Mali,1.0,1.0,African Cup of Nations,False,D,3,10.0,9.0,1.4,1.2,0.8,1.0,0.1,0.1,0.14,0.12000000000000002,0.08,0.1,1489.6106549106669,1504.4785760601324
2012-02-05,Ghana,Tunisia,2.0,1.0,African Cup of Nations,True,H,3,11.0,8.0,1.4,1.2,0.6,1.0,0.2,0.1,0.14,0.12000000000000002,0.06000000000000001,0.1,1662.5469546473828,1494.5123674507274
2012-02-08,Mali,Ivory Coast,0.0,1.0,African Cup of Nations,True,A,3,10.0,15.0,1.4,2.2,1.0,0.0,0.0,0.1,0.14,0.22000000000000003,0.1,0.0,1503.1955596367363,1680.0177181599402
2012-02-08,Zambia,Ghana,1.0,0.0,African Cup of Nations,True,H,3,11.0,11.0,1.6,1.4,0.6,0.6,0.1,0.0,0.16,0.14,0.06000000000000001,0.06000000000000001,1562.0680297363456,1679.0722759710454
2012-02-11,Ghana,Mali,0.0,2.0,African Cup of Nations,True,A,3,10.0,7.0,1.2,0.8,0.6,1.0,0.0,0.2,0.12000000000000002,0.08,0.06000000000000001,0.1,1639.3346801033777,1487.2690111978616
2012-02-12,Zambia,Ivory Coast,0.0,0.0,African Cup of Nations,True,D,3,13.0,15.0,1.8,1.8,0.6,0.0,0.0,0.0,0.18000000000000002,0.18000000000000002,0.06000000000000001,0.0,1601.8056256040134,1695.944266598815
2012-06-08,Russia,Czech Republic,4.0,1.0,UEFA Euro,True,H,4,9.0,3.0,1.4,0.8,1.6,2.0,0.4,0.1,0.14,0.08,0.16,0.2,1611.6896129013833,1523.0892820054607
2012-06-08,Poland,Greece,1.0,1.0,UEFA Euro,False,D,4,4.0,3.0,0.6,0.6,1.2,1.6,0.1,0.1,0.06000000000000001,0.06000000000000001,0.12000000000000002,0.16,1426.6801299920119,1428.3699812186587
2012-06-09,Netherlands,Denmark,0.0,1.0,UEFA Euro,True,A,4,12.0,4.0,1.8,1.0,1.2,2.2,0.0,0.1,0.18000000000000002,0.1,0.12000000000000002,0.22000000000000003,1894.0694222519155,1518.2064149278312
2012-06-09,Germany,Portugal,1.0,0.0,UEFA Euro,True,H,4,12.0,5.0,2.4,1.8,0.8,0.8,0.1,0.0,0.24000000000000005,0.18000000000000002,0.08,0.08,1895.10674436575,1657.1281931530314
2012-06-10,Spain,Italy,1.0,1.0,UEFA Euro,True,D,4,15.0,6.0,1.2,1.2,0.2,1.0,0.1,0.1,0.12000000000000002,0.12000000000000002,0.02,0.1,1969.1041117769103,1652.0676386247678
2012-06-10,Republic of Ireland,Croatia,1.0,3.0,UEFA Euro,True,A,4,6.0,11.0,1.2,1.4,1.0,0.8,0.1,0.30000000000000004,0.12000000000000002,0.14,0.1,0.08,1624.0292761222427,1681.2474203333727
2012-06-11,France,England,1.0,1.0,UEFA Euro,True,D,4,1.0,6.0,0.4,0.6,2.0,1.0,0.1,0.1,0.04,0.06000000000000001,0.2,0.1,1482.0196747759237,1647.1771735761724
2012-06-11,Ukraine,Sweden,2.0,1.0,UEFA Euro,False,H,4,7.0,4.0,1.0,1.0,1.4,1.6,0.2,0.1,0.1,0.1,0.14,0.16,1512.6040939658349,1556.153714750526
2012-06-12,Poland,Russia,1.0,1.0,UEFA Euro,False,D,4,5.0,12.0,0.8,2.0,1.2,1.0,0.1,0.1,0.08,0.2,0.12000000000000002,0.1,1415.654457519567,1664.2159023114032
2012-06-12,Greece,Czech Republic,1.0,2.0,UEFA Euro,True,A,4,4.0,3.0,0.8,1.0,1.6,2.4,0.1,0.2,0.08,0.1,0.16,0.24000000000000005,1428.1754314405782,1470.5629925954408
2012-06-13,Netherlands,Germany,1.0,2.0,UEFA Euro,True,A,4,9.0,12.0,1.4,2.4,1.2,0.8,0.1,0.2,0.14,0.24000000000000005,0.12000000000000002,0.08,1822.3144902029007,1911.3174351297635
2012-06-13,Denmark,Portugal,2.0,3.0,UEFA Euro,True,A,4,6.0,5.0,0.8,1.4,1.8,0.4,0.2,0.30000000000000004,0.08,0.14,0.18000000000000002,0.04,1589.961346976846,1640.917502389018
2012-06-14,Spain,Republic of Ireland,4.0,0.0,UEFA Euro,True,H,4,13.0,6.0,1.0,1.4,0.2,1.2,0.4,0.0,0.1,0.14,0.02,0.12000000000000002,1940.2108285969093,1573.8221259066327
2012-06-14,Italy,Croatia,1.0,1.0,UEFA Euro,True,D,4,4.0,13.0,1.0,1.6,1.2,0.6,0.1,0.1,0.1,0.16,0.12000000000000002,0.06000000000000001,1680.9609218047688,1731.4545705489827
2012-06-15,Sweden,England,2.0,3.0,UEFA Euro,True,A,4,3.0,6.0,0.8,0.8,1.6,1.2,0.2,0.30000000000000004,0.08,0.08,0.16,0.12000000000000002,1511.1659738306,1629.4763293146514
2012-06-15,Ukraine,France,0.0,2.0,UEFA Euro,False,A,4,10.0,2.0,1.4,0.4,0.8,1.4,0.0,0.2,0.14,0.04,0.08,0.14,1546.1615958889424,1499.7205190374448
2012-06-16,Poland,Czech Republic,0.0,1.0,UEFA Euro,False,A,4,3.0,6.0,0.6,1.4,1.2,2.2,0.0,0.1,0.06000000000000001,0.14,0.12000000000000002,0.22000000000000003,1431.7868093755098,1505.70701301084
2012-06-16,Greece,Russia,1.0,0.0,UEFA Euro,True,H,4,4.0,10.0,0.8,2.0,1.6,1.2,0.1,0.0,0.08,0.2,0.16,0.12000000000000002,1393.031411025179,1639.6533953198534
2012-06-17,Denmark,Germany,1.0,2.0,UEFA Euro,True,A,4,6.0,12.0,1.2,2.0,1.8,0.8,0.1,0.2,0.12000000000000002,0.2,0.18000000000000002,0.08,1555.786186425376,1941.2890059283595
2012-06-17,Portugal,Netherlands,2.0,1.0,UEFA Euro,True,H,4,7.0,6.0,2.0,1.2,0.8,1.4,0.2,0.1,0.2,0.12000000000000002,0.08,0.14,1675.092662940488,1792.3429194043047
2012-06-18,Croatia,Spain,0.0,1.0,UEFA Euro,True,A,4,11.0,13.0,1.6,1.6,0.8,0.2,0.0,0.1,0.16,0.16,0.08,0.02,1725.6818600728875,1957.5252621114964
2012-06-18,Italy,Republic of Ireland,2.0,0.0,UEFA Euro,True,H,4,4.0,5.0,1.2,1.2,1.4,1.8,0.2,0.0,0.12000000000000002,0.12000000000000002,0.14,0.18000000000000002,1686.733632280864,1556.5076923920456
2012-06-19,Sweden,France,2.0,0.0,UEFA Euro,True,H,4,3.0,5.0,1.2,0.8,1.8,1.0,0.2,0.0,0.12000000000000002,0.08,0.18000000000000002,0.1,1484.2837991959927,1567.6931823466903
2012-06-19,Ukraine,England,0.0,1.0,UEFA Euro,False,A,4,7.0,8.0,0.6,1.2,1.2,1.4,0.0,0.1,0.06000000000000001,0.12000000000000002,0.12000000000000002,0.14,1462.2704341795925,1656.3585039492586
2012-06-21,Czech Republic,Portugal,0.0,1.0,UEFA Euro,True,A,4,6.0,7.0,1.4,1.0,2.2,1.0,0.0,0.1,0.14,0.1,0.22000000000000003,0.1,1537.322763699036,1728.1014572380789
2012-06-22,Germany,Greece,4.0,2.0,UEFA Euro,True,H,4,12.0,7.0,1.6,1.0,1.0,1.2,0.4,0.2,0.16,0.1,0.1,0.12000000000000002,1949.1326445485063,1457.4543485152676
2012-06-23,Spain,France,2.0,0.0,UEFA Euro,True,H,4,13.0,4.0,1.6,0.8,0.2,1.4,0.2,0.0,0.16,0.08,0.02,0.14,1974.1972489171308,1493.559385198502
2012-06-24,England,Italy,0.0,0.0,UEFA Euro,True,D,4,10.0,6.0,1.4,1.4,1.4,1.2,0.0,0.0,0.14,0.14,0.14,0.12000000000000002,1676.0800832698928,1725.2415819205173
2012-06-27,Portugal,Spain,0.0,0.0,UEFA Euro,True,D,4,9.0,13.0,1.2,1.8,1.0,0.2,0.0,0.0,0.12000000000000002,0.18,0.1,0.02,1748.107485580995,1981.2948027044106
2012-06-28,Germany,Italy,1.0,2.0,UEFA Euro,True,A,4,15.0,6.0,2.4,1.2,1.2,1.0,0.1,0.2,0.24000000000000005,0.12000000000000002,0.12000000000000002,0.1,1955.81750285191,1719.6191289801966
2012-07-01,Spain,Italy,4.0,0.0,UEFA Euro,True,H,4,11.0,9.0,1.6,1.2,0.2,0.6,0.4,0.0,0.16,0.12000000000000002,0.02,0.06000000000000001,1957.8649209921305,1783.2755764503397
2013-01-19,South Africa,Cape Verde,0.0,0.0,African Cup of Nations,False,D,3,5.0,0.0,1.0,0.0,1.8,0.0,0.0,0.0,0.1,0.0,0.18000000000000002,0.0,1363.5863700539296,1500.0
2013-01-19,Angola,Morocco,0.0,0.0,African Cup of Nations,True,D,3,5.0,3.0,0.8,1.2,1.2,2.0,0.0,0.0,0.08,0.12000000000000002,0.12000000000000002,0.2,1430.4980354719962,1480.4079580464909
2013-01-20,Mali,Niger,1.0,0.0,African Cup of Nations,True,H,3,7.0,0.0,1.0,0.3333333333333333,1.0,1.6666666666666667,0.1,0.0,0.1,0.03333333333333333,0.1,0.16666666666666666,1550.7963977976297,1389.9229558960155
2013-01-20,Ghana,DR Congo,2.0,2.0,African Cup of Nations,True,D,3,7.0,4.0,1.0,0.6,1.0,1.4,0.2,0.2,0.1,0.06000000000000001,0.1,0.14,1575.8072935036096,1345.4285019882707
2013-01-21,Nigeria,Burkina Faso,1.0,1.0,African Cup of Nations,True,D,3,4.0,1.0,0.8,0.4,1.2,1.4,0.1,0.1,0.08,0.04,0.12000000000000002,0.14,1484.7161388298598,1213.943273912929
2013-01-21,Zambia,Ethiopia,1.0,1.0,African Cup of Nations,True,D,3,11.0,2.0,1.4,0.4,0.4,1.4,0.1,0.1,0.14,0.04,0.04,0.14,1609.7409611497299,1317.440065875998
2013-01-22,Ivory Coast,Togo,2.0,1.0,African Cup of Nations,True,H,3,13.0,0.0,1.6,0.6,0.0,2.2,0.2,0.1,0.16,0.06000000000000001,0.0,0.22000000000000003,1688.0089310530984,1204.1767337564654
2013-01-22,Tunisia,Algeria,1.0,0.0,African Cup of Nations,True,H,3,7.0,1.0,1.4,0.0,1.4,1.4,0.1,0.0,0.14,0.0,0.14,0.14,1477.9870461270648,1354.4232844445455
2013-01-23,Morocco,Cape Verde,1.0,1.0,African Cup of Nations,True,D,3,4.0,1.0,0.8,0.0,1.4,0.0,0.1,0.1,0.08,0.0,0.14,0.0,1476.127790307862,1488.7912409592975
2013-01-23,South Africa,Angola,2.0,0.0,African Cup of Nations,False,H,3,6.0,5.0,0.8,0.8,1.2,1.2,0.2,0.0,0.08,0.08,0.12000000000000002,0.12000000000000002,1366.7191134858563,1434.7782032106252
2013-01-24,Ghana,Mali,1.0,0.0,African Cup of Nations,True,H,3,5.0,10.0,1.0,1.2,1.4,0.6,0.1,0.0,0.1,0.12000000000000002,0.14,0.06000000000000001,1558.394939932863,1567.8198580382066
2013-01-24,Niger,DR Congo,0.0,0.0,African Cup of Nations,True,D,3,0.0,5.0,0.25,1.0,1.5,1.6,0.0,0.0,0.025,0.1,0.15000000000000002,0.16,1372.8994956554386,1362.8408555590172
2013-01-25,Burkina Faso,Ethiopia,4.0,0.0,African Cup of Nations,True,H,3,1.0,3.0,0.6,0.4,1.6,1.2,0.4,0.0,0.06000000000000001,0.04,0.16,0.12000000000000002,1233.5132253379159,1338.0351286548732
2013-01-25,Zambia,Nigeria,1.0,1.0,African Cup of Nations,True,D,3,11.0,5.0,1.2,1.0,0.2,1.2,0.1,0.1,0.12000000000000002,0.1,0.02,0.12000000000000002,1589.1458983708546,1465.146187404873
2013-01-26,Ivory Coast,Tunisia,3.0,0.0,African Cup of Nations,True,H,3,13.0,9.0,1.6,1.2,0.2,1.0,0.30000000000000004,0.0,0.16,0.12000000000000002,0.02,0.1,1691.4968078143688,1497.7458752214784
2013-01-26,Algeria,Togo,0.0,2.0,African Cup of Nations,True,A,3,1.0,0.0,0.0,0.8,0.8,2.2,0.0,0.2,0.0,0.08,0.08,0.22000000000000003,1334.664455350132,1200.688856995195
2013-01-27,Cape Verde,Angola,2.0,1.0,African Cup of Nations,True,H,3,2.0,5.0,0.5,0.8,0.5,1.4,0.2,0.1,0.05,0.08,0.05,0.14,1487.6982746855201,1381.0742103722926
2013-01-27,South Africa,Morocco,2.0,2.0,African Cup of Nations,False,D,3,8.0,5.0,1.0,1.0,1.0,1.2,0.2,0.2,0.1,0.1,0.1,0.12000000000000002,1407.5937293215113,1477.2207565816393
2013-01-28,DR Congo,Mali,1.0,1.0,African Cup of Nations,True,D,3,3.0,7.0,0.6,0.8,1.6,0.6,0.1,0.1,0.06000000000000001,0.08,0.16,0.06000000000000001,1363.7091457849958,1537.0062447546832
2013-01-28,Niger,Ghana,0.0,3.0,African Cup of Nations,True,A,3,1.0,7.0,0.2,1.0,1.2,1.2,0.0,0.30000000000000004,0.02,0.1,0.12000000000000002,0.12000000000000002,1372.03120542946,1589.2085532163865
2013-01-29,Burkina Faso,Zambia,0.0,0.0,African Cup of Nations,True,D,3,4.0,9.0,1.4,1.2,1.4,0.4,0.0,0.0,0.14,0.12000000000000002,0.14,0.04,1311.0379960367911,1578.8714855518003
2013-01-29,Ethiopia,Nigeria,0.0,2.0,African Cup of Nations,True,A,3,2.0,3.0,0.2,1.0,1.8,1.4,0.0,0.2,0.02,0.1,0.18000000000000002,0.14,1260.510357955998,1475.420600223927
2013-01-30,Algeria,Ivory Coast,2.0,2.0,African Cup of Nations,True,D,3,1.0,13.0,0.0,1.8,1.0,0.2,0.2,0.2,0.0,0.18000000000000002,0.1,0.02,1273.1237204994584,1717.4192501040804
2013-01-30,Togo,Tunisia,1.0,1.0,African Cup of Nations,True,D,3,3.0,6.0,0.8,0.8,1.6,1.4,0.1,0.1,0.08,0.08,0.16,0.14,1262.2295918458685,1471.8234329317668
2013-02-02,Ghana,Cape Verde,2.0,0.0,African Cup of Nations,True,H,3,7.0,5.0,1.2,1.0,1.0,0.6666666666666666,0.2,0.0,0.12000000000000002,0.10000000000000002,0.1,0.06666666666666667,1612.588917881856,1508.770154218248
2013-02-02,South Africa,Mali,1.0,1.0,African Cup of Nations,False,D,3,8.0,7.0,1.2,0.8,1.2,0.6,0.1,0.1,0.12000000000000002,0.08,0.12000000000000002,0.06000000000000001,1404.9777766385282,1523.1713142204462
2013-02-03,Burkina Faso,Togo,1.0,0.0,African Cup of Nations,True,H,3,5.0,4.0,1.2,0.8,1.0,1.4,0.1,0.0,0.12000000000000002,0.08,0.1,0.14,1330.4613395675287,1278.410540088757
2013-02-03,Ivory Coast,Nigeria,1.0,2.0,African Cup of Nations,True,A,3,11.0,6.0,1.6,1.4,0.6,1.2,0.1,0.2,0.16,0.14,0.06000000000000001,0.12000000000000002,1691.7344216193655,1495.6649483141364
2013-02-06,Mali,Nigeria,1.0,4.0,African Cup of Nations,True,A,3,8.0,9.0,1.0,1.6,0.6,1.0,0.1,0.4,0.1,0.16,0.06000000000000001,0.1,1513.3419482313298,1541.000512946756
2013-02-06,Burkina Faso,Ghana,1.0,1.0,African Cup of Nations,True,D,3,8.0,10.0,1.4,1.6,0.6,0.8,0.1,0.1,0.14,0.16,0.06000000000000001,0.08,1356.000237870117,1644.5286906488016
2013-02-09,Mali,Ghana,3.0,1.0,African Cup of Nations,True,H,3,5.0,11.0,0.8,1.8,1.4,0.6,0.30000000000000004,0.1,0.08,0.18000000000000002,0.14,0.06000000000000001,1465.0125485028952,1624.1071373798766
2013-02-10,Nigeria,Burkina Faso,1.0,0.0,African Cup of Nations,True,H,3,11.0,9.0,2.0,1.4,0.8,0.4,0.1,0.0,0.2,0.14,0.08,0.04,1589.3299126751906,1376.421791139042
2014-06-12,Brazil,Croatia,3.0,1.0,FIFA World Cup,False,H,5,10.0,8.0,1.8,1.2,0.8,0.8,0.30000000000000004,0.1,0.18000000000000002,0.12000000000000002,0.08,0.08,1876.4955715469553,1709.0098732672532
2014-06-13,Mexico,Cameroon,1.0,0.0,FIFA World Cup,True,H,5,4.0,1.0,1.0,1.0,1.4,2.0,0.1,0.0,0.1,0.1,0.14,0.2,1536.9766288963333,1476.6714982053268
2014-06-13,Spain,Netherlands,1.0,5.0,FIFA World Cup,True,A,5,13.0,3.0,2.2,1.0,0.0,1.6,0.1,0.5,0.22000000000000003,0.1,0.0,0.16,2000.7379054150144,1739.3341251067138
2014-06-13,Chile,Australia,3.0,1.0,FIFA World Cup,True,H,5,6.0,10.0,0.8,1.8,1.8,0.4,0.30000000000000004,0.1,0.08,0.18000000000000002,0.18000000000000002,0.04,1498.1170160172007,1620.3447485213821
2014-06-14,Colombia,Greece,3.0,0.0,FIFA World Cup,True,H,5,6.0,4.0,0.8,1.0,1.0,1.8,0.30000000000000004,0.0,0.08,0.1,0.1,0.18,1398.9913548056315,1450.769490211864
2014-06-14,England,Italy,1.0,2.0,FIFA World Cup,True,A,5,8.0,8.0,1.2,1.0,1.4,1.2,0.1,0.2,0.12000000000000002,0.1,0.14,0.12000000000000002,1681.7025362102136,1740.4025920274557
2014-06-14,Ivory Coast,Japan,2.0,1.0,FIFA World Cup,True,H,5,8.0,13.0,1.6,2.6,1.0,1.0,0.2,0.1,0.16,0.26,0.1,0.1,1646.3988569867458,1697.1452776850058
2014-06-14,Uruguay,Costa Rica,1.0,3.0,FIFA World Cup,True,A,5,7.0,1.0,1.6,1.2,1.6,3.0,0.1,0.30000000000000004,0.16,0.12000000000000002,0.16,0.3,1603.1131813734944,1365.500421672121
2014-06-15,Argentina,Bosnia and Herzegovina,2.0,1.0,FIFA World Cup,True,H,5,12.0,0.0,2.0,0.0,1.2,0.0,0.2,0.1,0.2,0.0,0.12000000000000002,0.0,1758.284600428312,1500.0
2014-06-15,France,Honduras,3.0,0.0,FIFA World Cup,True,H,5,4.0,2.0,0.8,0.2,1.4,1.0,0.30000000000000004,0.0,0.08,0.02,0.14,0.1,1486.4618314112222,1385.313614008282
2014-06-15,Switzerland,Ecuador,2.0,1.0,FIFA World Cup,True,H,5,7.0,9.0,0.8,1.2,0.6,0.8,0.2,0.1,0.08,0.12000000000000002,0.06000000000000001,0.08,1521.3862450586696,1562.8566099993925
2014-06-16,Ghana,United States,1.0,2.0,FIFA World Cup,True,A,5,10.0,5.0,1.6,1.2,0.8,1.4,0.1,0.2,0.16,0.12000000000000002,0.08,0.14,1559.8300320005603,1444.0410096562107
2014-06-16,Iran,Nigeria,0.0,0.0,FIFA World Cup,True,D,5,10.0,13.0,1.2,2.0,0.4,0.6,0.0,0.0,0.12000000000000002,0.2,0.04,0.06000000000000001,1530.786100633622,1602.9470846133763
2014-06-16,Germany,Portugal,4.0,0.0,FIFA World Cup,True,H,5,12.0,10.0,2.0,1.2,1.2,0.8,0.4,0.0,0.2,0.12000000000000002,0.12000000000000002,0.08,1892.1610553817668,1771.537367293275
2014-06-17,Belgium,Algeria,2.0,1.0,FIFA World Cup,True,H,5,5.0,2.0,1.2,0.4,1.8,1.2,0.2,0.1,0.12000000000000002,0.04,0.18,0.12000000000000002,1502.9161981600932,1298.8085489841733
2014-06-17,Brazil,Mexico,0.0,0.0,FIFA World Cup,False,D,5,10.0,7.0,2.0,1.0,0.8,1.0,0.0,0.0,0.20000000000000004,0.1,0.08,0.1,1902.9808467199339,1578.3841395908694
2014-06-17,Russia,South Korea,1.0,1.0,FIFA World Cup,True,D,5,7.0,11.0,1.6,2.2,1.4,1.2,0.1,0.1,0.16,0.22000000000000003,0.14,0.12000000000000002,1575.2304578297649,1582.028326406545
2014-06-18,Australia,Netherlands,2.0,3.0,FIFA World Cup,True,A,5,9.0,3.0,1.8,1.4,0.8,1.4,0.2,0.30000000000000004,0.18000000000000002,0.13999999999999999,0.08,0.14,1519.9969506810014,1902.9908264807993
2014-06-18,Cameroon,Croatia,0.0,4.0,FIFA World Cup,True,A,5,0.0,5.0,0.6,1.2,1.8,1.4,0.0,0.4,0.06000000000000001,0.12000000000000002,0.18000000000000002,0.14,1435.2639875107907,1667.6019194107678
2014-06-18,Spain,Chile,0.0,2.0,FIFA World Cup,True,A,5,10.0,9.0,1.6,1.2,1.0,1.2,0.0,0.2,0.16,0.12000000000000002,0.1,0.12000000000000002,1837.081204040929,1598.4648138575815
2014-06-19,Uruguay,England,2.0,1.0,FIFA World Cup,True,H,5,4.0,8.0,1.6,1.2,2.2,1.0,0.2,0.1,0.16,0.12000000000000002,0.22000000000000003,0.1,1483.5592913854623,1640.070681804252
2014-06-19,Colombia,Ivory Coast,2.0,1.0,FIFA World Cup,True,H,5,9.0,10.0,1.2,2.0,0.6,1.2,0.2,0.1,0.12000000000000002,0.2,0.06000000000000001,0.12000000000000002,1499.4357429095664,1703.6503605022126
2014-06-19,Japan,Greece,0.0,0.0,FIFA World Cup,True,D,5,10.0,4.0,2.4,1.0,1.2,2.0,0.0,0.0,0.24000000000000005,0.1,0.12000000000000002,0.2,1639.893774169539,1350.325102107929
2014-06-20,Italy,Costa Rica,0.0,1.0,FIFA World Cup,True,A,5,10.0,3.0,1.2,1.6,1.2,3.0,0.0,0.1,0.12000000000000002,0.16,0.12000000000000002,0.3,1782.0344464334173,1485.0543116601532
2014-06-20,Switzerland,France,2.0,5.0,FIFA World Cup,True,A,5,10.0,7.0,1.0,1.2,0.4,1.0,0.2,0.5,0.1,0.12000000000000002,0.04,0.1,1577.3261283268141,1549.1842230239447
2014-06-20,Honduras,Ecuador,1.0,2.0,FIFA World Cup,True,A,5,1.0,6.0,0.0,1.2,1.4,1.2,0.1,0.2,0.0,0.12000000000000002,0.14,0.12000000000000002,1322.5912223955595,1506.916726731248
2014-06-21,Argentina,Iran,1.0,0.0,FIFA World Cup,True,H,5,12.0,10.0,2.2,1.2,1.4,0.4,0.1,0.0,0.22000000000000003,0.12000000000000002,0.14,0.04,1776.7247666297733,1541.0241081771028
2014-06-21,Germany,Ghana,2.0,2.0,FIFA World Cup,True,D,5,12.0,7.0,2.6,1.6,1.2,1.2,0.2,0.2,0.26,0.16,0.12000000000000002,0.12000000000000002,1958.7735737380117,1493.757342289059
2014-06-21,Nigeria,Bosnia and Herzegovina,1.0,0.0,FIFA World Cup,True,H,5,13.0,0.0,1.8,1.0,0.4,2.0,0.1,0.0,0.18,0.1,0.04,0.2,1592.7090770698956,1481.5598337985386
2014-06-22,Belgium,Russia,1.0,0.0,FIFA World Cup,True,H,5,8.0,5.0,1.6,1.2,1.6,1.4,0.1,0.0,0.16,0.12000000000000002,0.16,0.14,1526.512554559313,1576.2086249397055
2014-06-22,South Korea,Algeria,2.0,4.0,FIFA World Cup,True,A,5,11.0,1.0,2.2,0.6,1.2,1.6,0.2,0.4,0.22000000000000003,0.06000000000000001,0.12000000000000002,0.16,1581.0501592966043,1275.2121925849535
2014-06-22,United States,Portugal,2.0,2.0,FIFA World Cup,True,D,5,8.0,10.0,1.4,1.2,1.2,1.4,0.2,0.2,0.14,0.12000000000000002,0.12000000000000002,0.14,1510.1136993677121,1704.9248489370302
2014-06-23,Croatia,Mexico,1.0,3.0,FIFA World Cup,True,A,5,7.0,7.0,1.8,0.8,1.2,0.8,0.1,0.30000000000000004,0.18000000000000002,0.08,0.12000000000000002,0.08,1709.188039336091,1615.0129357006035
2014-06-23,Netherlands,Chile,2.0,0.0,FIFA World Cup,True,H,5,6.0,9.0,2.0,1.4,1.6,1.2,0.2,0.0,0.2,0.14,0.16,0.12000000000000002,1912.9238382700314,1718.1586587034285
2014-06-23,Brazil,Cameroon,4.0,1.0,FIFA World Cup,False,H,5,8.0,0.0,1.4,0.4,0.6,2.0,0.4,0.1,0.14,0.04,0.06000000000000001,0.2,1860.967402336535,1393.6778675854675
2014-06-23,Australia,Spain,0.0,3.0,FIFA World Cup,True,A,5,6.0,7.0,2.0,1.4,1.4,1.4,0.0,0.30000000000000004,0.2,0.14,0.14,0.13999999999999999,1510.0639388917693,1717.387359195082
2014-06-24,Costa Rica,England,0.0,0.0,FIFA World Cup,True,D,5,6.0,7.0,1.4,1.2,2.0,1.2,0.0,0.0,0.14,0.12000000000000002,0.2,0.12000000000000002,1569.732168351865,1568.9561721264226
2014-06-24,Greece,Ivory Coast,2.0,1.0,FIFA World Cup,True,H,5,4.0,7.0,0.8,1.8,1.8,1.4,0.2,0.1,0.08,0.18000000000000002,0.18000000000000002,0.14,1384.4411927473138,1627.2356174972758
2014-06-24,Italy,Uruguay,0.0,1.0,FIFA World Cup,True,A,5,7.0,4.0,0.8,1.6,1.4,2.2,0.0,0.1,0.08,0.16,0.14,0.22000000000000003,1697.3565897417054,1554.6738010632919
2014-06-24,Japan,Colombia,1.0,4.0,FIFA World Cup,True,A,5,8.0,9.0,1.4,1.2,1.2,0.8,0.1,0.4,0.14,0.12000000000000002,0.12000000000000002,0.08,1605.7776835301543,1575.8504859145032
2014-06-25,Bosnia and Herzegovina,Iran,3.0,1.0,FIFA World Cup,True,H,5,0.0,7.0,0.5,0.8,1.5,0.4,0.30000000000000004,0.1,0.05,0.08,0.15000000000000002,0.04,1447.0312572344792,1520.5480538250097
2014-06-25,Ecuador,France,0.0,0.0,FIFA World Cup,True,D,5,6.0,9.0,1.2,2.0,1.4,1.2,0.0,0.0,0.12000000000000002,0.2,0.14,0.12000000000000002,1532.6273653537057,1643.7561688762714
2014-06-25,Honduras,Switzerland,0.0,3.0,FIFA World Cup,True,A,5,1.0,7.0,0.2,1.0,1.6,1.4,0.0,0.30000000000000004,0.02,0.1,0.16,0.13999999999999999,1296.8805837731018,1482.7541824744876
2014-06-25,Nigeria,Argentina,2.0,3.0,FIFA World Cup,True,A,5,13.0,12.0,1.6,1.6,0.4,1.2,0.2,0.30000000000000004,0.16,0.16,0.04,0.12000000000000002,1627.237653633955,1797.2008209818664
2014-06-26,United States,Germany,0.0,1.0,FIFA World Cup,True,A,5,8.0,10.0,1.6,2.6,1.4,1.4,0.0,0.1,0.16,0.26,0.14,0.14,1535.538958928715,1915.2089105229543
2014-06-26,Portugal,Ghana,2.0,1.0,FIFA World Cup,True,H,5,8.0,5.0,1.0,1.4,1.4,1.6,0.2,0.1,0.1,0.14,0.14,0.16,1679.4995893760274,1537.3220055041163
2014-06-26,South Korea,Belgium,0.0,1.0,FIFA World Cup,True,A,5,8.0,10.0,1.8,1.4,1.8,1.2,0.0,0.1,0.18000000000000002,0.14,0.18,0.12000000000000002,1453.0584763026086,1583.6160154613242
2014-06-26,Algeria,Russia,1.0,1.0,FIFA World Cup,True,D,5,4.0,5.0,1.4,1.2,1.8,1.0,0.1,0.1,0.14,0.12000000000000002,0.18,0.1,1403.2038755789495,1519.1051640376943
2014-06-28,Brazil,Chile,1.0,1.0,FIFA World Cup,False,D,5,10.0,6.0,2.2,1.2,0.8,1.6,0.1,0.1,0.22000000000000003,0.12000000000000002,0.08,0.16,1867.402331214967,1681.2891901012895
2014-06-28,Colombia,Uruguay,2.0,0.0,FIFA World Cup,True,H,5,12.0,6.0,2.0,1.6,0.8,2.0,0.2,0.0,0.2,0.16,0.08,0.20000000000000004,1670.8689227807758,1624.126045179248
2014-06-29,Costa Rica,Greece,1.0,1.0,FIFA World Cup,True,D,5,7.0,7.0,1.0,1.0,1.2,1.6,0.1,0.1,0.1,0.1,0.12000000000000002,0.16,1569.620493703754,1464.6220585023036
2014-06-29,Netherlands,Mexico,2.0,1.0,FIFA World Cup,True,H,5,9.0,7.0,2.4,1.0,1.4,1.0,0.2,0.1,0.24000000000000005,0.1,0.14,0.1,1949.7933068721704,1709.8585947451131
2014-06-30,France,Nigeria,2.0,0.0,FIFA World Cup,True,H,5,7.0,10.0,1.6,1.6,1.2,0.8,0.2,0.0,0.16,0.16,0.12000000000000002,0.08,1628.2874053666997,1599.9164509270263
2014-06-30,Germany,Algeria,2.0,1.0,FIFA World Cup,True,H,5,10.0,5.0,2.4,1.6,1.2,1.8,0.2,0.1,0.24000000000000005,0.16,0.12000000000000002,0.18,1925.3144196384496,1419.2910506968155
2014-07-01,Argentina,Switzerland,1.0,0.0,FIFA World Cup,True,H,5,12.0,7.0,1.8,1.4,1.6,1.4,0.1,0.0,0.18000000000000002,0.14,0.16,0.13999999999999999,1824.5220236887951,1527.4505727218707
2014-07-01,Belgium,United States,2.0,1.0,FIFA World Cup,True,H,5,12.0,7.0,1.4,1.2,1.0,1.2,0.2,0.1,0.14,0.12000000000000002,0.1,0.12000000000000002,1615.6643897271865,1525.4334498132196
2014-07-04,France,Germany,0.0,1.0,FIFA World Cup,True,A,5,10.0,10.0,2.0,2.0,0.8,1.0,0.0,0.1,0.2,0.2,0.08,0.1,1697.176618868108,1930.4663510136295
2014-07-04,Brazil,Colombia,2.0,1.0,FIFA World Cup,False,H,5,8.0,12.0,1.8,2.2,1.0,0.8,0.2,0.1,0.18000000000000002,0.22000000000000003,0.1,0.08,1833.553818218142,1735.8391024189336
2014-07-05,Argentina,Belgium,1.0,0.0,FIFA World Cup,True,H,5,12.0,12.0,1.4,1.2,1.4,0.8,0.1,0.0,0.14,0.12000000000000002,0.14,0.08,1839.837348106752,1652.9633859128912
2014-07-05,Netherlands,Costa Rica,0.0,0.0,FIFA World Cup,True,D,5,12.0,8.0,2.6,1.2,1.2,0.8,0.0,0.0,0.26,0.12000000000000002,0.12000000000000002,0.08,1969.8753387932074,1554.9538152869295
2014-07-08,Brazil,Germany,1.0,7.0,FIFA World Cup,False,A,5,11.0,13.0,2.0,2.0,0.8,0.6,0.1,0.7000000000000001,0.2,0.2,0.08,0.06000000000000001,1857.8200684148726,1951.1693186827815
2014-07-09,Netherlands,Argentina,0.0,0.0,FIFA World Cup,True,D,5,13.0,15.0,2.4,1.6,0.8,0.6,0.0,0.0,0.24000000000000005,0.16,0.08,0.06000000000000001,1928.2808748687412,1865.2687837024077
2014-07-12,Brazil,Netherlands,0.0,3.0,FIFA World Cup,False,A,5,8.0,11.0,1.6,1.4,2.0,0.6,0.0,0.30000000000000004,0.16,0.14,0.2,0.06000000000000001,1755.9060625442823,1919.3108404886282
2014-07-13,Germany,Argentina,1.0,0.0,FIFA World Cup,True,H,5,13.0,13.0,2.6,1.2,0.8,0.4,0.1,0.0,0.26,0.12000000000000002,0.08,0.04,2024.9296351599576,1874.2388180825208
2015-01-09,Australia,Kuwait,4.0,1.0,AFC Asian Cup,False,H,3,3.0,0.0,1.8,0.2,2.0,2.6,0.4,0.1,0.18000000000000002,0.02,0.20000000000000004,0.26,1469.351491662748,1304.3807115951727
2015-01-10,Uzbekistan,North Korea,1.0,0.0,AFC Asian Cup,True,H,3,7.0,1.0,1.6,0.0,2.6,2.4,0.1,0.0,0.16,0.0,0.26000000000000006,0.24000000000000005,1470.2764418566483,1282.9163807904772
2015-01-10,Saudi Arabia,China PR,0.0,1.0,AFC Asian Cup,True,A,3,3.0,5.0,0.8,1.2,2.2,1.8,0.0,0.1,0.08,0.12000000000000002,0.22000000000000003,0.18000000000000002,1362.703675794027,1402.3748062299221
2015-01-10,South Korea,Oman,1.0,0.0,AFC Asian Cup,True,H,3,5.0,6.0,1.6,1.0,2.0,1.0,0.1,0.0,0.16,0.1,0.2,0.1,1421.0101020367463,1422.1955559503472
2015-01-11,Iran,Bahrain,2.0,0.0,AFC Asian Cup,True,H,3,4.0,6.0,0.8,1.6,1.0,2.0,0.2,0.0,0.08,0.16,0.1,0.2,1429.9108630600938,1352.2814230739684
2015-01-11,United Arab Emirates,Qatar,4.0,1.0,AFC Asian Cup,True,H,3,4.0,6.0,0.6,1.6,1.6,1.4,0.4,0.1,0.06000000000000001,0.16,0.16,0.14,1310.8924171667265,1370.2196832654197
2015-01-12,Jordan,Iraq,0.0,1.0,AFC Asian Cup,True,A,3,8.0,9.0,1.2,0.8,1.0,0.6,0.0,0.1,0.12000000000000002,0.08,0.1,0.06000000000000001,1550.3233385255724,1462.2472172033235
2015-01-12,Japan,Palestine,4.0,0.0,AFC Asian Cup,True,H,3,5.0,0.0,1.0,0.0,1.6,0.0,0.4,0.0,0.1,0.0,0.16,0.0,1510.7592466638816,1500.0
2015-01-13,Kuwait,South Korea,0.0,1.0,AFC Asian Cup,True,A,3,0.0,7.0,0.4,1.4,3.0,1.6,0.0,0.1,0.04,0.14,0.3,0.16,1275.0903748677176,1451.112461958649
2015-01-13,Australia,Oman,4.0,0.0,AFC Asian Cup,False,H,3,3.0,5.0,1.4,0.6,2.2,0.8,0.4,0.0,0.14,0.06000000000000001,0.22000000000000003,0.08,1488.11322889274,1392.0931960284445
2015-01-14,China PR,Uzbekistan,2.0,1.0,AFC Asian Cup,True,H,3,7.0,7.0,1.0,1.4,1.4,2.4,0.2,0.1,0.1,0.14,0.14,0.24000000000000005,1428.9641350252823,1485.5034861962579
2015-01-14,North Korea,Saudi Arabia,1.0,4.0,AFC Asian Cup,True,A,3,1.0,0.0,0.0,0.2,1.2,2.0,0.1,0.4,0.0,0.02,0.12000000000000002,0.2,1267.6893364508676,1336.1143469986669
2015-01-15,Bahrain,United Arab Emirates,1.0,2.0,AFC Asian Cup,True,A,3,3.0,7.0,1.2,1.2,2.2,1.2,0.1,0.2,0.12,0.12000000000000002,0.22000000000000003,0.12000000000000002,1317.171975229775,1372.2710633648678
2015-01-15,Qatar,Iran,0.0,1.0,AFC Asian Cup,True,A,3,6.0,4.0,1.6,0.6,1.8,1.0,0.0,0.1,0.16,0.06000000000000001,0.18000000000000002,0.1,1308.8410370672784,1465.0203109042873
2015-01-16,Iraq,Japan,0.0,1.0,AFC Asian Cup,True,A,3,9.0,7.0,0.8,1.4,0.6,1.2,0.0,0.1,0.08,0.14,0.06000000000000001,0.12000000000000002,1499.6934909608235,1568.901784316462
2015-01-16,Palestine,Jordan,1.0,5.0,AFC Asian Cup,True,A,3,0.0,7.0,0.0,1.0,4.0,1.0,0.1,0.5,0.0,0.1,0.4,0.1,1441.8574623474196,1512.8770647680724
2015-01-17,Oman,Kuwait,1.0,0.0,AFC Asian Cup,True,H,3,2.0,0.0,0.2,0.4,1.6,2.4,0.1,0.0,0.02,0.04,0.16,0.24000000000000005,1348.2656044946189,1259.1098877155073
2015-01-17,Equatorial Guinea,Congo,1.0,1.0,African Cup of Nations,False,D,3,6.0,2.0,0.75,0.4,1.25,1.0,0.1,0.1,0.07500000000000001,0.04,0.125,0.1,1449.9937846099926,1371.7495627174692
2015-01-17,Australia,South Korea,0.0,1.0,AFC Asian Cup,False,A,3,6.0,7.0,2.2,1.0,2.0,1.2,0.0,0.1,0.22000000000000003,0.1,0.20000000000000004,0.12000000000000002,1517.4484070619035,1467.0929491108593
2015-01-17,Burkina Faso,Gabon,0.0,2.0,African Cup of Nations,True,A,3,8.0,10.0,1.2,1.6,0.4,1.0,0.0,0.2,0.12000000000000002,0.16,0.04,0.1,1362.8046192008562,1482.403426007239
2015-01-18,China PR,North Korea,2.0,1.0,AFC Asian Cup,True,H,3,10.0,1.0,1.4,0.2,1.0,1.4,0.2,0.1,0.14,0.02,0.1,0.14,1463.803491438894,1225.3972085173912
2015-01-18,Tunisia,Cape Verde,1.0,1.0,African Cup of Nations,True,D,3,4.0,5.0,0.6,0.75,1.4,1.0,0.1,0.1,0.06000000000000001,0.07500000000000001,0.14,0.1,1455.6424846888783,1476.8303814513026
2015-01-18,Uzbekistan,Saudi Arabia,3.0,1.0,AFC Asian Cup,True,H,3,6.0,3.0,1.2,1.0,2.4,2.0,0.30000000000000004,0.1,0.12000000000000002,0.1,0.24000000000000005,0.2,1450.6641297826461,1378.4064749321433
2015-01-18,Zambia,DR Congo,1.0,1.0,African Cup of Nations,True,D,3,7.0,3.0,0.6,0.8,0.4,1.8,0.1,0.1,0.06000000000000001,0.08,0.04,0.18,1559.4481420210627,1377.5440763192328
2015-01-19,Algeria,South Africa,3.0,1.0,African Cup of Nations,True,H,3,5.0,9.0,1.8,1.4,1.8,0.8,0.30000000000000004,0.1,0.18,0.14,0.18,0.08,1414.1391193216357,1406.5472986132586
2015-01-19,Ghana,Senegal,1.0,2.0,African Cup of Nations,True,A,3,2.0,1.0,1.2,1.0,2.0,2.0,0.1,0.2,0.12000000000000002,0.1,0.2,0.2,1506.7125142276611,1379.214768633575
2015-01-19,Iran,United Arab Emirates,1.0,0.0,AFC Asian Cup,True,H,3,7.0,7.0,0.8,1.2,0.8,1.2,0.1,0.0,0.08,0.12000000000000002,0.08,0.12000000000000002,1482.3751778712453,1397.5529135190277
2015-01-19,Qatar,Bahrain,1.0,2.0,AFC Asian Cup,True,A,3,6.0,3.0,1.6,1.4,1.6,1.8,0.1,0.2,0.16,0.13999999999999999,0.16,0.18,1291.4861701003201,1291.890125075615
2015-01-20,Mali,Cameroon,1.0,1.0,African Cup of Nations,True,D,3,5.0,0.0,1.2,0.6,1.6,2.6,0.1,0.1,0.12000000000000002,0.06000000000000001,0.16,0.26,1529.2896538822115,1382.5531350903634
2015-01-20,Japan,Jordan,2.0,0.0,AFC Asian Cup,True,H,3,7.0,9.0,1.4,1.8,1.2,1.0,0.2,0.0,0.14,0.18,0.12000000000000002,0.1,1593.0036660353715,1560.7804276046395
2015-01-20,Iraq,Palestine,2.0,0.0,AFC Asian Cup,True,H,3,9.0,0.0,0.6,0.5,0.4,4.5,0.2,0.0,0.06000000000000001,0.05,0.04,0.45,1475.591609241914,1393.9540995108525
2015-01-20,Ivory Coast,Guinea,1.0,1.0,African Cup of Nations,True,D,3,4.0,5.0,1.4,1.6,1.8,1.8,0.1,0.1,0.14,0.16,0.18,0.18,1547.054751742286,1544.3289611440084
2015-01-21,Equatorial Guinea,Burkina Faso,0.0,0.0,African Cup of Nations,False,D,3,7.0,5.0,0.8,0.4,1.2,0.8,0.0,0.0,0.08,0.04,0.12000000000000002,0.08,1435.8247487373412,1332.7109241459439
2015-01-21,Gabon,Congo,0.0,1.0,African Cup of Nations,True,A,3,13.0,2.0,1.8,0.4,0.6,1.0,0.0,0.1,0.18000000000000002,0.04,0.06000000000000001,0.1,1512.4971210621513,1378.3937646085312
2015-01-22,Australia,China PR,2.0,0.0,AFC Asian Cup,False,H,3,6.0,10.0,2.0,1.4,1.6,1.2,0.2,0.0,0.2,0.14,0.16,0.12000000000000002,1475.219703282733,1475.937657239773
2015-01-22,Cape Verde,DR Congo,0.0,0.0,African Cup of Nations,True,D,3,6.0,4.0,0.8,1.0,1.0,1.6,0.0,0.0,0.08,0.1,0.1,0.16,1475.0031359985826,1391.9574107876176
2015-01-22,South Korea,Uzbekistan,2.0,0.0,AFC Asian Cup,True,H,3,9.0,6.0,1.0,1.4,1.0,2.4,0.2,0.0,0.1,0.14,0.1,0.24000000000000005,1501.4107974680298,1486.4379277844694
2015-01-22,Zambia,Tunisia,1.0,2.0,African Cup of Nations,True,A,3,5.0,5.0,0.6,0.8,0.6,1.4,0.1,0.2,0.06000000000000001,0.08,0.06000000000000001,0.14,1545.0348075526779,1457.4697301415983
2015-01-23,Iran,Iraq,3.0,3.0,AFC Asian Cup,True,D,3,9.0,9.0,1.0,0.8,0.8,0.4,0.30000000000000004,0.30000000000000004,0.1,0.08,0.08,0.04,1505.1931619125635,1510.2082793624716
2015-01-23,South Africa,Senegal,1.0,1.0,African Cup of Nations,True,D,3,6.0,4.0,1.2,1.2,1.2,1.6,0.1,0.1,0.12000000000000002,0.12000000000000002,0.12000000000000002,0.16,1362.5304378881162,1419.7548732521789
2015-01-23,Ghana,Algeria,1.0,0.0,African Cup of Nations,True,H,3,1.0,7.0,1.2,2.0,2.2,1.6,0.1,0.0,0.12000000000000002,0.2,0.22000000000000003,0.16,1466.1724096090572,1458.155980046778
2015-01-23,Japan,United Arab Emirates,1.0,1.0,AFC Asian Cup,True,D,3,10.0,6.0,1.6,1.2,0.8,1.4,0.1,0.1,0.16,0.12000000000000002,0.08,0.14,1633.8420246449298,1374.7349294777096
2015-01-24,Cameroon,Guinea,1.0,1.0,African Cup of Nations,True,D,3,1.0,5.0,0.6,1.6,2.4,1.8,0.1,0.1,0.06000000000000001,0.16,0.24000000000000005,0.18,1394.5201744369404,1544.5643199950898
2015-01-24,Ivory Coast,Mali,1.0,1.0,African Cup of Nations,True,D,3,4.0,6.0,1.2,1.4,1.6,1.6,0.1,0.1,0.12000000000000002,0.14,0.16,0.16,1546.8193928912046,1517.3226145356346
2015-01-25,Equatorial Guinea,Gabon,2.0,0.0,African Cup of Nations,False,H,3,5.0,10.0,0.6,1.4,1.2,0.8,0.2,0.0,0.06000000000000001,0.14,0.12000000000000002,0.08,1420.0445396446344,1471.4604247226546
2015-01-25,Congo,Burkina Faso,2.0,1.0,African Cup of Nations,True,H,3,5.0,5.0,0.4,0.4,0.6,0.8,0.2,0.1,0.04,0.04,0.06000000000000001,0.08,1419.430460948028,1341.361967339136
2015-01-26,DR Congo,Tunisia,1.0,1.0,African Cup of Nations,True,D,3,5.0,8.0,0.8,1.0,0.8,1.2,0.1,0.1,0.08,0.1,0.08,0.12000000000000002,1398.994643737053,1494.8745802980231
2015-01-26,South Korea,Iraq,2.0,0.0,AFC Asian Cup,True,H,3,12.0,7.0,1.0,1.2,0.2,1.0,0.2,0.0,0.1,0.12000000000000002,0.02,0.1,1544.4727048933316,1509.7752693854982
2015-01-26,Cape Verde,Zambia,0.0,0.0,African Cup of Nations,True,D,3,6.0,4.0,0.8,0.8,1.0,1.0,0.0,0.0,0.08,0.08,0.1,0.1,1467.9659030491473,1507.629957396253
2015-01-27,South Africa,Ghana,1.0,2.0,African Cup of Nations,True,A,3,6.0,4.0,1.4,1.2,1.4,1.6,0.1,0.2,0.14,0.12000000000000002,0.14,0.16,1367.427391529748,1495.4803382469738
2015-01-27,Australia,United Arab Emirates,2.0,0.0,AFC Asian Cup,False,H,3,9.0,7.0,2.0,1.4,1.0,1.4,0.2,0.0,0.2,0.14,0.1,0.14,1507.6995953409155,1393.7134908489284
2015-01-27,Senegal,Algeria,0.0,2.0,African Cup of Nations,True,A,3,4.0,7.0,1.2,1.8,1.6,1.4,0.0,0.2,0.12000000000000002,0.18000000000000002,0.16,0.14,1414.857919610547,1428.8480514088615
2015-01-28,Cameroon,Ivory Coast,0.0,1.0,African Cup of Nations,True,A,3,2.0,5.0,0.6,1.2,2.2,1.4,0.0,0.1,0.06000000000000001,0.12000000000000002,0.22000000000000003,0.14,1406.7264556016846,1544.2785380075131
2015-01-28,Guinea,Mali,1.0,1.0,African Cup of Nations,True,D,3,6.0,6.0,1.8,1.4,1.0,1.6,0.1,0.1,0.18000000000000002,0.14,0.1,0.16,1532.3580388303455,1519.863469419326
2015-01-30,Iraq,United Arab Emirates,2.0,3.0,AFC Asian Cup,True,A,3,7.0,7.0,1.2,1.4,1.2,1.2,0.2,0.30000000000000004,0.12000000000000002,0.14,0.12000000000000002,0.12000000000000002,1469.2544145324493,1362.9691786192716
2015-01-31,Australia,South Korea,2.0,1.0,AFC Asian Cup,False,H,3,12.0,15.0,2.4,1.4,0.4,0.0,0.2,0.1,0.24000000000000005,0.14,0.04,0.0,1528.0275360706307,1584.9935597463805
2015-01-31,Congo,DR Congo,2.0,4.0,African Cup of Nations,True,A,3,8.0,5.0,0.8,0.6,0.6,0.6,0.2,0.4,0.08,0.06000000000000001,0.06000000000000001,0.06000000000000001,1442.800689999874,1407.069628725824
2015-01-31,Equatorial Guinea,Tunisia,2.0,1.0,African Cup of Nations,False,H,3,5.0,6.0,0.6,1.0,1.0,1.4,0.2,0.1,0.06000000000000001,0.1,0.1,0.14,1458.7926026012512,1486.799595309252
2015-02-01,Ivory Coast,Algeria,3.0,1.0,African Cup of Nations,True,H,3,5.0,7.0,1.0,1.4,1.2,1.0,0.30000000000000004,0.1,0.1,0.14,0.12000000000000002,0.1,1562.985303339763,1472.0370224875712
2015-02-01,Ghana,Guinea,3.0,0.0,African Cup of Nations,True,H,3,7.0,7.0,1.4,2.0,1.4,1.0,0.30000000000000004,0.0,0.14,0.2,0.14,0.1,1514.8982349117184,1531.2796358365451
2015-02-04,DR Congo,Ivory Coast,1.0,3.0,African Cup of Nations,True,A,3,7.0,8.0,1.4,1.4,1.0,1.0,0.1,0.30000000000000004,0.14,0.14,0.1,0.1,1456.6812835008911,1596.467530445237
2015-02-05,Equatorial Guinea,Ghana,0.0,3.0,African Cup of Nations,False,A,3,8.0,9.0,1.0,1.6,1.0,1.0,0.0,0.30000000000000004,0.1,0.16,0.1,0.1,1482.6636956064428,1569.8717490033528
2015-02-07,Equatorial Guinea,DR Congo,0.0,0.0,African Cup of Nations,False,D,3,8.0,6.0,1.0,1.4,1.0,1.4,0.0,0.0,0.1,0.14,0.1,0.14,1428.2316140047099,1428.8688962326776
2015-02-08,Ivory Coast,Ghana,0.0,0.0,African Cup of Nations,True,D,3,11.0,12.0,1.8,2.0,0.8,0.6,0.0,0.0,0.18000000000000002,0.2,0.08,0.06000000000000001,1624.2799177134505,1609.4639361511568
2016-06-10,France,Romania,2.0,1.0,UEFA Euro,False,H,4,10.0,5.0,2.0,0.8,0.6,1.4,0.2,0.1,0.2,0.08,0.06000000000000001,0.14,1676.473651198956,1585.0577331847962
2016-06-11,Wales,Slovakia,2.0,1.0,UEFA Euro,True,H,4,6.0,4.0,0.8,1.25,0.8,1.75,0.2,0.1,0.08,0.125,0.08,0.17500000000000002,1573.8192755930402,1502.9296067168202
2016-06-11,England,Russia,1.0,1.0,UEFA Euro,True,D,4,5.0,3.0,0.6,0.6,0.8,1.0,0.1,0.1,0.06000000000000001,0.06000000000000001,0.08,0.1,1569.0678467745338,1503.0179889198282
2016-06-11,Albania,Switzerland,0.0,1.0,UEFA Euro,True,A,4,0.0,7.0,0.0,1.4,0.0,1.4,0.0,0.1,0.0,0.14,0.0,0.13999999999999999,1500.0,1512.1352483039138
2016-06-12,Turkey,Croatia,0.0,1.0,UEFA Euro,True,A,4,7.0,4.0,1.6,1.4,1.8,1.6,0.0,0.1,0.16,0.14,0.18000000000000002,0.16,1637.3750081320086,1614.3423802915813
2016-06-12,Poland,Northern Ireland,1.0,0.0,UEFA Euro,True,H,4,3.0,2.0,0.6,1.0,1.0,2.4,0.1,0.0,0.06000000000000001,0.1,0.1,0.24000000000000005,1388.789888519427,1419.6220352760972
2016-06-12,Germany,Ukraine,2.0,0.0,UEFA Euro,True,H,4,15.0,4.0,2.4,0.4,0.4,1.4,0.2,0.0,0.24000000000000005,0.04,0.04,0.14,2054.50823505008,1432.8454664969145
2016-06-13,Belgium,Italy,0.0,2.0,UEFA Euro,True,A,4,12.0,6.0,1.2,0.8,0.6,1.6,0.0,0.2,0.12000000000000002,0.08,0.06000000000000001,0.16,1627.5319503172354,1627.9043456257493
2016-06-13,Republic of Ireland,Sweden,1.0,1.0,UEFA Euro,True,D,4,4.0,3.0,1.0,1.2,2.0,1.8,0.1,0.1,0.1,0.12000000000000002,0.2,0.18000000000000002,1517.9997427523922,1558.417596344181
2016-06-13,Spain,Czech Republic,1.0,0.0,UEFA Euro,True,H,4,7.0,6.0,1.6,1.2,1.4,1.8,0.1,0.0,0.16,0.12000000000000002,0.13999999999999999,0.18000000000000002,1758.0998064241035,1517.3167353561198
2016-06-14,Portugal,Iceland,1.0,1.0,UEFA Euro,True,D,4,8.0,0.0,1.0,0.0,1.4,0.0,0.1,0.1,0.1,0.0,0.14,0.0,1710.1090806524826,1500.0
2016-06-14,Austria,Hungary,0.0,2.0,UEFA Euro,True,A,4,2.0,4.0,0.6,0.8,1.2,2.8,0.0,0.2,0.06000000000000001,0.08,0.12000000000000002,0.28,1408.8286629761026,1438.9664105029733
2016-06-15,France,Albania,2.0,0.0,UEFA Euro,False,H,4,10.0,0.0,1.8,0.0,0.8,1.0,0.2,0.0,0.18,0.0,0.08,0.1,1696.4246965709526,1461.3965542208596
2016-06-15,Romania,Switzerland,1.0,1.0,UEFA Euro,True,D,4,2.0,9.0,0.4,1.6,1.4,1.4,0.1,0.1,0.04,0.16,0.14,0.13999999999999999,1555.3460478864536,1550.7386940830543
2016-06-15,Russia,Slovakia,1.0,2.0,UEFA Euro,True,A,4,3.0,4.0,0.6,1.2,1.0,1.8,0.1,0.2,0.06000000000000001,0.12000000000000002,0.1,0.18,1510.5319574329123,1470.9796793011494
2016-06-16,Ukraine,Northern Ireland,0.0,2.0,UEFA Euro,True,A,4,3.0,1.0,0.4,0.6,1.8,2.2,0.0,0.2,0.04,0.06000000000000001,0.18000000000000002,0.22000000000000003,1429.5865969709296,1376.081642036481
2016-06-16,Germany,Poland,0.0,0.0,UEFA Euro,True,D,4,15.0,5.0,2.6,0.6,0.4,0.8,0.0,0.0,0.26,0.06000000000000001,0.04,0.08,2057.7671045760653,1432.3302817590431
2016-06-16,England,Wales,2.0,1.0,UEFA Euro,True,H,4,3.0,8.0,0.6,1.0,1.0,0.8,0.2,0.1,0.06000000000000001,0.1,0.1,0.08,1561.5538782614497,1605.769203008711
2016-06-17,Czech Republic,Croatia,2.0,2.0,UEFA Euro,True,D,4,6.0,6.0,0.8,1.4,1.4,1.4,0.2,0.2,0.08,0.14,0.14,0.14,1501.3137196434282,1656.9902317840904
2016-06-17,Italy,Sweden,1.0,0.0,UEFA Euro,True,H,4,6.0,4.0,0.8,1.2,1.4,1.6,0.1,0.0,0.08,0.12000000000000002,0.14,0.16,1687.8400352589204,1553.7851970930597
2016-06-17,Spain,Turkey,3.0,0.0,UEFA Euro,True,H,4,9.0,7.0,1.8,1.6,1.4,1.6,0.30000000000000004,0.0,0.18000000000000002,0.16,0.13999999999999999,0.16,1774.102822136795,1594.7271566394995
2016-06-18,Portugal,Austria,0.0,0.0,UEFA Euro,True,D,4,6.0,1.0,1.0,0.4,1.6,1.4,0.0,0.0,0.1,0.04,0.16,0.14,1688.4924542986396,1354.0202528846605
2016-06-18,Belgium,Republic of Ireland,3.0,0.0,UEFA Euro,True,H,4,9.0,2.0,0.8,0.6,0.8,2.2,0.30000000000000004,0.0,0.08,0.06000000000000001,0.08,0.22000000000000003,1567.5962606840644,1522.6321420035135
2016-06-18,Iceland,Hungary,1.0,1.0,UEFA Euro,True,D,4,1.0,7.0,1.0,1.0,1.0,2.0,0.1,0.1,0.1,0.1,0.1,0.20000000000000004,1521.616626353843,1493.7748205944154
2016-06-19,France,Switzerland,0.0,0.0,UEFA Euro,False,D,4,10.0,7.0,1.2,1.4,0.4,1.4,0.0,0.0,0.12000000000000002,0.14,0.04,0.13999999999999999,1711.6536765652613,1551.269104200968
2016-06-19,Romania,Albania,0.0,1.0,UEFA Euro,True,A,4,3.0,0.0,0.6,0.0,1.2,1.5,0.0,0.1,0.06000000000000001,0.0,0.12000000000000002,0.15000000000000002,1554.8156377685398,1436.7495569072812
2016-06-20,Russia,Wales,0.0,3.0,UEFA Euro,True,A,4,3.0,7.0,0.8,1.0,1.2,1.0,0.0,0.30000000000000004,0.08,0.1,0.12000000000000002,0.1,1465.9979028683354,1560.706029868472
2016-06-20,Slovakia,England,0.0,0.0,UEFA Euro,True,D,4,6.0,5.0,1.4,1.0,1.8,1.2,0.0,0.0,0.14,0.1,0.18,0.12000000000000002,1515.5137338657264,1606.6170514016887
2016-06-21,Ukraine,Poland,0.0,1.0,UEFA Euro,True,A,4,3.0,6.0,0.4,0.6,1.6,0.6,0.0,0.1,0.04,0.06000000000000001,0.16,0.06000000000000001,1360.4189770251808,1470.2031513245518
2016-06-21,Northern Ireland,Germany,0.0,1.0,UEFA Euro,True,A,4,4.0,13.0,0.8,2.2,1.4,0.2,0.0,0.1,0.08,0.22000000000000003,0.14,0.02,1445.2492619822299,2019.8942350105567
2016-06-21,Czech Republic,Turkey,0.0,2.0,UEFA Euro,True,A,4,7.0,4.0,1.0,1.2,1.0,2.0,0.0,0.2,0.1,0.12000000000000002,0.1,0.2,1518.1262691900458,1557.9650762399574
2016-06-21,Croatia,Spain,2.0,1.0,UEFA Euro,True,H,4,7.0,9.0,1.8,1.6,1.6,1.4,0.2,0.1,0.18,0.16,0.16,0.13999999999999999,1640.1776822374727,1810.8649025363372
2016-06-22,Sweden,Belgium,0.0,1.0,UEFA Euro,True,A,4,4.0,9.0,1.2,1.2,1.4,0.8,0.0,0.1,0.12000000000000002,0.12000000000000002,0.14,0.08,1528.4959620987438,1628.5873014459535
2016-06-22,Italy,Republic of Ireland,0.0,1.0,UEFA Euro,True,A,4,9.0,1.0,1.0,0.4,0.6,2.6,0.0,0.1,0.1,0.04,0.06000000000000001,0.26,1713.1292702532362,1461.6411012416245
2016-06-22,Hungary,Portugal,3.0,3.0,UEFA Euro,True,D,4,7.0,6.0,1.0,1.0,2.0,1.6,0.30000000000000004,0.30000000000000004,0.1,0.1,0.20000000000000004,0.16,1496.9733831925387,1658.6735091960759
2016-06-22,Iceland,Austria,2.0,1.0,UEFA Euro,True,H,4,2.0,2.0,1.0,0.2,1.0,1.0,0.2,0.1,0.1,0.02,0.1,0.1,1518.4180637557197,1383.8391979872242
2016-06-25,Croatia,Portugal,0.0,1.0,UEFA Euro,True,A,4,10.0,7.0,2.0,1.6,1.2,1.4,0.0,0.1,0.2,0.16,0.12000000000000002,0.14,1698.3868674458479,1641.2941677531162
2016-06-25,Switzerland,Poland,1.0,1.0,UEFA Euro,True,D,4,8.0,8.0,1.0,0.6,0.4,0.4,0.1,0.1,0.1,0.06000000000000001,0.04,0.04,1568.5253768153061,1497.9682968197571
2016-06-25,Wales,Northern Ireland,1.0,0.0,UEFA Euro,True,H,4,9.0,3.0,1.6,0.6,1.0,1.4,0.1,0.0,0.16,0.06000000000000001,0.1,0.14,1612.0835831649226,1442.4252297354794
2016-06-26,Germany,Slovakia,3.0,0.0,UEFA Euro,True,H,4,13.0,7.0,2.2,1.4,0.2,1.4,0.30000000000000004,0.0,0.22000000000000003,0.14,0.02,0.14,2022.7182672573072,1525.7684322515897
2016-06-26,France,Republic of Ireland,2.0,1.0,UEFA Euro,False,H,4,10.0,4.0,1.2,0.4,0.4,2.0,0.2,0.1,0.12000000000000002,0.04,0.04,0.2,1686.2609185452854,1526.4124194154688
2016-06-26,Hungary,Belgium,0.0,4.0,UEFA Euro,True,A,4,8.0,9.0,1.6,1.2,1.4,0.8,0.0,0.4,0.16,0.12000000000000002,0.14,0.08,1514.3527246354984,1657.3724115514703
2016-06-27,England,Iceland,1.0,2.0,UEFA Euro,True,A,4,6.0,5.0,0.8,1.3333333333333333,0.8,1.0,0.1,0.2,0.08,0.13333333333333333,0.08,0.10000000000000002,1596.3623530158254,1543.6551568095438
2016-06-27,Italy,Spain,2.0,0.0,UEFA Euro,True,H,4,6.0,9.0,0.6,1.6,0.6,0.8,0.2,0.0,0.06000000000000001,0.16,0.06000000000000001,0.08,1648.357952079392,1752.655717327962
2016-06-30,Poland,Portugal,1.0,1.0,UEFA Euro,True,D,4,8.0,9.0,0.6,1.4,0.4,1.0,0.1,0.1,0.06000000000000001,0.14,0.04,0.1,1505.9816224875608,1687.8086758416441
2016-07-01,Wales,Belgium,3.0,1.0,UEFA Euro,True,H,4,9.0,9.0,1.4,1.6,0.8,0.6,0.30000000000000004,0.1,0.14,0.16,0.08,0.06000000000000001,1633.968429695982,1706.1830133628698
2016-07-02,Germany,Italy,1.0,1.0,UEFA Euro,True,D,4,13.0,9.0,1.4,1.0,0.0,0.4,0.1,0.1,0.14,0.1,0.0,0.04,2030.296778160323,1725.8473109720676
2016-07-03,France,Iceland,5.0,2.0,UEFA Euro,False,H,4,10.0,8.0,1.2,1.5,0.6,1.0,0.5,0.2,0.12000000000000002,0.15000000000000002,0.06000000000000001,0.1,1700.9050423978824,1589.677170961869
2016-07-06,Portugal,Wales,2.0,0.0,UEFA Euro,True,H,4,7.0,12.0,1.2,2.0,1.0,0.8,0.2,0.0,0.12000000000000002,0.2,0.1,0.08,1668.5977170532226,1706.2629067181158
2016-07-07,France,Germany,2.0,0.0,UEFA Euro,False,H,4,13.0,11.0,2.2,1.4,0.8,0.2,0.2,0.0,0.22000000000000003,0.14,0.08,0.02,1732.9166450362777,2002.1148264633598
2016-07-10,France,Portugal,0.0,1.0,UEFA Euro,False,A,4,13.0,9.0,2.2,1.4,0.6,0.8,0.0,0.1,0.22000000000000003,0.14,0.06000000000000001,0.08,1820.0261674821918,1735.076902442476
2017-01-14,Gabon,Guinea-Bissau,1.0,1.0,African Cup of Nations,False,D,3,7.0,0.0,0.8,0.0,0.8,0.0,0.1,0.1,0.08,0.0,0.08,0.0,1419.849209896093,1500.0
2017-01-14,Burkina Faso,Cameroon,1.0,1.0,African Cup of Nations,True,D,3,2.0,2.0,0.4,0.6,1.2,2.2,0.1,0.1,0.04,0.06000000000000001,0.12000000000000002,0.22000000000000003,1317.99173828729,1388.0196902694347
2017-01-15,Algeria,Zimbabwe,2.0,2.0,African Cup of Nations,True,D,3,6.0,6.0,1.4,1.4,1.4,2.2,0.2,0.2,0.14,0.14,0.14,0.22000000000000003,1438.5547953820974,1460.5133101718907
2017-01-15,Tunisia,Senegal,0.0,2.0,African Cup of Nations,True,A,3,6.0,4.0,1.2,1.0,1.2,1.6,0.0,0.2,0.12000000000000002,0.1,0.12000000000000002,0.16,1454.3865017165042,1371.6689485318373
2017-01-16,DR Congo,Morocco,1.0,0.0,African Cup of Nations,True,H,3,6.0,6.0,1.2,1.2,1.2,1.2,0.1,0.0,0.12000000000000002,0.12000000000000002,0.12000000000000002,0.12000000000000002,1428.8138689234593,1471.2878877167698
2017-01-16,Ivory Coast,Togo,0.0,0.0,African Cup of Nations,True,D,3,11.0,4.0,1.6,0.8,0.6,1.2,0.0,0.0,0.16,0.08,0.06000000000000001,0.12000000000000002,1623.0013779402116,1252.8716417861688
2017-01-17,Mali,Egypt,0.0,0.0,African Cup of Nations,True,D,3,6.0,15.0,1.4,2.4,1.6,0.2,0.0,0.0,0.14,0.24000000000000005,0.16,0.02,1520.9418724131265,1856.057326362714
2017-01-17,Ghana,Uganda,1.0,0.0,African Cup of Nations,True,H,3,13.0,9.0,1.8,1.8,0.2,1.4,0.1,0.0,0.18000000000000002,0.18000000000000002,0.02,0.14,1610.7424759243956,1403.1263855454797
2017-01-18,Gabon,Burkina Faso,1.0,1.0,African Cup of Nations,False,D,3,5.0,2.0,0.8,0.4,1.0,1.2,0.1,0.1,0.08,0.04,0.1,0.12000000000000002,1418.1371535998758,1323.957864239377
2017-01-18,Cameroon,Guinea-Bissau,2.0,1.0,African Cup of Nations,True,H,3,3.0,1.0,0.8,1.0,1.6,1.0,0.2,0.1,0.08,0.1,0.16,0.1,1382.0535643173478,1493.1994383748556
2017-01-19,Algeria,Tunisia,1.0,2.0,African Cup of Nations,True,A,3,7.0,5.0,1.6,1.0,1.4,1.4,0.1,0.2,0.16,0.1,0.14,0.14,1440.448325428289,1398.8708273145355
2017-01-19,Senegal,Zimbabwe,2.0,0.0,African Cup of Nations,True,H,3,7.0,7.0,1.2,1.2,1.2,1.6,0.2,0.0,0.12000000000000002,0.12000000000000002,0.12000000000000002,0.16,1427.184622933806,1458.619780125699
2017-01-20,Ivory Coast,DR Congo,2.0,2.0,African Cup of Nations,True,D,3,11.0,8.0,1.4,1.4,0.4,1.2,0.2,0.2,0.14,0.14,0.04,0.12000000000000002,1599.3706441201155,1462.4632087190248
2017-01-20,Morocco,Togo,3.0,1.0,African Cup of Nations,True,H,3,6.0,5.0,0.8,0.8,0.8,0.8,0.30000000000000004,0.1,0.08,0.08,0.08,0.08,1437.6385479212042,1276.5023756062649
2017-01-21,Egypt,Uganda,1.0,0.0,African Cup of Nations,True,H,3,13.0,6.0,2.0,1.2,0.2,1.4,0.1,0.0,0.2,0.12000000000000002,0.02,0.14,1833.6684755870108,1389.1858697146597
2017-01-21,Ghana,Mali,1.0,0.0,African Cup of Nations,True,H,3,13.0,7.0,1.8,1.2,0.2,0.8,0.1,0.0,0.18000000000000002,0.12000000000000002,0.02,0.08,1624.6829917552157,1543.3307231888298
2017-01-22,Guinea-Bissau,Burkina Faso,0.0,2.0,African Cup of Nations,True,A,3,1.0,3.0,1.0,0.6,1.5,1.2,0.0,0.2,0.1,0.06000000000000001,0.15000000000000002,0.12000000000000002,1453.916847380845,1331.896463974504
2017-01-22,Gabon,Cameroon,0.0,0.0,African Cup of Nations,False,D,3,5.0,6.0,0.8,1.0,1.0,1.0,0.0,0.0,0.08,0.1,0.1,0.1,1402.9224866762045,1421.3361553113584
2017-01-23,Senegal,Algeria,2.0,2.0,African Cup of Nations,True,D,3,10.0,4.0,1.4,1.2,0.8,1.6,0.2,0.2,0.14,0.12000000000000002,0.08,0.16,1476.2450436566585,1406.8752757329576
2017-01-23,Zimbabwe,Tunisia,2.0,4.0,African Cup of Nations,True,A,3,4.0,7.0,0.8,1.2,1.8,1.4,0.2,0.4,0.08,0.12000000000000002,0.18,0.14,1409.5593594028464,1432.443877009867
2017-01-24,Togo,DR Congo,1.0,3.0,African Cup of Nations,True,A,3,5.0,8.0,0.8,1.6,1.0,1.4,0.1,0.30000000000000004,0.08,0.16,0.1,0.14,1250.9948383073338,1473.7086346833826
2017-01-24,Morocco,Ivory Coast,1.0,0.0,African Cup of Nations,True,H,3,6.0,9.0,1.2,1.6,1.0,0.8,0.1,0.0,0.12000000000000002,0.16,0.1,0.08,1463.1460852201353,1588.1252181557577
2017-01-25,Uganda,Mali,1.0,1.0,African Cup of Nations,True,D,3,6.0,4.0,1.0,0.6,1.0,0.8,0.1,0.1,0.1,0.06000000000000001,0.1,0.08,1384.8750089995065,1520.229620309733
2017-01-25,Egypt,Ghana,1.0,0.0,African Cup of Nations,True,H,3,13.0,13.0,1.8,1.6,0.2,0.0,0.1,0.0,0.18000000000000002,0.16,0.02,0.0,1837.9793363021638,1647.7840946343124
2017-01-28,Burkina Faso,Tunisia,2.0,0.0,African Cup of Nations,True,H,3,6.0,7.0,1.0,1.6,0.8,1.6,0.2,0.0,0.1,0.16,0.08,0.16,1392.0813495390266,1474.4841438567682
2017-01-28,Senegal,Cameroon,0.0,0.0,African Cup of Nations,True,D,3,8.0,6.0,1.4,0.8,1.0,0.8,0.0,0.0,0.14,0.08,0.1,0.08,1470.3335227001269,1419.7476783504296
2017-01-29,DR Congo,Ghana,1.0,2.0,African Cup of Nations,True,A,3,8.0,10.0,1.4,1.0,1.2,0.2,0.1,0.2,0.14,0.1,0.12000000000000002,0.02,1493.256863889704,1632.7417496086832
2017-01-29,Egypt,Morocco,1.0,0.0,African Cup of Nations,True,H,3,13.0,8.0,1.4,1.4,0.0,1.0,0.1,0.0,0.14,0.14,0.0,0.1,1853.021681327793,1503.4950764642447
2017-02-01,Burkina Faso,Egypt,1.0,1.0,African Cup of Nations,True,D,3,8.0,13.0,1.4,0.8,0.8,0.0,0.1,0.1,0.14,0.08,0.08,0.0,1447.5584742988574,1860.0983758555155
2017-02-02,Cameroon,Ghana,2.0,0.0,African Cup of Nations,True,H,3,6.0,10.0,0.6,0.8,0.6,0.4,0.2,0.0,0.06000000000000001,0.08,0.06000000000000001,0.04,1424.0850059126506,1651.3055739765753
2017-02-04,Burkina Faso,Ghana,1.0,0.0,African Cup of Nations,True,H,3,9.0,9.0,1.4,0.8,0.6,0.8,0.1,0.0,0.14,0.08,0.06000000000000001,0.08,1472.451459725005,1580.4597278292692
2017-02-05,Egypt,Cameroon,1.0,2.0,African Cup of Nations,True,A,3,11.0,9.0,0.8,1.0,0.2,0.4,0.1,0.2,0.08,0.1,0.02,0.04,1835.205390429368,1494.9308520599566
2018-06-14,Russia,Saudi Arabia,5.0,0.0,FIFA World Cup,False,H,5,2.0,3.0,0.6,1.0,1.6,2.2,0.5,0.0,0.06000000000000001,0.1,0.16,0.22000000000000003,1414.6203495718846,1342.63267693032
2018-06-15,Egypt,Uruguay,0.0,1.0,FIFA World Cup,True,A,5,10.0,6.0,1.0,1.2,0.6,1.8,0.0,0.1,0.1,0.12000000000000002,0.06000000000000001,0.18000000000000002,1782.6213537973708,1559.1558655410902
2018-06-15,Morocco,Iran,0.0,1.0,FIFA World Cup,True,A,5,7.0,10.0,1.2,1.6,1.0,1.2,0.0,0.1,0.12000000000000002,0.16,0.1,0.12000000000000002,1496.418381936522,1505.6261718895369
2018-06-15,Portugal,Spain,3.0,3.0,FIFA World Cup,True,D,5,11.0,9.0,1.6,1.6,0.8,0.8,0.30000000000000004,0.30000000000000004,0.16,0.16,0.08,0.08,1784.66670601243,1675.1663584352864
2018-06-16,Croatia,Nigeria,2.0,0.0,FIFA World Cup,True,H,5,7.0,7.0,1.2,0.8,1.4,1.0,0.2,0.0,0.12000000000000002,0.08,0.14,0.1,1651.87235935732,1531.0272374256178
2018-06-16,France,Australia,2.0,1.0,FIFA World Cup,True,H,5,10.0,12.0,1.8,2.0,0.8,0.4,0.2,0.1,0.18,0.2,0.08,0.04,1760.539860262959,1554.330570498194
2018-06-16,Argentina,Iceland,1.0,1.0,FIFA World Cup,True,D,5,10.0,8.0,1.0,1.6,0.6,1.8,0.1,0.1,0.1,0.16,0.06000000000000001,0.18,1844.6602181923984,1541.351487692987
2018-06-16,Peru,Denmark,0.0,1.0,FIFA World Cup,True,A,5,2.0,6.0,0.4,1.4,2.6,1.8,0.0,0.1,0.04,0.14,0.26,0.18000000000000002,1447.939096417077,1547.9425478052292
2018-06-17,Brazil,Switzerland,1.0,1.0,FIFA World Cup,True,D,5,7.0,6.0,1.6,0.6,2.6,0.6,0.1,0.1,0.16,0.06000000000000001,0.26,0.06000000000000001,1684.1993166244113,1560.5120511475027
2018-06-17,Costa Rica,Serbia,0.0,1.0,FIFA World Cup,True,A,5,9.0,3.0,1.0,0.8,0.4,2.4,0.0,0.1,0.1,0.08,0.04,0.24000000000000005,1596.5482792113958,1432.4703390191064
2018-06-17,Germany,Mexico,0.0,1.0,FIFA World Cup,True,A,5,8.0,7.0,1.0,1.2,0.6,1.2,0.0,0.1,0.1,0.12000000000000002,0.06000000000000001,0.12000000000000002,1903.1316043051709,1689.776562824076
2018-06-18,Sweden,South Korea,1.0,0.0,FIFA World Cup,True,H,5,4.0,12.0,1.0,1.4,1.2,0.4,0.1,0.0,0.1,0.14,0.12000000000000002,0.04,1499.710851993227,1550.118327273742
2018-06-18,Belgium,Panama,3.0,0.0,FIFA World Cup,True,H,5,9.0,0.0,1.8,0.0,1.0,0.0,0.30000000000000004,0.0,0.18000000000000002,0.0,0.1,0.0,1633.888536340736,1500.0
2018-06-18,Tunisia,England,1.0,2.0,FIFA World Cup,True,A,5,6.0,6.0,1.4,0.8,1.8,0.8,0.1,0.2,0.14,0.08,0.18,0.08,1419.0070190969375,1550.3403388635002
2018-06-19,Colombia,Japan,1.0,2.0,FIFA World Cup,True,A,5,12.0,10.0,2.4,1.8,0.8,1.0,0.1,0.2,0.24000000000000005,0.18,0.08,0.1,1699.541976539088,1614.863463273711
2018-06-19,Poland,Senegal,1.0,2.0,FIFA World Cup,True,A,5,9.0,8.0,0.8,1.2,0.4,0.8,0.1,0.2,0.08,0.12000000000000002,0.04,0.08,1525.1925812759823,1465.996195137906
2018-06-19,Russia,Egypt,3.0,1.0,FIFA World Cup,False,H,5,5.0,7.0,1.6,0.8,1.4,0.8,0.30000000000000004,0.1,0.16,0.08,0.14,0.08,1468.8011601585024,1704.2681269596922
2018-06-20,Iran,Spain,0.0,1.0,FIFA World Cup,True,A,5,13.0,7.0,1.6,1.6,0.6,1.4,0.0,0.1,0.16,0.16,0.06000000000000001,0.14,1554.3013745454848,1690.422892808379
2018-06-20,Portugal,Morocco,1.0,0.0,FIFA World Cup,True,H,5,11.0,6.0,1.6,0.8,0.8,0.8,0.1,0.0,0.16,0.08,0.08,0.08,1769.4101716393375,1447.7431792805742
2018-06-20,Uruguay,Saudi Arabia,1.0,0.0,FIFA World Cup,True,H,5,9.0,3.0,1.0,1.0,1.2,3.0,0.1,0.0,0.1,0.1,0.12000000000000002,0.3,1637.5090923787689,1263.0608955574064
2018-06-21,Argentina,Croatia,0.0,3.0,FIFA World Cup,True,A,5,8.0,10.0,0.6,1.4,0.4,0.8,0.0,0.30000000000000004,0.06000000000000001,0.14,0.04,0.08,1809.515645368244,1701.7892852465004
2018-06-21,France,Peru,1.0,0.0,FIFA World Cup,True,H,5,12.0,2.0,2.2,0.4,1.0,2.6,0.1,0.0,0.22000000000000003,0.04,0.1,0.26,1783.9188050089017,1411.946054113743
2018-06-21,Denmark,Australia,1.0,1.0,FIFA World Cup,True,D,5,6.0,9.0,1.2,1.4,1.6,0.8,0.1,0.1,0.12000000000000002,0.14,0.16,0.08,1583.9355901085632,1530.9516257522514
2018-06-22,Brazil,Costa Rica,2.0,0.0,FIFA World Cup,True,H,5,5.0,6.0,1.0,0.4,2.6,0.4,0.2,0.0,0.1,0.04,0.26,0.04,1667.1149979805493,1524.5473329289323
2018-06-22,Nigeria,Iceland,2.0,0.0,FIFA World Cup,True,H,5,4.0,8.0,0.6,1.6,1.4,1.8,0.2,0.0,0.06000000000000001,0.16,0.14,0.18,1481.1103115364374,1576.4960605171414
2018-06-22,Serbia,Switzerland,1.0,2.0,FIFA World Cup,True,A,5,6.0,7.0,1.0,0.8,1.2,0.6,0.1,0.2,0.1,0.08,0.12000000000000002,0.06000000000000001,1504.4712853015699,1577.5963697913646
2018-06-23,Germany,Sweden,2.0,1.0,FIFA World Cup,True,H,5,7.0,7.0,1.0,0.8,0.8,0.6,0.2,0.1,0.1,0.08,0.08,0.06000000000000001,1825.781786161237,1556.9145965863474
2018-06-23,Belgium,Tunisia,5.0,2.0,FIFA World Cup,True,H,5,12.0,6.0,2.4,1.4,0.6,1.8,0.5,0.2,0.24000000000000005,0.14,0.06000000000000001,0.18,1689.2449618312728,1387.0558191996495
2018-06-23,South Korea,Mexico,1.0,2.0,FIFA World Cup,True,A,5,9.0,10.0,1.2,1.2,0.6,0.6,0.1,0.2,0.12000000000000002,0.12000000000000002,0.06000000000000001,0.06000000000000001,1492.9145826806214,1767.12638096801
2018-06-24,Poland,Colombia,0.0,3.0,FIFA World Cup,True,A,5,6.0,9.0,0.8,2.0,0.8,1.2,0.0,0.30000000000000004,0.08,0.2,0.08,0.12000000000000002,1466.7550253631482,1637.5914536648754
2018-06-24,Japan,Senegal,2.0,2.0,FIFA World Cup,True,D,5,13.0,11.0,2.0,1.6,0.4,0.6,0.2,0.2,0.2,0.16,0.04,0.06000000000000001,1676.8139861479235,1524.43375105074
2018-06-24,England,Panama,6.0,1.0,FIFA World Cup,True,H,5,8.0,0.0,1.2,0.0,1.0,3.0,0.6000000000000001,0.1,0.12000000000000002,0.0,0.1,0.30000000000000004,1582.2915387607882,1444.6435745094632
2018-06-25,Iran,Portugal,1.0,1.0,FIFA World Cup,True,D,5,10.0,11.0,1.2,1.6,0.8,0.8,0.1,0.1,0.12000000000000002,0.16,0.08,0.08,1522.9464583717154,1782.9779352788817
2018-06-25,Spain,Morocco,2.0,2.0,FIFA World Cup,True,D,5,7.0,6.0,1.6,0.8,1.4,0.8,0.2,0.2,0.16,0.08,0.14,0.08,1721.7778089821484,1434.17541564103
2018-06-25,Russia,Uruguay,0.0,3.0,FIFA World Cup,False,A,5,7.0,12.0,2.0,1.0,1.4,0.6,0.0,0.30000000000000004,0.2,0.1,0.14,0.06000000000000001,1571.6470522785264,1647.8909580743423
2018-06-25,Saudi Arabia,Egypt,2.0,1.0,FIFA World Cup,True,H,5,3.0,4.0,1.0,0.8,2.2,1.4,0.2,0.1,0.1,0.08,0.22000000000000003,0.14,1252.679029861833,1585.0150790251905
2018-06-26,Australia,Peru,0.0,2.0,FIFA World Cup,True,A,5,10.0,2.0,1.6,0.4,0.8,1.6,0.0,0.2,0.16,0.04,0.08,0.16,1538.5180661386196,1401.430857209407
2018-06-26,Denmark,France,0.0,0.0,FIFA World Cup,True,D,5,7.0,12.0,1.2,2.0,1.2,0.8,0.0,0.0,0.12000000000000002,0.2,0.12000000000000002,0.08,1576.369149722195,1794.4340019132378
2018-06-26,Nigeria,Argentina,1.0,2.0,FIFA World Cup,True,A,5,6.0,5.0,1.0,0.4,1.4,1.0,0.1,0.2,0.1,0.04,0.14,0.1,1576.1987861485595,1695.7225127945735
2018-06-26,Iceland,Croatia,1.0,2.0,FIFA World Cup,True,A,5,7.0,10.0,1.4,1.8,2.0,0.8,0.1,0.2,0.14,0.18000000000000002,0.2,0.08,1481.4075859050192,1815.5824178201708
2018-06-27,Switzerland,Costa Rica,2.0,2.0,FIFA World Cup,True,D,5,7.0,3.0,1.0,0.2,0.8,0.8,0.2,0.2,0.1,0.02,0.08,0.08,1617.2255099895212,1478.7046063634739
2018-06-27,South Korea,Germany,2.0,0.0,FIFA World Cup,True,H,5,6.0,7.0,1.2,1.2,1.0,1.0,0.2,0.0,0.12000000000000002,0.12000000000000002,0.1,0.1,1475.8136385310509,1843.3233104267943
2018-06-27,Mexico,Sweden,0.0,3.0,FIFA World Cup,True,A,5,10.0,4.0,1.4,0.6,0.8,1.0,0.0,0.30000000000000004,0.14,0.06000000000000001,0.08,0.1,1784.2273251175802,1539.3730723207902
2018-06-27,Serbia,Brazil,0.0,2.0,FIFA World Cup,True,A,5,6.0,7.0,0.8,1.2,1.0,2.4,0.0,0.2,0.08,0.12000000000000002,0.1,0.24000000000000005,1464.8421451034133,1712.9577245460077
2018-06-28,Japan,Poland,0.0,1.0,FIFA World Cup,True,A,5,11.0,5.0,1.6,0.8,0.8,1.4,0.0,0.1,0.16,0.08,0.08,0.14,1656.1904191528574,1419.117402207595
2018-06-28,Senegal,Colombia,0.0,1.0,FIFA World Cup,True,A,5,9.0,9.0,1.6,2.2,1.0,1.0,0.0,0.1,0.16,0.22000000000000003,0.1,0.1,1545.0573180458061,1685.2290768204286
2018-06-28,Panama,Tunisia,1.0,2.0,FIFA World Cup,True,A,5,0.0,6.0,0.5,1.8,4.5,2.4,0.1,0.2,0.05,0.18,0.45000000000000007,0.24,1382.3113739050784,1360.9158409677925
2018-06-28,England,Belgium,0.0,1.0,FIFA World Cup,True,A,5,10.0,12.0,2.2,2.8,1.0,1.0,0.0,0.1,0.22000000000000003,0.28,0.1,0.1,1644.623739365173,1715.3849400631298
2018-06-30,France,Argentina,4.0,3.0,FIFA World Cup,True,H,5,10.0,5.0,1.0,0.6,0.4,1.2,0.4,0.30000000000000004,0.1,0.06000000000000001,0.04,0.12000000000000002,1766.6127124225047,1729.1695717429068
2018-06-30,Uruguay,Portugal,2.0,1.0,FIFA World Cup,True,H,5,12.0,11.0,1.2,1.6,0.4,0.8,0.2,0.1,0.12000000000000002,0.16,0.04,0.08,1716.4917021558872,1751.2673438460417
2018-07-01,Russia,Spain,1.0,1.0,FIFA World Cup,False,D,5,6.0,5.0,1.8,1.4,1.8,1.8,0.1,0.1,0.18,0.14,0.18000000000000002,0.18000000000000002,1478.17349923664,1687.8135327165012
2018-07-01,Croatia,Denmark,1.0,1.0,FIFA World Cup,True,D,5,12.0,5.0,1.8,1.0,0.6,1.2,0.1,0.1,0.18000000000000002,0.1,0.06000000000000001,0.12000000000000002,1828.3277610312632,1604.1904392129281
2018-07-02,Belgium,Japan,3.0,2.0,FIFA World Cup,True,H,5,12.0,8.0,2.8,1.4,1.0,1.0,0.30000000000000004,0.2,0.28,0.14,0.1,0.1,1755.340089900388,1576.5381360403658
2018-07-02,Brazil,Mexico,2.0,0.0,FIFA World Cup,True,H,5,7.0,9.0,1.2,1.4,2.2,1.4,0.2,0.0,0.12000000000000002,0.14,0.22000000000000003,0.14,1741.96302652689,1643.5822432651355
2018-07-03,Colombia,England,1.0,1.0,FIFA World Cup,True,D,5,9.0,7.0,1.6,1.8,0.8,1.0,0.1,0.1,0.16,0.18000000000000002,0.08,0.1,1716.0843633804102,1604.6685895279147
2018-07-03,Sweden,Switzerland,1.0,0.0,FIFA World Cup,True,H,5,6.0,7.0,1.0,1.2,0.8,1.0,0.1,0.0,0.1,0.12000000000000002,0.08,0.1,1680.018154173235,1598.283910992031
2018-07-06,Uruguay,France,0.0,2.0,FIFA World Cup,True,A,5,12.0,10.0,1.4,1.4,0.6,1.0,0.0,0.2,0.14,0.14,0.06000000000000001,0.1,1771.479673114468,1811.2449762237602
2018-07-06,Brazil,Belgium,1.0,2.0,FIFA World Cup,True,A,5,10.0,12.0,1.4,2.6,0.8,1.4,0.1,0.2,0.14,0.26,0.08,0.14,1796.2758022451987,1781.6627177097623
2018-07-07,Sweden,England,0.0,2.0,FIFA World Cup,True,A,5,9.0,7.0,1.2,2.0,0.6,1.2,0.0,0.2,0.12000000000000002,0.2,0.06000000000000001,0.12000000000000002,1718.467941933165,1620.1746890472402
2018-07-07,Russia,Croatia,2.0,2.0,FIFA World Cup,False,D,5,7.0,10.0,1.8,1.6,1.6,0.6,0.2,0.2,0.18,0.16,0.16,0.06000000000000001,1493.4482621595853,1799.909011619591
2018-07-10,France,Belgium,1.0,0.0,FIFA World Cup,True,H,5,13.0,15.0,1.8,2.8,0.8,1.0,0.1,0.0,0.18,0.28,0.08,0.1,1877.6982327791327,1833.7644704147478
2018-07-11,Croatia,England,2.0,1.0,FIFA World Cup,True,H,5,11.0,10.0,2.0,2.2,0.8,0.8,0.2,0.1,0.2,0.22000000000000003,0.08,0.08,1764.5363971433414,1715.8444547312213
2018-07-14,Belgium,England,2.0,0.0,FIFA World Cup,True,H,5,12.0,7.0,2.2,2.0,1.2,1.0,0.2,0.0,0.22000000000000003,0.2,0.12000000000000002,0.1,1790.0535619003165,1672.8062688902307
2018-07-15,France,Croatia,4.0,2.0,FIFA World Cup,True,H,5,13.0,11.0,1.6,2.0,0.6,1.0,0.4,0.2,0.16,0.2,0.06000000000000001,0.1,1921.409141293564,1807.574582984332
2019-01-05,United Arab Emirates,Bahrain,1.0,1.0,AFC Asian Cup,False,D,3,7.0,6.0,1.2,1.6,1.4,1.6,0.1,0.1,0.12000000000000002,0.16,0.14,0.16,1401.8706257779932,1321.855244814919
2019-01-06,Thailand,India,1.0,4.0,AFC Asian Cup,True,A,3,4.0,1.0,0.8,0.6,2.2,3.2,0.1,0.4,0.08,0.06000000000000001,0.22000000000000003,0.32,1241.5482955795476,1275.6779017103245
2019-01-06,Australia,Jordan,0.0,1.0,AFC Asian Cup,True,A,3,7.0,6.0,1.2,1.6,1.2,1.4,0.0,0.1,0.12000000000000002,0.16,0.12000000000000002,0.14,1435.371153293977,1519.9420689950812
2019-01-06,Syria,Palestine,0.0,0.0,AFC Asian Cup,True,D,3,6.0,0.0,1.2,0.3333333333333333,1.8,3.6666666666666665,0.0,0.0,0.12000000000000002,0.03333333333333333,0.18000000000000002,0.3666666666666667,1430.9973415073298,1359.337429390295
2019-01-07,China PR,Kyrgyzstan,2.0,1.0,AFC Asian Cup,True,H,3,10.0,0.0,1.4,0.0,1.2,0.0,0.2,0.1,0.14,0.0,0.12000000000000002,0.0,1430.844667680193,1500.0
2019-01-07,South Korea,Philippines,1.0,0.0,AFC Asian Cup,True,H,3,6.0,0.0,1.2,0.0,1.0,0.0,0.1,0.0,0.12000000000000002,0.0,0.1,0.0,1609.6745302957497,1500.0
2019-01-07,Iran,Yemen,5.0,0.0,AFC Asian Cup,True,H,3,8.0,0.0,1.2,0.0,1.0,0.0,0.5,0.0,0.12000000000000002,0.0,0.1,0.0,1554.6570498045553,1500.0
2019-01-08,Saudi Arabia,North Korea,4.0,0.0,AFC Asian Cup,True,H,3,6.0,0.0,1.4,0.4,2.2,1.8,0.4,0.0,0.14,0.04,0.22000000000000003,0.18,1339.8155082351134,1213.2630427165122
2019-01-08,Iraq,Vietnam,3.0,2.0,AFC Asian Cup,True,H,3,4.0,4.0,1.4,1.0,1.8,1.75,0.30000000000000004,0.2,0.14,0.1,0.18000000000000002,0.17500000000000002,1430.3529673737278,1386.4634830238124
2019-01-09,Qatar,Lebanon,2.0,0.0,AFC Asian Cup,True,H,3,3.0,2.0,1.4,1.0,2.0,2.3333333333333335,0.2,0.0,0.14,0.10000000000000002,0.2,0.23333333333333336,1261.5210503610163,1395.7394369547753
2019-01-09,Japan,Turkmenistan,3.0,2.0,AFC Asian Cup,True,H,3,5.0,1.0,1.4,1.3333333333333333,1.6,2.0,0.30000000000000004,0.2,0.14,0.13333333333333333,0.16,0.20000000000000004,1550.2155082309914,1409.5706097029208
2019-01-09,Uzbekistan,Oman,2.0,1.0,AFC Asian Cup,True,H,3,6.0,4.0,1.4,0.2,1.6,1.4,0.2,0.1,0.14,0.02,0.16,0.14,1443.3760203591676,1370.7319217307233
2019-01-10,Bahrain,Thailand,0.0,1.0,AFC Asian Cup,True,A,3,4.0,4.0,0.8,0.8,1.4,2.2,0.0,0.1,0.08,0.08,0.14,0.22000000000000003,1328.644714112239,1194.1889981904426
2019-01-10,Jordan,Syria,2.0,0.0,AFC Asian Cup,True,H,3,6.0,7.0,1.4,1.2,1.2,1.2,0.2,0.0,0.13999999999999999,0.12000000000000002,0.12000000000000002,0.12000000000000002,1542.7805158975718,1424.8960012172738
2019-01-10,United Arab Emirates,India,2.0,0.0,AFC Asian Cup,False,H,3,5.0,3.0,1.0,1.4,1.4,3.4,0.2,0.0,0.1,0.14,0.14,0.34,1387.5830569392647,1323.0371990994295
2019-01-11,Kyrgyzstan,South Korea,0.0,1.0,AFC Asian Cup,True,A,3,0.0,6.0,1.0,1.0,2.0,1.0,0.0,0.1,0.1,0.1,0.2,0.1,1464.1062781124879,1630.5069719230576
2019-01-11,Philippines,China PR,0.0,3.0,AFC Asian Cup,True,A,3,0.0,12.0,0.0,1.4,1.0,1.0,0.0,0.30000000000000004,0.0,0.14,0.1,0.1,1479.1675583726922,1466.738389567705
2019-01-11,Palestine,Australia,0.0,3.0,AFC Asian Cup,True,A,3,1.0,4.0,0.25,0.8,2.75,1.4,0.0,0.30000000000000004,0.025,0.08,0.275,0.14,1365.438769680351,1412.5327063914863
2019-01-12,Vietnam,Iran,0.0,2.0,AFC Asian Cup,True,A,3,4.0,8.0,1.2,2.0,2.0,1.0,0.0,0.2,0.12000000000000002,0.2,0.2,0.1,1360.2331750719882,1605.2952141320295
2019-01-12,Yemen,Iraq,0.0,3.0,AFC Asian Cup,True,A,3,0.0,7.0,0.0,2.0,5.0,2.0,0.0,0.30000000000000004,0.0,0.2,0.5,0.2,1449.3618356725258,1456.583275325552
2019-01-12,Lebanon,Saudi Arabia,0.0,2.0,AFC Asian Cup,True,A,3,2.0,6.0,0.75,1.4,2.25,2.0,0.0,0.2,0.07500000000000001,0.14,0.225,0.2,1334.1715117049264,1378.8785291913218
2019-01-13,North Korea,Qatar,0.0,6.0,AFC Asian Cup,True,A,3,0.0,3.0,0.4,1.2,2.4,2.0,0.0,0.6000000000000001,0.04,0.12000000000000002,0.24000000000000005,0.2,1174.2000217603038,1323.0889756108652
2019-01-13,Oman,Japan,0.0,1.0,AFC Asian Cup,True,A,3,4.0,7.0,0.4,1.8,1.4,1.8,0.0,0.1,0.04,0.18000000000000002,0.14,0.18000000000000002,1346.9146813341317,1568.6938337371123
2019-01-13,Turkmenistan,Uzbekistan,0.0,4.0,AFC Asian Cup,True,A,3,1.0,9.0,1.5,1.4,2.25,1.2,0.0,0.4,0.15000000000000002,0.14,0.22500000000000003,0.12000000000000002,1391.0922841968,1467.1932607557592
2019-01-14,United Arab Emirates,Thailand,1.0,1.0,AFC Asian Cup,False,D,3,8.0,7.0,1.4,1.0,1.2,1.8,0.1,0.1,0.14,0.1,0.12000000000000002,0.18,1412.7333634876475,1235.2519920398497
2019-01-14,India,Bahrain,0.0,1.0,AFC Asian Cup,True,A,3,3.0,4.0,1.4,0.8,3.2,1.4,0.0,0.1,0.14,0.08,0.32,0.14,1286.3023371372985,1287.5817202628318
2019-01-15,Australia,Syria,3.0,2.0,AFC Asian Cup,True,H,3,4.0,4.0,1.0,0.8,1.2,1.4,0.30000000000000004,0.2,0.1,0.08,0.12000000000000002,0.14,1457.959740354769,1394.6043117453394
2019-01-15,Palestine,Jordan,0.0,0.0,AFC Asian Cup,True,D,3,1.0,9.0,0.2,1.6,2.8,0.8,0.0,0.0,0.02,0.16,0.28,0.08,1320.0117357170684,1573.0722053695063
2019-01-16,South Korea,China PR,2.0,0.0,AFC Asian Cup,True,H,3,9.0,12.0,1.0,1.8,0.6,1.0,0.2,0.0,0.1,0.18000000000000002,0.06000000000000001,0.1,1647.1451505213638,1521.115725011085
2019-01-16,Kyrgyzstan,Philippines,3.0,1.0,AFC Asian Cup,True,H,3,0.0,0.0,0.5,0.0,1.5,2.0,0.30000000000000004,0.1,0.05,0.0,0.15000000000000002,0.2,1447.4680995141816,1424.7902229293122
2019-01-16,Iran,Iraq,0.0,0.0,AFC Asian Cup,True,D,3,10.0,7.0,1.8,2.2,0.4,2.0,0.0,0.0,0.18,0.22000000000000003,0.04,0.2,1622.9464794339656,1507.9922212970814
2019-01-16,Vietnam,Yemen,2.0,0.0,AFC Asian Cup,True,H,3,1.0,0.0,0.8,0.0,2.4,4.0,0.2,0.0,0.08,0.0,0.24000000000000005,0.4,1342.581909770052,1397.9528897009964
2019-01-17,Lebanon,North Korea,4.0,1.0,AFC Asian Cup,True,H,3,2.0,0.0,0.6,0.4,2.2,3.4,0.4,0.1,0.06000000000000001,0.04,0.22000000000000003,0.34,1294.9302340986656,1138.4458906007098
2019-01-17,Saudi Arabia,Qatar,0.0,2.0,AFC Asian Cup,True,A,3,9.0,6.0,1.6,2.0,1.4,1.4,0.0,0.2,0.16,0.2,0.13999999999999999,0.14,1418.1198067975827,1358.8431067704591
2019-01-17,Japan,Uzbekistan,2.0,1.0,AFC Asian Cup,True,H,3,7.0,9.0,1.6,2.0,1.6,1.2,0.2,0.1,0.16,0.2,0.16,0.12000000000000002,1581.7809567918318,1514.257304558025
2019-01-17,Oman,Turkmenistan,3.0,1.0,AFC Asian Cup,True,H,3,3.0,1.0,0.4,1.2,1.6,2.6,0.30000000000000004,0.1,0.04,0.12000000000000002,0.16,0.26,1333.8275582794122,1344.0282403945341
2019-01-20,Thailand,China PR,1.0,2.0,AFC Asian Cup,True,A,3,7.0,9.0,1.0,1.4,1.8,1.2,0.1,0.2,0.1,0.14,0.18,0.12000000000000002,1249.369798539673,1491.758932661125
2019-01-20,Jordan,Vietnam,1.0,1.0,AFC Asian Cup,True,D,3,10.0,3.0,1.6,1.0,0.6,2.2,0.1,0.1,0.16,0.1,0.06000000000000001,0.22000000000000003,1554.4102546529402,1394.6934748083036
2019-01-20,Iran,Oman,2.0,0.0,AFC Asian Cup,True,H,3,8.0,6.0,1.6,1.0,0.4,1.6,0.2,0.0,0.16,0.1,0.04,0.16,1613.3675466330783,1380.1483753291493
2019-01-21,Australia,Uzbekistan,0.0,0.0,AFC Asian Cup,True,D,3,7.0,9.0,1.4,2.0,1.2,1.2,0.0,0.0,0.14,0.2,0.12000000000000002,0.12000000000000002,1482.5490328331357,1490.015449514147
2019-01-21,Japan,Saudi Arabia,1.0,0.0,AFC Asian Cup,True,H,3,9.0,9.0,1.6,1.6,1.4,0.8,0.1,0.0,0.16,0.16,0.14,0.08,1606.02281183571,1365.5159008077944
2019-01-21,United Arab Emirates,Kyrgyzstan,3.0,2.0,AFC Asian Cup,False,H,3,8.0,3.0,1.4,1.3333333333333333,1.2,1.3333333333333333,0.30000000000000004,0.2,0.14,0.13333333333333333,0.12000000000000002,0.13333333333333333,1392.8348285471038,1489.5350158503004
2019-01-22,South Korea,Bahrain,2.0,1.0,AFC Asian Cup,True,H,3,12.0,7.0,1.4,1.0,0.4,1.0,0.2,0.1,0.14,0.1,0.04,0.1,1676.5019428713238,1317.4712499429086
2019-01-22,Qatar,Iraq,1.0,0.0,AFC Asian Cup,True,H,3,9.0,7.0,2.2,1.6,0.6,1.4,0.1,0.0,0.22000000000000003,0.16,0.06000000000000001,0.14,1411.4470127602474,1517.5711540979687
2019-01-24,China PR,Iran,0.0,3.0,AFC Asian Cup,True,A,3,9.0,11.0,1.4,2.0,1.2,0.2,0.0,0.30000000000000004,0.14,0.2,0.12000000000000002,0.02,1503.6726736941018,1632.0062196345948
2019-01-24,Vietnam,Japan,0.0,1.0,AFC Asian Cup,True,A,3,4.0,12.0,1.0,1.8,1.6,1.2,0.0,0.1,0.1,0.18000000000000002,0.16,0.12000000000000002,1407.5887100906186,1618.0403442238276
2019-01-25,South Korea,Qatar,0.0,1.0,AFC Asian Cup,True,A,3,15.0,12.0,1.6,2.4,0.2,0.4,0.0,0.1,0.16,0.24000000000000005,0.02,0.04,1683.244209826577,1450.3357727854288
2019-01-25,United Arab Emirates,Australia,1.0,0.0,AFC Asian Cup,False,H,3,11.0,7.0,2.0,1.2,1.2,1.0,0.1,0.0,0.2,0.12000000000000002,0.12000000000000002,0.1,1422.5499083819145,1483.1936358458333
2019-01-28,Iran,Japan,0.0,3.0,AFC Asian Cup,True,A,3,13.0,15.0,2.4,1.6,0.0,0.6,0.0,0.30000000000000004,0.24000000000000005,0.16,0.0,0.06000000000000001,1665.9504244444502,1631.806945529264
2019-01-29,United Arab Emirates,Qatar,0.0,4.0,AFC Asian Cup,False,A,3,11.0,15.0,1.6,2.4,0.8,0.0,0.0,0.4,0.16,0.24000000000000005,0.08,0.0,1449.1660755539824,1497.8923581801766
2019-02-01,Japan,Qatar,1.0,3.0,AFC Asian Cup,True,A,3,15.0,15.0,1.6,2.8,0.2,0.0,0.1,0.30000000000000004,0.16,0.28,0.02,0.0,1689.4497243098845,1549.5323658946072
2019-06-21,Egypt,Zimbabwe,1.0,0.0,African Cup of Nations,False,H,3,1.0,4.0,0.8,1.2,1.8,2.2,0.1,0.0,0.08,0.12000000000000002,0.18000000000000002,0.22000000000000003,1497.8786006519101,1367.5190925559452
2019-06-22,Nigeria,Burundi,1.0,0.0,African Cup of Nations,True,H,3,3.0,0.0,1.0,0.0,1.8,0.0,0.1,0.0,0.1,0.0,0.18000000000000002,0.0,1542.7517272002262,1500.0
2019-06-22,DR Congo,Uganda,0.0,2.0,African Cup of Nations,True,A,3,8.0,4.0,1.4,0.6,1.0,1.2,0.0,0.2,0.14,0.06000000000000001,0.1,0.12000000000000002,1474.693039521812,1396.0050006279241
2019-06-22,Guinea,Madagascar,2.0,2.0,African Cup of Nations,True,D,3,4.0,0.0,0.8,0.0,1.4,0.0,0.2,0.2,0.08,0.0,0.14,0.0,1476.3061217449108,1500.0
2019-06-23,Senegal,Tanzania,2.0,0.0,African Cup of Nations,True,H,3,6.0,1.0,1.2,1.0,1.2,2.0,0.2,0.0,0.12000000000000002,0.10000000000000002,0.12000000000000002,0.20000000000000004,1514.2020314858246,1429.0649229289577
2019-06-23,Algeria,Kenya,2.0,0.0,African Cup of Nations,True,H,3,5.0,3.0,1.6,1.0,1.8,2.2,0.2,0.0,0.16,0.1,0.18000000000000002,0.22000000000000003,1412.7867966894892,1338.6409694372403
2019-06-23,Morocco,Namibia,1.0,0.0,African Cup of Nations,True,H,3,4.0,2.0,0.6,1.2,1.0,2.8,0.1,0.0,0.06000000000000001,0.12000000000000002,0.1,0.28,1468.1396919066772,1398.1393998100914
2019-06-24,Tunisia,Angola,1.0,1.0,African Cup of Nations,True,D,3,6.0,2.0,1.8,0.6,2.4,1.6,0.1,0.1,0.18,0.06000000000000001,0.24,0.16,1413.9910193624182,1360.0023308395646
2019-06-24,Mali,Mauritania,4.0,1.0,African Cup of Nations,True,H,3,4.0,0.0,0.6,0.0,0.8,0.0,0.4,0.1,0.06000000000000001,0.0,0.08,0.0,1509.0996286813154,1500.0
2019-06-24,Ivory Coast,South Africa,1.0,0.0,African Cup of Nations,True,H,3,6.0,3.0,1.0,1.2,0.8,1.8,0.1,0.0,0.1,0.12000000000000002,0.08,0.18000000000000002,1547.7762269116483,1348.0094948650035
2019-06-25,Cameroon,Guinea-Bissau,2.0,0.0,African Cup of Nations,True,H,3,11.0,1.0,1.2,0.6666666666666666,0.4,1.6666666666666667,0.2,0.0,0.12000000000000002,0.06666666666666667,0.04,0.16666666666666666,1547.5148886919537,1393.7319618163224
2019-06-25,Ghana,Benin,2.0,2.0,African Cup of Nations,True,D,3,6.0,1.0,0.6,0.6,1.0,2.2,0.2,0.2,0.06000000000000001,0.06000000000000001,0.1,0.22000000000000003,1541.4228010047102,1309.3756628187243
2019-06-26,Nigeria,Guinea,1.0,0.0,African Cup of Nations,True,H,3,6.0,4.0,0.8,1.0,1.2,1.6,0.1,0.0,0.08,0.1,0.12000000000000002,0.16,1569.078765266517,1478.3488498892673
2019-06-26,Uganda,Zimbabwe,1.0,1.0,African Cup of Nations,True,D,3,4.0,4.0,0.6,1.2,1.0,2.0,0.1,0.1,0.06000000000000001,0.12000000000000002,0.1,0.2,1451.0259517491959,1348.275169756714
2019-06-26,Egypt,DR Congo,2.0,0.0,African Cup of Nations,False,H,3,3.0,7.0,0.8,1.4,1.6,1.4,0.2,0.0,0.08,0.14,0.16,0.14,1510.4673512577494,1419.6720884005401
2019-06-27,Madagascar,Burundi,1.0,0.0,African Cup of Nations,True,H,3,1.0,0.0,2.0,0.0,2.0,1.0,0.1,0.0,0.2,0.0,0.2,0.1,1497.9572718556435,1473.6729619337093
2019-06-27,Senegal,Algeria,0.0,1.0,African Cup of Nations,True,A,3,8.0,5.0,1.2,1.6,0.8,1.8,0.0,0.1,0.12000000000000002,0.16,0.08,0.18000000000000002,1548.3905742820689,1448.3265810562796
2019-06-27,Kenya,Tanzania,3.0,2.0,African Cup of Nations,True,H,3,3.0,1.0,0.8,0.75,2.2,2.0,0.30000000000000004,0.2,0.08,0.07500000000000001,0.22000000000000003,0.2,1303.10118507045,1394.8763801327134
2019-06-28,Morocco,Ivory Coast,1.0,0.0,African Cup of Nations,True,H,3,4.0,6.0,0.6,0.6,1.0,0.6,0.1,0.0,0.06000000000000001,0.06000000000000001,0.1,0.06000000000000001,1492.1758598792107,1562.2061226234887
2019-06-28,South Africa,Namibia,1.0,0.0,African Cup of Nations,True,H,3,2.0,1.0,0.8,0.6,1.6,2.4,0.1,0.0,0.08,0.06000000000000001,0.16,0.24,1333.5795991531631,1374.1032318375578
2019-06-28,Tunisia,Mali,1.0,1.0,African Cup of Nations,True,D,3,4.0,6.0,1.2,1.2,2.2,0.8,0.1,0.1,0.12000000000000002,0.12000000000000002,0.22000000000000003,0.08,1409.3664243097735,1560.224924071384
2019-06-29,Cameroon,Ghana,0.0,0.0,African Cup of Nations,True,D,3,11.0,4.0,1.2,0.8,0.2,1.4,0.0,0.0,0.12000000000000002,0.08,0.02,0.14,1573.8031618651346,1523.9151865206736
2019-06-29,Mauritania,Angola,0.0,0.0,African Cup of Nations,True,D,3,0.0,2.0,1.0,0.4,4.0,1.4,0.0,0.0,0.1,0.04,0.4,0.14,1448.8747046099313,1364.6269258922093
2019-06-29,Benin,Guinea-Bissau,0.0,0.0,African Cup of Nations,True,D,3,2.0,1.0,0.8,0.5,1.8,1.75,0.0,0.0,0.08,0.05,0.18,0.17500000000000002,1326.883277302761,1367.4436886431415
2019-06-30,Egypt,Uganda,2.0,0.0,African Cup of Nations,False,H,3,6.0,5.0,1.0,0.8,1.2,0.8,0.2,0.0,0.1,0.08,0.12000000000000002,0.08,1532.9725233098447,1442.4036580785842
2019-06-30,Zimbabwe,DR Congo,0.0,4.0,African Cup of Nations,True,A,3,2.0,4.0,1.0,1.2,2.0,1.8,0.0,0.4,0.1,0.12000000000000002,0.2,0.18,1356.8974634273256,1386.1713386073948
2019-06-30,Burundi,Guinea,0.0,2.0,African Cup of Nations,True,A,3,0.0,3.0,0.0,0.8,1.0,1.6,0.0,0.2,0.0,0.08,0.1,0.16,1445.7664297546742,1456.0097423449547
2019-06-30,Madagascar,Nigeria,2.0,0.0,African Cup of Nations,True,H,3,4.0,9.0,1.5,1.0,1.0,0.8,0.2,0.0,0.15000000000000002,0.1,0.1,0.08,1525.8638040346787,1591.4178728108295
2019-07-01,South Africa,Morocco,0.0,1.0,African Cup of Nations,True,A,3,4.0,7.0,0.8,0.8,1.4,0.8,0.0,0.1,0.08,0.08,0.14,0.08,1367.0629094738188,1528.1421774670591
2019-07-01,Namibia,Ivory Coast,1.0,4.0,African Cup of Nations,True,A,3,1.0,5.0,0.4,0.6,1.8,0.8,0.1,0.4,0.04,0.06000000000000001,0.18,0.08,1340.6199215169022,1526.2398050356403
2019-07-01,Kenya,Senegal,0.0,3.0,African Cup of Nations,True,A,3,6.0,7.0,1.4,1.2,2.0,1.0,0.0,0.30000000000000004,0.14,0.12000000000000002,0.2,0.1,1340.8463835378866,1509.9815825482879
2019-07-01,Tanzania,Algeria,0.0,3.0,African Cup of Nations,True,A,3,1.0,8.0,1.0,1.6,2.2,1.2,0.0,0.30000000000000004,0.1,0.16,0.22000000000000003,0.12000000000000002,1357.1311816652767,1486.7355727900606
2019-07-02,Angola,Mali,0.0,1.0,African Cup of Nations,True,A,3,3.0,6.0,0.4,1.2,1.0,0.8,0.0,0.1,0.04,0.12000000000000002,0.1,0.08,1371.762161294966,1547.9600227698816
2019-07-02,Mauritania,Tunisia,0.0,0.0,African Cup of Nations,True,D,3,1.0,5.0,0.5,1.4,2.0,2.0,0.0,0.0,0.05,0.14,0.2,0.2,1441.7394692071746,1421.631325611276
2019-07-02,Benin,Cameroon,0.0,0.0,African Cup of Nations,True,D,3,3.0,11.0,0.8,1.2,1.4,0.2,0.0,0.0,0.08,0.12000000000000002,0.14,0.02,1330.3697204954515,1569.5248506444289
2019-07-02,Guinea-Bissau,Ghana,0.0,2.0,African Cup of Nations,True,A,3,2.0,5.0,0.4,0.8,1.4,1.2,0.0,0.2,0.04,0.08,0.14,0.12000000000000002,1363.957245450451,1528.1934977413794
2019-07-05,Uganda,Senegal,0.0,1.0,African Cup of Nations,True,A,3,5.0,7.0,0.8,1.4,1.0,0.8,0.0,0.1,0.08,0.14,0.1,0.08,1408.8754954140004,1538.7683252436032
2019-07-05,Morocco,Benin,1.0,1.0,African Cup of Nations,True,D,3,10.0,3.0,1.0,0.4,0.6,1.0,0.1,0.1,0.1,0.04,0.06000000000000001,0.1,1545.1511941946515,1348.2772296809737
2019-07-06,Egypt,South Africa,0.0,1.0,African Cup of Nations,False,A,3,9.0,4.0,1.4,0.6,1.0,1.0,0.0,0.1,0.14,0.06000000000000001,0.1,0.1,1555.4996982310881,1350.0538927462264
2019-07-06,Nigeria,Cameroon,3.0,2.0,African Cup of Nations,True,H,3,9.0,11.0,1.0,1.2,0.8,0.2,0.30000000000000004,0.2,0.1,0.12000000000000002,0.08,0.02,1538.026623638636,1551.6173414589066
2019-07-07,Algeria,Guinea,3.0,0.0,African Cup of Nations,True,H,3,10.0,5.0,1.8,1.0,0.8,1.4,0.30000000000000004,0.0,0.18000000000000002,0.1,0.08,0.14,1520.511950862446,1499.6834085552707
2019-07-07,Madagascar,DR Congo,2.0,2.0,African Cup of Nations,True,D,3,7.0,6.0,1.6666666666666667,1.6,0.6666666666666666,1.4,0.2,0.2,0.16666666666666666,0.16,0.06666666666666667,0.14,1579.2550532068724,1441.1278487982472
2019-07-08,Mali,Ivory Coast,0.0,1.0,African Cup of Nations,True,A,3,8.0,7.0,1.4,1.4,0.8,1.0,0.0,0.1,0.14,0.14,0.08,0.1,1563.9286497067342,1553.0868134102304
2019-07-08,Ghana,Tunisia,1.0,1.0,African Cup of Nations,True,D,3,5.0,6.0,0.8,1.2,1.0,1.6,0.1,0.1,0.08,0.12000000000000002,0.1,0.16,1553.3761147960345,1423.3656662720923
2019-07-10,Nigeria,South Africa,2.0,1.0,African Cup of Nations,True,H,3,9.0,6.0,1.2,0.6,1.2,0.8,0.2,0.1,0.12000000000000002,0.06000000000000001,0.12000000000000002,0.08,1569.1995423590497,1395.979233886001
2019-07-10,Senegal,Benin,1.0,0.0,African Cup of Nations,True,H,3,9.0,4.0,1.2,0.6,0.4,1.0,0.1,0.0,0.12000000000000002,0.06000000000000001,0.04,0.1,1558.0473811811323,1363.664046877719
2019-07-11,Ivory Coast,Algeria,1.0,1.0,African Cup of Nations,True,D,3,9.0,13.0,1.2,2.2,0.6,0.4,0.1,0.1,0.12000000000000002,0.22000000000000003,0.06000000000000001,0.04,1584.0226690589595,1569.8683742893431
2019-07-11,Madagascar,Tunisia,0.0,3.0,African Cup of Nations,True,A,3,8.0,7.0,1.75,1.0,1.0,0.8,0.0,0.30000000000000004,0.17500000000000002,0.1,0.1,0.08,1567.9192223157424,1434.0954682564898
2019-07-14,Algeria,Nigeria,2.0,1.0,African Cup of Nations,True,H,3,13.0,12.0,2.0,1.4,0.2,1.0,0.2,0.1,0.2,0.14,0.02,0.1,1571.0898786450402,1585.3698328294956
2019-07-14,Senegal,Tunisia,1.0,0.0,African Cup of Nations,True,H,3,12.0,7.0,1.4,1.2,0.2,0.6,0.1,0.0,0.14,0.12000000000000002,0.02,0.06000000000000001,1572.8196311367851,1505.8731443489119
2019-07-17,Tunisia,Nigeria,0.0,1.0,African Cup of Nations,True,A,3,6.0,9.0,1.0,1.4,0.6,1.4,0.0,0.1,0.1,0.14,0.06000000000000001,0.14,1481.5832735571494,1554.137496315986
2019-07-19,Senegal,Algeria,0.0,1.0,African Cup of Nations,True,A,3,12.0,13.0,1.2,2.0,0.2,0.4,0.0,0.1,0.12000000000000002,0.2,0.02,0.04,1597.1095019285476,1602.3222151585499
2021-06-11,Italy,Turkey,3.0,0.0,UEFA Euro,False,H,4,10.0,4.0,1.2,1.0,0.4,1.6,0.30000000000000004,0.0,0.12000000000000002,0.1,0.04,0.16,1754.0292626690307,1611.115152947078
2021-06-12,Denmark,Finland,0.0,1.0,UEFA Euro,False,A,4,6.0,0.0,0.8,0.0,0.8,0.0,0.0,0.1,0.08,0.0,0.08,0.0,1632.6091886246004,1500.0
2021-06-12,Wales,Switzerland,1.0,1.0,UEFA Euro,False,D,4,9.0,6.0,1.6,1.2,1.0,1.2,0.1,0.1,0.16,0.12000000000000002,0.1,0.12000000000000002,1639.7837213288624,1559.8341232321009
2021-06-12,Russia,Belgium,0.0,3.0,UEFA Euro,False,A,4,8.0,12.0,2.2,1.6,1.4,0.8,0.0,0.30000000000000004,0.22000000000000003,0.16,0.14,0.08,1520.0952370986327,1840.6626446457046
2021-06-13,Austria,North Macedonia,3.0,1.0,UEFA Euro,True,H,4,2.0,0.0,0.4,0.0,1.2,0.0,0.30000000000000004,0.1,0.04,0.0,0.12000000000000002,0.0,1358.6021049334001,1500.0
2021-06-13,Netherlands,Ukraine,3.0,2.0,UEFA Euro,False,H,4,11.0,0.0,1.4,0.0,0.2,1.6,0.30000000000000004,0.2,0.14,0.0,0.02,0.16,1968.446009326854,1332.6538315299754
2021-06-13,England,Croatia,1.0,0.0,UEFA Euro,False,H,4,4.0,8.0,0.8,1.8,1.2,1.8,0.1,0.0,0.08,0.18,0.12000000000000002,0.18,1622.1971861448426,1756.304627756655
2021-06-14,Spain,Sweden,0.0,0.0,UEFA Euro,False,D,4,6.0,9.0,1.4,1.2,1.6,0.8,0.0,0.0,0.14,0.12000000000000002,0.16,0.08,1660.8405722524594,1622.798176249184
2021-06-14,Poland,Slovakia,1.0,2.0,UEFA Euro,True,A,4,5.0,4.0,0.8,0.8,1.4,1.6,0.1,0.2,0.08,0.08,0.14,0.16,1498.7696853200869,1518.189921348574
2021-06-14,Scotland,Czech Republic,0.0,2.0,UEFA Euro,False,A,4,4.0,4.0,0.6,0.6,1.6,1.2,0.0,0.2,0.06000000000000001,0.06000000000000001,0.16,0.12000000000000002,1427.3409499062604,1464.9761924829252
2021-06-15,Germany,France,0.0,1.0,UEFA Euro,False,A,4,4.0,13.0,0.6,2.2,1.4,1.0,0.0,0.1,0.06000000000000001,0.22000000000000003,0.14,0.1,1709.4624186620954,1972.679096521241
2021-06-15,Hungary,Portugal,0.0,3.0,UEFA Euro,False,A,4,5.0,8.0,1.2,1.4,2.2,1.2,0.0,0.30000000000000004,0.12000000000000002,0.14,0.22000000000000003,0.12000000000000002,1465.542122824099,1696.279372887461
2021-06-16,Russia,Finland,1.0,0.0,UEFA Euro,False,H,4,5.0,3.0,1.2,1.0,2.0,0.0,0.1,0.0,0.12000000000000002,0.1,0.2,0.0,1489.3917453309305,1554.566619935813
2021-06-16,Turkey,Wales,0.0,2.0,UEFA Euro,True,A,4,3.0,10.0,0.8,1.6,2.0,0.8,0.0,0.2,0.08,0.16,0.20000000000000004,0.08,1568.3878360990414,1620.7394858040673
2021-06-16,Italy,Switzerland,3.0,0.0,UEFA Euro,False,H,4,10.0,6.0,1.4,1.2,0.4,1.2,0.30000000000000004,0.0,0.14,0.12000000000000002,0.04,0.12000000000000002,1781.7607260361806,1568.8795630286759
2021-06-17,Denmark,Belgium,1.0,2.0,UEFA Euro,False,A,4,6.0,12.0,0.6,2.0,0.6,0.8,0.1,0.2,0.06000000000000001,0.2,0.06000000000000001,0.08,1569.2230724935523,1859.761672955639
2021-06-17,Ukraine,North Macedonia,2.0,1.0,UEFA Euro,True,H,4,0.0,0.0,0.4,1.0,1.8,3.0,0.2,0.1,0.04,0.1,0.18000000000000002,0.30000000000000004,1330.6467062376685,1416.8458859297718
2021-06-17,Netherlands,Austria,2.0,0.0,UEFA Euro,False,H,4,11.0,4.0,1.6,0.8,0.6,1.2,0.2,0.0,0.16,0.08,0.06000000000000001,0.12000000000000002,1969.58722993648,1441.7562190036283
2021-06-18,Croatia,Czech Republic,1.0,1.0,UEFA Euro,True,D,4,5.0,4.0,1.4,0.8,1.8,1.2,0.1,0.1,0.14,0.08,0.18,0.12000000000000002,1701.588625972534,1518.502118512858
2021-06-18,England,Scotland,0.0,0.0,UEFA Euro,False,D,4,7.0,4.0,1.0,0.6,1.0,1.6,0.0,0.0,0.1,0.06000000000000001,0.1,0.16,1666.111384609704,1356.685137342138
2021-06-18,Sweden,Slovakia,1.0,0.0,UEFA Euro,True,H,4,7.0,7.0,1.0,1.0,0.8,1.4,0.1,0.0,0.1,0.1,0.08,0.14,1627.1605492007934,1555.956409659804
2021-06-19,Spain,Poland,1.0,1.0,UEFA Euro,False,D,4,7.0,4.0,1.4,0.8,1.2,1.6,0.1,0.1,0.14,0.08,0.12000000000000002,0.16,1645.734501681147,1461.003197008857
2021-06-19,Hungary,France,1.0,1.0,UEFA Euro,False,D,4,5.0,15.0,1.2,2.4,2.2,1.0,0.1,0.1,0.12000000000000002,0.24000000000000005,0.22000000000000003,0.1,1420.705933162061,1987.0926865408533
2021-06-19,Germany,Portugal,4.0,2.0,UEFA Euro,False,H,4,3.0,8.0,0.4,1.8,1.4,1.2,0.4,0.2,0.04,0.18000000000000002,0.14,0.12000000000000002,1686.9831303986878,1725.6026853117785
2021-06-20,Italy,Wales,1.0,0.0,UEFA Euro,False,H,4,10.0,10.0,1.8,1.4,0.4,0.8,0.1,0.0,0.18000000000000002,0.14,0.04,0.08,1801.6013276841772,1671.766482834758
2021-06-20,Switzerland,Turkey,3.0,1.0,UEFA Euro,True,H,4,5.0,3.0,1.0,0.4,1.6,1.8,0.30000000000000004,0.1,0.1,0.04,0.16,0.18000000000000002,1537.1023499530343,1517.3608390683505
2021-06-21,Ukraine,Austria,0.0,1.0,UEFA Euro,True,A,4,3.0,4.0,0.8,0.8,1.8,1.4,0.0,0.1,0.08,0.08,0.18000000000000002,0.14,1380.3720229438254,1436.26991456743
2021-06-21,Finland,Belgium,0.0,2.0,UEFA Euro,True,A,4,3.0,12.0,0.5,1.8,0.5,0.6,0.0,0.2,0.05,0.18000000000000002,0.05,0.06000000000000001,1507.1498786727284,1872.4092350187495
2021-06-21,Netherlands,North Macedonia,3.0,0.0,UEFA Euro,False,H,4,11.0,0.0,1.6,1.0,0.4,2.5,0.30000000000000004,0.0,0.16,0.1,0.04,0.25,1972.7353986293006,1367.120569223615
2021-06-21,Denmark,Russia,4.0,1.0,UEFA Euro,False,H,4,3.0,5.0,0.6,0.8,1.0,1.8,0.4,0.1,0.06000000000000001,0.08,0.1,0.18000000000000002,1549.1963015211031,1525.3957283186041
2021-06-22,Scotland,Croatia,1.0,3.0,UEFA Euro,False,A,4,2.0,5.0,0.4,1.4,1.6,1.8,0.1,0.30000000000000004,0.04,0.14,0.16,0.18,1385.1527421334322,1682.266307685924
2021-06-22,England,Czech Republic,1.0,0.0,UEFA Euro,False,H,4,7.0,5.0,0.8,1.0,0.8,1.2,0.1,0.0,0.08,0.1,0.08,0.12000000000000002,1633.033230862902,1537.824436799468
2021-06-23,Portugal,France,2.0,2.0,UEFA Euro,True,D,4,7.0,13.0,1.6,1.8,1.4,0.6,0.2,0.2,0.16,0.18,0.14,0.06000000000000001,1658.9606574918816,1950.0491290930102
2021-06-23,Sweden,Poland,3.0,2.0,UEFA Euro,True,H,4,10.0,4.0,1.0,0.8,0.4,1.6,0.30000000000000004,0.2,0.1,0.08,0.04,0.16,1659.0757445557192,1480.4703600472455
2021-06-23,Spain,Slovakia,5.0,0.0,UEFA Euro,False,H,4,7.0,7.0,1.0,0.8,0.8,1.2,0.5,0.0,0.1,0.08,0.08,0.12000000000000002,1618.742104229784,1524.0412143048782
2021-06-23,Germany,Hungary,2.0,2.0,UEFA Euro,False,D,4,6.0,3.0,1.2,1.0,1.4,2.4,0.2,0.2,0.12000000000000002,0.1,0.14,0.24000000000000005,1736.4920235547916,1455.5955361027927
2021-06-26,Italy,Austria,2.0,1.0,UEFA Euro,True,H,4,13.0,7.0,2.0,1.0,0.2,1.0,0.2,0.1,0.2,0.1,0.02,0.1,1818.42642147028,1469.8893897465189
2021-06-26,Wales,Denmark,0.0,4.0,UEFA Euro,True,A,4,7.0,5.0,1.2,1.2,1.0,1.0,0.0,0.4,0.12000000000000002,0.12000000000000002,0.1,0.1,1646.0552513628434,1595.2580941114136
2021-06-27,Netherlands,Czech Republic,0.0,2.0,UEFA Euro,True,A,4,13.0,5.0,2.2,1.0,0.4,1.2,0.0,0.2,0.22000000000000003,0.1,0.04,0.12000000000000002,1975.1050107376532,1508.5193762299991
2021-06-27,Belgium,Portugal,1.0,0.0,UEFA Euro,True,H,4,12.0,5.0,1.8,1.8,0.4,1.8,0.1,0.0,0.18000000000000002,0.18000000000000002,0.04,0.18,1885.470537825345,1686.3467633775351
2021-06-28,Croatia,Spain,3.0,5.0,UEFA Euro,True,A,4,7.0,7.0,1.6,1.8,1.6,0.8,0.30000000000000004,0.5,0.16,0.18,0.16,0.08,1700.6409241857232,1658.0805153674744
2021-06-28,France,Switzerland,3.0,3.0,UEFA Euro,True,D,4,11.0,5.0,1.8,1.2,1.0,1.6,0.30000000000000004,0.30000000000000004,0.18,0.12000000000000002,0.1,0.16,1922.6630232073567,1593.6967760748853
2021-06-29,England,Germany,2.0,0.0,UEFA Euro,False,H,4,7.0,7.0,0.6,1.6,0.8,1.6,0.2,0.0,0.06000000000000001,0.16,0.08,0.16,1652.6591002697946,1704.5252633906966
2021-06-29,Sweden,Ukraine,1.0,2.0,UEFA Euro,True,A,4,10.0,3.0,1.0,0.8,0.8,1.6,0.1,0.2,0.1,0.08,0.08,0.16,1680.1514074774173,1346.7525477647366
2021-07-02,Switzerland,Spain,1.0,1.0,UEFA Euro,True,D,4,5.0,9.0,1.4,2.4,1.8,1.0,0.1,0.1,0.14,0.24,0.18000000000000002,0.1,1623.230757956197,1725.3938927793245
2021-07-02,Belgium,Italy,1.0,2.0,UEFA Euro,True,A,4,15.0,13.0,2.0,2.0,0.2,0.4,0.1,0.2,0.2,0.2,0.02,0.04,1904.76453469894,1827.909527291161
2021-07-03,Czech Republic,Denmark,1.0,2.0,UEFA Euro,True,A,4,7.0,7.0,1.0,2.0,0.8,1.0,0.1,0.2,0.1,0.2,0.08,0.1,1620.8619919026314,1686.8719362900297
2021-07-03,Ukraine,England,0.0,4.0,UEFA Euro,True,A,4,6.0,10.0,1.2,0.8,1.4,0.4,0.0,0.4,0.12000000000000002,0.08,0.14,0.04,1416.516466641144,1704.3994572308802
2021-07-06,Italy,Spain,1.0,1.0,UEFA Euro,True,D,4,15.0,9.0,2.2,2.4,0.4,1.0,0.1,0.1,0.22000000000000003,0.24,0.04,0.1,1876.6162350158593,1713.9595980952308
2021-07-07,England,Denmark,2.0,1.0,UEFA Euro,False,H,4,13.0,9.0,1.6,2.2,0.0,1.0,0.2,0.1,0.16,0.22000000000000003,0.0,0.1,1730.021837260818,1719.3624009277387
2021-07-11,England,Italy,1.0,1.0,UEFA Euro,False,D,4,13.0,13.0,1.8,1.8,0.2,0.6,0.1,0.1,0.18,0.18000000000000002,0.02,0.06000000000000001,1757.695712617924,1859.1476665968714
2022-01-09,Cameroon,Burkina Faso,2.0,1.0,African Cup of Nations,False,H,3,8.0,11.0,1.2,1.4,0.8,0.4,0.2,0.1,0.12000000000000002,0.14,0.08,0.04,1520.444422738493,1511.488386549564
2022-01-09,Ethiopia,Cape Verde,0.0,1.0,African Cup of Nations,True,A,3,2.0,6.0,0.2,0.6,1.6,0.8,0.0,0.1,0.02,0.06000000000000001,0.16,0.08,1240.2660098657886,1471.3759711510477
2022-01-10,Senegal,Zimbabwe,1.0,0.0,African Cup of Nations,True,H,3,12.0,1.0,1.2,0.6,0.2,2.4,0.1,0.0,0.12000000000000002,0.06000000000000001,0.02,0.24000000000000005,1567.5595700003232,1301.9409532364732
2022-01-10,Guinea,Malawi,1.0,0.0,African Cup of Nations,True,H,3,4.0,4.0,0.8,1.2,1.8,1.6,0.1,0.0,0.08,0.12000000000000002,0.18000000000000002,0.16,1450.3269851283735,1390.7300229375987
2022-01-10,Morocco,Ghana,1.0,0.0,African Cup of Nations,True,H,3,11.0,6.0,1.2,1.0,0.6,0.8,0.1,0.0,0.12000000000000002,0.1,0.06000000000000001,0.08,1529.764376997906,1542.646312811637
2022-01-10,Comoros,Gabon,0.0,1.0,African Cup of Nations,True,A,3,0.0,3.0,0.0,0.4,0.0,1.0,0.0,0.1,0.0,0.04,0.0,0.1,1500.0,1396.0044507159423
2022-01-11,Nigeria,Egypt,1.0,0.0,African Cup of Nations,True,H,3,9.0,9.0,1.4,1.2,1.4,0.6,0.1,0.0,0.14,0.12000000000000002,0.14,0.06000000000000001,1577.9621679959746,1504.3199958982727
2022-01-11,Sudan,Guinea-Bissau,0.0,0.0,African Cup of Nations,True,D,3,4.0,1.0,0.8,0.2,2.0,1.6,0.0,0.0,0.08,0.02,0.2,0.16,1334.599937273488,1338.7746283957958
2022-01-11,Algeria,Sierra Leone,0.0,0.0,African Cup of Nations,True,D,3,13.0,4.0,2.0,0.4,0.4,2.2,0.0,0.0,0.2,0.04,0.04,0.22000000000000003,1631.8721470867742,1414.396658499807
2022-01-12,Tunisia,Mali,0.0,1.0,African Cup of Nations,True,A,3,5.0,8.0,0.8,1.4,0.6,0.8,0.0,0.1,0.08,0.14,0.06000000000000001,0.08,1457.7586018771608,1532.992794058005
2022-01-12,Mauritania,Gambia,0.0,1.0,African Cup of Nations,True,A,3,2.0,0.0,0.3333333333333333,0.0,1.3333333333333333,0.0,0.0,0.1,0.03333333333333333,0.0,0.13333333333333333,0.0,1440.0051285463583,1500.0
2022-01-12,Equatorial Guinea,Ivory Coast,0.0,1.0,African Cup of Nations,True,A,3,8.0,10.0,0.8,1.4,0.8,0.6,0.0,0.1,0.08,0.14,0.08,0.06000000000000001,1419.8784492469208,1582.8011647032624
2022-01-13,Cameroon,Ethiopia,4.0,1.0,African Cup of Nations,False,H,3,8.0,2.0,1.2,0.2,0.8,1.6,0.4,0.1,0.12000000000000002,0.02,0.08,0.16,1541.333146200858,1227.7201780352434
2022-01-13,Cape Verde,Burkina Faso,0.0,1.0,African Cup of Nations,True,A,3,6.0,10.0,0.4,1.4,0.6,0.6,0.0,0.1,0.04,0.14,0.06000000000000001,0.06000000000000001,1483.921802981593,1482.2615416362767
2022-01-14,Senegal,Guinea,0.0,0.0,African Cup of Nations,True,D,3,12.0,7.0,0.8,1.0,0.2,1.2,0.0,0.0,0.08,0.1,0.02,0.12000000000000002,1578.2477647796059,1475.230854590578
2022-01-14,Malawi,Zimbabwe,2.0,1.0,African Cup of Nations,True,H,3,3.0,1.0,0.8,0.6,1.4,2.2,0.2,0.1,0.08,0.06000000000000001,0.14,0.22000000000000003,1365.8261534753942,1291.2527584571906
2022-01-14,Morocco,Comoros,2.0,0.0,African Cup of Nations,True,H,3,13.0,0.0,1.0,0.0,0.2,1.0,0.2,0.0,0.1,0.0,0.02,0.1,1560.8761833226592,1461.2792048032327
2022-01-14,Gabon,Ghana,1.0,1.0,African Cup of Nations,True,D,3,6.0,6.0,0.6,1.0,0.8,0.8,0.1,0.1,0.06000000000000001,0.1,0.08,0.08,1434.7252459127096,1511.5345064868839
2022-01-15,Nigeria,Sudan,3.0,1.0,African Cup of Nations,True,H,3,12.0,5.0,1.6,0.8,1.0,1.4,0.30000000000000004,0.1,0.16,0.08,0.1,0.14,1601.6969372808835,1334.9603917344384
2022-01-15,Guinea-Bissau,Egypt,0.0,1.0,African Cup of Nations,True,A,3,2.0,9.0,0.0,1.0,1.2,0.4,0.0,0.1,0.0,0.1,0.12000000000000002,0.04,1338.4141739348454,1480.5852266133638
2022-01-16,Gambia,Mali,1.0,1.0,African Cup of Nations,True,D,3,3.0,10.0,1.0,1.4,0.0,0.6,0.1,0.1,0.1,0.14,0.0,0.06000000000000001,1524.870509166549,1556.5962194115339
2022-01-16,Tunisia,Mauritania,4.0,0.0,African Cup of Nations,True,H,3,4.0,2.0,0.8,0.25,0.8,1.25,0.4,0.0,0.08,0.025,0.08,0.125,1434.155176523632,1415.1346193798092
2022-01-16,Algeria,Equatorial Guinea,0.0,1.0,African Cup of Nations,True,A,3,11.0,7.0,1.4,0.8,0.4,1.0,0.0,0.1,0.14,0.08,0.04,0.1,1615.214540339862,1402.9984626198318
2022-01-16,Ivory Coast,Sierra Leone,2.0,2.0,African Cup of Nations,True,D,3,10.0,5.0,1.4,0.4,0.6,1.4,0.2,0.2,0.14,0.04,0.06000000000000001,0.14,1599.6811513303514,1431.0542652467193
2022-01-17,Burkina Faso,Ethiopia,1.0,1.0,African Cup of Nations,True,D,3,10.0,1.0,1.2,0.4,0.6,2.4,0.1,0.1,0.12000000000000002,0.04,0.06000000000000001,0.24000000000000005,1512.4048990334888,1212.893447460088
2022-01-17,Cameroon,Cape Verde,1.0,1.0,African Cup of Nations,False,D,3,8.0,6.0,1.6,0.4,1.0,0.4,0.1,0.1,0.16,0.04,0.1,0.04,1550.2200437913762,1453.7784455843807
2022-01-18,Malawi,Senegal,0.0,0.0,African Cup of Nations,True,D,3,6.0,10.0,1.2,0.6,1.4,0.2,0.0,0.0,0.12000000000000002,0.06000000000000001,0.14,0.02,1389.4840646867324,1569.604394593009
2022-01-18,Zimbabwe,Guinea,2.0,1.0,African Cup of Nations,True,H,3,1.0,7.0,0.4,0.6,1.8,0.8,0.2,0.1,0.04,0.06000000000000001,0.18,0.08,1267.5948472458524,1483.874224777175
2022-01-18,Gabon,Morocco,2.0,2.0,African Cup of Nations,True,D,3,7.0,13.0,0.8,1.2,0.6,0.2,0.2,0.2,0.08,0.12000000000000002,0.06000000000000001,0.02,1441.2515136518975,1593.3184522205158
2022-01-18,Ghana,Comoros,2.0,3.0,African Cup of Nations,True,A,3,6.0,0.0,0.8,0.0,0.6,1.5,0.2,0.30000000000000004,0.08,0.0,0.06000000000000001,0.15000000000000002,1505.008238747696,1428.836935905376
2022-01-19,Guinea-Bissau,Nigeria,0.0,2.0,African Cup of Nations,True,A,3,2.0,12.0,0.0,1.6,1.0,0.8,0.0,0.2,0.0,0.16,0.1,0.08,1320.0480000329305,1617.6446110148217
2022-01-19,Egypt,Sudan,1.0,0.0,African Cup of Nations,True,H,3,9.0,5.0,1.0,1.0,0.4,1.8,0.1,0.0,0.1,0.1,0.04,0.18000000000000002,1498.9514005152787,1319.0127180005002
2022-01-20,Ivory Coast,Algeria,3.0,1.0,African Cup of Nations,True,H,3,11.0,8.0,1.8,0.8,0.8,0.6,0.30000000000000004,0.1,0.18,0.08,0.08,0.06000000000000001,1586.165678416442,1568.8736934220392
2022-01-20,Sierra Leone,Equatorial Guinea,0.0,1.0,African Cup of Nations,True,A,3,5.0,7.0,0.8,0.6,1.8,1.0,0.0,0.1,0.08,0.06000000000000001,0.18,0.1,1444.5697381606287,1449.3393095376546
2022-01-20,Gambia,Tunisia,1.0,0.0,African Cup of Nations,True,H,3,4.0,6.0,1.0,1.4,0.5,0.6,0.1,0.0,0.1,0.14,0.05,0.06000000000000001,1527.602338536188,1490.8737202771126
2022-01-20,Mali,Mauritania,2.0,0.0,African Cup of Nations,True,H,3,8.0,2.0,0.8,0.2,0.6,1.8,0.2,0.0,0.08,0.02,0.06000000000000001,0.18,1553.864390041895,1358.4160756263286
2022-01-23,Nigeria,Tunisia,0.0,1.0,African Cup of Nations,True,A,3,12.0,3.0,1.6,0.8,0.6,0.8,0.0,0.1,0.16,0.08,0.06000000000000001,0.08,1631.39315247968,1464.0333628477724
2022-01-23,Burkina Faso,Gabon,1.0,1.0,African Cup of Nations,True,D,3,8.0,7.0,1.0,1.0,0.8,0.8,0.1,0.1,0.1,0.1,0.08,0.08,1491.4853234216835,1453.6031957658165
2022-01-24,Guinea,Gambia,0.0,1.0,African Cup of Nations,True,A,3,7.0,7.0,0.8,1.0,1.0,0.3333333333333333,0.0,0.1,0.08,0.10000000000000002,0.1,0.03333333333333333,1437.288193037958,1554.4426959655282
2022-01-24,Cameroon,Comoros,2.0,1.0,African Cup of Nations,False,H,3,8.0,3.0,1.8,1.0,1.2,1.6666666666666667,0.2,0.1,0.18,0.10000000000000002,0.12000000000000002,0.16666666666666666,1534.8607567014983,1465.3107039445201
2022-01-25,Morocco,Malawi,2.0,1.0,African Cup of Nations,True,H,3,11.0,4.0,1.4,0.6,0.6,1.4,0.2,0.1,0.14,0.06000000000000001,0.06000000000000001,0.14,1580.9667701065969,1403.7786391242023
2022-01-25,Senegal,Cape Verde,2.0,0.0,African Cup of Nations,True,H,3,8.0,6.0,0.4,0.4,0.2,0.4,0.2,0.0,0.04,0.04,0.02,0.04,1555.309820155539,1461.8983950498177
2022-01-26,Ivory Coast,Egypt,0.0,0.0,African Cup of Nations,True,D,3,11.0,9.0,1.6,0.8,0.8,0.4,0.0,0.0,0.16,0.08,0.08,0.04,1628.927860855177,1514.6689527606525
2022-01-26,Mali,Equatorial Guinea,0.0,0.0,African Cup of Nations,True,D,3,10.0,7.0,1.0,0.4,0.4,0.8,0.0,0.0,0.1,0.04,0.04,0.08,1575.9205269900287,1478.927497508594
2022-01-29,Burkina Faso,Tunisia,1.0,0.0,African Cup of Nations,True,H,3,8.0,6.0,1.0,1.0,0.8,0.6,0.1,0.0,0.1,0.1,0.08,0.06000000000000001,1488.2272184800977,1507.4614890542432
2022-01-29,Cameroon,Gambia,2.0,0.0,African Cup of Nations,False,H,3,10.0,10.0,2.2,1.0,1.4,0.25,0.2,0.0,0.22000000000000003,0.1,0.14,0.025,1551.2818261092907,1574.6934944377438
2022-01-30,Senegal,Equatorial Guinea,3.0,1.0,African Cup of Nations,True,H,3,8.0,8.0,0.6,0.4,0.2,0.2,0.30000000000000004,0.1,0.06000000000000001,0.04,0.02,0.02,1588.4944644716556,1487.0915541839493
2022-01-30,Egypt,Morocco,2.0,1.0,African Cup of Nations,True,H,3,7.0,11.0,0.4,1.6,0.4,0.8,0.2,0.1,0.04,0.16,0.04,0.08,1524.1939310848286,1596.8686844358501
2022-02-02,Burkina Faso,Senegal,1.0,3.0,African Cup of Nations,True,A,3,8.0,11.0,1.0,1.2,0.8,0.2,0.1,0.30000000000000004,0.1,0.12000000000000002,0.08,0.02,1519.8863442868296,1620.7213580144553
2022-02-03,Cameroon,Egypt,0.0,0.0,African Cup of Nations,False,D,3,13.0,10.0,2.2,0.8,0.8,0.4,0.0,0.0,0.22000000000000003,0.08,0.08,0.04,1586.5196888856908,1560.3792251577174
2022-02-05,Cameroon,Burkina Faso,3.0,3.0,African Cup of Nations,False,D,3,11.0,8.0,1.8,1.0,0.6,1.0,0.30000000000000004,0.30000000000000004,0.18,0.1,0.06000000000000001,0.1,1576.0824555452596,1487.5917914059178
2022-02-06,Senegal,Egypt,0.0,0.0,African Cup of Nations,True,D,3,11.0,11.0,1.6,0.8,0.4,0.2,0.0,0.0,0.16,0.08,0.04,0.02,1653.0159108953671,1562.6321247670426
2022-11-20,Qatar,Ecuador,0.0,2.0,FIFA World Cup,False,A,5,15.0,4.0,2.2,0.6,0.2,1.4,0.0,0.2,0.22000000000000003,0.06000000000000001,0.02,0.14,1611.734480810623,1548.0961288632775
2022-11-21,United States,Wales,1.0,1.0,FIFA World Cup,True,D,5,4.0,4.0,1.2,0.6,1.6,1.6,0.1,0.1,0.12000000000000002,0.06000000000000001,0.16,0.16,1488.1344536275149,1554.4414091842273
2022-11-21,England,Iran,6.0,2.0,FIFA World Cup,True,H,5,13.0,10.0,2.0,1.4,0.4,0.6,0.6000000000000001,0.2,0.2,0.14,0.04,0.06000000000000001,1757.8628740241747,1608.3076456638298
2022-11-21,Senegal,Netherlands,0.0,2.0,FIFA World Cup,True,A,5,11.0,12.0,1.6,2.2,0.4,0.8,0.0,0.2,0.16,0.22000000000000003,0.04,0.08,1645.3829637881395,1862.7623950650209
2022-11-22,Argentina,Saudi Arabia,1.0,2.0,FIFA World Cup,True,A,5,4.0,9.0,1.2,1.6,2.0,0.8,0.1,0.2,0.12000000000000002,0.16,0.2,0.08,1684.5373079416513,1353.4983684196768
2022-11-22,Mexico,Poland,0.0,0.0,FIFA World Cup,True,D,5,6.0,4.0,0.8,1.0,1.6,1.8,0.0,0.0,0.08,0.1,0.16,0.18000000000000002,1589.2694675468267,1459.3946971255475
2022-11-22,Denmark,Tunisia,0.0,0.0,FIFA World Cup,True,D,5,9.0,6.0,2.4,1.0,1.2,0.6,0.0,0.0,0.24000000000000005,0.1,0.12000000000000002,0.06000000000000001,1680.5892289814024,1475.8023632475113
2022-11-22,France,Australia,4.0,1.0,FIFA World Cup,True,H,5,9.0,7.0,2.2,1.2,1.6,0.8,0.4,0.1,0.22000000000000003,0.12000000000000002,0.16,0.08,1893.129041326045,1448.0097736583314
2022-11-23,Belgium,Canada,1.0,0.0,FIFA World Cup,True,H,5,12.0,0.0,1.8,0.0,0.6,1.6666666666666667,0.1,0.0,0.18000000000000002,0.0,0.06000000000000001,0.16666666666666666,1856.0578269742418,1362.2368481168942
2022-11-23,Morocco,Croatia,0.0,0.0,FIFA World Cup,True,D,5,10.0,4.0,1.6,1.8,1.0,2.4,0.0,0.0,0.16,0.18000000000000002,0.1,0.24,1560.6833903629613,1633.327546773873
2022-11-23,Germany,Japan,1.0,2.0,FIFA World Cup,True,A,5,4.0,12.0,1.2,1.6,1.8,0.8,0.1,0.2,0.12000000000000002,0.16,0.18,0.08,1635.6342429505887,1627.2476093938687
2022-11-23,Spain,Costa Rica,7.0,0.0,FIFA World Cup,True,H,5,9.0,3.0,2.6,0.6,1.2,1.2,0.7000000000000001,0.0,0.26,0.06000000000000001,0.12000000000000002,0.12000000000000002,1731.4281665142187,1497.6462053609644
2022-11-24,Portugal,Ghana,3.0,2.0,FIFA World Cup,True,H,5,4.0,5.0,1.6,1.2,1.8,1.2,0.30000000000000004,0.2,0.16,0.12000000000000002,0.18,0.12000000000000002,1667.0527665039401,1468.534470708552
2022-11-24,Switzerland,Cameroon,1.0,0.0,FIFA World Cup,True,H,5,6.0,9.0,1.6,1.6,1.8,1.0,0.1,0.0,0.16,0.16,0.18000000000000002,0.1,1634.6650526402907,1561.2356671286384
2022-11-24,Brazil,Serbia,2.0,0.0,FIFA World Cup,True,H,5,10.0,6.0,1.6,0.8,0.6,1.2,0.2,0.0,0.16,0.08,0.06000000000000001,0.12000000000000002,1744.1740495402132,1435.836843122531
2022-11-24,Uruguay,South Korea,0.0,0.0,FIFA World Cup,True,D,5,12.0,12.0,1.4,1.2,0.6,0.4,0.0,0.0,0.14,0.12000000000000002,0.06000000000000001,0.04,1705.0264165590954,1635.6876244318291
2022-11-25,Wales,Iran,0.0,2.0,FIFA World Cup,True,A,5,5.0,7.0,0.8,1.4,1.4,1.8,0.0,0.2,0.08,0.14,0.14,0.18000000000000002,1545.0132597844008,1548.8777568790454
2022-11-25,England,United States,0.0,0.0,FIFA World Cup,True,D,5,13.0,5.0,3.0,1.2,0.8,1.4,0.0,0.0,0.30000000000000004,0.12000000000000002,0.08,0.14,1817.2927628089592,1497.5626030273413
2022-11-25,Qatar,Senegal,1.0,3.0,FIFA World Cup,False,A,5,12.0,10.0,1.8,1.6,0.6,0.8,0.1,0.30000000000000004,0.18000000000000002,0.16,0.06000000000000001,0.08,1503.8096239042384,1612.012635748454
2022-11-25,Netherlands,Ecuador,1.0,1.0,FIFA World Cup,True,D,5,12.0,7.0,2.0,1.0,0.8,0.8,0.1,0.1,0.2,0.1,0.08,0.08,1896.1327231047064,1636.6819762395276
2022-11-26,Poland,Saudi Arabia,2.0,0.0,FIFA World Cup,True,H,5,5.0,9.0,1.0,1.6,1.2,0.8,0.2,0.0,0.1,0.16,0.12000000000000002,0.08,1477.2606701416432,1440.5509208612652
2022-11-26,Argentina,Mexico,2.0,0.0,FIFA World Cup,True,H,5,4.0,7.0,1.4,0.6,2.2,1.2,0.2,0.0,0.14,0.06000000000000001,0.22000000000000003,0.12000000000000002,1597.4847555000629,1571.403494530731
2022-11-26,Tunisia,Australia,0.0,1.0,FIFA World Cup,True,A,5,7.0,7.0,1.0,1.4,0.4,1.4,0.0,0.1,0.1,0.14,0.04,0.14,1502.276423328506,1435.4791323869508
2022-11-26,France,Denmark,2.0,1.0,FIFA World Cup,True,H,5,9.0,10.0,2.2,2.2,1.4,0.8,0.2,0.1,0.22000000000000003,0.22000000000000003,0.14,0.08,1905.6596825974254,1654.1151689004075
2022-11-27,Croatia,Canada,4.0,1.0,FIFA World Cup,True,H,5,5.0,0.0,1.4,0.0,1.6,1.5,0.4,0.1,0.14,0.0,0.16,0.15000000000000002,1623.0229394724884,1356.7306614756305
2022-11-27,Japan,Costa Rica,0.0,1.0,FIFA World Cup,True,A,5,12.0,2.0,1.6,0.4,0.8,2.4,0.0,0.1,0.16,0.04,0.08,0.24000000000000005,1678.454308619631,1456.3332269528012
2022-11-27,Spain,Germany,1.0,1.0,FIFA World Cup,True,D,5,11.0,4.0,3.8,1.4,1.0,1.8,0.1,0.1,0.38,0.14,0.1,0.18,1772.7411449223819,1584.4275437248264
2022-11-27,Belgium,Morocco,0.0,2.0,FIFA World Cup,True,A,5,12.0,8.0,1.4,1.4,0.6,1.0,0.0,0.2,0.14,0.14,0.06000000000000001,0.1,1861.5640136155055,1570.987997664346
2022-11-28,Portugal,Uruguay,2.0,0.0,FIFA World Cup,True,H,5,7.0,10.0,2.0,1.2,1.8,0.6,0.2,0.0,0.2,0.12000000000000002,0.18,0.06000000000000001,1691.23410657142,1695.1781663913875
2022-11-28,South Korea,Ghana,2.0,3.0,FIFA World Cup,True,A,5,10.0,2.0,1.0,1.2,0.4,1.8,0.2,0.30000000000000004,0.1,0.12000000000000002,0.04,0.18000000000000002,1645.535874599537,1444.353130641072
2022-11-28,Cameroon,Serbia,3.0,3.0,FIFA World Cup,True,D,5,8.0,3.0,1.4,0.6,1.0,1.6,0.30000000000000004,0.30000000000000004,0.14,0.06000000000000001,0.1,0.16,1521.6484277115503,1414.0973276582458
2022-11-28,Brazil,Switzerland,1.0,0.0,FIFA World Cup,True,H,5,12.0,8.0,1.8,1.6,0.4,1.6,0.1,0.0,0.18,0.16,0.04,0.16,1765.9135650044984,1674.2522920573788
2022-11-29,Ecuador,Senegal,1.0,2.0,FIFA World Cup,True,A,5,8.0,10.0,1.2,1.8,0.8,1.0,0.1,0.2,0.12000000000000002,0.18000000000000002,0.08,0.1,1668.3425563626693,1664.3821009326823
2022-11-29,Qatar,Netherlands,0.0,2.0,FIFA World Cup,False,A,5,9.0,10.0,1.8,1.6,1.2,0.6,0.0,0.2,0.18000000000000002,0.16,0.12000000000000002,0.06000000000000001,1430.5800573954273,1864.4721429815647
2022-11-29,Wales,England,0.0,3.0,FIFA World Cup,True,A,5,4.0,11.0,0.6,2.6,1.6,0.8,0.0,0.30000000000000004,0.06000000000000001,0.26,0.16,0.08,1470.8474441395647,1780.991805355423
2022-11-29,Iran,United States,0.0,1.0,FIFA World Cup,True,A,5,9.0,3.0,1.8,0.8,1.8,1.2,0.0,0.1,0.18000000000000002,0.08,0.18000000000000002,0.12000000000000002,1623.0435725238815,1533.8635604808776
2022-11-30,Poland,Argentina,0.0,2.0,FIFA World Cup,True,A,5,5.0,6.0,1.2,1.6,1.2,2.0,0.0,0.2,0.12000000000000002,0.16,0.12000000000000002,0.2,1544.3655917521608,1666.865214509429
2022-11-30,Saudi Arabia,Mexico,1.0,2.0,FIFA World Cup,True,A,5,6.0,4.0,0.8,0.4,1.2,1.6,0.1,0.2,0.08,0.04,0.12000000000000002,0.16,1373.4459992507477,1502.0230355213648
2022-11-30,Australia,Denmark,1.0,0.0,FIFA World Cup,True,H,5,7.0,7.0,1.0,1.6,1.4,1.0,0.1,0.0,0.1,0.16,0.14,0.1,1494.9753195628803,1635.0843150074038
2022-11-30,Tunisia,France,1.0,0.0,FIFA World Cup,True,H,5,4.0,9.0,0.2,2.4,0.6,1.6,0.1,0.0,0.02,0.24000000000000005,0.06000000000000001,0.16,1442.7802361525767,1924.6905364904292
2022-12-01,Canada,Morocco,1.0,2.0,FIFA World Cup,True,A,5,0.0,8.0,0.2,1.4,2.0,1.0,0.1,0.2,0.02,0.14,0.2,0.1,1325.655990675416,1697.2781185792935
2022-12-01,Croatia,Belgium,0.0,0.0,FIFA World Cup,True,D,5,8.0,9.0,2.2,1.0,1.6,0.8,0.0,0.0,0.22000000000000003,0.1,0.16,0.08,1654.097610272703,1735.273892700558
2022-12-01,Japan,Spain,2.0,1.0,FIFA World Cup,True,H,5,9.0,9.0,1.4,3.0,1.0,1.2,0.2,0.1,0.14,0.3,0.1,0.12000000000000002,1600.2326309828063,1748.015742938093
2022-12-01,Costa Rica,Germany,2.0,4.0,FIFA World Cup,True,A,5,4.0,5.0,0.6,1.6,2.4,1.8,0.2,0.4,0.06000000000000001,0.16,0.24000000000000005,0.18,1534.554904589626,1609.1529457091153
2022-12-02,Serbia,Switzerland,2.0,3.0,FIFA World Cup,True,A,5,4.0,8.0,1.0,1.6,1.8,1.2,0.2,0.30000000000000004,0.1,0.16,0.18000000000000002,0.12000000000000002,1429.099026856919,1637.1456529284892
2022-12-02,Cameroon,Brazil,1.0,0.0,FIFA World Cup,True,H,5,6.0,12.0,1.6,1.6,1.4,0.4,0.1,0.0,0.16,0.16,0.14,0.04,1506.6467285128772,1803.020204133388
2022-12-02,Ghana,Uruguay,0.0,2.0,FIFA World Cup,True,A,5,4.0,7.0,1.6,1.0,2.0,1.0,0.0,0.2,0.16,0.1,0.2,0.1,1520.4518786014783,1619.326809210096
2022-12-02,South Korea,Portugal,2.0,1.0,FIFA World Cup,True,H,5,7.0,7.0,1.2,1.8,1.0,1.8,0.2,0.1,0.12000000000000002,0.18000000000000002,0.1,0.18,1569.4371266391308,1767.0854637527116
2022-12-03,Netherlands,United States,3.0,1.0,FIFA World Cup,True,H,5,10.0,5.0,1.6,0.6,0.6,0.8,0.30000000000000004,0.1,0.16,0.06000000000000001,0.06000000000000001,0.08,1875.8752519492436,1596.4229742424102
2022-12-03,Argentina,Australia,2.0,1.0,FIFA World Cup,True,H,5,9.0,7.0,2.0,0.6,1.4,1.0,0.2,0.1,0.2,0.06000000000000001,0.14,0.1,1716.4654422670267,1564.1123243182985
2022-12-04,France,Poland,3.0,1.0,FIFA World Cup,True,H,5,8.0,5.0,2.2,1.0,1.6,1.2,0.30000000000000004,0.1,0.22000000000000003,0.1,0.16,0.12000000000000002,1830.5645353468278,1494.7653639945631
2022-12-04,England,Senegal,3.0,0.0,FIFA World Cup,True,H,5,11.0,10.0,2.4,1.6,0.8,1.0,0.30000000000000004,0.0,0.24000000000000005,0.16,0.08,0.1,1806.1298003633983,1714.9520315995271
2022-12-05,Brazil,South Korea,4.0,1.0,FIFA World Cup,True,H,5,9.0,7.0,1.2,1.2,0.6,1.2,0.4,0.1,0.12000000000000002,0.12000000000000002,0.06000000000000001,0.12000000000000002,1718.3877118913078,1645.163853498831
2022-12-05,Japan,Croatia,1.0,1.0,FIFA World Cup,True,D,5,9.0,8.0,1.6,2.0,1.2,1.4,0.1,0.1,0.16,0.2,0.12000000000000002,0.13999999999999999,1670.3041945430023,1665.5717822477977
2022-12-06,Morocco,Spain,0.0,0.0,FIFA World Cup,True,D,5,10.0,6.0,1.4,2.2,0.8,1.0,0.0,0.0,0.14,0.22000000000000003,0.08,0.1,1707.81232227824,1677.944179377897
2022-12-06,Portugal,Switzerland,6.0,1.0,FIFA World Cup,True,H,5,7.0,8.0,1.6,1.6,1.4,1.4,0.6000000000000001,0.1,0.16,0.16,0.14,0.14,1691.3587368930114,1660.3356714379559
2022-12-09,Croatia,Brazil,1.0,1.0,FIFA World Cup,True,D,5,6.0,9.0,1.6,1.6,1.4,0.8,0.1,0.1,0.16,0.16,0.13999999999999999,0.08,1666.2527890076597,1787.7149031060474
2022-12-09,Netherlands,Argentina,2.0,2.0,FIFA World Cup,True,D,5,10.0,9.0,1.6,2.0,0.8,1.4,0.2,0.2,0.16,0.2,0.08,0.14,1900.8915330698976,1745.8451139099548
2022-12-10,Morocco,Portugal,1.0,0.0,FIFA World Cup,True,H,5,8.0,9.0,1.0,2.4,0.6,1.2,0.1,0.0,0.1,0.24000000000000005,0.06000000000000001,0.12000000000000002,1703.524508673723,1782.453236116592
2022-12-10,England,France,1.0,2.0,FIFA World Cup,True,A,5,11.0,10.0,2.6,2.4,0.6,1.4,0.1,0.2,0.26000000000000006,0.24000000000000005,0.06000000000000001,0.14,1871.180130761687,1849.5271145559766
2022-12-13,Argentina,Croatia,3.0,0.0,FIFA World Cup,True,H,5,10.0,7.0,1.8,1.2,1.0,0.6,0.30000000000000004,0.0,0.18,0.12000000000000002,0.1,0.06000000000000001,1766.7860857506503,1683.0536523448454
2022-12-14,France,Morocco,2.0,0.0,FIFA World Cup,True,H,5,12.0,11.0,2.2,1.0,1.0,0.2,0.2,0.0,0.22000000000000003,0.1,0.1,0.02,1902.6392059154632,1764.6918139051306
2022-12-17,Croatia,Morocco,2.0,1.0,FIFA World Cup,True,H,5,6.0,10.0,1.2,1.0,1.2,0.6,0.2,0.1,0.12000000000000002,0.1,0.12000000000000002,0.06000000000000001,1616.2422670758801,1717.9981110560302
2022-12-18,Argentina,France,3.0,3.0,FIFA World Cup,True,D,5,13.0,12.0,2.2,1.8,0.6,0.8,0.30000000000000004,0.30000000000000004,0.22000000000000003,0.18000000000000002,0.06000000000000001,0.08,1833.5974710196156,1949.3329087645636
2024-01-12,Qatar,Lebanon,3.0,0.0,AFC Asian Cup,False,H,3,6.0,5.0,1.6,1.4,1.6,1.6,0.30000000000000004,0.0,0.16,0.14,0.16,0.16,1411.4348752208202,1325.2633572027444
2024-01-13,Uzbekistan,Syria,0.0,0.0,AFC Asian Cup,True,D,3,7.0,1.0,1.4,0.8,1.0,1.8,0.0,0.0,0.14,0.08,0.1,0.18000000000000002,1489.3708465014493,1370.0150192669728
2024-01-13,Ivory Coast,Guinea-Bissau,2.0,0.0,African Cup of Nations,False,H,3,9.0,2.0,1.4,0.0,0.8,1.0,0.2,0.0,0.14,0.0,0.08,0.1,1619.4028825310008,1306.2994585680722
2024-01-13,China PR,Tajikistan,0.0,0.0,AFC Asian Cup,True,D,3,9.0,0.0,1.4,0.0,1.4,0.0,0.0,0.0,0.14,0.0,0.14,0.0,1469.7284688842465,1500.0
2024-01-13,Australia,India,2.0,0.0,AFC Asian Cup,True,H,3,6.0,3.0,0.8,1.4,1.4,2.6,0.2,0.0,0.08,0.14,0.14,0.26,1534.7326526753704,1256.4128074572218
2024-01-14,Egypt,Mozambique,2.0,2.0,African Cup of Nations,True,D,3,9.0,1.0,0.6,0.6,0.2,2.6,0.2,0.2,0.06000000000000001,0.06000000000000001,0.02,0.26000000000000006,1570.2650718742702,1251.2508338094367
2024-01-14,Ghana,Cape Verde,1.0,2.0,African Cup of Nations,True,A,3,4.0,5.0,1.6,0.4,2.2,0.8,0.1,0.2,0.16,0.04,0.22000000000000003,0.08,1466.237618759855,1428.713750733701
2024-01-14,Nigeria,Equatorial Guinea,1.0,1.0,African Cup of Nations,True,D,3,12.0,7.0,1.4,0.6,0.4,0.8,0.1,0.1,0.14,0.06000000000000001,0.04,0.08,1587.9650262732093,1454.8646606411496
2024-01-14,United Arab Emirates,Hong Kong,3.0,1.0,AFC Asian Cup,True,H,3,10.0,1.0,1.4,0.6,1.4,2.8,0.30000000000000004,0.1,0.14,0.06000000000000001,0.14,0.28,1380.37514546125,1297.8037799540089
2024-01-14,Iran,Palestine,4.0,1.0,AFC Asian Cup,True,H,3,6.0,2.0,1.4,0.2,2.0,2.0,0.4,0.1,0.14,0.02,0.20000000000000004,0.2,1560.484158762349,1338.6736864336344
2024-01-14,Japan,Vietnam,4.0,2.0,AFC Asian Cup,True,H,3,7.0,4.0,1.2,1.0,1.4,1.4,0.4,0.2,0.12000000000000002,0.1,0.14,0.14,1669.6231877831403,1393.822108785182
2024-01-15,Indonesia,Iraq,1.0,3.0,AFC Asian Cup,True,A,3,3.0,7.0,0.8,1.6,2.4,1.2,0.1,0.30000000000000004,0.08,0.16,0.24000000000000005,0.12000000000000002,1192.5867950126376,1478.6823940727872
2024-01-15,South Korea,Bahrain,3.0,1.0,AFC Asian Cup,True,H,3,4.0,7.0,1.0,1.0,1.8,1.0,0.30000000000000004,0.1,0.1,0.1,0.18000000000000002,0.1,1575.8366622840915,1310.7289829876554
2024-01-15,Malaysia,Jordan,0.0,4.0,AFC Asian Cup,True,A,3,4.0,8.0,0.8,0.8,2.6,0.6,0.0,0.4,0.08,0.08,0.26,0.06000000000000001,1277.4410617829174,1541.5150193706252
2024-01-15,Senegal,Gambia,3.0,0.0,African Cup of Nations,True,H,3,7.0,10.0,1.0,0.8,1.4,0.6,0.30000000000000004,0.0,0.1,0.08,0.14,0.06000000000000001,1649.9017012012384,1526.6657867028198
2024-01-15,Cameroon,Guinea,1.0,1.0,African Cup of Nations,True,D,3,6.0,4.0,1.4,0.4,1.4,1.2,0.1,0.1,0.14,0.04,0.14,0.12000000000000002,1591.2792207549574,1417.0373945657425
2024-01-15,Algeria,Angola,1.0,1.0,African Cup of Nations,True,D,3,7.0,2.0,0.8,0.4,1.0,1.2,0.1,0.1,0.08,0.04,0.1,0.12000000000000002,1526.1115109833042,1355.7935343581134
2024-01-16,Mali,South Africa,2.0,0.0,African Cup of Nations,True,H,3,8.0,6.0,0.8,0.6,0.4,0.8,0.2,0.0,0.08,0.06000000000000001,0.04,0.08,1567.7564703146734,1379.8089434155552
2024-01-16,Tunisia,Namibia,0.0,1.0,African Cup of Nations,True,A,3,7.0,1.0,0.4,0.4,0.4,1.6,0.0,0.1,0.04,0.04,0.04,0.16,1536.906237296178,1313.772913142312
2024-01-16,Saudi Arabia,Oman,2.0,1.0,AFC Asian Cup,True,H,3,3.0,6.0,0.6,1.0,1.6,1.2,0.2,0.1,0.06000000000000001,0.1,0.16,0.12000000000000002,1341.1488412054612,1361.5097023276328
2024-01-16,Thailand,Kyrgyzstan,2.0,0.0,AFC Asian Cup,True,H,3,4.0,3.0,0.8,1.5,2.2,1.75,0.2,0.0,0.08,0.15000000000000002,0.22000000000000003,0.17500000000000002,1237.4560575066962,1451.3943779454407
2024-01-16,Burkina Faso,Mauritania,1.0,0.0,African Cup of Nations,True,H,3,6.0,2.0,1.4,0.0,1.6,1.4,0.1,0.0,0.14,0.0,0.16,0.14,1495.0716444875306,1336.3599386781948
2024-01-17,Lebanon,China PR,0.0,0.0,AFC Asian Cup,True,D,3,4.0,7.0,1.0,1.0,1.8,1.2,0.0,0.0,0.1,0.1,0.18000000000000002,0.12000000000000002,1285.5239025144383,1472.3357287731783
2024-01-17,Qatar,Tajikistan,1.0,0.0,AFC Asian Cup,False,H,3,6.0,1.0,1.4,0.0,1.6,0.0,0.1,0.0,0.14,0.0,0.16,0.0,1438.2184787922704,1497.3927401110682
2024-01-17,Morocco,Tanzania,3.0,0.0,African Cup of Nations,True,H,3,7.0,1.0,0.8,0.8,1.0,2.2,0.30000000000000004,0.0,0.08,0.08,0.1,0.22000000000000003,1653.7590849842527,1323.3548035928914
2024-01-17,DR Congo,Zambia,1.0,1.0,African Cup of Nations,True,D,3,4.0,4.0,1.4,0.6,1.6,0.8,0.1,0.1,0.14,0.06000000000000001,0.16,0.08,1452.4636796893772,1504.2198892943527
2024-01-18,Egypt,Ghana,2.0,2.0,African Cup of Nations,True,D,3,7.0,3.0,0.8,1.6,0.6,2.4,0.2,0.2,0.08,0.16,0.06000000000000001,0.24000000000000005,1548.513774491605,1433.0100869891228
2024-01-18,Equatorial Guinea,Guinea-Bissau,4.0,2.0,African Cup of Nations,True,H,3,8.0,1.0,0.8,0.0,0.8,1.4,0.4,0.2,0.08,0.0,0.08,0.14,1465.82639378864,1293.5587857824041
2024-01-18,Ivory Coast,Nigeria,0.0,1.0,African Cup of Nations,False,A,3,11.0,10.0,1.6,1.4,0.6,0.6,0.0,0.1,0.16,0.14,0.06000000000000001,0.06000000000000001,1627.0407001833037,1577.003293125719
2024-01-18,India,Uzbekistan,0.0,3.0,AFC Asian Cup,True,A,3,3.0,8.0,1.0,1.4,2.0,0.6,0.0,0.30000000000000004,0.1,0.14,0.2,0.06000000000000001,1241.3213340787504,1479.4519925993536
2024-01-18,Syria,Australia,0.0,1.0,AFC Asian Cup,True,A,3,2.0,9.0,0.6,1.2,1.4,1.2,0.0,0.1,0.06000000000000001,0.12000000000000002,0.14,0.12000000000000002,1379.9338731690684,1549.8241260538418
2024-01-18,Palestine,United Arab Emirates,1.0,1.0,AFC Asian Cup,True,D,3,2.0,10.0,0.2,1.6,1.8,1.6,0.1,0.1,0.02,0.16,0.18000000000000002,0.16,1315.7744494139984,1414.877373159719
2024-01-19,Hong Kong,Iran,0.0,1.0,AFC Asian Cup,True,A,3,1.0,6.0,0.6,1.6,2.8,2.2,0.0,0.1,0.06000000000000001,0.16,0.28,0.22000000000000003,1263.30155225554,1583.383395781985
2024-01-19,Iraq,Japan,2.0,1.0,AFC Asian Cup,True,H,3,10.0,10.0,1.8,1.8,0.8,1.2,0.2,0.1,0.18000000000000002,0.18,0.08,0.12000000000000002,1493.2199632149607,1684.8976623582116
2024-01-19,Vietnam,Indonesia,0.0,1.0,AFC Asian Cup,True,A,3,4.0,3.0,1.0,1.0,1.6,2.0,0.0,0.1,0.1,0.1,0.16,0.2,1378.5476342101108,1178.0492258704642
2024-01-19,Cape Verde,Mozambique,3.0,0.0,African Cup of Nations,True,H,3,7.0,2.0,0.8,1.0,1.0,2.4,0.30000000000000004,0.0,0.08,0.1,0.1,0.24000000000000005,1461.9412825044333,1273.0021311921018
2024-01-19,Senegal,Cameroon,3.0,1.0,African Cup of Nations,True,H,3,9.0,6.0,1.6,1.6,1.4,1.6,0.30000000000000004,0.1,0.16,0.16,0.14,0.16,1684.5234331044946,1577.3801451257684
2024-01-19,Guinea,Gambia,1.0,0.0,African Cup of Nations,True,H,3,5.0,7.0,0.6,0.6,0.8,1.2,0.1,0.0,0.06000000000000001,0.06000000000000001,0.08,0.12000000000000002,1430.9364701949314,1492.0440547995636
2024-01-20,Tunisia,Mali,1.0,1.0,African Cup of Nations,True,D,3,4.0,11.0,0.2,1.2,0.6,0.2,0.1,0.1,0.02,0.12000000000000002,0.06000000000000001,0.02,1489.9137702577138,1590.5394467251256
2024-01-20,Mauritania,Angola,2.0,3.0,African Cup of Nations,True,A,3,1.0,3.0,0.0,0.6,1.6,1.0,0.2,0.30000000000000004,0.0,0.06000000000000001,0.16,0.1,1319.1843357126713,1369.4251352326944
2024-01-20,Bahrain,Malaysia,1.0,0.0,AFC Asian Cup,True,H,3,4.0,1.0,0.8,0.4,1.4,3.4,0.1,0.0,0.08,0.04,0.14,0.33999999999999997,1294.6578999299907,1255.9080100289627
2024-01-20,Jordan,South Korea,2.0,2.0,AFC Asian Cup,True,D,3,11.0,7.0,1.6,1.6,0.2,1.8,0.2,0.2,0.16,0.16,0.02,0.18000000000000002,1563.0480711245798,1591.9077453417563
2024-01-20,Algeria,Burkina Faso,2.0,2.0,African Cup of Nations,True,D,3,5.0,8.0,0.6,1.4,1.0,1.4,0.2,0.2,0.06000000000000001,0.14,0.1,0.14,1512.4799101087233,1512.2472474530541
2024-01-21,Oman,Thailand,0.0,0.0,AFC Asian Cup,True,D,3,3.0,7.0,1.0,1.2,1.6,1.4,0.0,0.0,0.1,0.12000000000000002,0.16,0.14,1329.7536141302298,1307.1237878430964
2024-01-21,Kyrgyzstan,Saudi Arabia,0.0,2.0,AFC Asian Cup,True,A,3,3.0,6.0,1.2,1.0,1.8,1.4,0.0,0.2,0.12000000000000002,0.1,0.18000000000000002,0.14,1381.7266476090406,1372.9049294028641
2024-01-21,South Africa,Namibia,4.0,0.0,African Cup of Nations,True,H,3,6.0,4.0,0.6,0.6,1.0,1.4,0.4,0.0,0.06000000000000001,0.06000000000000001,0.1,0.14,1357.025967005103,1360.7653801807762
2024-01-21,Morocco,DR Congo,1.0,1.0,African Cup of Nations,True,D,3,7.0,5.0,1.0,1.4,0.8,1.4,0.1,0.1,0.1,0.14,0.08,0.14,1667.3971999781957,1456.899903800859
2024-01-21,Zambia,Tanzania,1.0,1.0,African Cup of Nations,True,D,3,4.0,1.0,0.6,0.6,0.8,2.4,0.1,0.1,0.06000000000000001,0.06000000000000001,0.08,0.24000000000000005,1499.783665182871,1309.7166885989484
2024-01-22,Mozambique,Ghana,2.0,2.0,African Cup of Nations,True,D,3,2.0,4.0,0.8,1.6,2.4,2.2,0.2,0.2,0.08,0.16,0.24000000000000005,0.22000000000000003,1246.5351497718611,1442.6316030820462
2024-01-22,Cape Verde,Egypt,2.0,2.0,African Cup of Nations,True,D,3,7.0,7.0,1.2,1.2,1.0,1.0,0.2,0.2,0.12000000000000002,0.12000000000000002,0.1,0.1,1488.408263924674,1538.8922583986816
2024-01-22,Ivory Coast,Equatorial Guinea,0.0,4.0,African Cup of Nations,False,A,3,8.0,8.0,1.4,1.4,0.8,1.2,0.0,0.4,0.14,0.14,0.08,0.12000000000000002,1584.8349045473135,1490.1791236463491
2024-01-22,Tajikistan,Lebanon,2.0,1.0,AFC Asian Cup,True,H,3,1.0,4.0,0.0,0.8,0.5,1.6,0.2,0.1,0.0,0.08,0.05,0.16,1462.332062591131,1300.2609709677565
2024-01-22,Qatar,China PR,1.0,0.0,AFC Asian Cup,False,H,3,6.0,5.0,1.0,0.4,1.4,1.2,0.1,0.0,0.1,0.04,0.14,0.12000000000000002,1464.709436827697,1457.59866031986
2024-01-22,Guinea-Bissau,Nigeria,0.0,1.0,African Cup of Nations,True,A,3,1.0,10.0,0.4,1.4,1.8,0.6,0.0,0.1,0.04,0.14,0.18,0.06000000000000001,1269.206055924695,1611.2942441246773
2024-01-23,Australia,Uzbekistan,1.0,1.0,AFC Asian Cup,True,D,3,12.0,8.0,1.2,1.6,0.4,0.4,0.1,0.1,0.12000000000000002,0.16,0.04,0.04,1566.221848823749,1500.7136733730408
2024-01-23,Syria,India,1.0,0.0,AFC Asian Cup,True,H,3,2.0,3.0,0.4,0.8,1.2,1.8,0.1,0.0,0.04,0.08,0.12000000000000002,0.18000000000000002,1363.5361503991612,1220.0596533050632
2024-01-23,Hong Kong,Palestine,0.0,3.0,AFC Asian Cup,True,A,3,1.0,3.0,0.6,0.4,2.6,1.6,0.0,0.30000000000000004,0.06000000000000001,0.04,0.26000000000000006,0.16,1255.0964765286833,1324.1069165915512
2024-01-23,Iran,United Arab Emirates,2.0,1.0,AFC Asian Cup,True,H,3,9.0,10.0,1.8,1.6,1.6,1.6,0.2,0.1,0.18,0.16,0.16,0.16,1591.5884715088416,1406.544905982166
2024-01-23,Gambia,Cameroon,2.0,3.0,African Cup of Nations,True,A,3,6.0,5.0,0.4,1.2,1.2,1.6,0.2,0.30000000000000004,0.04,0.12000000000000002,0.12000000000000002,0.16,1456.8213448540419,1545.8335923817272
2024-01-23,Guinea,Senegal,0.0,2.0,African Cup of Nations,True,A,3,5.0,12.0,0.6,2.2,0.8,1.2,0.0,0.2,0.06000000000000001,0.22000000000000003,0.08,0.12000000000000002,1466.1591801404531,1716.069985848536
2024-01-23,Angola,Burkina Faso,2.0,0.0,African Cup of Nations,True,H,3,6.0,8.0,1.0,1.6,1.0,1.6,0.2,0.0,0.1,0.16,0.1,0.16,1395.1169826501377,1512.2673371586502
2024-01-23,Mauritania,Algeria,1.0,0.0,African Cup of Nations,True,H,3,0.0,3.0,0.4,0.8,2.2,1.4,0.1,0.0,0.04,0.08,0.22000000000000003,0.14,1293.492488295228,1512.4598204031272
2024-01-24,Zambia,Morocco,0.0,1.0,African Cup of Nations,True,A,3,4.0,7.0,0.8,1.2,1.0,1.0,0.0,0.1,0.08,0.12000000000000002,0.1,0.1,1484.8343338241775,1651.161013163612
2024-01-24,Tanzania,DR Congo,0.0,0.0,African Cup of Nations,True,D,3,1.0,6.0,0.6,1.6,2.4,1.2,0.0,0.0,0.06000000000000001,0.16,0.24000000000000005,0.12000000000000002,1324.6660199576418,1473.1360906154425
2024-01-24,South Africa,Tunisia,0.0,0.0,African Cup of Nations,True,D,3,6.0,5.0,1.2,0.4,1.0,0.6,0.0,0.0,0.12000000000000002,0.04,0.1,0.06000000000000001,1417.6717158484075,1498.367430824935
2024-01-24,Japan,Indonesia,3.0,1.0,AFC Asian Cup,True,H,3,7.0,6.0,1.6,1.0,1.4,1.4,0.30000000000000004,0.1,0.16,0.1,0.14,0.14,1639.8440274782677,1223.6654397830982
2024-01-24,Namibia,Mali,0.0,0.0,African Cup of Nations,True,D,3,3.0,9.0,0.4,1.2,2.0,0.4,0.0,0.0,0.04,0.12000000000000002,0.2,0.04,1300.1196313374717,1582.0857861579045
2024-01-24,Iraq,Vietnam,3.0,2.0,AFC Asian Cup,True,H,3,10.0,4.0,1.6,1.0,0.6,1.4,0.30000000000000004,0.2,0.16,0.1,0.06000000000000001,0.14,1538.2735980949046,1332.9314202974767
2024-01-25,Saudi Arabia,Thailand,0.0,0.0,AFC Asian Cup,True,D,3,9.0,8.0,1.4,1.0,1.2,0.6,0.0,0.0,0.14,0.1,0.12000000000000002,0.06000000000000001,1419.0472764950034,1309.0750455454456
2024-01-25,Jordan,Bahrain,0.0,1.0,AFC Asian Cup,True,A,3,9.0,6.0,1.8,0.8,0.6,1.2,0.0,0.1,0.18,0.08,0.06000000000000001,0.12000000000000002,1565.5343002081322,1321.3257703681802
2024-01-25,South Korea,Malaysia,3.0,3.0,AFC Asian Cup,True,D,3,7.0,0.0,2.0,0.2,2.2,3.4,0.30000000000000004,0.30000000000000004,0.2,0.02,0.22000000000000003,0.33999999999999997,1589.4215162582038,1229.2401395907732
2024-01-25,Kyrgyzstan,Oman,1.0,1.0,AFC Asian Cup,True,D,3,3.0,4.0,1.0,0.8,1.8,1.2,0.1,0.1,0.1,0.08,0.18000000000000002,0.12000000000000002,1335.5843005169013,1327.8023564278806
2024-01-27,Nigeria,Cameroon,2.0,0.0,African Cup of Nations,True,H,3,10.0,8.0,1.0,1.8,0.4,1.8,0.2,0.0,0.1,0.18000000000000002,0.04,0.18000000000000002,1618.64261909475,1568.3115177236516
2024-01-27,Angola,Namibia,3.0,0.0,African Cup of Nations,True,H,3,8.0,4.0,1.2,0.4,0.8,1.8,0.30000000000000004,0.0,0.12000000000000002,0.04,0.08,0.18,1454.7403043785457,1320.2331926022798
2024-01-28,Australia,Indonesia,4.0,0.0,AFC Asian Cup,True,H,3,10.0,3.0,1.2,0.8,0.6,1.8,0.4,0.0,0.12000000000000002,0.08,0.06000000000000001,0.18000000000000002,1560.631507759193,1216.150447322856
2024-01-28,Tajikistan,United Arab Emirates,1.0,1.0,AFC Asian Cup,True,D,3,4.0,7.0,0.6666666666666666,1.2,0.6666666666666666,1.6,0.1,0.1,0.06666666666666667,0.12000000000000002,0.06666666666666667,0.16,1479.2715836444918,1391.1658457207816
2024-01-28,Egypt,DR Congo,1.0,1.0,African Cup of Nations,True,D,3,5.0,7.0,1.2,1.6,1.2,0.8,0.1,0.1,0.12000000000000002,0.16,0.12000000000000002,0.08,1534.5635417993344,1461.0434339496212
2024-01-28,Equatorial Guinea,Guinea,0.0,1.0,African Cup of Nations,True,A,3,8.0,4.0,2.0,0.6,1.2,1.2,0.0,0.1,0.2,0.06000000000000001,0.12000000000000002,0.12000000000000002,1566.1328204249162,1448.900609760763
2024-01-29,Iraq,Jordan,2.0,3.0,AFC Asian Cup,True,A,3,10.0,6.0,1.6,1.4,1.0,0.8,0.2,0.30000000000000004,0.16,0.14,0.1,0.08,1552.3546844135685,1517.3483566851735
2024-01-29,Qatar,Palestine,2.0,1.0,AFC Asian Cup,False,H,3,9.0,5.0,1.2,1.0,1.0,1.6,0.2,0.1,0.12000000000000002,0.1,0.1,0.16,1485.7430284134896,1366.3139542474778
2024-01-29,Cape Verde,Mauritania,1.0,0.0,African Cup of Nations,True,H,3,8.0,3.0,1.6,0.6,1.2,2.0,0.1,0.0,0.16,0.06000000000000001,0.12000000000000002,0.2,1492.7369805240212,1340.2389838425165
2024-01-29,Ivory Coast,Senegal,1.0,1.0,African Cup of Nations,False,D,3,7.0,12.0,1.0,2.0,1.2,1.0,0.1,0.1,0.1,0.2,0.12000000000000002,0.1,1494.3444908657684,1733.328556228226
2024-01-30,Morocco,South Africa,0.0,2.0,African Cup of Nations,True,A,3,7.0,7.0,1.2,1.2,1.0,0.8,0.0,0.2,0.12000000000000002,0.12000000000000002,0.1,0.08,1667.804315366293,1424.516896311944
2024-01-30,Mali,Burkina Faso,2.0,1.0,African Cup of Nations,True,H,3,9.0,5.0,1.0,1.4,0.2,2.0,0.2,0.1,0.1,0.14,0.02,0.2,1561.9722248930964,1452.6440154302422
2024-01-30,Uzbekistan,Thailand,2.0,1.0,AFC Asian Cup,True,H,3,6.0,6.0,1.0,0.8,0.6,0.6,0.2,0.1,0.1,0.08,0.06000000000000001,0.06000000000000001,1506.3040144375968,1318.2659029084516
2024-01-30,Saudi Arabia,South Korea,1.0,1.0,AFC Asian Cup,True,D,3,7.0,8.0,1.0,2.2,1.0,2.2,0.1,0.1,0.1,0.22000000000000003,0.1,0.22000000000000003,1409.8564191319974,1566.1242434749304
2024-01-31,Bahrain,Japan,1.0,3.0,AFC Asian Cup,True,A,3,9.0,10.0,1.0,2.2,1.0,1.4,0.1,0.30000000000000004,0.1,0.22000000000000003,0.1,0.14,1369.511713891139,1647.3590199385098
2024-01-31,Iran,Syria,1.0,1.0,AFC Asian Cup,True,D,3,12.0,4.0,1.8,0.6,0.6,1.2,0.1,0.1,0.18,0.06000000000000001,0.06000000000000001,0.12000000000000002,1606.967531770226,1381.8066944536588
2024-02-02,Australia,South Korea,1.0,2.0,AFC Asian Cup,True,A,3,10.0,6.0,1.8,2.0,0.6,2.2,0.1,0.2,0.18,0.2,0.06000000000000001,0.22000000000000003,1575.1515328468286,1553.4728234978606
2024-02-02,Tajikistan,Jordan,0.0,1.0,AFC Asian Cup,True,A,3,5.0,8.0,0.75,2.0,0.75,1.2,0.0,0.1,0.07500000000000001,0.2,0.07500000000000001,0.12000000000000002,1471.8229101845634,1550.3608587519311
2024-02-02,DR Congo,Guinea,3.0,1.0,African Cup of Nations,True,H,3,5.0,7.0,1.0,0.6,1.0,0.8,0.30000000000000004,0.1,0.1,0.06000000000000001,0.1,0.08,1467.2985837431772,1488.6558120684074
2024-02-02,Nigeria,Angola,1.0,0.0,African Cup of Nations,True,H,3,10.0,10.0,1.0,1.8,0.4,0.8,0.1,0.0,0.1,0.18000000000000002,0.04,0.08,1657.168935914238,1487.873355353709
2024-02-03,Ivory Coast,Mali,2.0,1.0,African Cup of Nations,False,H,3,5.0,9.0,0.6,1.0,1.2,0.4,0.2,0.1,0.06000000000000001,0.1,0.12000000000000002,0.04,1505.7436860688456,1582.8317860343575
2024-02-03,Cape Verde,South Africa,0.0,0.0,African Cup of Nations,True,D,3,10.0,7.0,1.6,1.4,1.0,0.8,0.0,0.0,0.16,0.14,0.1,0.08,1510.3544031226213,1496.7202285320298
2024-02-03,Qatar,Uzbekistan,1.0,1.0,AFC Asian Cup,False,D,3,12.0,9.0,1.4,1.2,0.6,0.4,0.1,0.1,0.14,0.12000000000000002,0.06000000000000001,0.04,1498.9691069375283,1521.4867509836288
2024-02-03,Iran,Japan,2.0,1.0,AFC Asian Cup,True,H,3,10.0,10.0,1.6,2.4,0.8,1.4,0.2,0.1,0.16,0.24000000000000005,0.08,0.14,1589.8565552102257,1662.4846917645036
2024-02-06,Jordan,South Korea,2.0,0.0,AFC Asian Cup,True,H,3,10.0,9.0,2.0,2.2,1.0,1.6,0.2,0.0,0.2,0.22000000000000003,0.1,0.16,1573.6925430192616,1585.3422882330383
2024-02-07,Qatar,Iran,3.0,2.0,AFC Asian Cup,False,H,3,13.0,13.0,1.6,2.0,0.4,0.8,0.30000000000000004,0.2,0.16,0.2,0.04,0.08,1492.3874933608574,1626.0379950656413
2024-02-07,Ivory Coast,DR Congo,1.0,0.0,African Cup of Nations,False,H,3,7.0,7.0,1.0,1.2,1.4,0.8,0.1,0.0,0.1,0.12000000000000002,0.14,0.08,1533.7681764850006,1515.0613018025176
2024-02-07,Nigeria,South Africa,1.0,1.0,African Cup of Nations,True,D,3,13.0,8.0,1.2,1.2,0.2,0.4,0.1,0.1,0.12000000000000002,0.12000000000000002,0.02,0.04,1673.6074823151182,1497.896893857435
2024-02-10,Qatar,Jordan,3.0,1.0,AFC Asian Cup,False,H,3,13.0,10.0,1.6,1.6,0.8,1.0,0.30000000000000004,0.1,0.16,0.16,0.08,0.1,1525.2840596475705,1620.200857586675
2024-02-10,South Africa,DR Congo,0.0,0.0,African Cup of Nations,True,D,3,9.0,6.0,1.4,1.0,0.2,0.8,0.0,0.0,0.14,0.1,0.02,0.08,1511.895374843332,1486.6750240941149
2024-02-11,Ivory Coast,Nigeria,2.0,1.0,African Cup of Nations,False,H,3,7.0,13.0,0.8,1.2,1.4,0.2,0.2,0.1,0.08,0.12000000000000002,0.14,0.02,1553.899262950133,1659.6090013292212
2024-06-14,Germany,Scotland,5.0,1.0,UEFA Euro,False,H,4,5.0,2.0,1.6,0.4,1.8,1.8,0.5,0.1,0.16,0.04,0.18,0.18000000000000002,1668.2926412951979,1355.9568585670722
2024-06-15,Hungary,Switzerland,1.0,3.0,UEFA Euro,True,A,4,3.0,7.0,1.2,1.2,2.6,2.0,0.1,0.30000000000000004,0.12000000000000002,0.12000000000000002,0.26,0.2,1482.3456844317516,1569.2411722143752
2024-06-15,Spain,Croatia,3.0,0.0,UEFA Euro,True,H,4,6.0,6.0,2.0,0.8,0.8,1.2,0.30000000000000004,0.0,0.2,0.08,0.08,0.12000000000000002,1682.2319929824139,1680.4812931476577
2024-06-15,Italy,Albania,2.0,1.0,UEFA Euro,True,H,4,11.0,3.0,1.4,0.3333333333333333,0.8,1.0,0.2,0.1,0.14,0.03333333333333333,0.08,0.10000000000000002,1847.788602956824,1489.8422779318425
2024-06-16,Slovenia,Denmark,1.0,1.0,UEFA Euro,True,D,4,4.0,4.0,0.8,0.8,1.4,1.2,0.1,0.1,0.08,0.08,0.14,0.12000000000000002,1402.3560248071324,1565.9473102519855
2024-06-16,Serbia,England,0.0,1.0,UEFA Euro,True,A,4,1.0,10.0,1.2,2.6,2.4,0.8,0.0,0.1,0.12000000000000002,0.26000000000000006,0.24000000000000005,0.08,1405.9090083474523,1818.0680394022004
2024-06-16,Poland,Netherlands,1.0,2.0,UEFA Euro,True,A,4,4.0,11.0,1.0,2.0,1.6,0.8,0.1,0.2,0.1,0.2,0.16,0.08,1475.8027847854144,1879.950561229202
2024-06-17,Belgium,Slovakia,0.0,1.0,UEFA Euro,True,A,4,7.0,4.0,0.6,0.4,0.8,2.0,0.0,0.1,0.06000000000000001,0.04,0.08,0.2,1723.7997207254632,1465.3224620694275
2024-06-17,Austria,France,0.0,1.0,UEFA Euro,True,A,4,6.0,10.0,1.2,2.0,1.4,1.2,0.0,0.1,0.12000000000000002,0.2,0.14,0.12000000000000002,1460.4062839256378,1933.2671339964875
2024-06-17,Romania,Ukraine,3.0,0.0,UEFA Euro,True,H,4,2.0,6.0,0.6,1.2,1.4,2.0,0.30000000000000004,0.0,0.06000000000000001,0.12000000000000002,0.14,0.2,1501.7229167439784,1390.8940866112061
2024-06-18,Turkey,Georgia,3.0,1.0,UEFA Euro,True,H,4,3.0,0.0,0.6,0.0,2.2,0.0,0.30000000000000004,0.1,0.06000000000000001,0.0,0.22000000000000003,0.0,1460.7664129464995,1500.0
2024-06-18,Portugal,Czech Republic,2.0,1.0,UEFA Euro,True,H,4,9.0,7.0,2.4,1.2,1.2,0.8,0.2,0.1,0.24000000000000005,0.12000000000000002,0.12000000000000002,0.08,1721.2859308851844,1588.3715272649224
2024-06-19,Germany,Hungary,2.0,0.0,UEFA Euro,False,H,4,7.0,2.0,2.2,0.8,1.6,2.6,0.2,0.0,0.22000000000000003,0.08,0.16,0.26,1681.9259939343533,1437.046744081145
2024-06-19,Scotland,Switzerland,1.0,1.0,UEFA Euro,True,D,4,1.0,9.0,0.4,1.6,2.6,2.0,0.1,0.1,0.04,0.16,0.26,0.2,1333.2207178525844,1614.5401125649817
2024-06-19,Croatia,Albania,2.0,2.0,UEFA Euro,True,D,4,5.0,3.0,0.8,0.5,1.8,1.25,0.2,0.2,0.08,0.05,0.18000000000000002,0.125,1610.8340145047903,1480.8026589360563
2024-06-20,Denmark,England,1.0,1.0,UEFA Euro,True,D,4,2.0,10.0,0.6,1.6,1.2,0.4,0.1,0.1,0.06000000000000001,0.16,0.12000000000000002,0.04,1548.3917612658217,1824.8910631432336
2024-06-20,Slovenia,Serbia,1.0,1.0,UEFA Euro,True,D,4,5.0,1.0,1.0,1.0,1.4,2.2,0.1,0.1,0.1,0.1,0.14,0.22000000000000003,1419.9115737932962,1399.085984606419
2024-06-20,Spain,Italy,1.0,0.0,UEFA Euro,True,H,4,8.0,11.0,2.4,1.6,0.6,1.0,0.1,0.0,0.24000000000000005,0.16,0.06000000000000001,0.1,1751.8792716252813,1856.8282219526102
2024-06-21,Poland,Austria,1.0,3.0,UEFA Euro,True,A,4,4.0,6.0,0.8,1.0,1.4,1.2,0.1,0.30000000000000004,0.08,0.1,0.14,0.12000000000000002,1468.6863844294407,1455.471303045723
2024-06-21,Netherlands,France,0.0,0.0,UEFA Euro,True,D,4,11.0,13.0,2.0,2.2,1.0,1.0,0.0,0.0,0.2,0.22000000000000003,0.1,0.1,1887.0669615851757,1938.2021148764022
2024-06-21,Slovakia,Ukraine,1.0,2.0,UEFA Euro,True,A,4,6.0,6.0,0.6,0.8,2.0,2.0,0.1,0.2,0.06000000000000001,0.08,0.2,0.2,1530.583668080965,1342.4956880961545
2024-06-22,Georgia,Czech Republic,1.0,1.0,UEFA Euro,True,D,4,0.0,4.0,1.0,1.0,3.0,1.2,0.1,0.1,0.1,0.1,0.30000000000000004,0.12000000000000002,1433.2532526549098,1562.9686165855826
2024-06-22,Belgium,Romania,2.0,0.0,UEFA Euro,True,H,4,4.0,4.0,0.4,1.0,1.0,1.2,0.2,0.0,0.04,0.1,0.1,0.12000000000000002,1658.5385147139257,1550.12131525903
2024-06-22,Turkey,Portugal,0.0,3.0,UEFA Euro,True,A,4,6.0,9.0,1.2,2.2,1.8,1.0,0.0,0.30000000000000004,0.12000000000000002,0.22000000000000003,0.18000000000000002,0.1,1527.5131602915897,1746.6888415645242
2024-06-23,Germany,Switzerland,1.0,1.0,UEFA Euro,False,D,4,10.0,7.0,2.6,1.6,1.2,2.2,0.1,0.1,0.26,0.16,0.12000000000000002,0.22000000000000003,1696.4167893300282,1587.763072396771
2024-06-23,Scotland,Hungary,0.0,1.0,UEFA Euro,True,A,4,2.0,2.0,0.6,0.8,2.2,2.2,0.0,0.1,0.06000000000000001,0.08,0.22000000000000003,0.22000000000000003,1359.9977580207951,1413.4918101555504
2024-06-24,Albania,Spain,0.0,1.0,UEFA Euro,True,A,4,4.0,8.0,0.8,1.2,1.4,0.6,0.0,0.1,0.08,0.12000000000000002,0.14,0.06000000000000001,1495.1111606424474,1803.6074071940172
2024-06-24,Croatia,Italy,1.0,1.0,UEFA Euro,True,D,4,5.0,8.0,1.0,1.2,2.0,1.0,0.1,0.1,0.1,0.12000000000000002,0.2,0.1,1596.5255127983992,1805.1000863838742
2024-06-25,France,Poland,1.0,1.0,UEFA Euro,True,D,4,11.0,3.0,1.6,1.0,0.8,2.0,0.1,0.1,0.16,0.1,0.08,0.2,1932.357106050513,1406.4053206555104
2024-06-25,England,Slovenia,0.0,0.0,UEFA Euro,True,D,4,10.0,6.0,1.8,1.0,0.6,1.0,0.0,0.0,0.18000000000000002,0.1,0.06000000000000001,0.1,1798.4231244304572,1417.5168066045687
2024-06-25,Denmark,Serbia,0.0,0.0,UEFA Euro,True,D,4,3.0,2.0,0.6,1.2,1.0,2.0,0.0,0.0,0.06000000000000001,0.12000000000000002,0.1,0.2,1574.8596999785982,1401.4807517951465
2024-06-25,Netherlands,Austria,2.0,3.0,UEFA Euro,True,A,4,11.0,6.0,1.8,1.0,0.8,1.2,0.2,0.30000000000000004,0.18000000000000002,0.1,0.08,0.12000000000000002,1892.9119704110649,1517.7523668196534
2024-06-26,Czech Republic,Turkey,1.0,2.0,UEFA Euro,True,A,4,4.0,3.0,1.0,0.8,1.2,2.4,0.1,0.2,0.1,0.08,0.12000000000000002,0.24000000000000005,1548.6918499703686,1496.6172038968145
2024-06-26,Ukraine,Belgium,0.0,0.0,UEFA Euro,True,D,4,6.0,7.0,0.8,0.6,2.0,0.6,0.0,0.0,0.08,0.06000000000000001,0.2,0.06000000000000001,1402.256379807579,1700.4004719674106
2024-06-26,Slovakia,Romania,1.0,1.0,UEFA Euro,True,D,4,6.0,4.0,0.8,1.0,1.8,1.2,0.1,0.1,0.08,0.1,0.18,0.12000000000000002,1470.8229763695406,1508.2593580055452
2024-06-26,Georgia,Portugal,2.0,0.0,UEFA Euro,True,H,4,1.0,9.0,1.0,2.4,2.0,1.0,0.2,0.0,0.1,0.24000000000000005,0.2,0.1,1447.5300192701238,1777.5847979592993
2024-06-29,Switzerland,Italy,2.0,0.0,UEFA Euro,True,H,4,8.0,6.0,1.8,1.0,2.2,1.0,0.2,0.0,0.18000000000000002,0.1,0.22000000000000003,0.1,1599.8798374404655,1783.6088297719011
2024-06-29,Germany,Denmark,2.0,0.0,UEFA Euro,False,H,4,11.0,3.0,2.6,0.6,1.0,1.0,0.2,0.0,0.26,0.06000000000000001,0.1,0.1,1674.9190520873694,1556.4057075643993
2024-06-30,Spain,Georgia,4.0,1.0,UEFA Euro,True,H,4,10.0,4.0,1.2,1.3333333333333333,0.4,1.3333333333333333,0.4,0.1,0.12000000000000002,0.13333333333333333,0.04,0.13333333333333333,1815.1927420124928,1551.9162965391283
2024-06-30,England,Slovakia,2.0,1.0,UEFA Euro,True,H,4,8.0,4.0,1.2,0.6,0.6,1.8,0.2,0.1,0.12000000000000002,0.06000000000000001,0.06000000000000001,0.18,1766.4559553367023,1475.1163961316436
2024-07-01,France,Belgium,1.0,0.0,UEFA Euro,True,H,4,9.0,5.0,1.4,0.4,0.8,0.6,0.1,0.0,0.14,0.04,0.08,0.06000000000000001,1896.0525856043741,1672.588802091704
2024-07-01,Portugal,Slovenia,0.0,0.0,UEFA Euro,True,D,4,9.0,4.0,2.2,0.8,1.0,1.0,0.0,0.0,0.22000000000000003,0.08,0.1,0.1,1673.1985206902948,1449.4839756983235
2024-07-02,Romania,Netherlands,0.0,3.0,UEFA Euro,True,A,4,5.0,8.0,1.0,1.8,1.0,1.4,0.0,0.30000000000000004,0.1,0.18000000000000002,0.1,0.14,1503.9659382434422,1821.1870309789133
2024-07-02,Austria,Turkey,1.0,2.0,UEFA Euro,True,A,4,9.0,6.0,1.6,1.2,1.2,2.0,0.1,0.2,0.16,0.12000000000000002,0.12000000000000002,0.2,1589.477306251805,1542.5680241975401
2024-07-05,Germany,Spain,1.0,2.0,UEFA Euro,False,A,4,13.0,13.0,2.8,1.8,0.8,0.2,0.1,0.2,0.28,0.18000000000000002,0.08,0.02,1701.4800710768905,1840.4094106442403
2024-07-05,Portugal,France,0.0,0.0,UEFA Euro,True,D,4,7.0,9.0,1.0,1.2,0.8,0.8,0.0,0.0,0.1,0.12000000000000002,0.08,0.08,1650.4964937946188,1913.3701372887829
2024-07-06,England,Switzerland,1.0,1.0,UEFA Euro,True,D,4,8.0,8.0,1.0,1.6,0.8,1.8,0.1,0.1,0.1,0.16,0.08,0.18000000000000002,1779.0544999021522,1688.9483016881688
2024-07-06,Netherlands,Turkey,2.0,1.0,UEFA Euro,True,H,4,8.0,9.0,1.8,1.6,1.2,1.8,0.2,0.1,0.18000000000000002,0.16,0.12000000000000002,0.18000000000000002,1840.606003545096,1587.9360759166254
2024-07-09,Spain,France,2.0,1.0,UEFA Euro,True,H,4,15.0,9.0,2.2,0.6,0.4,0.2,0.2,0.1,0.22000000000000003,0.06000000000000001,0.04,0.02,1865.215874899904,1887.8070760560508
2024-07-10,Netherlands,England,1.0,2.0,UEFA Euro,True,A,4,10.0,9.0,1.8,1.0,1.0,0.6,0.1,0.2,0.18000000000000002,0.1,0.1,0.06000000000000001,1855.7509856476697,1768.9071328066916
2024-07-14,Spain,England,2.0,1.0,UEFA Euro,True,H,4,15.0,9.0,2.0,1.2,0.6,0.8,0.2,0.1,0.2,0.12000000000000002,0.06000000000000001,0.08,1907.81312373415,1818.702251225439
2025-12-21,Morocco,Comoros,2.0,0.0,African Cup of Nations,False,H,3,7.0,3.0,1.2,1.0,1.0,1.75,0.2,0.0,0.12000000000000002,0.1,0.1,0.17500000000000002,1595.6009831462072,1441.2371859614016
2025-12-22,Mali,Zambia,1.0,1.0,African Cup of Nations,True,D,3,8.0,3.0,1.2,0.6,0.8,1.0,0.1,0.1,0.12000000000000002,0.06000000000000001,0.08,0.1,1546.2825848074476,1468.1910316214967
2025-12-22,South Africa,Angola,2.0,1.0,African Cup of Nations,True,H,3,7.0,10.0,0.6,1.8,0.2,0.8,0.2,0.1,0.06000000000000001,0.18000000000000002,0.02,0.08,1509.7214916521207,1471.434808952829
2025-12-22,Egypt,Zimbabwe,2.0,1.0,African Cup of Nations,True,H,3,5.0,4.0,1.4,0.8,1.4,1.8,0.2,0.1,0.14,0.08,0.14,0.18,1528.3083920057784,1314.1808789850693
2025-12-23,Nigeria,Tanzania,2.0,1.0,African Cup of Nations,True,H,3,10.0,2.0,1.2,0.6,0.6,2.0,0.2,0.1,0.12000000000000002,0.06000000000000001,0.06000000000000001,0.20000000000000004,1620.7528939541094,1336.758676623463
2025-12-23,Tunisia,Uganda,3.0,1.0,African Cup of Nations,True,H,3,5.0,5.0,0.4,0.8,0.6,1.0,0.30000000000000004,0.1,0.04,0.08,0.06000000000000001,0.1,1491.5222503613984,1389.5964394764712
2025-12-23,DR Congo,Benin,1.0,0.0,African Cup of Nations,True,H,3,6.0,4.0,0.8,0.6,0.6,0.8,0.1,0.0,0.08,0.06000000000000001,0.06000000000000001,0.08,1488.8489072853263,1348.8917969220663
2025-12-23,Senegal,Botswana,3.0,0.0,African Cup of Nations,True,H,3,10.0,0.0,1.8,0.6666666666666666,1.0,3.0,0.30000000000000004,0.0,0.18000000000000002,0.06666666666666667,0.1,0.30000000000000004,1715.4305577331706,1394.0623287194624
2025-12-24,Burkina Faso,Equatorial Guinea,2.0,1.0,African Cup of Nations,True,H,3,5.0,7.0,1.4,2.0,1.8,1.4,0.2,0.1,0.14,0.2,0.18000000000000002,0.14,1431.7844542889811,1526.3776181172718
2025-12-24,Algeria,Sudan,3.0,0.0,African Cup of Nations,True,H,3,2.0,4.0,0.8,0.6,1.6,1.6,0.30000000000000004,0.0,0.08,0.06000000000000001,0.16,0.16,1465.7133248558387,1303.2951657551264
2025-12-24,Ivory Coast,Mozambique,1.0,0.0,African Cup of Nations,True,H,3,10.0,2.0,1.2,0.8,1.4,2.4,0.1,0.0,0.12000000000000002,0.08,0.14,0.24000000000000005,1584.3922370138714,1261.8724352171969
2025-12-24,Cameroon,Gabon,1.0,0.0,African Cup of Nations,True,H,3,7.0,7.0,1.2,1.0,1.6,0.8,0.1,0.0,0.12000000000000002,0.1,0.16,0.08,1529.7852009041635,1456.8613007074023
2025-12-26,Egypt,South Africa,1.0,0.0,African Cup of Nations,True,H,3,7.0,9.0,1.8,1.0,1.6,0.4,0.1,0.0,0.18,0.1,0.16,0.04,1541.8518145612695,1536.4288710146861
2025-12-26,Angola,Zimbabwe,1.0,1.0,African Cup of Nations,True,D,3,9.0,3.0,1.8,0.8,1.0,2.0,0.1,0.1,0.18000000000000002,0.08,0.1,0.2,1444.7274295902635,1300.6374564295782
2025-12-26,Zambia,Comoros,0.0,0.0,African Cup of Nations,True,D,3,4.0,3.0,0.6,0.8,0.8,1.8,0.0,0.0,0.06000000000000001,0.08,0.08,0.18,1474.8226964240444,1415.011095775684
2025-12-26,Morocco,Mali,1.0,1.0,African Cup of Nations,False,D,3,10.0,6.0,1.4,1.0,0.6,1.0,0.1,0.1,0.14,0.1,0.06000000000000001,0.1,1612.5048135435593,1539.6509200049
2025-12-27,Uganda,Tanzania,1.0,1.0,African Cup of Nations,True,D,3,4.0,2.0,0.8,0.4,1.4,1.8,0.1,0.1,0.08,0.04,0.14,0.18000000000000002,1357.4317889560239,1326.9682618644692
2025-12-27,Nigeria,Tunisia,3.0,2.0,African Cup of Nations,True,H,3,10.0,8.0,1.4,1.0,0.8,0.6,0.30000000000000004,0.2,0.14,0.1,0.08,0.06000000000000001,1630.5433087131032,1523.6869008818458
2025-12-27,Benin,Botswana,1.0,0.0,African Cup of Nations,True,H,3,3.0,0.0,0.2,0.5,0.6,3.0,0.1,0.0,0.02,0.05,0.06000000000000001,0.30000000000000004,1330.3628042792393,1379.7949870215782
2025-12-27,Senegal,DR Congo,1.0,1.0,African Cup of Nations,True,D,3,13.0,8.0,2.4,1.0,0.4,0.6,0.1,0.1,0.24000000000000005,0.1,0.04,0.06000000000000001,1729.6978994310548,1507.3778999281533
2025-12-28,Equatorial Guinea,Sudan,0.0,1.0,African Cup of Nations,True,A,3,7.0,1.0,2.0,0.2,1.2,2.0,0.0,0.1,0.2,0.02,0.12000000000000002,0.20000000000000004,1488.4057945005018,1273.6934900663327
2025-12-28,Algeria,Burkina Faso,1.0,0.0,African Cup of Nations,True,H,3,5.0,7.0,1.4,1.2,1.4,1.4,0.1,0.0,0.14,0.12000000000000002,0.14,0.14,1495.3150005446323,1469.7562779057512
2025-12-28,Gabon,Mozambique,2.0,3.0,African Cup of Nations,True,A,3,6.0,2.0,1.0,0.8,1.0,2.2,0.2,0.30000000000000004,0.1,0.08,0.1,0.22000000000000003,1433.06719030637,1253.7662569371855
2025-12-28,Ivory Coast,Cameroon,1.0,1.0,African Cup of Nations,True,D,3,13.0,7.0,1.4,1.2,0.6,1.6,0.1,0.1,0.14,0.12000000000000002,0.06000000000000001,0.16,1592.4984152938828,1553.5793113051957
2025-12-29,Zimbabwe,South Africa,2.0,3.0,African Cup of Nations,True,A,3,4.0,6.0,1.0,0.6,1.4,0.6,0.2,0.30000000000000004,0.1,0.06000000000000001,0.14,0.06000000000000001,1312.4117555242221,1506.8970875786358
2025-12-29,Angola,Egypt,0.0,0.0,African Cup of Nations,True,D,3,7.0,9.0,1.4,1.6,0.8,1.2,0.0,0.0,0.14,0.16,0.08,0.12000000000000002,1432.9531304956195,1571.3835979973198
2025-12-29,Morocco,Zambia,3.0,0.0,African Cup of Nations,False,H,3,8.0,4.0,1.0,0.6,0.8,0.8,0.30000000000000004,0.0,0.1,0.06000000000000001,0.08,0.08,1598.700031303624,1469.708569204992
2025-12-29,Comoros,Mali,0.0,0.0,African Cup of Nations,True,D,3,4.0,6.0,0.8,1.0,1.6,1.0,0.0,0.0,0.08,0.1,0.16,0.1,1420.1252229947363,1545.8510231754478
2025-12-30,Uganda,Nigeria,1.0,3.0,African Cup of Nations,True,A,3,2.0,10.0,0.6,1.6,1.6,1.2,0.1,0.30000000000000004,0.06000000000000001,0.16,0.16,0.12000000000000002,1354.8080768112736,1651.5969066026078
2025-12-30,Tanzania,Tunisia,1.0,1.0,African Cup of Nations,True,D,3,3.0,5.0,0.6,1.2,1.4,1.2,0.1,0.1,0.06000000000000001,0.12000000000000002,0.14,0.12000000000000002,1329.5919740092195,1502.6333029923412
2025-12-30,Benin,Senegal,0.0,3.0,African Cup of Nations,True,A,3,5.0,11.0,0.4,2.0,0.6,0.6,0.0,0.30000000000000004,0.04,0.2,0.06000000000000001,0.06000000000000001,1364.6025524277911,1712.7531926875718
2025-12-30,Botswana,DR Congo,0.0,3.0,African Cup of Nations,True,A,3,0.0,8.0,0.4,1.0,2.6,0.6,0.0,0.30000000000000004,0.04,0.1,0.26000000000000006,0.06000000000000001,1345.5552388730262,1524.3226066716363
2025-12-31,Equatorial Guinea,Algeria,1.0,3.0,African Cup of Nations,True,A,3,6.0,8.0,1.8,1.4,1.2,0.8,0.1,0.30000000000000004,0.18,0.14,0.12000000000000002,0.08,1441.9139491346655,1523.1120554521578
2025-12-31,Sudan,Burkina Faso,0.0,2.0,African Cup of Nations,True,A,3,4.0,4.0,0.4,1.0,1.4,1.6,0.0,0.2,0.04,0.1,0.14,0.16,1320.185335432169,1441.9592229982256
2025-12-31,Gabon,Ivory Coast,2.0,3.0,African Cup of Nations,True,A,3,3.0,13.0,1.2,1.4,1.6,0.6,0.2,0.30000000000000004,0.12000000000000002,0.14,0.16,0.06000000000000001,1388.82736614585,1589.1518556488995
2025-12-31,Mozambique,Cameroon,1.0,2.0,African Cup of Nations,True,A,3,5.0,7.0,1.4,1.2,2.0,1.6,0.1,0.2,0.14,0.12000000000000002,0.2,0.16,1298.0060810977056,1556.925870950179
2026-01-03,Senegal,Sudan,3.0,1.0,African Cup of Nations,True,H,3,11.0,3.0,2.0,0.4,0.4,1.8,0.30000000000000004,0.1,0.2,0.04,0.04,0.18000000000000002,1725.2241924019681,1290.3419233308073
2026-01-03,Mali,Tunisia,1.0,1.0,African Cup of Nations,True,D,3,6.0,6.0,1.0,1.4,1.0,1.2,0.1,0.1,0.1,0.14,0.1,0.12000000000000002,1535.445273999777,1488.8157664519508
2026-01-04,South Africa,Cameroon,1.0,2.0,African Cup of Nations,True,A,3,8.0,10.0,1.2,1.4,1.0,1.2,0.1,0.2,0.12000000000000002,0.14,0.1,0.12000000000000002,1521.6628004821384,1567.9570134933867
2026-01-04,Morocco,Tanzania,1.0,0.0,African Cup of Nations,False,H,3,10.0,4.0,1.4,0.8,0.6,1.0,0.1,0.0,0.14,0.08,0.06000000000000001,0.1,1620.8677486140273,1343.4095105496099
2026-01-05,Egypt,Benin,3.0,1.0,African Cup of Nations,True,H,3,9.0,4.0,1.2,0.4,0.8,1.2,0.30000000000000004,0.1,0.12000000000000002,0.04,0.08,0.12000000000000002,1560.0253274595389,1352.1315527133947
2026-01-05,Nigeria,Mozambique,4.0,0.0,African Cup of Nations,True,H,3,10.0,4.0,2.0,1.2,1.4,2.0,0.4,0.0,0.2,0.12000000000000002,0.14,0.2,1665.3996996888116,1286.9749385544978
2026-01-06,Algeria,DR Congo,1.0,0.0,African Cup of Nations,True,H,3,10.0,8.0,1.8,1.0,0.8,0.4,0.1,0.0,0.18000000000000002,0.1,0.08,0.04,1557.7826229323157,1551.9654203027917
2026-01-06,Ivory Coast,Burkina Faso,3.0,0.0,African Cup of Nations,True,H,3,13.0,6.0,1.6,1.0,0.8,1.2,0.30000000000000004,0.0,0.16,0.1,0.08,0.12000000000000002,1603.546592809015,1471.8026350995874
2026-01-09,Mali,Senegal,0.0,1.0,African Cup of Nations,True,A,3,4.0,11.0,0.8,2.2,1.0,0.6,0.0,0.1,0.08,0.22000000000000003,0.1,0.06000000000000001,1531.4429603626493,1732.0301111113033
2026-01-09,Morocco,Cameroon,2.0,0.0,African Cup of Nations,False,H,3,10.0,10.0,1.4,1.2,0.6,1.0,0.2,0.0,0.14,0.12000000000000002,0.06000000000000001,0.1,1627.0008022348202,1593.9831398748852
2026-01-10,Algeria,Nigeria,0.0,2.0,African Cup of Nations,True,A,3,12.0,12.0,1.6,2.6,0.4,1.2,0.0,0.2,0.16,0.26,0.04,0.12000000000000002,1587.2803722123608,1677.6046726836778
2026-01-10,Egypt,Ivory Coast,3.0,2.0,African Cup of Nations,True,H,3,11.0,13.0,1.4,2.0,0.6,0.8,0.30000000000000004,0.2,0.14,0.2,0.06000000000000001,0.08,1580.9104528702055,1637.0414107979555
2026-01-14,Senegal,Egypt,1.0,0.0,African Cup of Nations,True,H,3,13.0,13.0,2.2,1.8,0.4,0.8,0.1,0.0,0.22000000000000003,0.18000000000000002,0.04,0.08,1746.4083115918068,1615.7154568888257
2026-01-14,Morocco,Nigeria,0.0,0.0,African Cup of Nations,False,D,3,13.0,15.0,1.8,2.8,0.2,0.8,0.0,0.0,0.18000000000000002,0.28,0.02,0.08,1655.5674849482198,1711.1624581824688
2026-01-17,Egypt,Nigeria,0.0,0.0,African Cup of Nations,True,D,3,10.0,13.0,1.4,2.4,0.8,0.6,0.0,0.0,0.14,0.24000000000000005,0.08,0.06000000000000001,1596.496608859977,1706.4025586555956
2026-01-18,Morocco,Senegal,3.0,0.0,African Cup of Nations,False,H,3,11.0,13.0,1.4,1.8,0.2,0.4,0.30000000000000004,0.0,0.14,0.18000000000000002,0.02,0.04,1651.7539884682512,1765.6271596206554
2026-06-11,Mexico,South Africa,,,FIFA World Cup,False,D,5,4.0,7.0,0.4,1.2,1.6,1.2,,,0.04,0.12000000000000002,0.16,0.12000000000000002,1534.3201935666514,1495.63667410064
2026-06-11,South Korea,Czech Republic,,,FIFA World Cup,True,D,5,6.0,4.0,1.6,1.2,1.8,1.4,,,0.16,0.12000000000000002,0.18000000000000002,0.14,1538.8339736656249,1502.741029669643
2026-06-12,Canada,Bosnia and Herzegovina,,,FIFA World Cup,False,D,5,0.0,3.0,0.4,1.3333333333333333,2.2,1.3333333333333333,,,0.04,0.13333333333333333,0.22000000000000003,0.13333333333333333,1315.1217869764696,1537.668447999395
2026-06-12,United States,Paraguay,,,FIFA World Cup,False,D,5,5.0,6.0,0.8,0.6,1.2,0.4,,,0.08,0.06000000000000001,0.12000000000000002,0.04,1571.4066931217562,1596.0511391116443
2026-06-13,Australia,Turkey,,,FIFA World Cup,True,D,5,10.0,9.0,1.8,1.6,0.6,1.6,,,0.18,0.16,0.06000000000000001,0.16,1543.282068111651,1572.7910938140517
2026-06-13,Haiti,Scotland,,,FIFA World Cup,True,D,5,0.0,2.0,0.6666666666666666,0.6,4.666666666666667,2.0,,,0.06666666666666667,0.06000000000000001,0.46666666666666673,0.2,1319.4048248293354,1326.1082787187217
2026-06-13,Brazil,Morocco,,,FIFA World Cup,True,D,5,10.0,13.0,1.6,1.8,0.6,0.0,,,0.16,0.18000000000000002,0.06000000000000001,0.0,1770.9140397688616,1706.349210340545
2026-06-13,Qatar,Switzerland,,,FIFA World Cup,True,D,5,13.0,9.0,2.0,1.6,1.0,0.8,,,0.2,0.16,0.1,0.08,1569.6257281974622,1699.0956687836294
2026-06-14,Germany,Curaçao,,,FIFA World Cup,True,D,5,10.0,0.0,2.2,0.0,0.8,0.0,,,0.22000000000000003,0.0,0.08,0.0,1665.9433143502433,1500.0
2026-06-14,Ivory Coast,Ecuador,,,FIFA World Cup,True,D,5,10.0,8.0,2.0,1.2,1.2,0.8,,,0.2,0.12000000000000002,0.12000000000000002,0.08,1602.2364067793353,1617.7726256958244
2026-06-14,Netherlands,Japan,,,FIFA World Cup,True,D,5,7.0,9.0,1.6,2.4,1.2,1.6,,,0.16,0.24000000000000005,0.12000000000000002,0.16,1805.9558672289222,1626.303251909088
2026-06-14,Sweden,Tunisia,,,FIFA World Cup,True,D,5,7.0,6.0,1.0,1.4,1.2,1.2,,,0.1,0.14,0.12000000000000002,0.12000000000000002,1610.3874886010099,1492.8180800890786
2026-06-15,Belgium,Egypt,,,FIFA World Cup,True,D,5,5.0,8.0,0.4,1.2,0.4,0.8,,,0.04,0.12000000000000002,0.04,0.08,1655.2712504072954,1605.6822799086224
2026-06-15,Iran,New Zealand,,,FIFA World Cup,True,D,5,10.0,3.0,1.6,0.4,1.2,1.8,,,0.16,0.04,0.12000000000000002,0.18000000000000002,1585.0351252848814,1452.0824562406067
2026-06-15,Spain,Cape Verde,,,FIFA World Cup,True,D,5,15.0,11.0,2.2,1.6,0.8,0.6,,,0.22000000000000003,0.16,0.08,0.06000000000000001,1937.7730508411742,1509.177737797216
2026-06-15,Saudi Arabia,Uruguay,,,FIFA World Cup,True,D,5,8.0,7.0,1.2,0.8,0.8,1.0,,,0.12000000000000002,0.08,0.08,0.1,1422.5078391090672,1673.5410690517192
2026-06-16,Austria,Jordan,,,FIFA World Cup,True,D,5,6.0,9.0,1.6,1.4,1.6,1.2,,,0.16,0.14,0.16,0.12000000000000002,1544.1092545327197,1563.2041744104567
2026-06-16,France,Senegal,,,FIFA World Cup,True,D,5,6.0,12.0,0.6,1.6,0.6,0.8,,,0.06000000000000001,0.16,0.06000000000000001,0.08,1845.209827221805,1696.5108778937217
2026-06-16,Iraq,Norway,,,FIFA World Cup,True,D,5,9.0,7.0,2.0,0.6,1.6,0.6,,,0.2,0.06000000000000001,0.16,0.06000000000000001,1519.342182346811,1565.5337953439298
2026-06-16,Argentina,Algeria,,,FIFA World Cup,True,D,5,11.0,12.0,2.4,1.6,1.2,0.6,,,0.24000000000000005,0.16,0.12000000000000002,0.06000000000000001,1849.6632457876917,1553.7225867135699
2026-06-17,Ghana,Panama,,,FIFA World Cup,True,D,5,5.0,0.0,1.6,0.6666666666666666,2.0,3.6666666666666665,,,0.16,0.06666666666666667,0.2,0.3666666666666667,1427.2943176367105,1329.2361955104527
2026-06-17,England,Croatia,,,FIFA World Cup,True,D,5,8.0,5.0,1.2,1.0,1.0,2.0,,,0.12000000000000002,0.1,0.1,0.2,1788.742324118415,1618.0167694103723
2026-06-17,Portugal,DR Congo,,,FIFA World Cup,True,D,5,8.0,8.0,1.0,1.0,0.6,0.4,,,0.1,0.1,0.06000000000000001,0.04,1676.0595550273508,1522.4676710227466
2026-06-17,Uzbekistan,Colombia,,,FIFA World Cup,True,D,5,9.0,7.0,1.4,1.4,0.6,1.0,,,0.14,0.14,0.06000000000000001,0.1,1519.5451390981978,1700.5782638610847
2026-06-18,Czech Republic,South Africa,,,FIFA World Cup,True,D,5,2.0,7.0,,,,,,,,,,,1513.0922046634096,1506.7249049616635
2026-06-18,Mexico,South Korea,,,FIFA World Cup,False,D,5,5.0,6.0,,,,,,,,,,,1496.396915180195,1528.4827986718583
2026-06-18,Switzerland,Bosnia and Herzegovina,,,FIFA World Cup,True,D,5,7.0,4.0,,,,,,,,,,,1663.4654075650187,1481.1416828610186
2026-06-18,Canada,Qatar,,,FIFA World Cup,False,D,5,1.0,11.0,,,,,,,,,,,1349.000135322906,1605.255989416073
2026-06-19,United States,Australia,,,FIFA World Cup,False,D,5,6.0,8.0,,,,,,,,,,,1550.0514374113175,1551.755084163673
2026-06-19,Turkey,Paraguay,,,FIFA World Cup,True,D,5,7.0,6.0,,,,,,,,,,,1564.3180777620296,1588.9697698037328
2026-06-19,Scotland,Morocco,,,FIFA World Cup,True,D,5,2.0,11.0,,,,,,,,,,,1324.1791089736234,1724.7214599608656
2026-06-19,Brazil,Haiti,,,FIFA World Cup,True,D,5,8.0,1.0,,,,,,,,,,,1752.541790148541,1321.3339945744337
2026-06-20,Germany,Ivory Coast,,,FIFA World Cup,True,D,5,8.0,8.0,,,,,,,,,,,1621.5095008509227,1606.7051119024934
2026-06-20,Ecuador,Curaçao,,,FIFA World Cup,True,D,5,6.0,1.0,,,,,,,,,,,1613.3039205726664,1544.4338134993206
2026-06-20,Netherlands,Sweden,,,FIFA World Cup,True,D,5,7.0,8.0,,,,,,,,,,,1758.411407830242,1577.7833838441888
2026-06-20,Tunisia,Japan,,,FIFA World Cup,True,D,5,6.0,7.0,,,,,,,,,,,1525.4221848458997,1673.8477113077681
2026-06-21,Uruguay,Cape Verde,,,FIFA World Cup,True,D,5,5.0,9.0,,,,,,,,,,,1611.6935633303422,1593.5396740877388
2026-06-21,Belgium,Iran,,,FIFA World Cup,True,D,5,5.0,8.0,,,,,,,,,,,1641.0945335709691,1548.5328554043813
2026-06-21,New Zealand,Egypt,,,FIFA World Cup,True,D,5,4.0,8.0,,,,,,,,,,,1488.5847261211068,1619.8589967449486
2026-06-21,Spain,Saudi Arabia,,,FIFA World Cup,True,D,5,13.0,9.0,,,,,,,,,,,1853.4111145506513,1484.3553448304442
2026-06-22,Argentina,Austria,,,FIFA World Cup,True,D,5,9.0,7.0,,,,,,,,,,,1780.4631254629319,1549.599687322701
2026-06-22,Jordan,Algeria,,,FIFA World Cup,True,D,5,10.0,10.0,,,,,,,,,,,1557.7137416204755,1622.9227070383297
2026-06-22,France,Iraq,,,FIFA World Cup,True,D,5,6.0,10.0,,,,,,,,,,,1804.8458133985048,1532.5594141036806
2026-06-22,Norway,Senegal,,,FIFA World Cup,True,D,5,5.0,10.0,,,,,,,,,,,1552.31656358706,1736.874891717022
2026-06-23,Portugal,Uzbekistan,,,FIFA World Cup,True,D,5,6.0,9.0,,,,,,,,,,,1634.5234294664444,1567.3965412640669
2026-06-23,Colombia,DR Congo,,,FIFA World Cup,True,D,5,8.0,8.0,,,,,,,,,,,1652.7268616952156,1564.003796583653
2026-06-23,England,Ghana,,,FIFA World Cup,True,D,5,8.0,3.0,,,,,,,,,,,1743.2106145296561,1399.797177543284
2026-06-23,Panama,Croatia,,,FIFA World Cup,True,D,5,1.0,6.0,,,,,,,,,,,1356.7333356038791,1663.548478999131
2026-06-24,Scotland,Brazil,,,FIFA World Cup,True,D,5,3.0,6.0,,,,,,,,,,,1406.0488286162972,1667.9644373521498
2026-06-24,Bosnia and Herzegovina,Qatar,,,FIFA World Cup,True,D,5,5.0,9.0,,,,,,,,,,,1529.2789837096727,1542.4888982520652
2026-06-24,Morocco,Haiti,,,FIFA World Cup,True,D,5,9.0,2.0,,,,,,,,,,,1642.8517403181916,1405.9113473708248
2026-06-24,South Africa,South Korea,,,FIFA World Cup,True,D,5,5.0,6.0,,,,,,,,,,,1508.55735598749,1519.2739039309047
2026-06-24,Mexico,Czech Republic,,,FIFA World Cup,False,D,5,6.0,3.0,,,,,,,,,,,1477.0948776770854,1511.2597536375831
2026-06-24,Canada,Switzerland,,,FIFA World Cup,False,D,5,2.0,7.0,,,,,,,,,,,1391.1687026145653,1615.3281067163646
2026-06-25,United States,Turkey,,,FIFA World Cup,False,D,5,6.0,8.0,,,,,,,,,,,1522.4909252565412,1571.401522189925
2026-06-25,Paraguay,Australia,,,FIFA World Cup,True,D,5,4.0,6.0,,,,,,,,,,,1581.8863253758375,1551.2647391416901
2026-06-25,Curaçao,Ivory Coast,,,FIFA World Cup,True,D,5,2.0,8.0,,,,,,,,,,,1564.0006144618255,1610.9635805796893
2026-06-25,Ecuador,Germany,,,FIFA World Cup,True,D,5,6.0,6.0,,,,,,,,,,,1593.7371196101615,1617.2510321737268
2026-06-25,Japan,Sweden,,,FIFA World Cup,True,D,5,8.0,8.0,,,,,,,,,,,1633.549594023453,1625.5448364508127
2026-06-25,Tunisia,Netherlands,,,FIFA World Cup,True,D,5,4.0,8.0,,,,,,,,,,,1565.7203021302148,1710.6499552236182
2026-06-26,Norway,France,,,FIFA World Cup,True,D,5,6.0,6.0,,,,,,,,,,,1600.9464676199273,1739.3630991155833
2026-06-26,Egypt,Iran,,,FIFA World Cup,True,D,5,6.0,6.0,,,,,,,,,,,1583.7761785523508,1574.5613396892845
2026-06-26,New Zealand,Belgium,,,FIFA World Cup,True,D,5,5.0,6.0,,,,,,,,,,,1524.6675443137046,1615.066049286066
2026-06-26,Cape Verde,Saudi Arabia,,,FIFA World Cup,True,D,5,7.0,7.0,,,,,,,,,,,1598.7600334613344,1563.0068502359125
2026-06-26,Uruguay,Spain,,,FIFA World Cup,True,D,5,6.0,11.0,,,,,,,,,,,1606.4732039567466,1774.759609145183
2026-06-26,Senegal,Iraq,,,FIFA World Cup,True,D,5,8.0,8.0,,,,,,,,,,,1688.2449876841547,1598.0421283866021
2026-06-27,DR Congo,Uzbekistan,,,FIFA World Cup,True,D,5,6.0,7.0,,,,,,,,,,,1588.999361877802,1586.4803429292588
2026-06-27,Colombia,Portugal,,,FIFA World Cup,True,D,5,9.0,4.0,,,,,,,,,,,1627.7312964010666,1615.4396278012525
2026-06-27,Panama,England,,,FIFA World Cup,True,D,5,2.0,6.0,,,,,,,,,,,1427.5294793315375,1667.5416921749088
2026-06-27,Algeria,Austria,,,FIFA World Cup,True,D,5,8.0,8.0,,,,,,,,,,,1604.371379269466,1607.7332915767577
2026-06-27,Jordan,Argentina,,,FIFA World Cup,True,D,5,8.0,7.0,,,,,,,,,,,1576.2650693893393,1722.3295212088751
2026-06-27,Croatia,Ghana,,,FIFA World Cup,True,D,5,4.0,4.0,,,,,,,,,,,1592.7523352714727,1475.4660998980314
